benchmark,size,backend,sub_backend,device,run_mode,n_nodes,n_processes,runtime_ms,n_qubits,depth,width,n_clbits,n_ops,n_gates,n_parameters,n_connected_components,n_measure_ops,single_qubit_gates,two_qubit_gates,three_qubit_gates,four_qubit_gates,num_separable_circuits,num_tensor_factors,num_serial_layers,qc_width_total,num_registers,num_cregs,num_ancillas,idle_wires,global_phase,dag_size_ops,dag_edge_count,longest_path_len,num_control_flow_ops,num_barriers,num_distinct_twoq_pairs,touch_min,touch_max,touch_avg,clifford_count,nonclifford_count,measure_fraction,total_gate_params,avg_gate_params,std_gate_params,min_gate_params,max_gate_params,num_controlled_gates,num_unitary_factors,dag_duration,qc_duration,gate_barrier,gate_ccx,gate_cp,gate_cu,gate_cx,gate_cz,gate_h,gate_measure,gate_p,gate_rx,gate_ry,gate_rz,gate_s,gate_swap,gate_u2,job_id,status,created_at,started_at,ended_at,measure_ops,critical_path_length,connected_components,num_cliffords,num_non_cliffords,num_parameters,gate_counts_json,circuit_metrics_json
ghz,4,ibmq,ibm_miami,CPU,sync,1,8,104.0196418762207,4.0,5.0,4.0,4.0,8.0,8.0,0.0,1.0,4.0,5.0,3.0,0.0,0.0,1.0,1.0,8.0,8.0,1.0,1.0,0.0,0.0,0.0,8.0,23.0,7.0,,0.0,3.0,2.0,3.0,2.75,4.0,4.0,1.0,0.0,0.0,0.0,0.0,0.0,3.0,1.0,,,0.0,0.0,0.0,0.0,3.0,0.0,1.0,4.0,0.0,0.0,0.0,0.0,0.0,0.0,0.0,,,,,,,,,,,,,
ghz,4,ibmq,ibm_miami,CPU,sync,1,8,33.59723091125488,4.0,5.0,4.0,4.0,8.0,8.0,0.0,1.0,4.0,5.0,3.0,0.0,0.0,1.0,1.0,8.0,8.0,1.0,1.0,0.0,0.0,0.0,8.0,23.0,7.0,,0.0,3.0,2.0,3.0,2.75,4.0,4.0,1.0,0.0,0.0,0.0,0.0,0.0,3.0,1.0,,,0.0,0.0,0.0,0.0,3.0,0.0,1.0,4.0,0.0,0.0,0.0,0.0,0.0,0.0,0.0,,,,,,,,,,,,,
ghz,4,ibmq,ibm_miami,CPU,sync,1,8,28.068065643310547,4.0,5.0,4.0,4.0,8.0,8.0,0.0,1.0,4.0,5.0,3.0,0.0,0.0,1.0,1.0,8.0,8.0,1.0,1.0,0.0,0.0,0.0,8.0,23.0,7.0,,0.0,3.0,2.0,3.0,2.75,4.0,4.0,1.0,0.0,0.0,0.0,0.0,0.0,3.0,1.0,,,0.0,0.0,0.0,0.0,3.0,0.0,1.0,4.0,0.0,0.0,0.0,0.0,0.0,0.0,0.0,,,,,,,,,,,,,
ghz,4,ibmq,ibm_miami,CPU,sync,1,8,151.77059173583984,4.0,5.0,4.0,4.0,8.0,8.0,0.0,1.0,4.0,5.0,3.0,0.0,0.0,1.0,1.0,8.0,8.0,1.0,1.0,0.0,0.0,0.0,8.0,23.0,7.0,,0.0,3.0,2.0,3.0,2.75,4.0,4.0,1.0,0.0,0.0,0.0,0.0,0.0,3.0,1.0,,,0.0,0.0,0.0,0.0,3.0,0.0,1.0,4.0,0.0,0.0,0.0,0.0,0.0,0.0,0.0,,,,,,,,,,,,,
ghz,4,ibmq,ibm_torino,CPU,sync,1,8,44.252872467041016,4.0,5.0,4.0,4.0,8.0,8.0,0.0,1.0,4.0,5.0,3.0,0.0,0.0,1.0,1.0,8.0,8.0,1.0,1.0,0.0,0.0,0.0,8.0,23.0,7.0,,0.0,3.0,2.0,3.0,2.75,4.0,4.0,1.0,0.0,0.0,0.0,0.0,0.0,3.0,1.0,,,0.0,0.0,0.0,0.0,3.0,0.0,1.0,4.0,0.0,0.0,0.0,0.0,0.0,0.0,0.0,,,,,,,,,,,,,
ghz,4,tnqvm,exatn-mps,CPU,sync,1,4,4649.040460586548,4.0,5.0,4.0,4.0,8.0,8.0,0.0,1.0,4.0,5.0,3.0,0.0,0.0,1.0,1.0,8.0,8.0,1.0,1.0,0.0,0.0,0.0,8.0,23.0,7.0,,0.0,3.0,2.0,3.0,2.75,4.0,4.0,1.0,0.0,0.0,0.0,0.0,0.0,3.0,1.0,,,0.0,0.0,0.0,0.0,3.0,0.0,1.0,4.0,0.0,0.0,0.0,0.0,0.0,0.0,0.0,,,,,,,,,,,,,
ghz,4,tnqvm,exatn-mps,CPU,sync,1,4,937.084436416626,4.0,5.0,4.0,4.0,8.0,8.0,0.0,1.0,4.0,5.0,3.0,0.0,0.0,1.0,1.0,8.0,8.0,1.0,1.0,0.0,0.0,0.0,8.0,23.0,7.0,,0.0,3.0,2.0,3.0,2.75,4.0,4.0,1.0,0.0,0.0,0.0,0.0,0.0,3.0,1.0,,,0.0,0.0,0.0,0.0,3.0,0.0,1.0,4.0,0.0,0.0,0.0,0.0,0.0,0.0,0.0,,,,,,,,,,,,,
ghz,4,tnqvm,exatn-mps,CPU,sync,1,4,871.3796138763428,4.0,5.0,4.0,4.0,8.0,8.0,0.0,1.0,4.0,5.0,3.0,0.0,0.0,1.0,1.0,8.0,8.0,1.0,1.0,0.0,0.0,0.0,8.0,23.0,7.0,,0.0,3.0,2.0,3.0,2.75,4.0,4.0,1.0,0.0,0.0,0.0,0.0,0.0,3.0,1.0,,,0.0,0.0,0.0,0.0,3.0,0.0,1.0,4.0,0.0,0.0,0.0,0.0,0.0,0.0,0.0,,,,,,,,,,,,,
ghz,4,tnqvm,exatn-mps,CPU,sync,1,4,4649.040460586548,4.0,5.0,4.0,4.0,8.0,8.0,0.0,1.0,4.0,5.0,3.0,0.0,0.0,1.0,1.0,8.0,8.0,1.0,1.0,0.0,0.0,0.0,8.0,23.0,7.0,,0.0,3.0,2.0,3.0,2.75,4.0,4.0,1.0,0.0,0.0,0.0,0.0,0.0,3.0,1.0,,,0.0,0.0,0.0,0.0,3.0,0.0,1.0,4.0,0.0,0.0,0.0,0.0,0.0,0.0,0.0,,,,,,,,,,,,,
ghz,4,tnqvm,exatn-mps,CPU,sync,1,4,937.084436416626,4.0,5.0,4.0,4.0,8.0,8.0,0.0,1.0,4.0,5.0,3.0,0.0,0.0,1.0,1.0,8.0,8.0,1.0,1.0,0.0,0.0,0.0,8.0,23.0,7.0,,0.0,3.0,2.0,3.0,2.75,4.0,4.0,1.0,0.0,0.0,0.0,0.0,0.0,3.0,1.0,,,0.0,0.0,0.0,0.0,3.0,0.0,1.0,4.0,0.0,0.0,0.0,0.0,0.0,0.0,0.0,,,,,,,,,,,,,
ghz,4,tnqvm,exatn-mps,CPU,sync,1,4,871.3796138763428,4.0,5.0,4.0,4.0,8.0,8.0,0.0,1.0,4.0,5.0,3.0,0.0,0.0,1.0,1.0,8.0,8.0,1.0,1.0,0.0,0.0,0.0,8.0,23.0,7.0,,0.0,3.0,2.0,3.0,2.75,4.0,4.0,1.0,0.0,0.0,0.0,0.0,0.0,3.0,1.0,,,0.0,0.0,0.0,0.0,3.0,0.0,1.0,4.0,0.0,0.0,0.0,0.0,0.0,0.0,0.0,,,,,,,,,,,,,
ghz,4,ionq,simulator,CPU,sync,1,4,2634.7737312316895,4.0,5.0,4.0,4.0,8.0,8.0,0.0,1.0,4.0,5.0,3.0,0.0,0.0,1.0,1.0,8.0,8.0,1.0,1.0,0.0,0.0,0.0,8.0,23.0,7.0,,0.0,3.0,2.0,3.0,2.75,4.0,4.0,1.0,0.0,0.0,0.0,0.0,0.0,3.0,1.0,,,0.0,0.0,0.0,0.0,3.0,0.0,1.0,4.0,0.0,0.0,0.0,0.0,0.0,0.0,0.0,,,,,,,,,,,,,
ghz,4,ionq,simulator,CPU,sync,1,4,2227.278709411621,4.0,5.0,4.0,4.0,8.0,8.0,0.0,1.0,4.0,5.0,3.0,0.0,0.0,1.0,1.0,8.0,8.0,1.0,1.0,0.0,0.0,0.0,8.0,23.0,7.0,,0.0,3.0,2.0,3.0,2.75,4.0,4.0,1.0,0.0,0.0,0.0,0.0,0.0,3.0,1.0,,,0.0,0.0,0.0,0.0,3.0,0.0,1.0,4.0,0.0,0.0,0.0,0.0,0.0,0.0,0.0,,,,,,,,,,,,,
ghz,4,ionq,simulator,CPU,sync,1,4,2267.7676677703857,4.0,5.0,4.0,4.0,8.0,8.0,0.0,1.0,4.0,5.0,3.0,0.0,0.0,1.0,1.0,8.0,8.0,1.0,1.0,0.0,0.0,0.0,8.0,23.0,7.0,,0.0,3.0,2.0,3.0,2.75,4.0,4.0,1.0,0.0,0.0,0.0,0.0,0.0,3.0,1.0,,,0.0,0.0,0.0,0.0,3.0,0.0,1.0,4.0,0.0,0.0,0.0,0.0,0.0,0.0,0.0,,,,,,,,,,,,,
ghz,4,ionq,simulator,CPU,sync,1,4,2634.7737312316895,4.0,5.0,4.0,4.0,8.0,8.0,0.0,1.0,4.0,5.0,3.0,0.0,0.0,1.0,1.0,8.0,8.0,1.0,1.0,0.0,0.0,0.0,8.0,23.0,7.0,,0.0,3.0,2.0,3.0,2.75,4.0,4.0,1.0,0.0,0.0,0.0,0.0,0.0,3.0,1.0,,,0.0,0.0,0.0,0.0,3.0,0.0,1.0,4.0,0.0,0.0,0.0,0.0,0.0,0.0,0.0,,,,,,,,,,,,,
ghz,4,ionq,simulator,CPU,sync,1,4,2227.278709411621,4.0,5.0,4.0,4.0,8.0,8.0,0.0,1.0,4.0,5.0,3.0,0.0,0.0,1.0,1.0,8.0,8.0,1.0,1.0,0.0,0.0,0.0,8.0,23.0,7.0,,0.0,3.0,2.0,3.0,2.75,4.0,4.0,1.0,0.0,0.0,0.0,0.0,0.0,3.0,1.0,,,0.0,0.0,0.0,0.0,3.0,0.0,1.0,4.0,0.0,0.0,0.0,0.0,0.0,0.0,0.0,,,,,,,,,,,,,
ghz,4,ionq,simulator,CPU,sync,1,4,2267.7676677703857,4.0,5.0,4.0,4.0,8.0,8.0,0.0,1.0,4.0,5.0,3.0,0.0,0.0,1.0,1.0,8.0,8.0,1.0,1.0,0.0,0.0,0.0,8.0,23.0,7.0,,0.0,3.0,2.0,3.0,2.75,4.0,4.0,1.0,0.0,0.0,0.0,0.0,0.0,3.0,1.0,,,0.0,0.0,0.0,0.0,3.0,0.0,1.0,4.0,0.0,0.0,0.0,0.0,0.0,0.0,0.0,,,,,,,,,,,,,
ghz,4,ionq,simulator,CPU,sync,1,8,2578.4761905670166,4.0,5.0,4.0,4.0,8.0,8.0,0.0,1.0,4.0,5.0,3.0,0.0,0.0,1.0,1.0,8.0,8.0,1.0,1.0,0.0,0.0,0.0,8.0,23.0,7.0,,0.0,3.0,2.0,3.0,2.75,4.0,4.0,1.0,0.0,0.0,0.0,0.0,0.0,3.0,1.0,,,0.0,0.0,0.0,0.0,3.0,0.0,1.0,4.0,0.0,0.0,0.0,0.0,0.0,0.0,0.0,,,,,,,,,,,,,
ghz,4,nwqsim,MPI,CPU,sync,1,4,616.0218715667725,4.0,5.0,4.0,4.0,8.0,8.0,0.0,1.0,4.0,5.0,3.0,0.0,0.0,1.0,1.0,8.0,8.0,1.0,1.0,0.0,0.0,0.0,8.0,23.0,7.0,,0.0,3.0,2.0,3.0,2.75,4.0,4.0,1.0,0.0,0.0,0.0,0.0,0.0,3.0,1.0,,,0.0,0.0,0.0,0.0,3.0,0.0,1.0,4.0,0.0,0.0,0.0,0.0,0.0,0.0,0.0,,,,,,,,,,,,,
ghz,4,nwqsim,MPI,CPU,sync,1,4,348.2205867767334,4.0,5.0,4.0,4.0,8.0,8.0,0.0,1.0,4.0,5.0,3.0,0.0,0.0,1.0,1.0,8.0,8.0,1.0,1.0,0.0,0.0,0.0,8.0,23.0,7.0,,0.0,3.0,2.0,3.0,2.75,4.0,4.0,1.0,0.0,0.0,0.0,0.0,0.0,3.0,1.0,,,0.0,0.0,0.0,0.0,3.0,0.0,1.0,4.0,0.0,0.0,0.0,0.0,0.0,0.0,0.0,,,,,,,,,,,,,
ghz,4,nwqsim,MPI,CPU,sync,1,4,349.46250915527344,4.0,5.0,4.0,4.0,8.0,8.0,0.0,1.0,4.0,5.0,3.0,0.0,0.0,1.0,1.0,8.0,8.0,1.0,1.0,0.0,0.0,0.0,8.0,23.0,7.0,,0.0,3.0,2.0,3.0,2.75,4.0,4.0,1.0,0.0,0.0,0.0,0.0,0.0,3.0,1.0,,,0.0,0.0,0.0,0.0,3.0,0.0,1.0,4.0,0.0,0.0,0.0,0.0,0.0,0.0,0.0,,,,,,,,,,,,,
ghz,4,nwqsim,MPI,CPU,sync,1,4,616.0218715667725,4.0,5.0,4.0,4.0,8.0,8.0,0.0,1.0,4.0,5.0,3.0,0.0,0.0,1.0,1.0,8.0,8.0,1.0,1.0,0.0,0.0,0.0,8.0,23.0,7.0,,0.0,3.0,2.0,3.0,2.75,4.0,4.0,1.0,0.0,0.0,0.0,0.0,0.0,3.0,1.0,,,0.0,0.0,0.0,0.0,3.0,0.0,1.0,4.0,0.0,0.0,0.0,0.0,0.0,0.0,0.0,,,,,,,,,,,,,
ghz,4,nwqsim,MPI,CPU,sync,1,4,348.2205867767334,4.0,5.0,4.0,4.0,8.0,8.0,0.0,1.0,4.0,5.0,3.0,0.0,0.0,1.0,1.0,8.0,8.0,1.0,1.0,0.0,0.0,0.0,8.0,23.0,7.0,,0.0,3.0,2.0,3.0,2.75,4.0,4.0,1.0,0.0,0.0,0.0,0.0,0.0,3.0,1.0,,,0.0,0.0,0.0,0.0,3.0,0.0,1.0,4.0,0.0,0.0,0.0,0.0,0.0,0.0,0.0,,,,,,,,,,,,,
ghz,4,nwqsim,MPI,CPU,sync,1,4,349.46250915527344,4.0,5.0,4.0,4.0,8.0,8.0,0.0,1.0,4.0,5.0,3.0,0.0,0.0,1.0,1.0,8.0,8.0,1.0,1.0,0.0,0.0,0.0,8.0,23.0,7.0,,0.0,3.0,2.0,3.0,2.75,4.0,4.0,1.0,0.0,0.0,0.0,0.0,0.0,3.0,1.0,,,0.0,0.0,0.0,0.0,3.0,0.0,1.0,4.0,0.0,0.0,0.0,0.0,0.0,0.0,0.0,,,,,,,,,,,,,
ghz,4,qiskitaer,automatic,CPU,sync,1,4,7445.212602615356,4.0,5.0,4.0,4.0,8.0,8.0,0.0,1.0,4.0,5.0,3.0,0.0,0.0,1.0,1.0,8.0,8.0,1.0,1.0,0.0,0.0,0.0,8.0,23.0,7.0,,0.0,3.0,2.0,3.0,2.75,4.0,4.0,1.0,0.0,0.0,0.0,0.0,0.0,3.0,1.0,,,0.0,0.0,0.0,0.0,3.0,0.0,1.0,4.0,0.0,0.0,0.0,0.0,0.0,0.0,0.0,,,,,,,,,,,,,
ghz,4,qiskitaer,automatic,CPU,sync,1,4,6301.9843101501465,4.0,5.0,4.0,4.0,8.0,8.0,0.0,1.0,4.0,5.0,3.0,0.0,0.0,1.0,1.0,8.0,8.0,1.0,1.0,0.0,0.0,0.0,8.0,23.0,7.0,,0.0,3.0,2.0,3.0,2.75,4.0,4.0,1.0,0.0,0.0,0.0,0.0,0.0,3.0,1.0,,,0.0,0.0,0.0,0.0,3.0,0.0,1.0,4.0,0.0,0.0,0.0,0.0,0.0,0.0,0.0,,,,,,,,,,,,,
ghz,4,qiskitaer,automatic,CPU,sync,1,4,6820.240020751953,4.0,5.0,4.0,4.0,8.0,8.0,0.0,1.0,4.0,5.0,3.0,0.0,0.0,1.0,1.0,8.0,8.0,1.0,1.0,0.0,0.0,0.0,8.0,23.0,7.0,,0.0,3.0,2.0,3.0,2.75,4.0,4.0,1.0,0.0,0.0,0.0,0.0,0.0,3.0,1.0,,,0.0,0.0,0.0,0.0,3.0,0.0,1.0,4.0,0.0,0.0,0.0,0.0,0.0,0.0,0.0,,,,,,,,,,,,,
ghz,4,qiskitaer,automatic,CPU,sync,1,4,7445.212602615356,4.0,5.0,4.0,4.0,8.0,8.0,0.0,1.0,4.0,5.0,3.0,0.0,0.0,1.0,1.0,8.0,8.0,1.0,1.0,0.0,0.0,0.0,8.0,23.0,7.0,,0.0,3.0,2.0,3.0,2.75,4.0,4.0,1.0,0.0,0.0,0.0,0.0,0.0,3.0,1.0,,,0.0,0.0,0.0,0.0,3.0,0.0,1.0,4.0,0.0,0.0,0.0,0.0,0.0,0.0,0.0,,,,,,,,,,,,,
ghz,4,qiskitaer,automatic,CPU,sync,1,4,6301.9843101501465,4.0,5.0,4.0,4.0,8.0,8.0,0.0,1.0,4.0,5.0,3.0,0.0,0.0,1.0,1.0,8.0,8.0,1.0,1.0,0.0,0.0,0.0,8.0,23.0,7.0,,0.0,3.0,2.0,3.0,2.75,4.0,4.0,1.0,0.0,0.0,0.0,0.0,0.0,3.0,1.0,,,0.0,0.0,0.0,0.0,3.0,0.0,1.0,4.0,0.0,0.0,0.0,0.0,0.0,0.0,0.0,,,,,,,,,,,,,
ghz,4,qiskitaer,automatic,CPU,sync,1,4,6820.240020751953,4.0,5.0,4.0,4.0,8.0,8.0,0.0,1.0,4.0,5.0,3.0,0.0,0.0,1.0,1.0,8.0,8.0,1.0,1.0,0.0,0.0,0.0,8.0,23.0,7.0,,0.0,3.0,2.0,3.0,2.75,4.0,4.0,1.0,0.0,0.0,0.0,0.0,0.0,3.0,1.0,,,0.0,0.0,0.0,0.0,3.0,0.0,1.0,4.0,0.0,0.0,0.0,0.0,0.0,0.0,0.0,,,,,,,,,,,,,
ghz,4,qiskitaer,statevector,CPU,sync,1,4,7009.373188018799,4.0,5.0,4.0,4.0,8.0,8.0,0.0,1.0,4.0,5.0,3.0,0.0,0.0,1.0,1.0,8.0,8.0,1.0,1.0,0.0,0.0,0.0,8.0,23.0,7.0,,0.0,3.0,2.0,3.0,2.75,4.0,4.0,1.0,0.0,0.0,0.0,0.0,0.0,3.0,1.0,,,0.0,0.0,0.0,0.0,3.0,0.0,1.0,4.0,0.0,0.0,0.0,0.0,0.0,0.0,0.0,,,,,,,,,,,,,
ghz,4,qiskitaer,statevector,CPU,sync,1,4,6399.201154708862,4.0,5.0,4.0,4.0,8.0,8.0,0.0,1.0,4.0,5.0,3.0,0.0,0.0,1.0,1.0,8.0,8.0,1.0,1.0,0.0,0.0,0.0,8.0,23.0,7.0,,0.0,3.0,2.0,3.0,2.75,4.0,4.0,1.0,0.0,0.0,0.0,0.0,0.0,3.0,1.0,,,0.0,0.0,0.0,0.0,3.0,0.0,1.0,4.0,0.0,0.0,0.0,0.0,0.0,0.0,0.0,,,,,,,,,,,,,
ghz,4,qiskitaer,statevector,CPU,sync,1,4,7016.643762588501,4.0,5.0,4.0,4.0,8.0,8.0,0.0,1.0,4.0,5.0,3.0,0.0,0.0,1.0,1.0,8.0,8.0,1.0,1.0,0.0,0.0,0.0,8.0,23.0,7.0,,0.0,3.0,2.0,3.0,2.75,4.0,4.0,1.0,0.0,0.0,0.0,0.0,0.0,3.0,1.0,,,0.0,0.0,0.0,0.0,3.0,0.0,1.0,4.0,0.0,0.0,0.0,0.0,0.0,0.0,0.0,,,,,,,,,,,,,
ghz,4,qiskitaer,statevector,CPU,sync,1,4,7009.373188018799,4.0,5.0,4.0,4.0,8.0,8.0,0.0,1.0,4.0,5.0,3.0,0.0,0.0,1.0,1.0,8.0,8.0,1.0,1.0,0.0,0.0,0.0,8.0,23.0,7.0,,0.0,3.0,2.0,3.0,2.75,4.0,4.0,1.0,0.0,0.0,0.0,0.0,0.0,3.0,1.0,,,0.0,0.0,0.0,0.0,3.0,0.0,1.0,4.0,0.0,0.0,0.0,0.0,0.0,0.0,0.0,,,,,,,,,,,,,
ghz,4,qiskitaer,statevector,CPU,sync,1,4,6399.201154708862,4.0,5.0,4.0,4.0,8.0,8.0,0.0,1.0,4.0,5.0,3.0,0.0,0.0,1.0,1.0,8.0,8.0,1.0,1.0,0.0,0.0,0.0,8.0,23.0,7.0,,0.0,3.0,2.0,3.0,2.75,4.0,4.0,1.0,0.0,0.0,0.0,0.0,0.0,3.0,1.0,,,0.0,0.0,0.0,0.0,3.0,0.0,1.0,4.0,0.0,0.0,0.0,0.0,0.0,0.0,0.0,,,,,,,,,,,,,
ghz,4,qiskitaer,statevector,CPU,sync,1,4,7016.643762588501,4.0,5.0,4.0,4.0,8.0,8.0,0.0,1.0,4.0,5.0,3.0,0.0,0.0,1.0,1.0,8.0,8.0,1.0,1.0,0.0,0.0,0.0,8.0,23.0,7.0,,0.0,3.0,2.0,3.0,2.75,4.0,4.0,1.0,0.0,0.0,0.0,0.0,0.0,3.0,1.0,,,0.0,0.0,0.0,0.0,3.0,0.0,1.0,4.0,0.0,0.0,0.0,0.0,0.0,0.0,0.0,,,,,,,,,,,,,
ghz,4,qiskitaer,matrix_product_state,CPU,sync,1,4,7964.826583862305,4.0,5.0,4.0,4.0,8.0,8.0,0.0,1.0,4.0,5.0,3.0,0.0,0.0,1.0,1.0,8.0,8.0,1.0,1.0,0.0,0.0,0.0,8.0,23.0,7.0,,0.0,3.0,2.0,3.0,2.75,4.0,4.0,1.0,0.0,0.0,0.0,0.0,0.0,3.0,1.0,,,0.0,0.0,0.0,0.0,3.0,0.0,1.0,4.0,0.0,0.0,0.0,0.0,0.0,0.0,0.0,,,,,,,,,,,,,
ghz,4,qiskitaer,matrix_product_state,CPU,sync,1,4,7679.581165313721,4.0,5.0,4.0,4.0,8.0,8.0,0.0,1.0,4.0,5.0,3.0,0.0,0.0,1.0,1.0,8.0,8.0,1.0,1.0,0.0,0.0,0.0,8.0,23.0,7.0,,0.0,3.0,2.0,3.0,2.75,4.0,4.0,1.0,0.0,0.0,0.0,0.0,0.0,3.0,1.0,,,0.0,0.0,0.0,0.0,3.0,0.0,1.0,4.0,0.0,0.0,0.0,0.0,0.0,0.0,0.0,,,,,,,,,,,,,
ghz,4,qiskitaer,matrix_product_state,CPU,sync,1,4,7255.852937698364,4.0,5.0,4.0,4.0,8.0,8.0,0.0,1.0,4.0,5.0,3.0,0.0,0.0,1.0,1.0,8.0,8.0,1.0,1.0,0.0,0.0,0.0,8.0,23.0,7.0,,0.0,3.0,2.0,3.0,2.75,4.0,4.0,1.0,0.0,0.0,0.0,0.0,0.0,3.0,1.0,,,0.0,0.0,0.0,0.0,3.0,0.0,1.0,4.0,0.0,0.0,0.0,0.0,0.0,0.0,0.0,,,,,,,,,,,,,
ghz,4,qiskitaer,matrix_product_state,CPU,sync,1,4,7964.826583862305,4.0,5.0,4.0,4.0,8.0,8.0,0.0,1.0,4.0,5.0,3.0,0.0,0.0,1.0,1.0,8.0,8.0,1.0,1.0,0.0,0.0,0.0,8.0,23.0,7.0,,0.0,3.0,2.0,3.0,2.75,4.0,4.0,1.0,0.0,0.0,0.0,0.0,0.0,3.0,1.0,,,0.0,0.0,0.0,0.0,3.0,0.0,1.0,4.0,0.0,0.0,0.0,0.0,0.0,0.0,0.0,,,,,,,,,,,,,
ghz,4,qiskitaer,matrix_product_state,CPU,sync,1,4,7679.581165313721,4.0,5.0,4.0,4.0,8.0,8.0,0.0,1.0,4.0,5.0,3.0,0.0,0.0,1.0,1.0,8.0,8.0,1.0,1.0,0.0,0.0,0.0,8.0,23.0,7.0,,0.0,3.0,2.0,3.0,2.75,4.0,4.0,1.0,0.0,0.0,0.0,0.0,0.0,3.0,1.0,,,0.0,0.0,0.0,0.0,3.0,0.0,1.0,4.0,0.0,0.0,0.0,0.0,0.0,0.0,0.0,,,,,,,,,,,,,
ghz,4,qiskitaer,matrix_product_state,CPU,sync,1,4,7255.852937698364,4.0,5.0,4.0,4.0,8.0,8.0,0.0,1.0,4.0,5.0,3.0,0.0,0.0,1.0,1.0,8.0,8.0,1.0,1.0,0.0,0.0,0.0,8.0,23.0,7.0,,0.0,3.0,2.0,3.0,2.75,4.0,4.0,1.0,0.0,0.0,0.0,0.0,0.0,3.0,1.0,,,0.0,0.0,0.0,0.0,3.0,0.0,1.0,4.0,0.0,0.0,0.0,0.0,0.0,0.0,0.0,,,,,,,,,,,,,
ghz,4,qtensor,numpy,CPU,sync,1,4,23170.56369781494,4.0,5.0,4.0,4.0,8.0,8.0,0.0,1.0,4.0,5.0,3.0,0.0,0.0,1.0,1.0,8.0,8.0,1.0,1.0,0.0,0.0,0.0,8.0,23.0,7.0,,0.0,3.0,2.0,3.0,2.75,4.0,4.0,1.0,0.0,0.0,0.0,0.0,0.0,3.0,1.0,,,0.0,0.0,0.0,0.0,3.0,0.0,1.0,4.0,0.0,0.0,0.0,0.0,0.0,0.0,0.0,,,,,,,,,,,,,
ghz,4,qtensor,numpy,CPU,sync,1,4,20175.689697265625,4.0,5.0,4.0,4.0,8.0,8.0,0.0,1.0,4.0,5.0,3.0,0.0,0.0,1.0,1.0,8.0,8.0,1.0,1.0,0.0,0.0,0.0,8.0,23.0,7.0,,0.0,3.0,2.0,3.0,2.75,4.0,4.0,1.0,0.0,0.0,0.0,0.0,0.0,3.0,1.0,,,0.0,0.0,0.0,0.0,3.0,0.0,1.0,4.0,0.0,0.0,0.0,0.0,0.0,0.0,0.0,,,,,,,,,,,,,
ghz,4,qtensor,numpy,CPU,sync,1,4,21326.536178588867,4.0,5.0,4.0,4.0,8.0,8.0,0.0,1.0,4.0,5.0,3.0,0.0,0.0,1.0,1.0,8.0,8.0,1.0,1.0,0.0,0.0,0.0,8.0,23.0,7.0,,0.0,3.0,2.0,3.0,2.75,4.0,4.0,1.0,0.0,0.0,0.0,0.0,0.0,3.0,1.0,,,0.0,0.0,0.0,0.0,3.0,0.0,1.0,4.0,0.0,0.0,0.0,0.0,0.0,0.0,0.0,,,,,,,,,,,,,
ghz,4,qtensor,numpy,CPU,sync,1,4,23170.56369781494,4.0,5.0,4.0,4.0,8.0,8.0,0.0,1.0,4.0,5.0,3.0,0.0,0.0,1.0,1.0,8.0,8.0,1.0,1.0,0.0,0.0,0.0,8.0,23.0,7.0,,0.0,3.0,2.0,3.0,2.75,4.0,4.0,1.0,0.0,0.0,0.0,0.0,0.0,3.0,1.0,,,0.0,0.0,0.0,0.0,3.0,0.0,1.0,4.0,0.0,0.0,0.0,0.0,0.0,0.0,0.0,,,,,,,,,,,,,
ghz,4,qtensor,numpy,CPU,sync,1,4,20175.689697265625,4.0,5.0,4.0,4.0,8.0,8.0,0.0,1.0,4.0,5.0,3.0,0.0,0.0,1.0,1.0,8.0,8.0,1.0,1.0,0.0,0.0,0.0,8.0,23.0,7.0,,0.0,3.0,2.0,3.0,2.75,4.0,4.0,1.0,0.0,0.0,0.0,0.0,0.0,3.0,1.0,,,0.0,0.0,0.0,0.0,3.0,0.0,1.0,4.0,0.0,0.0,0.0,0.0,0.0,0.0,0.0,,,,,,,,,,,,,
ghz,4,qtensor,numpy,CPU,sync,1,4,21326.536178588867,4.0,5.0,4.0,4.0,8.0,8.0,0.0,1.0,4.0,5.0,3.0,0.0,0.0,1.0,1.0,8.0,8.0,1.0,1.0,0.0,0.0,0.0,8.0,23.0,7.0,,0.0,3.0,2.0,3.0,2.75,4.0,4.0,1.0,0.0,0.0,0.0,0.0,0.0,3.0,1.0,,,0.0,0.0,0.0,0.0,3.0,0.0,1.0,4.0,0.0,0.0,0.0,0.0,0.0,0.0,0.0,,,,,,,,,,,,,
ghz,15,ibmq,ibm_miami,CPU,sync,1,8,673.8355159759521,15.0,16.0,15.0,15.0,30.0,30.0,0.0,1.0,15.0,16.0,14.0,0.0,0.0,1.0,1.0,30.0,30.0,1.0,1.0,0.0,0.0,0.0,30.0,89.0,18.0,,0.0,14.0,2.0,3.0,2.933333333333333,15.0,15.0,1.0,0.0,0.0,0.0,0.0,0.0,14.0,1.0,,,0.0,0.0,0.0,0.0,14.0,0.0,1.0,15.0,0.0,0.0,0.0,0.0,0.0,0.0,0.0,,,,,,,,,,,,,
ghz,15,ibmq,ibm_miami,CPU,sync,1,8,681.5845966339111,15.0,16.0,15.0,15.0,30.0,30.0,0.0,1.0,15.0,16.0,14.0,0.0,0.0,1.0,1.0,30.0,30.0,1.0,1.0,0.0,0.0,0.0,30.0,89.0,18.0,,0.0,14.0,2.0,3.0,2.933333333333333,15.0,15.0,1.0,0.0,0.0,0.0,0.0,0.0,14.0,1.0,,,0.0,0.0,0.0,0.0,14.0,0.0,1.0,15.0,0.0,0.0,0.0,0.0,0.0,0.0,0.0,,,,,,,,,,,,,
ghz,15,ibmq,ibm_miami,CPU,sync,1,8,1486.6974353790283,15.0,16.0,15.0,15.0,30.0,30.0,0.0,1.0,15.0,16.0,14.0,0.0,0.0,1.0,1.0,30.0,30.0,1.0,1.0,0.0,0.0,0.0,30.0,89.0,18.0,,0.0,14.0,2.0,3.0,2.933333333333333,15.0,15.0,1.0,0.0,0.0,0.0,0.0,0.0,14.0,1.0,,,0.0,0.0,0.0,0.0,14.0,0.0,1.0,15.0,0.0,0.0,0.0,0.0,0.0,0.0,0.0,,,,,,,,,,,,,
ghz,15,ibmq,ibm_miami,CPU,sync,1,8,59.6158504486084,15.0,16.0,15.0,15.0,30.0,30.0,0.0,1.0,15.0,16.0,14.0,0.0,0.0,1.0,1.0,30.0,30.0,1.0,1.0,0.0,0.0,0.0,30.0,89.0,18.0,,0.0,14.0,2.0,3.0,2.933333333333333,15.0,15.0,1.0,0.0,0.0,0.0,0.0,0.0,14.0,1.0,,,0.0,0.0,0.0,0.0,14.0,0.0,1.0,15.0,0.0,0.0,0.0,0.0,0.0,0.0,0.0,,,,,,,,,,,,,
ghz,15,ibmq,ibm_miami,CPU,sync,1,8,73.33254814147949,15.0,16.0,15.0,15.0,30.0,30.0,0.0,1.0,15.0,16.0,14.0,0.0,0.0,1.0,1.0,30.0,30.0,1.0,1.0,0.0,0.0,0.0,30.0,89.0,18.0,,0.0,14.0,2.0,3.0,2.933333333333333,15.0,15.0,1.0,0.0,0.0,0.0,0.0,0.0,14.0,1.0,,,0.0,0.0,0.0,0.0,14.0,0.0,1.0,15.0,0.0,0.0,0.0,0.0,0.0,0.0,0.0,,,,,,,,,,,,,
ghz,15,ibmq,ibm_torino,CPU,sync,1,8,39.47091102600098,15.0,16.0,15.0,15.0,30.0,30.0,0.0,1.0,15.0,16.0,14.0,0.0,0.0,1.0,1.0,30.0,30.0,1.0,1.0,0.0,0.0,0.0,30.0,89.0,18.0,,0.0,14.0,2.0,3.0,2.933333333333333,15.0,15.0,1.0,0.0,0.0,0.0,0.0,0.0,14.0,1.0,,,0.0,0.0,0.0,0.0,14.0,0.0,1.0,15.0,0.0,0.0,0.0,0.0,0.0,0.0,0.0,,,,,,,,,,,,,
ghz,15,nwqsim,MPI,CPU,sync,1,8,1059.4007968902588,15.0,16.0,15.0,15.0,30.0,30.0,0.0,1.0,15.0,16.0,14.0,0.0,0.0,1.0,1.0,30.0,30.0,1.0,1.0,0.0,0.0,0.0,30.0,89.0,18.0,,0.0,14.0,2.0,3.0,2.933333333333333,15.0,15.0,1.0,0.0,0.0,0.0,0.0,0.0,14.0,1.0,,,0.0,0.0,0.0,0.0,14.0,0.0,1.0,15.0,0.0,0.0,0.0,0.0,0.0,0.0,0.0,,,,,,,,,,,,,
ghz,15,ionq,simulator,CPU,sync,1,8,2590.2440547943115,15.0,16.0,15.0,15.0,30.0,30.0,0.0,1.0,15.0,16.0,14.0,0.0,0.0,1.0,1.0,30.0,30.0,1.0,1.0,0.0,0.0,0.0,30.0,89.0,18.0,,0.0,14.0,2.0,3.0,2.933333333333333,15.0,15.0,1.0,0.0,0.0,0.0,0.0,0.0,14.0,1.0,,,0.0,0.0,0.0,0.0,14.0,0.0,1.0,15.0,0.0,0.0,0.0,0.0,0.0,0.0,0.0,,,,,,,,,,,,,
ghz,9,ibmq,ibm_miami,CPU,sync,1,8,28.60569953918457,9.0,10.0,9.0,9.0,18.0,18.0,0.0,1.0,9.0,10.0,8.0,0.0,0.0,1.0,1.0,18.0,18.0,1.0,1.0,0.0,0.0,0.0,18.0,53.0,12.0,,0.0,8.0,2.0,3.0,2.888888888888889,9.0,9.0,1.0,0.0,0.0,0.0,0.0,0.0,8.0,1.0,,,0.0,0.0,0.0,0.0,8.0,0.0,1.0,9.0,0.0,0.0,0.0,0.0,0.0,0.0,0.0,,,,,,,,,,,,,
ghz,9,ibmq,ibm_miami,CPU,sync,1,8,28.42998504638672,9.0,10.0,9.0,9.0,18.0,18.0,0.0,1.0,9.0,10.0,8.0,0.0,0.0,1.0,1.0,18.0,18.0,1.0,1.0,0.0,0.0,0.0,18.0,53.0,12.0,,0.0,8.0,2.0,3.0,2.888888888888889,9.0,9.0,1.0,0.0,0.0,0.0,0.0,0.0,8.0,1.0,,,0.0,0.0,0.0,0.0,8.0,0.0,1.0,9.0,0.0,0.0,0.0,0.0,0.0,0.0,0.0,,,,,,,,,,,,,
ghz,9,ibmq,ibm_miami,CPU,sync,1,8,27.329444885253906,9.0,10.0,9.0,9.0,18.0,18.0,0.0,1.0,9.0,10.0,8.0,0.0,0.0,1.0,1.0,18.0,18.0,1.0,1.0,0.0,0.0,0.0,18.0,53.0,12.0,,0.0,8.0,2.0,3.0,2.888888888888889,9.0,9.0,1.0,0.0,0.0,0.0,0.0,0.0,8.0,1.0,,,0.0,0.0,0.0,0.0,8.0,0.0,1.0,9.0,0.0,0.0,0.0,0.0,0.0,0.0,0.0,,,,,,,,,,,,,
ghz,9,ibmq,ibm_miami,CPU,sync,1,8,30.811548233032227,9.0,10.0,9.0,9.0,18.0,18.0,0.0,1.0,9.0,10.0,8.0,0.0,0.0,1.0,1.0,18.0,18.0,1.0,1.0,0.0,0.0,0.0,18.0,53.0,12.0,,0.0,8.0,2.0,3.0,2.888888888888889,9.0,9.0,1.0,0.0,0.0,0.0,0.0,0.0,8.0,1.0,,,0.0,0.0,0.0,0.0,8.0,0.0,1.0,9.0,0.0,0.0,0.0,0.0,0.0,0.0,0.0,,,,,,,,,,,,,
ghz,9,ibmq,ibm_miami,CPU,sync,1,8,41.08929634094238,9.0,10.0,9.0,9.0,18.0,18.0,0.0,1.0,9.0,10.0,8.0,0.0,0.0,1.0,1.0,18.0,18.0,1.0,1.0,0.0,0.0,0.0,18.0,53.0,12.0,,0.0,8.0,2.0,3.0,2.888888888888889,9.0,9.0,1.0,0.0,0.0,0.0,0.0,0.0,8.0,1.0,,,0.0,0.0,0.0,0.0,8.0,0.0,1.0,9.0,0.0,0.0,0.0,0.0,0.0,0.0,0.0,,,,,,,,,,,,,
ghz,9,ibmq,ibm_torino,CPU,sync,1,8,53.336381912231445,9.0,10.0,9.0,9.0,18.0,18.0,0.0,1.0,9.0,10.0,8.0,0.0,0.0,1.0,1.0,18.0,18.0,1.0,1.0,0.0,0.0,0.0,18.0,53.0,12.0,,0.0,8.0,2.0,3.0,2.888888888888889,9.0,9.0,1.0,0.0,0.0,0.0,0.0,0.0,8.0,1.0,,,0.0,0.0,0.0,0.0,8.0,0.0,1.0,9.0,0.0,0.0,0.0,0.0,0.0,0.0,0.0,,,,,,,,,,,,,
ghz,9,ionq,simulator,CPU,sync,1,8,2431.8184852600098,9.0,10.0,9.0,9.0,18.0,18.0,0.0,1.0,9.0,10.0,8.0,0.0,0.0,1.0,1.0,18.0,18.0,1.0,1.0,0.0,0.0,0.0,18.0,53.0,12.0,,0.0,8.0,2.0,3.0,2.888888888888889,9.0,9.0,1.0,0.0,0.0,0.0,0.0,0.0,8.0,1.0,,,0.0,0.0,0.0,0.0,8.0,0.0,1.0,9.0,0.0,0.0,0.0,0.0,0.0,0.0,0.0,,,,,,,,,,,,,
ghz,16,ibmq,ibm_miami,CPU,sync,1,8,1893.6347961425781,16.0,17.0,16.0,16.0,32.0,32.0,0.0,1.0,16.0,17.0,15.0,0.0,0.0,1.0,1.0,32.0,32.0,1.0,1.0,0.0,0.0,0.0,32.0,95.0,19.0,,0.0,15.0,2.0,3.0,2.9375,16.0,16.0,1.0,0.0,0.0,0.0,0.0,0.0,15.0,1.0,,,0.0,0.0,0.0,0.0,15.0,0.0,1.0,16.0,0.0,0.0,0.0,0.0,0.0,0.0,0.0,,,,,,,,,,,,,
ghz,16,ibmq,ibm_miami,CPU,sync,1,8,31.313180923461914,16.0,17.0,16.0,16.0,32.0,32.0,0.0,1.0,16.0,17.0,15.0,0.0,0.0,1.0,1.0,32.0,32.0,1.0,1.0,0.0,0.0,0.0,32.0,95.0,19.0,,0.0,15.0,2.0,3.0,2.9375,16.0,16.0,1.0,0.0,0.0,0.0,0.0,0.0,15.0,1.0,,,0.0,0.0,0.0,0.0,15.0,0.0,1.0,16.0,0.0,0.0,0.0,0.0,0.0,0.0,0.0,,,,,,,,,,,,,
ghz,16,ibmq,ibm_miami,CPU,sync,1,8,1620.823621749878,16.0,17.0,16.0,16.0,32.0,32.0,0.0,1.0,16.0,17.0,15.0,0.0,0.0,1.0,1.0,32.0,32.0,1.0,1.0,0.0,0.0,0.0,32.0,95.0,19.0,,0.0,15.0,2.0,3.0,2.9375,16.0,16.0,1.0,0.0,0.0,0.0,0.0,0.0,15.0,1.0,,,0.0,0.0,0.0,0.0,15.0,0.0,1.0,16.0,0.0,0.0,0.0,0.0,0.0,0.0,0.0,,,,,,,,,,,,,
ghz,16,ibmq,ibm_miami,CPU,sync,1,8,66.3595199584961,16.0,17.0,16.0,16.0,32.0,32.0,0.0,1.0,16.0,17.0,15.0,0.0,0.0,1.0,1.0,32.0,32.0,1.0,1.0,0.0,0.0,0.0,32.0,95.0,19.0,,0.0,15.0,2.0,3.0,2.9375,16.0,16.0,1.0,0.0,0.0,0.0,0.0,0.0,15.0,1.0,,,0.0,0.0,0.0,0.0,15.0,0.0,1.0,16.0,0.0,0.0,0.0,0.0,0.0,0.0,0.0,,,,,,,,,,,,,
ghz,16,ibmq,ibm_miami,CPU,sync,1,8,88.93871307373047,16.0,17.0,16.0,16.0,32.0,32.0,0.0,1.0,16.0,17.0,15.0,0.0,0.0,1.0,1.0,32.0,32.0,1.0,1.0,0.0,0.0,0.0,32.0,95.0,19.0,,0.0,15.0,2.0,3.0,2.9375,16.0,16.0,1.0,0.0,0.0,0.0,0.0,0.0,15.0,1.0,,,0.0,0.0,0.0,0.0,15.0,0.0,1.0,16.0,0.0,0.0,0.0,0.0,0.0,0.0,0.0,,,,,,,,,,,,,
ghz,16,ibmq,ibm_torino,CPU,sync,1,8,123.02327156066895,16.0,17.0,16.0,16.0,32.0,32.0,0.0,1.0,16.0,17.0,15.0,0.0,0.0,1.0,1.0,32.0,32.0,1.0,1.0,0.0,0.0,0.0,32.0,95.0,19.0,,0.0,15.0,2.0,3.0,2.9375,16.0,16.0,1.0,0.0,0.0,0.0,0.0,0.0,15.0,1.0,,,0.0,0.0,0.0,0.0,15.0,0.0,1.0,16.0,0.0,0.0,0.0,0.0,0.0,0.0,0.0,,,,,,,,,,,,,
ghz,16,tnqvm,exatn-mps,CPU,sync,1,4,6459.547996520996,16.0,17.0,16.0,16.0,32.0,32.0,0.0,1.0,16.0,17.0,15.0,0.0,0.0,1.0,1.0,32.0,32.0,1.0,1.0,0.0,0.0,0.0,32.0,95.0,19.0,,0.0,15.0,2.0,3.0,2.9375,16.0,16.0,1.0,0.0,0.0,0.0,0.0,0.0,15.0,1.0,,,0.0,0.0,0.0,0.0,15.0,0.0,1.0,16.0,0.0,0.0,0.0,0.0,0.0,0.0,0.0,,,,,,,,,,,,,
ghz,16,tnqvm,exatn-mps,CPU,sync,1,4,2796.4627742767334,16.0,17.0,16.0,16.0,32.0,32.0,0.0,1.0,16.0,17.0,15.0,0.0,0.0,1.0,1.0,32.0,32.0,1.0,1.0,0.0,0.0,0.0,32.0,95.0,19.0,,0.0,15.0,2.0,3.0,2.9375,16.0,16.0,1.0,0.0,0.0,0.0,0.0,0.0,15.0,1.0,,,0.0,0.0,0.0,0.0,15.0,0.0,1.0,16.0,0.0,0.0,0.0,0.0,0.0,0.0,0.0,,,,,,,,,,,,,
ghz,16,tnqvm,exatn-mps,CPU,sync,1,4,2392.481565475464,16.0,17.0,16.0,16.0,32.0,32.0,0.0,1.0,16.0,17.0,15.0,0.0,0.0,1.0,1.0,32.0,32.0,1.0,1.0,0.0,0.0,0.0,32.0,95.0,19.0,,0.0,15.0,2.0,3.0,2.9375,16.0,16.0,1.0,0.0,0.0,0.0,0.0,0.0,15.0,1.0,,,0.0,0.0,0.0,0.0,15.0,0.0,1.0,16.0,0.0,0.0,0.0,0.0,0.0,0.0,0.0,,,,,,,,,,,,,
ghz,16,tnqvm,exatn-mps,CPU,sync,1,4,6459.547996520996,16.0,17.0,16.0,16.0,32.0,32.0,0.0,1.0,16.0,17.0,15.0,0.0,0.0,1.0,1.0,32.0,32.0,1.0,1.0,0.0,0.0,0.0,32.0,95.0,19.0,,0.0,15.0,2.0,3.0,2.9375,16.0,16.0,1.0,0.0,0.0,0.0,0.0,0.0,15.0,1.0,,,0.0,0.0,0.0,0.0,15.0,0.0,1.0,16.0,0.0,0.0,0.0,0.0,0.0,0.0,0.0,,,,,,,,,,,,,
ghz,16,tnqvm,exatn-mps,CPU,sync,1,4,2796.4627742767334,16.0,17.0,16.0,16.0,32.0,32.0,0.0,1.0,16.0,17.0,15.0,0.0,0.0,1.0,1.0,32.0,32.0,1.0,1.0,0.0,0.0,0.0,32.0,95.0,19.0,,0.0,15.0,2.0,3.0,2.9375,16.0,16.0,1.0,0.0,0.0,0.0,0.0,0.0,15.0,1.0,,,0.0,0.0,0.0,0.0,15.0,0.0,1.0,16.0,0.0,0.0,0.0,0.0,0.0,0.0,0.0,,,,,,,,,,,,,
ghz,16,tnqvm,exatn-mps,CPU,sync,1,4,2392.481565475464,16.0,17.0,16.0,16.0,32.0,32.0,0.0,1.0,16.0,17.0,15.0,0.0,0.0,1.0,1.0,32.0,32.0,1.0,1.0,0.0,0.0,0.0,32.0,95.0,19.0,,0.0,15.0,2.0,3.0,2.9375,16.0,16.0,1.0,0.0,0.0,0.0,0.0,0.0,15.0,1.0,,,0.0,0.0,0.0,0.0,15.0,0.0,1.0,16.0,0.0,0.0,0.0,0.0,0.0,0.0,0.0,,,,,,,,,,,,,
ghz,16,tnqvm,exatn-mps,CPU,sync,2,2,5783.452987670898,16.0,17.0,16.0,16.0,32.0,32.0,0.0,1.0,16.0,17.0,15.0,0.0,0.0,1.0,1.0,32.0,32.0,1.0,1.0,0.0,0.0,0.0,32.0,95.0,19.0,,0.0,15.0,2.0,3.0,2.9375,16.0,16.0,1.0,0.0,0.0,0.0,0.0,0.0,15.0,1.0,,,0.0,0.0,0.0,0.0,15.0,0.0,1.0,16.0,0.0,0.0,0.0,0.0,0.0,0.0,0.0,,,,,,,,,,,,,
ghz,16,tnqvm,exatn-mps,CPU,sync,2,2,2462.3725414276123,16.0,17.0,16.0,16.0,32.0,32.0,0.0,1.0,16.0,17.0,15.0,0.0,0.0,1.0,1.0,32.0,32.0,1.0,1.0,0.0,0.0,0.0,32.0,95.0,19.0,,0.0,15.0,2.0,3.0,2.9375,16.0,16.0,1.0,0.0,0.0,0.0,0.0,0.0,15.0,1.0,,,0.0,0.0,0.0,0.0,15.0,0.0,1.0,16.0,0.0,0.0,0.0,0.0,0.0,0.0,0.0,,,,,,,,,,,,,
ghz,16,tnqvm,exatn-mps,CPU,sync,2,2,2350.691556930542,16.0,17.0,16.0,16.0,32.0,32.0,0.0,1.0,16.0,17.0,15.0,0.0,0.0,1.0,1.0,32.0,32.0,1.0,1.0,0.0,0.0,0.0,32.0,95.0,19.0,,0.0,15.0,2.0,3.0,2.9375,16.0,16.0,1.0,0.0,0.0,0.0,0.0,0.0,15.0,1.0,,,0.0,0.0,0.0,0.0,15.0,0.0,1.0,16.0,0.0,0.0,0.0,0.0,0.0,0.0,0.0,,,,,,,,,,,,,
ghz,16,tnqvm,exatn-mps,CPU,sync,2,2,5783.452987670898,16.0,17.0,16.0,16.0,32.0,32.0,0.0,1.0,16.0,17.0,15.0,0.0,0.0,1.0,1.0,32.0,32.0,1.0,1.0,0.0,0.0,0.0,32.0,95.0,19.0,,0.0,15.0,2.0,3.0,2.9375,16.0,16.0,1.0,0.0,0.0,0.0,0.0,0.0,15.0,1.0,,,0.0,0.0,0.0,0.0,15.0,0.0,1.0,16.0,0.0,0.0,0.0,0.0,0.0,0.0,0.0,,,,,,,,,,,,,
ghz,16,tnqvm,exatn-mps,CPU,sync,2,2,2462.3725414276123,16.0,17.0,16.0,16.0,32.0,32.0,0.0,1.0,16.0,17.0,15.0,0.0,0.0,1.0,1.0,32.0,32.0,1.0,1.0,0.0,0.0,0.0,32.0,95.0,19.0,,0.0,15.0,2.0,3.0,2.9375,16.0,16.0,1.0,0.0,0.0,0.0,0.0,0.0,15.0,1.0,,,0.0,0.0,0.0,0.0,15.0,0.0,1.0,16.0,0.0,0.0,0.0,0.0,0.0,0.0,0.0,,,,,,,,,,,,,
ghz,16,tnqvm,exatn-mps,CPU,sync,2,2,2350.691556930542,16.0,17.0,16.0,16.0,32.0,32.0,0.0,1.0,16.0,17.0,15.0,0.0,0.0,1.0,1.0,32.0,32.0,1.0,1.0,0.0,0.0,0.0,32.0,95.0,19.0,,0.0,15.0,2.0,3.0,2.9375,16.0,16.0,1.0,0.0,0.0,0.0,0.0,0.0,15.0,1.0,,,0.0,0.0,0.0,0.0,15.0,0.0,1.0,16.0,0.0,0.0,0.0,0.0,0.0,0.0,0.0,,,,,,,,,,,,,
ghz,16,tnqvm,tnqvm,CPU,sync,1,1,9040.908575057983,16.0,17.0,16.0,16.0,32.0,32.0,0.0,1.0,16.0,17.0,15.0,0.0,0.0,1.0,1.0,32.0,32.0,1.0,1.0,0.0,0.0,0.0,32.0,95.0,19.0,,0.0,15.0,2.0,3.0,2.9375,16.0,16.0,1.0,0.0,0.0,0.0,0.0,0.0,15.0,1.0,,,0.0,0.0,0.0,0.0,15.0,0.0,1.0,16.0,0.0,0.0,0.0,0.0,0.0,0.0,0.0,,,,,,,,,,,,,
ghz,16,tnqvm,tnqvm,CPU,sync,1,1,4003.3345222473145,16.0,17.0,16.0,16.0,32.0,32.0,0.0,1.0,16.0,17.0,15.0,0.0,0.0,1.0,1.0,32.0,32.0,1.0,1.0,0.0,0.0,0.0,32.0,95.0,19.0,,0.0,15.0,2.0,3.0,2.9375,16.0,16.0,1.0,0.0,0.0,0.0,0.0,0.0,15.0,1.0,,,0.0,0.0,0.0,0.0,15.0,0.0,1.0,16.0,0.0,0.0,0.0,0.0,0.0,0.0,0.0,,,,,,,,,,,,,
ghz,16,tnqvm,tnqvm,CPU,sync,1,1,4003.2830238342285,16.0,17.0,16.0,16.0,32.0,32.0,0.0,1.0,16.0,17.0,15.0,0.0,0.0,1.0,1.0,32.0,32.0,1.0,1.0,0.0,0.0,0.0,32.0,95.0,19.0,,0.0,15.0,2.0,3.0,2.9375,16.0,16.0,1.0,0.0,0.0,0.0,0.0,0.0,15.0,1.0,,,0.0,0.0,0.0,0.0,15.0,0.0,1.0,16.0,0.0,0.0,0.0,0.0,0.0,0.0,0.0,,,,,,,,,,,,,
ghz,16,tnqvm,tnqvm,CPU,sync,1,1,4003.303050994873,16.0,17.0,16.0,16.0,32.0,32.0,0.0,1.0,16.0,17.0,15.0,0.0,0.0,1.0,1.0,32.0,32.0,1.0,1.0,0.0,0.0,0.0,32.0,95.0,19.0,,0.0,15.0,2.0,3.0,2.9375,16.0,16.0,1.0,0.0,0.0,0.0,0.0,0.0,15.0,1.0,,,0.0,0.0,0.0,0.0,15.0,0.0,1.0,16.0,0.0,0.0,0.0,0.0,0.0,0.0,0.0,,,,,,,,,,,,,
ghz,16,tnqvm,tnqvm,CPU,sync,1,1,4003.331184387207,16.0,17.0,16.0,16.0,32.0,32.0,0.0,1.0,16.0,17.0,15.0,0.0,0.0,1.0,1.0,32.0,32.0,1.0,1.0,0.0,0.0,0.0,32.0,95.0,19.0,,0.0,15.0,2.0,3.0,2.9375,16.0,16.0,1.0,0.0,0.0,0.0,0.0,0.0,15.0,1.0,,,0.0,0.0,0.0,0.0,15.0,0.0,1.0,16.0,0.0,0.0,0.0,0.0,0.0,0.0,0.0,,,,,,,,,,,,,
ghz,16,tnqvm,tnqvm,CPU,sync,1,1,10240.131616592407,16.0,17.0,16.0,16.0,32.0,32.0,0.0,1.0,16.0,17.0,15.0,0.0,0.0,1.0,1.0,32.0,32.0,1.0,1.0,0.0,0.0,0.0,32.0,95.0,19.0,,0.0,15.0,2.0,3.0,2.9375,16.0,16.0,1.0,0.0,0.0,0.0,0.0,0.0,15.0,1.0,,,0.0,0.0,0.0,0.0,15.0,0.0,1.0,16.0,0.0,0.0,0.0,0.0,0.0,0.0,0.0,,,,,,,,,,,,,
ghz,16,tnqvm,tnqvm,CPU,sync,1,2,11043.197393417358,16.0,17.0,16.0,16.0,32.0,32.0,0.0,1.0,16.0,17.0,15.0,0.0,0.0,1.0,1.0,32.0,32.0,1.0,1.0,0.0,0.0,0.0,32.0,95.0,19.0,,0.0,15.0,2.0,3.0,2.9375,16.0,16.0,1.0,0.0,0.0,0.0,0.0,0.0,15.0,1.0,,,0.0,0.0,0.0,0.0,15.0,0.0,1.0,16.0,0.0,0.0,0.0,0.0,0.0,0.0,0.0,,,,,,,,,,,,,
ghz,16,tnqvm,tnqvm,CPU,sync,1,2,5004.151821136475,16.0,17.0,16.0,16.0,32.0,32.0,0.0,1.0,16.0,17.0,15.0,0.0,0.0,1.0,1.0,32.0,32.0,1.0,1.0,0.0,0.0,0.0,32.0,95.0,19.0,,0.0,15.0,2.0,3.0,2.9375,16.0,16.0,1.0,0.0,0.0,0.0,0.0,0.0,15.0,1.0,,,0.0,0.0,0.0,0.0,15.0,0.0,1.0,16.0,0.0,0.0,0.0,0.0,0.0,0.0,0.0,,,,,,,,,,,,,
ghz,16,tnqvm,tnqvm,CPU,sync,1,2,6005.070924758911,16.0,17.0,16.0,16.0,32.0,32.0,0.0,1.0,16.0,17.0,15.0,0.0,0.0,1.0,1.0,32.0,32.0,1.0,1.0,0.0,0.0,0.0,32.0,95.0,19.0,,0.0,15.0,2.0,3.0,2.9375,16.0,16.0,1.0,0.0,0.0,0.0,0.0,0.0,15.0,1.0,,,0.0,0.0,0.0,0.0,15.0,0.0,1.0,16.0,0.0,0.0,0.0,0.0,0.0,0.0,0.0,,,,,,,,,,,,,
ghz,16,tnqvm,tnqvm,CPU,sync,1,2,6005.320310592651,16.0,17.0,16.0,16.0,32.0,32.0,0.0,1.0,16.0,17.0,15.0,0.0,0.0,1.0,1.0,32.0,32.0,1.0,1.0,0.0,0.0,0.0,32.0,95.0,19.0,,0.0,15.0,2.0,3.0,2.9375,16.0,16.0,1.0,0.0,0.0,0.0,0.0,0.0,15.0,1.0,,,0.0,0.0,0.0,0.0,15.0,0.0,1.0,16.0,0.0,0.0,0.0,0.0,0.0,0.0,0.0,,,,,,,,,,,,,
ghz,16,tnqvm,tnqvm,CPU,sync,1,2,5006.04772567749,16.0,17.0,16.0,16.0,32.0,32.0,0.0,1.0,16.0,17.0,15.0,0.0,0.0,1.0,1.0,32.0,32.0,1.0,1.0,0.0,0.0,0.0,32.0,95.0,19.0,,0.0,15.0,2.0,3.0,2.9375,16.0,16.0,1.0,0.0,0.0,0.0,0.0,0.0,15.0,1.0,,,0.0,0.0,0.0,0.0,15.0,0.0,1.0,16.0,0.0,0.0,0.0,0.0,0.0,0.0,0.0,,,,,,,,,,,,,
ghz,16,qiskitaer,statevector,CPU,sync,2,2,7148.4105587005615,16.0,17.0,16.0,16.0,32.0,32.0,0.0,1.0,16.0,17.0,15.0,0.0,0.0,1.0,1.0,32.0,32.0,1.0,1.0,0.0,0.0,0.0,32.0,95.0,19.0,,0.0,15.0,2.0,3.0,2.9375,16.0,16.0,1.0,0.0,0.0,0.0,0.0,0.0,15.0,1.0,,,0.0,0.0,0.0,0.0,15.0,0.0,1.0,16.0,0.0,0.0,0.0,0.0,0.0,0.0,0.0,,,,,,,,,,,,,
ghz,16,qiskitaer,statevector,CPU,sync,2,2,6960.3588581085205,16.0,17.0,16.0,16.0,32.0,32.0,0.0,1.0,16.0,17.0,15.0,0.0,0.0,1.0,1.0,32.0,32.0,1.0,1.0,0.0,0.0,0.0,32.0,95.0,19.0,,0.0,15.0,2.0,3.0,2.9375,16.0,16.0,1.0,0.0,0.0,0.0,0.0,0.0,15.0,1.0,,,0.0,0.0,0.0,0.0,15.0,0.0,1.0,16.0,0.0,0.0,0.0,0.0,0.0,0.0,0.0,,,,,,,,,,,,,
ghz,16,qiskitaer,statevector,CPU,sync,2,2,7625.920534133911,16.0,17.0,16.0,16.0,32.0,32.0,0.0,1.0,16.0,17.0,15.0,0.0,0.0,1.0,1.0,32.0,32.0,1.0,1.0,0.0,0.0,0.0,32.0,95.0,19.0,,0.0,15.0,2.0,3.0,2.9375,16.0,16.0,1.0,0.0,0.0,0.0,0.0,0.0,15.0,1.0,,,0.0,0.0,0.0,0.0,15.0,0.0,1.0,16.0,0.0,0.0,0.0,0.0,0.0,0.0,0.0,,,,,,,,,,,,,
ghz,16,qiskitaer,statevector,CPU,sync,2,2,7148.4105587005615,16.0,17.0,16.0,16.0,32.0,32.0,0.0,1.0,16.0,17.0,15.0,0.0,0.0,1.0,1.0,32.0,32.0,1.0,1.0,0.0,0.0,0.0,32.0,95.0,19.0,,0.0,15.0,2.0,3.0,2.9375,16.0,16.0,1.0,0.0,0.0,0.0,0.0,0.0,15.0,1.0,,,0.0,0.0,0.0,0.0,15.0,0.0,1.0,16.0,0.0,0.0,0.0,0.0,0.0,0.0,0.0,,,,,,,,,,,,,
ghz,16,qiskitaer,statevector,CPU,sync,2,2,6960.3588581085205,16.0,17.0,16.0,16.0,32.0,32.0,0.0,1.0,16.0,17.0,15.0,0.0,0.0,1.0,1.0,32.0,32.0,1.0,1.0,0.0,0.0,0.0,32.0,95.0,19.0,,0.0,15.0,2.0,3.0,2.9375,16.0,16.0,1.0,0.0,0.0,0.0,0.0,0.0,15.0,1.0,,,0.0,0.0,0.0,0.0,15.0,0.0,1.0,16.0,0.0,0.0,0.0,0.0,0.0,0.0,0.0,,,,,,,,,,,,,
ghz,16,qiskitaer,statevector,CPU,sync,2,2,7625.920534133911,16.0,17.0,16.0,16.0,32.0,32.0,0.0,1.0,16.0,17.0,15.0,0.0,0.0,1.0,1.0,32.0,32.0,1.0,1.0,0.0,0.0,0.0,32.0,95.0,19.0,,0.0,15.0,2.0,3.0,2.9375,16.0,16.0,1.0,0.0,0.0,0.0,0.0,0.0,15.0,1.0,,,0.0,0.0,0.0,0.0,15.0,0.0,1.0,16.0,0.0,0.0,0.0,0.0,0.0,0.0,0.0,,,,,,,,,,,,,
ghz,16,qiskitaer,statevector,CPU,sync,1,4,7460.9375,16.0,17.0,16.0,16.0,32.0,32.0,0.0,1.0,16.0,17.0,15.0,0.0,0.0,1.0,1.0,32.0,32.0,1.0,1.0,0.0,0.0,0.0,32.0,95.0,19.0,,0.0,15.0,2.0,3.0,2.9375,16.0,16.0,1.0,0.0,0.0,0.0,0.0,0.0,15.0,1.0,,,0.0,0.0,0.0,0.0,15.0,0.0,1.0,16.0,0.0,0.0,0.0,0.0,0.0,0.0,0.0,,,,,,,,,,,,,
ghz,16,qiskitaer,statevector,CPU,sync,1,4,6330.9266567230225,16.0,17.0,16.0,16.0,32.0,32.0,0.0,1.0,16.0,17.0,15.0,0.0,0.0,1.0,1.0,32.0,32.0,1.0,1.0,0.0,0.0,0.0,32.0,95.0,19.0,,0.0,15.0,2.0,3.0,2.9375,16.0,16.0,1.0,0.0,0.0,0.0,0.0,0.0,15.0,1.0,,,0.0,0.0,0.0,0.0,15.0,0.0,1.0,16.0,0.0,0.0,0.0,0.0,0.0,0.0,0.0,,,,,,,,,,,,,
ghz,16,qiskitaer,statevector,CPU,sync,1,4,6668.619632720947,16.0,17.0,16.0,16.0,32.0,32.0,0.0,1.0,16.0,17.0,15.0,0.0,0.0,1.0,1.0,32.0,32.0,1.0,1.0,0.0,0.0,0.0,32.0,95.0,19.0,,0.0,15.0,2.0,3.0,2.9375,16.0,16.0,1.0,0.0,0.0,0.0,0.0,0.0,15.0,1.0,,,0.0,0.0,0.0,0.0,15.0,0.0,1.0,16.0,0.0,0.0,0.0,0.0,0.0,0.0,0.0,,,,,,,,,,,,,
ghz,16,qiskitaer,statevector,CPU,sync,1,4,7460.9375,16.0,17.0,16.0,16.0,32.0,32.0,0.0,1.0,16.0,17.0,15.0,0.0,0.0,1.0,1.0,32.0,32.0,1.0,1.0,0.0,0.0,0.0,32.0,95.0,19.0,,0.0,15.0,2.0,3.0,2.9375,16.0,16.0,1.0,0.0,0.0,0.0,0.0,0.0,15.0,1.0,,,0.0,0.0,0.0,0.0,15.0,0.0,1.0,16.0,0.0,0.0,0.0,0.0,0.0,0.0,0.0,,,,,,,,,,,,,
ghz,16,qiskitaer,statevector,CPU,sync,1,4,6330.9266567230225,16.0,17.0,16.0,16.0,32.0,32.0,0.0,1.0,16.0,17.0,15.0,0.0,0.0,1.0,1.0,32.0,32.0,1.0,1.0,0.0,0.0,0.0,32.0,95.0,19.0,,0.0,15.0,2.0,3.0,2.9375,16.0,16.0,1.0,0.0,0.0,0.0,0.0,0.0,15.0,1.0,,,0.0,0.0,0.0,0.0,15.0,0.0,1.0,16.0,0.0,0.0,0.0,0.0,0.0,0.0,0.0,,,,,,,,,,,,,
ghz,16,qiskitaer,statevector,CPU,sync,1,4,6668.619632720947,16.0,17.0,16.0,16.0,32.0,32.0,0.0,1.0,16.0,17.0,15.0,0.0,0.0,1.0,1.0,32.0,32.0,1.0,1.0,0.0,0.0,0.0,32.0,95.0,19.0,,0.0,15.0,2.0,3.0,2.9375,16.0,16.0,1.0,0.0,0.0,0.0,0.0,0.0,15.0,1.0,,,0.0,0.0,0.0,0.0,15.0,0.0,1.0,16.0,0.0,0.0,0.0,0.0,0.0,0.0,0.0,,,,,,,,,,,,,
ghz,16,qiskitaer,matrix_product_state,CPU,sync,1,4,7179.452419281006,16.0,17.0,16.0,16.0,32.0,32.0,0.0,1.0,16.0,17.0,15.0,0.0,0.0,1.0,1.0,32.0,32.0,1.0,1.0,0.0,0.0,0.0,32.0,95.0,19.0,,0.0,15.0,2.0,3.0,2.9375,16.0,16.0,1.0,0.0,0.0,0.0,0.0,0.0,15.0,1.0,,,0.0,0.0,0.0,0.0,15.0,0.0,1.0,16.0,0.0,0.0,0.0,0.0,0.0,0.0,0.0,,,,,,,,,,,,,
ghz,16,qiskitaer,matrix_product_state,CPU,sync,1,4,6133.138179779053,16.0,17.0,16.0,16.0,32.0,32.0,0.0,1.0,16.0,17.0,15.0,0.0,0.0,1.0,1.0,32.0,32.0,1.0,1.0,0.0,0.0,0.0,32.0,95.0,19.0,,0.0,15.0,2.0,3.0,2.9375,16.0,16.0,1.0,0.0,0.0,0.0,0.0,0.0,15.0,1.0,,,0.0,0.0,0.0,0.0,15.0,0.0,1.0,16.0,0.0,0.0,0.0,0.0,0.0,0.0,0.0,,,,,,,,,,,,,
ghz,16,qiskitaer,matrix_product_state,CPU,sync,1,4,6632.561683654785,16.0,17.0,16.0,16.0,32.0,32.0,0.0,1.0,16.0,17.0,15.0,0.0,0.0,1.0,1.0,32.0,32.0,1.0,1.0,0.0,0.0,0.0,32.0,95.0,19.0,,0.0,15.0,2.0,3.0,2.9375,16.0,16.0,1.0,0.0,0.0,0.0,0.0,0.0,15.0,1.0,,,0.0,0.0,0.0,0.0,15.0,0.0,1.0,16.0,0.0,0.0,0.0,0.0,0.0,0.0,0.0,,,,,,,,,,,,,
ghz,16,qiskitaer,matrix_product_state,CPU,sync,1,4,7179.452419281006,16.0,17.0,16.0,16.0,32.0,32.0,0.0,1.0,16.0,17.0,15.0,0.0,0.0,1.0,1.0,32.0,32.0,1.0,1.0,0.0,0.0,0.0,32.0,95.0,19.0,,0.0,15.0,2.0,3.0,2.9375,16.0,16.0,1.0,0.0,0.0,0.0,0.0,0.0,15.0,1.0,,,0.0,0.0,0.0,0.0,15.0,0.0,1.0,16.0,0.0,0.0,0.0,0.0,0.0,0.0,0.0,,,,,,,,,,,,,
ghz,16,qiskitaer,matrix_product_state,CPU,sync,1,4,6133.138179779053,16.0,17.0,16.0,16.0,32.0,32.0,0.0,1.0,16.0,17.0,15.0,0.0,0.0,1.0,1.0,32.0,32.0,1.0,1.0,0.0,0.0,0.0,32.0,95.0,19.0,,0.0,15.0,2.0,3.0,2.9375,16.0,16.0,1.0,0.0,0.0,0.0,0.0,0.0,15.0,1.0,,,0.0,0.0,0.0,0.0,15.0,0.0,1.0,16.0,0.0,0.0,0.0,0.0,0.0,0.0,0.0,,,,,,,,,,,,,
ghz,16,qiskitaer,matrix_product_state,CPU,sync,1,4,6632.561683654785,16.0,17.0,16.0,16.0,32.0,32.0,0.0,1.0,16.0,17.0,15.0,0.0,0.0,1.0,1.0,32.0,32.0,1.0,1.0,0.0,0.0,0.0,32.0,95.0,19.0,,0.0,15.0,2.0,3.0,2.9375,16.0,16.0,1.0,0.0,0.0,0.0,0.0,0.0,15.0,1.0,,,0.0,0.0,0.0,0.0,15.0,0.0,1.0,16.0,0.0,0.0,0.0,0.0,0.0,0.0,0.0,,,,,,,,,,,,,
ghz,16,qiskitaer,matrix_product_state,CPU,sync,2,2,7036.4439487457275,16.0,17.0,16.0,16.0,32.0,32.0,0.0,1.0,16.0,17.0,15.0,0.0,0.0,1.0,1.0,32.0,32.0,1.0,1.0,0.0,0.0,0.0,32.0,95.0,19.0,,0.0,15.0,2.0,3.0,2.9375,16.0,16.0,1.0,0.0,0.0,0.0,0.0,0.0,15.0,1.0,,,0.0,0.0,0.0,0.0,15.0,0.0,1.0,16.0,0.0,0.0,0.0,0.0,0.0,0.0,0.0,,,,,,,,,,,,,
ghz,16,qiskitaer,matrix_product_state,CPU,sync,2,2,6023.991107940674,16.0,17.0,16.0,16.0,32.0,32.0,0.0,1.0,16.0,17.0,15.0,0.0,0.0,1.0,1.0,32.0,32.0,1.0,1.0,0.0,0.0,0.0,32.0,95.0,19.0,,0.0,15.0,2.0,3.0,2.9375,16.0,16.0,1.0,0.0,0.0,0.0,0.0,0.0,15.0,1.0,,,0.0,0.0,0.0,0.0,15.0,0.0,1.0,16.0,0.0,0.0,0.0,0.0,0.0,0.0,0.0,,,,,,,,,,,,,
ghz,16,qiskitaer,matrix_product_state,CPU,sync,2,2,6630.825757980347,16.0,17.0,16.0,16.0,32.0,32.0,0.0,1.0,16.0,17.0,15.0,0.0,0.0,1.0,1.0,32.0,32.0,1.0,1.0,0.0,0.0,0.0,32.0,95.0,19.0,,0.0,15.0,2.0,3.0,2.9375,16.0,16.0,1.0,0.0,0.0,0.0,0.0,0.0,15.0,1.0,,,0.0,0.0,0.0,0.0,15.0,0.0,1.0,16.0,0.0,0.0,0.0,0.0,0.0,0.0,0.0,,,,,,,,,,,,,
ghz,16,qiskitaer,matrix_product_state,CPU,sync,2,2,7036.4439487457275,16.0,17.0,16.0,16.0,32.0,32.0,0.0,1.0,16.0,17.0,15.0,0.0,0.0,1.0,1.0,32.0,32.0,1.0,1.0,0.0,0.0,0.0,32.0,95.0,19.0,,0.0,15.0,2.0,3.0,2.9375,16.0,16.0,1.0,0.0,0.0,0.0,0.0,0.0,15.0,1.0,,,0.0,0.0,0.0,0.0,15.0,0.0,1.0,16.0,0.0,0.0,0.0,0.0,0.0,0.0,0.0,,,,,,,,,,,,,
ghz,16,qiskitaer,matrix_product_state,CPU,sync,2,2,6023.991107940674,16.0,17.0,16.0,16.0,32.0,32.0,0.0,1.0,16.0,17.0,15.0,0.0,0.0,1.0,1.0,32.0,32.0,1.0,1.0,0.0,0.0,0.0,32.0,95.0,19.0,,0.0,15.0,2.0,3.0,2.9375,16.0,16.0,1.0,0.0,0.0,0.0,0.0,0.0,15.0,1.0,,,0.0,0.0,0.0,0.0,15.0,0.0,1.0,16.0,0.0,0.0,0.0,0.0,0.0,0.0,0.0,,,,,,,,,,,,,
ghz,16,qiskitaer,matrix_product_state,CPU,sync,2,2,6630.825757980347,16.0,17.0,16.0,16.0,32.0,32.0,0.0,1.0,16.0,17.0,15.0,0.0,0.0,1.0,1.0,32.0,32.0,1.0,1.0,0.0,0.0,0.0,32.0,95.0,19.0,,0.0,15.0,2.0,3.0,2.9375,16.0,16.0,1.0,0.0,0.0,0.0,0.0,0.0,15.0,1.0,,,0.0,0.0,0.0,0.0,15.0,0.0,1.0,16.0,0.0,0.0,0.0,0.0,0.0,0.0,0.0,,,,,,,,,,,,,
ghz,16,qiskitaer,automatic,CPU,sync,2,2,7136.906623840332,16.0,17.0,16.0,16.0,32.0,32.0,0.0,1.0,16.0,17.0,15.0,0.0,0.0,1.0,1.0,32.0,32.0,1.0,1.0,0.0,0.0,0.0,32.0,95.0,19.0,,0.0,15.0,2.0,3.0,2.9375,16.0,16.0,1.0,0.0,0.0,0.0,0.0,0.0,15.0,1.0,,,0.0,0.0,0.0,0.0,15.0,0.0,1.0,16.0,0.0,0.0,0.0,0.0,0.0,0.0,0.0,,,,,,,,,,,,,
ghz,16,qiskitaer,automatic,CPU,sync,2,2,6581.933498382568,16.0,17.0,16.0,16.0,32.0,32.0,0.0,1.0,16.0,17.0,15.0,0.0,0.0,1.0,1.0,32.0,32.0,1.0,1.0,0.0,0.0,0.0,32.0,95.0,19.0,,0.0,15.0,2.0,3.0,2.9375,16.0,16.0,1.0,0.0,0.0,0.0,0.0,0.0,15.0,1.0,,,0.0,0.0,0.0,0.0,15.0,0.0,1.0,16.0,0.0,0.0,0.0,0.0,0.0,0.0,0.0,,,,,,,,,,,,,
ghz,16,qiskitaer,automatic,CPU,sync,2,2,6169.005393981934,16.0,17.0,16.0,16.0,32.0,32.0,0.0,1.0,16.0,17.0,15.0,0.0,0.0,1.0,1.0,32.0,32.0,1.0,1.0,0.0,0.0,0.0,32.0,95.0,19.0,,0.0,15.0,2.0,3.0,2.9375,16.0,16.0,1.0,0.0,0.0,0.0,0.0,0.0,15.0,1.0,,,0.0,0.0,0.0,0.0,15.0,0.0,1.0,16.0,0.0,0.0,0.0,0.0,0.0,0.0,0.0,,,,,,,,,,,,,
ghz,16,qiskitaer,automatic,CPU,sync,2,2,7136.906623840332,16.0,17.0,16.0,16.0,32.0,32.0,0.0,1.0,16.0,17.0,15.0,0.0,0.0,1.0,1.0,32.0,32.0,1.0,1.0,0.0,0.0,0.0,32.0,95.0,19.0,,0.0,15.0,2.0,3.0,2.9375,16.0,16.0,1.0,0.0,0.0,0.0,0.0,0.0,15.0,1.0,,,0.0,0.0,0.0,0.0,15.0,0.0,1.0,16.0,0.0,0.0,0.0,0.0,0.0,0.0,0.0,,,,,,,,,,,,,
ghz,16,qiskitaer,automatic,CPU,sync,2,2,6581.933498382568,16.0,17.0,16.0,16.0,32.0,32.0,0.0,1.0,16.0,17.0,15.0,0.0,0.0,1.0,1.0,32.0,32.0,1.0,1.0,0.0,0.0,0.0,32.0,95.0,19.0,,0.0,15.0,2.0,3.0,2.9375,16.0,16.0,1.0,0.0,0.0,0.0,0.0,0.0,15.0,1.0,,,0.0,0.0,0.0,0.0,15.0,0.0,1.0,16.0,0.0,0.0,0.0,0.0,0.0,0.0,0.0,,,,,,,,,,,,,
ghz,16,qiskitaer,automatic,CPU,sync,2,2,6169.005393981934,16.0,17.0,16.0,16.0,32.0,32.0,0.0,1.0,16.0,17.0,15.0,0.0,0.0,1.0,1.0,32.0,32.0,1.0,1.0,0.0,0.0,0.0,32.0,95.0,19.0,,0.0,15.0,2.0,3.0,2.9375,16.0,16.0,1.0,0.0,0.0,0.0,0.0,0.0,15.0,1.0,,,0.0,0.0,0.0,0.0,15.0,0.0,1.0,16.0,0.0,0.0,0.0,0.0,0.0,0.0,0.0,,,,,,,,,,,,,
ghz,16,qiskitaer,automatic,CPU,sync,1,4,7300.956726074219,16.0,17.0,16.0,16.0,32.0,32.0,0.0,1.0,16.0,17.0,15.0,0.0,0.0,1.0,1.0,32.0,32.0,1.0,1.0,0.0,0.0,0.0,32.0,95.0,19.0,,0.0,15.0,2.0,3.0,2.9375,16.0,16.0,1.0,0.0,0.0,0.0,0.0,0.0,15.0,1.0,,,0.0,0.0,0.0,0.0,15.0,0.0,1.0,16.0,0.0,0.0,0.0,0.0,0.0,0.0,0.0,,,,,,,,,,,,,
ghz,16,qiskitaer,automatic,CPU,sync,1,4,6425.843954086304,16.0,17.0,16.0,16.0,32.0,32.0,0.0,1.0,16.0,17.0,15.0,0.0,0.0,1.0,1.0,32.0,32.0,1.0,1.0,0.0,0.0,0.0,32.0,95.0,19.0,,0.0,15.0,2.0,3.0,2.9375,16.0,16.0,1.0,0.0,0.0,0.0,0.0,0.0,15.0,1.0,,,0.0,0.0,0.0,0.0,15.0,0.0,1.0,16.0,0.0,0.0,0.0,0.0,0.0,0.0,0.0,,,,,,,,,,,,,
ghz,16,qiskitaer,automatic,CPU,sync,1,4,6759.956836700439,16.0,17.0,16.0,16.0,32.0,32.0,0.0,1.0,16.0,17.0,15.0,0.0,0.0,1.0,1.0,32.0,32.0,1.0,1.0,0.0,0.0,0.0,32.0,95.0,19.0,,0.0,15.0,2.0,3.0,2.9375,16.0,16.0,1.0,0.0,0.0,0.0,0.0,0.0,15.0,1.0,,,0.0,0.0,0.0,0.0,15.0,0.0,1.0,16.0,0.0,0.0,0.0,0.0,0.0,0.0,0.0,,,,,,,,,,,,,
ghz,16,qiskitaer,automatic,CPU,sync,1,4,7300.956726074219,16.0,17.0,16.0,16.0,32.0,32.0,0.0,1.0,16.0,17.0,15.0,0.0,0.0,1.0,1.0,32.0,32.0,1.0,1.0,0.0,0.0,0.0,32.0,95.0,19.0,,0.0,15.0,2.0,3.0,2.9375,16.0,16.0,1.0,0.0,0.0,0.0,0.0,0.0,15.0,1.0,,,0.0,0.0,0.0,0.0,15.0,0.0,1.0,16.0,0.0,0.0,0.0,0.0,0.0,0.0,0.0,,,,,,,,,,,,,
ghz,16,qiskitaer,automatic,CPU,sync,1,4,6425.843954086304,16.0,17.0,16.0,16.0,32.0,32.0,0.0,1.0,16.0,17.0,15.0,0.0,0.0,1.0,1.0,32.0,32.0,1.0,1.0,0.0,0.0,0.0,32.0,95.0,19.0,,0.0,15.0,2.0,3.0,2.9375,16.0,16.0,1.0,0.0,0.0,0.0,0.0,0.0,15.0,1.0,,,0.0,0.0,0.0,0.0,15.0,0.0,1.0,16.0,0.0,0.0,0.0,0.0,0.0,0.0,0.0,,,,,,,,,,,,,
ghz,16,qiskitaer,automatic,CPU,sync,1,4,6759.956836700439,16.0,17.0,16.0,16.0,32.0,32.0,0.0,1.0,16.0,17.0,15.0,0.0,0.0,1.0,1.0,32.0,32.0,1.0,1.0,0.0,0.0,0.0,32.0,95.0,19.0,,0.0,15.0,2.0,3.0,2.9375,16.0,16.0,1.0,0.0,0.0,0.0,0.0,0.0,15.0,1.0,,,0.0,0.0,0.0,0.0,15.0,0.0,1.0,16.0,0.0,0.0,0.0,0.0,0.0,0.0,0.0,,,,,,,,,,,,,
ghz,16,ionq,simulator,CPU,sync,1,4,2121.504306793213,16.0,17.0,16.0,16.0,32.0,32.0,0.0,1.0,16.0,17.0,15.0,0.0,0.0,1.0,1.0,32.0,32.0,1.0,1.0,0.0,0.0,0.0,32.0,95.0,19.0,,0.0,15.0,2.0,3.0,2.9375,16.0,16.0,1.0,0.0,0.0,0.0,0.0,0.0,15.0,1.0,,,0.0,0.0,0.0,0.0,15.0,0.0,1.0,16.0,0.0,0.0,0.0,0.0,0.0,0.0,0.0,,,,,,,,,,,,,
ghz,16,ionq,simulator,CPU,sync,1,4,2137.568473815918,16.0,17.0,16.0,16.0,32.0,32.0,0.0,1.0,16.0,17.0,15.0,0.0,0.0,1.0,1.0,32.0,32.0,1.0,1.0,0.0,0.0,0.0,32.0,95.0,19.0,,0.0,15.0,2.0,3.0,2.9375,16.0,16.0,1.0,0.0,0.0,0.0,0.0,0.0,15.0,1.0,,,0.0,0.0,0.0,0.0,15.0,0.0,1.0,16.0,0.0,0.0,0.0,0.0,0.0,0.0,0.0,,,,,,,,,,,,,
ghz,16,ionq,simulator,CPU,sync,1,4,2110.466718673706,16.0,17.0,16.0,16.0,32.0,32.0,0.0,1.0,16.0,17.0,15.0,0.0,0.0,1.0,1.0,32.0,32.0,1.0,1.0,0.0,0.0,0.0,32.0,95.0,19.0,,0.0,15.0,2.0,3.0,2.9375,16.0,16.0,1.0,0.0,0.0,0.0,0.0,0.0,15.0,1.0,,,0.0,0.0,0.0,0.0,15.0,0.0,1.0,16.0,0.0,0.0,0.0,0.0,0.0,0.0,0.0,,,,,,,,,,,,,
ghz,16,ionq,simulator,CPU,sync,1,4,2121.504306793213,16.0,17.0,16.0,16.0,32.0,32.0,0.0,1.0,16.0,17.0,15.0,0.0,0.0,1.0,1.0,32.0,32.0,1.0,1.0,0.0,0.0,0.0,32.0,95.0,19.0,,0.0,15.0,2.0,3.0,2.9375,16.0,16.0,1.0,0.0,0.0,0.0,0.0,0.0,15.0,1.0,,,0.0,0.0,0.0,0.0,15.0,0.0,1.0,16.0,0.0,0.0,0.0,0.0,0.0,0.0,0.0,,,,,,,,,,,,,
ghz,16,ionq,simulator,CPU,sync,1,4,2137.568473815918,16.0,17.0,16.0,16.0,32.0,32.0,0.0,1.0,16.0,17.0,15.0,0.0,0.0,1.0,1.0,32.0,32.0,1.0,1.0,0.0,0.0,0.0,32.0,95.0,19.0,,0.0,15.0,2.0,3.0,2.9375,16.0,16.0,1.0,0.0,0.0,0.0,0.0,0.0,15.0,1.0,,,0.0,0.0,0.0,0.0,15.0,0.0,1.0,16.0,0.0,0.0,0.0,0.0,0.0,0.0,0.0,,,,,,,,,,,,,
ghz,16,ionq,simulator,CPU,sync,1,4,2110.466718673706,16.0,17.0,16.0,16.0,32.0,32.0,0.0,1.0,16.0,17.0,15.0,0.0,0.0,1.0,1.0,32.0,32.0,1.0,1.0,0.0,0.0,0.0,32.0,95.0,19.0,,0.0,15.0,2.0,3.0,2.9375,16.0,16.0,1.0,0.0,0.0,0.0,0.0,0.0,15.0,1.0,,,0.0,0.0,0.0,0.0,15.0,0.0,1.0,16.0,0.0,0.0,0.0,0.0,0.0,0.0,0.0,,,,,,,,,,,,,
ghz,16,ionq,simulator,CPU,sync,1,8,2215.2485847473145,16.0,17.0,16.0,16.0,32.0,32.0,0.0,1.0,16.0,17.0,15.0,0.0,0.0,1.0,1.0,32.0,32.0,1.0,1.0,0.0,0.0,0.0,32.0,95.0,19.0,,0.0,15.0,2.0,3.0,2.9375,16.0,16.0,1.0,0.0,0.0,0.0,0.0,0.0,15.0,1.0,,,0.0,0.0,0.0,0.0,15.0,0.0,1.0,16.0,0.0,0.0,0.0,0.0,0.0,0.0,0.0,,,,,,,,,,,,,
ghz,16,nwqsim,MPI,CPU,sync,1,4,638.4367942810059,16.0,17.0,16.0,16.0,32.0,32.0,0.0,1.0,16.0,17.0,15.0,0.0,0.0,1.0,1.0,32.0,32.0,1.0,1.0,0.0,0.0,0.0,32.0,95.0,19.0,,0.0,15.0,2.0,3.0,2.9375,16.0,16.0,1.0,0.0,0.0,0.0,0.0,0.0,15.0,1.0,,,0.0,0.0,0.0,0.0,15.0,0.0,1.0,16.0,0.0,0.0,0.0,0.0,0.0,0.0,0.0,,,,,,,,,,,,,
ghz,16,nwqsim,MPI,CPU,sync,1,4,426.8040657043457,16.0,17.0,16.0,16.0,32.0,32.0,0.0,1.0,16.0,17.0,15.0,0.0,0.0,1.0,1.0,32.0,32.0,1.0,1.0,0.0,0.0,0.0,32.0,95.0,19.0,,0.0,15.0,2.0,3.0,2.9375,16.0,16.0,1.0,0.0,0.0,0.0,0.0,0.0,15.0,1.0,,,0.0,0.0,0.0,0.0,15.0,0.0,1.0,16.0,0.0,0.0,0.0,0.0,0.0,0.0,0.0,,,,,,,,,,,,,
ghz,16,nwqsim,MPI,CPU,sync,1,4,389.6055221557617,16.0,17.0,16.0,16.0,32.0,32.0,0.0,1.0,16.0,17.0,15.0,0.0,0.0,1.0,1.0,32.0,32.0,1.0,1.0,0.0,0.0,0.0,32.0,95.0,19.0,,0.0,15.0,2.0,3.0,2.9375,16.0,16.0,1.0,0.0,0.0,0.0,0.0,0.0,15.0,1.0,,,0.0,0.0,0.0,0.0,15.0,0.0,1.0,16.0,0.0,0.0,0.0,0.0,0.0,0.0,0.0,,,,,,,,,,,,,
ghz,16,nwqsim,MPI,CPU,sync,1,4,638.4367942810059,16.0,17.0,16.0,16.0,32.0,32.0,0.0,1.0,16.0,17.0,15.0,0.0,0.0,1.0,1.0,32.0,32.0,1.0,1.0,0.0,0.0,0.0,32.0,95.0,19.0,,0.0,15.0,2.0,3.0,2.9375,16.0,16.0,1.0,0.0,0.0,0.0,0.0,0.0,15.0,1.0,,,0.0,0.0,0.0,0.0,15.0,0.0,1.0,16.0,0.0,0.0,0.0,0.0,0.0,0.0,0.0,,,,,,,,,,,,,
ghz,16,nwqsim,MPI,CPU,sync,1,4,426.8040657043457,16.0,17.0,16.0,16.0,32.0,32.0,0.0,1.0,16.0,17.0,15.0,0.0,0.0,1.0,1.0,32.0,32.0,1.0,1.0,0.0,0.0,0.0,32.0,95.0,19.0,,0.0,15.0,2.0,3.0,2.9375,16.0,16.0,1.0,0.0,0.0,0.0,0.0,0.0,15.0,1.0,,,0.0,0.0,0.0,0.0,15.0,0.0,1.0,16.0,0.0,0.0,0.0,0.0,0.0,0.0,0.0,,,,,,,,,,,,,
ghz,16,nwqsim,MPI,CPU,sync,1,4,389.6055221557617,16.0,17.0,16.0,16.0,32.0,32.0,0.0,1.0,16.0,17.0,15.0,0.0,0.0,1.0,1.0,32.0,32.0,1.0,1.0,0.0,0.0,0.0,32.0,95.0,19.0,,0.0,15.0,2.0,3.0,2.9375,16.0,16.0,1.0,0.0,0.0,0.0,0.0,0.0,15.0,1.0,,,0.0,0.0,0.0,0.0,15.0,0.0,1.0,16.0,0.0,0.0,0.0,0.0,0.0,0.0,0.0,,,,,,,,,,,,,
ghz,16,nwqsim,MPI,CPU,sync,1,4,5174.3879318237305,16.0,17.0,16.0,16.0,32.0,32.0,0.0,1.0,16.0,17.0,15.0,0.0,0.0,1.0,1.0,32.0,32.0,1.0,1.0,0.0,0.0,0.0,32.0,95.0,19.0,,0.0,15.0,2.0,3.0,2.9375,16.0,16.0,1.0,0.0,0.0,0.0,0.0,0.0,15.0,1.0,,,0.0,0.0,0.0,0.0,15.0,0.0,1.0,16.0,0.0,0.0,0.0,0.0,0.0,0.0,0.0,,,,,,,,,,,,,
ghz,16,nwqsim,MPI,CPU,sync,1,4,5177.353382110596,16.0,17.0,16.0,16.0,32.0,32.0,0.0,1.0,16.0,17.0,15.0,0.0,0.0,1.0,1.0,32.0,32.0,1.0,1.0,0.0,0.0,0.0,32.0,95.0,19.0,,0.0,15.0,2.0,3.0,2.9375,16.0,16.0,1.0,0.0,0.0,0.0,0.0,0.0,15.0,1.0,,,0.0,0.0,0.0,0.0,15.0,0.0,1.0,16.0,0.0,0.0,0.0,0.0,0.0,0.0,0.0,,,,,,,,,,,,,
ghz,16,nwqsim,MPI,CPU,sync,1,4,5176.02801322937,16.0,17.0,16.0,16.0,32.0,32.0,0.0,1.0,16.0,17.0,15.0,0.0,0.0,1.0,1.0,32.0,32.0,1.0,1.0,0.0,0.0,0.0,32.0,95.0,19.0,,0.0,15.0,2.0,3.0,2.9375,16.0,16.0,1.0,0.0,0.0,0.0,0.0,0.0,15.0,1.0,,,0.0,0.0,0.0,0.0,15.0,0.0,1.0,16.0,0.0,0.0,0.0,0.0,0.0,0.0,0.0,,,,,,,,,,,,,
ghz,16,nwqsim,MPI,CPU,sync,1,4,5174.053430557251,16.0,17.0,16.0,16.0,32.0,32.0,0.0,1.0,16.0,17.0,15.0,0.0,0.0,1.0,1.0,32.0,32.0,1.0,1.0,0.0,0.0,0.0,32.0,95.0,19.0,,0.0,15.0,2.0,3.0,2.9375,16.0,16.0,1.0,0.0,0.0,0.0,0.0,0.0,15.0,1.0,,,0.0,0.0,0.0,0.0,15.0,0.0,1.0,16.0,0.0,0.0,0.0,0.0,0.0,0.0,0.0,,,,,,,,,,,,,
ghz,16,nwqsim,MPI,CPU,sync,1,4,5172.66583442688,16.0,17.0,16.0,16.0,32.0,32.0,0.0,1.0,16.0,17.0,15.0,0.0,0.0,1.0,1.0,32.0,32.0,1.0,1.0,0.0,0.0,0.0,32.0,95.0,19.0,,0.0,15.0,2.0,3.0,2.9375,16.0,16.0,1.0,0.0,0.0,0.0,0.0,0.0,15.0,1.0,,,0.0,0.0,0.0,0.0,15.0,0.0,1.0,16.0,0.0,0.0,0.0,0.0,0.0,0.0,0.0,,,,,,,,,,,,,
ghz,16,nwqsim,MPI,CPU,sync,1,4,5181.779623031616,16.0,17.0,16.0,16.0,32.0,32.0,0.0,1.0,16.0,17.0,15.0,0.0,0.0,1.0,1.0,32.0,32.0,1.0,1.0,0.0,0.0,0.0,32.0,95.0,19.0,,0.0,15.0,2.0,3.0,2.9375,16.0,16.0,1.0,0.0,0.0,0.0,0.0,0.0,15.0,1.0,,,0.0,0.0,0.0,0.0,15.0,0.0,1.0,16.0,0.0,0.0,0.0,0.0,0.0,0.0,0.0,,,,,,,,,,,,,
ghz,16,nwqsim,MPI,CPU,sync,1,4,5175.808668136597,16.0,17.0,16.0,16.0,32.0,32.0,0.0,1.0,16.0,17.0,15.0,0.0,0.0,1.0,1.0,32.0,32.0,1.0,1.0,0.0,0.0,0.0,32.0,95.0,19.0,,0.0,15.0,2.0,3.0,2.9375,16.0,16.0,1.0,0.0,0.0,0.0,0.0,0.0,15.0,1.0,,,0.0,0.0,0.0,0.0,15.0,0.0,1.0,16.0,0.0,0.0,0.0,0.0,0.0,0.0,0.0,,,,,,,,,,,,,
ghz,16,nwqsim,MPI,CPU,sync,1,4,5175.908803939819,16.0,17.0,16.0,16.0,32.0,32.0,0.0,1.0,16.0,17.0,15.0,0.0,0.0,1.0,1.0,32.0,32.0,1.0,1.0,0.0,0.0,0.0,32.0,95.0,19.0,,0.0,15.0,2.0,3.0,2.9375,16.0,16.0,1.0,0.0,0.0,0.0,0.0,0.0,15.0,1.0,,,0.0,0.0,0.0,0.0,15.0,0.0,1.0,16.0,0.0,0.0,0.0,0.0,0.0,0.0,0.0,,,,,,,,,,,,,
ghz,16,nwqsim,MPI,CPU,sync,1,4,5174.660205841064,16.0,17.0,16.0,16.0,32.0,32.0,0.0,1.0,16.0,17.0,15.0,0.0,0.0,1.0,1.0,32.0,32.0,1.0,1.0,0.0,0.0,0.0,32.0,95.0,19.0,,0.0,15.0,2.0,3.0,2.9375,16.0,16.0,1.0,0.0,0.0,0.0,0.0,0.0,15.0,1.0,,,0.0,0.0,0.0,0.0,15.0,0.0,1.0,16.0,0.0,0.0,0.0,0.0,0.0,0.0,0.0,,,,,,,,,,,,,
ghz,16,nwqsim,MPI,CPU,sync,1,4,5178.895473480225,16.0,17.0,16.0,16.0,32.0,32.0,0.0,1.0,16.0,17.0,15.0,0.0,0.0,1.0,1.0,32.0,32.0,1.0,1.0,0.0,0.0,0.0,32.0,95.0,19.0,,0.0,15.0,2.0,3.0,2.9375,16.0,16.0,1.0,0.0,0.0,0.0,0.0,0.0,15.0,1.0,,,0.0,0.0,0.0,0.0,15.0,0.0,1.0,16.0,0.0,0.0,0.0,0.0,0.0,0.0,0.0,,,,,,,,,,,,,
ghz,16,nwqsim,MPI,CPU,sync,1,8,1219.9883460998535,16.0,17.0,16.0,16.0,32.0,32.0,0.0,1.0,16.0,17.0,15.0,0.0,0.0,1.0,1.0,32.0,32.0,1.0,1.0,0.0,0.0,0.0,32.0,95.0,19.0,,0.0,15.0,2.0,3.0,2.9375,16.0,16.0,1.0,0.0,0.0,0.0,0.0,0.0,15.0,1.0,,,0.0,0.0,0.0,0.0,15.0,0.0,1.0,16.0,0.0,0.0,0.0,0.0,0.0,0.0,0.0,,,,,,,,,,,,,
ghz,16,nwqsim,MPI,CPU,sync,1,1,5200.139284133911,16.0,17.0,16.0,16.0,32.0,32.0,0.0,1.0,16.0,17.0,15.0,0.0,0.0,1.0,1.0,32.0,32.0,1.0,1.0,0.0,0.0,0.0,32.0,95.0,19.0,,0.0,15.0,2.0,3.0,2.9375,16.0,16.0,1.0,0.0,0.0,0.0,0.0,0.0,15.0,1.0,,,0.0,0.0,0.0,0.0,15.0,0.0,1.0,16.0,0.0,0.0,0.0,0.0,0.0,0.0,0.0,,,,,,,,,,,,,
ghz,16,nwqsim,MPI,CPU,sync,1,1,5180.740118026733,16.0,17.0,16.0,16.0,32.0,32.0,0.0,1.0,16.0,17.0,15.0,0.0,0.0,1.0,1.0,32.0,32.0,1.0,1.0,0.0,0.0,0.0,32.0,95.0,19.0,,0.0,15.0,2.0,3.0,2.9375,16.0,16.0,1.0,0.0,0.0,0.0,0.0,0.0,15.0,1.0,,,0.0,0.0,0.0,0.0,15.0,0.0,1.0,16.0,0.0,0.0,0.0,0.0,0.0,0.0,0.0,,,,,,,,,,,,,
ghz,16,nwqsim,MPI,CPU,sync,1,1,5174.2260456085205,16.0,17.0,16.0,16.0,32.0,32.0,0.0,1.0,16.0,17.0,15.0,0.0,0.0,1.0,1.0,32.0,32.0,1.0,1.0,0.0,0.0,0.0,32.0,95.0,19.0,,0.0,15.0,2.0,3.0,2.9375,16.0,16.0,1.0,0.0,0.0,0.0,0.0,0.0,15.0,1.0,,,0.0,0.0,0.0,0.0,15.0,0.0,1.0,16.0,0.0,0.0,0.0,0.0,0.0,0.0,0.0,,,,,,,,,,,,,
ghz,16,nwqsim,MPI,CPU,sync,1,1,5178.945302963257,16.0,17.0,16.0,16.0,32.0,32.0,0.0,1.0,16.0,17.0,15.0,0.0,0.0,1.0,1.0,32.0,32.0,1.0,1.0,0.0,0.0,0.0,32.0,95.0,19.0,,0.0,15.0,2.0,3.0,2.9375,16.0,16.0,1.0,0.0,0.0,0.0,0.0,0.0,15.0,1.0,,,0.0,0.0,0.0,0.0,15.0,0.0,1.0,16.0,0.0,0.0,0.0,0.0,0.0,0.0,0.0,,,,,,,,,,,,,
ghz,16,nwqsim,MPI,CPU,sync,1,1,5174.555063247681,16.0,17.0,16.0,16.0,32.0,32.0,0.0,1.0,16.0,17.0,15.0,0.0,0.0,1.0,1.0,32.0,32.0,1.0,1.0,0.0,0.0,0.0,32.0,95.0,19.0,,0.0,15.0,2.0,3.0,2.9375,16.0,16.0,1.0,0.0,0.0,0.0,0.0,0.0,15.0,1.0,,,0.0,0.0,0.0,0.0,15.0,0.0,1.0,16.0,0.0,0.0,0.0,0.0,0.0,0.0,0.0,,,,,,,,,,,,,
ghz,16,nwqsim,MPI,CPU,sync,1,1,5177.075386047363,16.0,17.0,16.0,16.0,32.0,32.0,0.0,1.0,16.0,17.0,15.0,0.0,0.0,1.0,1.0,32.0,32.0,1.0,1.0,0.0,0.0,0.0,32.0,95.0,19.0,,0.0,15.0,2.0,3.0,2.9375,16.0,16.0,1.0,0.0,0.0,0.0,0.0,0.0,15.0,1.0,,,0.0,0.0,0.0,0.0,15.0,0.0,1.0,16.0,0.0,0.0,0.0,0.0,0.0,0.0,0.0,,,,,,,,,,,,,
ghz,16,nwqsim,MPI,CPU,sync,1,1,5173.487901687622,16.0,17.0,16.0,16.0,32.0,32.0,0.0,1.0,16.0,17.0,15.0,0.0,0.0,1.0,1.0,32.0,32.0,1.0,1.0,0.0,0.0,0.0,32.0,95.0,19.0,,0.0,15.0,2.0,3.0,2.9375,16.0,16.0,1.0,0.0,0.0,0.0,0.0,0.0,15.0,1.0,,,0.0,0.0,0.0,0.0,15.0,0.0,1.0,16.0,0.0,0.0,0.0,0.0,0.0,0.0,0.0,,,,,,,,,,,,,
ghz,16,nwqsim,MPI,CPU,sync,1,1,5181.311845779419,16.0,17.0,16.0,16.0,32.0,32.0,0.0,1.0,16.0,17.0,15.0,0.0,0.0,1.0,1.0,32.0,32.0,1.0,1.0,0.0,0.0,0.0,32.0,95.0,19.0,,0.0,15.0,2.0,3.0,2.9375,16.0,16.0,1.0,0.0,0.0,0.0,0.0,0.0,15.0,1.0,,,0.0,0.0,0.0,0.0,15.0,0.0,1.0,16.0,0.0,0.0,0.0,0.0,0.0,0.0,0.0,,,,,,,,,,,,,
ghz,16,nwqsim,MPI,CPU,sync,1,1,5181.461334228516,16.0,17.0,16.0,16.0,32.0,32.0,0.0,1.0,16.0,17.0,15.0,0.0,0.0,1.0,1.0,32.0,32.0,1.0,1.0,0.0,0.0,0.0,32.0,95.0,19.0,,0.0,15.0,2.0,3.0,2.9375,16.0,16.0,1.0,0.0,0.0,0.0,0.0,0.0,15.0,1.0,,,0.0,0.0,0.0,0.0,15.0,0.0,1.0,16.0,0.0,0.0,0.0,0.0,0.0,0.0,0.0,,,,,,,,,,,,,
ghz,16,nwqsim,MPI,CPU,sync,1,1,5175.891637802124,16.0,17.0,16.0,16.0,32.0,32.0,0.0,1.0,16.0,17.0,15.0,0.0,0.0,1.0,1.0,32.0,32.0,1.0,1.0,0.0,0.0,0.0,32.0,95.0,19.0,,0.0,15.0,2.0,3.0,2.9375,16.0,16.0,1.0,0.0,0.0,0.0,0.0,0.0,15.0,1.0,,,0.0,0.0,0.0,0.0,15.0,0.0,1.0,16.0,0.0,0.0,0.0,0.0,0.0,0.0,0.0,,,,,,,,,,,,,
ghz,16,nwqsim,MPI,CPU,sync,1,1,2040.3335094451904,16.0,17.0,16.0,16.0,32.0,32.0,0.0,1.0,16.0,17.0,15.0,0.0,0.0,1.0,1.0,32.0,32.0,1.0,1.0,0.0,0.0,0.0,32.0,95.0,19.0,,0.0,15.0,2.0,3.0,2.9375,16.0,16.0,1.0,0.0,0.0,0.0,0.0,0.0,15.0,1.0,,,0.0,0.0,0.0,0.0,15.0,0.0,1.0,16.0,0.0,0.0,0.0,0.0,0.0,0.0,0.0,,,,,,,,,,,,,
ghz,16,nwqsim,MPI,CPU,sync,1,2,5187.201499938965,16.0,17.0,16.0,16.0,32.0,32.0,0.0,1.0,16.0,17.0,15.0,0.0,0.0,1.0,1.0,32.0,32.0,1.0,1.0,0.0,0.0,0.0,32.0,95.0,19.0,,0.0,15.0,2.0,3.0,2.9375,16.0,16.0,1.0,0.0,0.0,0.0,0.0,0.0,15.0,1.0,,,0.0,0.0,0.0,0.0,15.0,0.0,1.0,16.0,0.0,0.0,0.0,0.0,0.0,0.0,0.0,,,,,,,,,,,,,
ghz,16,nwqsim,MPI,CPU,sync,1,2,5198.3959674835205,16.0,17.0,16.0,16.0,32.0,32.0,0.0,1.0,16.0,17.0,15.0,0.0,0.0,1.0,1.0,32.0,32.0,1.0,1.0,0.0,0.0,0.0,32.0,95.0,19.0,,0.0,15.0,2.0,3.0,2.9375,16.0,16.0,1.0,0.0,0.0,0.0,0.0,0.0,15.0,1.0,,,0.0,0.0,0.0,0.0,15.0,0.0,1.0,16.0,0.0,0.0,0.0,0.0,0.0,0.0,0.0,,,,,,,,,,,,,
ghz,16,nwqsim,MPI,CPU,sync,1,2,5182.647466659546,16.0,17.0,16.0,16.0,32.0,32.0,0.0,1.0,16.0,17.0,15.0,0.0,0.0,1.0,1.0,32.0,32.0,1.0,1.0,0.0,0.0,0.0,32.0,95.0,19.0,,0.0,15.0,2.0,3.0,2.9375,16.0,16.0,1.0,0.0,0.0,0.0,0.0,0.0,15.0,1.0,,,0.0,0.0,0.0,0.0,15.0,0.0,1.0,16.0,0.0,0.0,0.0,0.0,0.0,0.0,0.0,,,,,,,,,,,,,
ghz,16,nwqsim,MPI,CPU,sync,1,2,5183.50625038147,16.0,17.0,16.0,16.0,32.0,32.0,0.0,1.0,16.0,17.0,15.0,0.0,0.0,1.0,1.0,32.0,32.0,1.0,1.0,0.0,0.0,0.0,32.0,95.0,19.0,,0.0,15.0,2.0,3.0,2.9375,16.0,16.0,1.0,0.0,0.0,0.0,0.0,0.0,15.0,1.0,,,0.0,0.0,0.0,0.0,15.0,0.0,1.0,16.0,0.0,0.0,0.0,0.0,0.0,0.0,0.0,,,,,,,,,,,,,
ghz,16,nwqsim,MPI,CPU,sync,1,2,5186.062812805176,16.0,17.0,16.0,16.0,32.0,32.0,0.0,1.0,16.0,17.0,15.0,0.0,0.0,1.0,1.0,32.0,32.0,1.0,1.0,0.0,0.0,0.0,32.0,95.0,19.0,,0.0,15.0,2.0,3.0,2.9375,16.0,16.0,1.0,0.0,0.0,0.0,0.0,0.0,15.0,1.0,,,0.0,0.0,0.0,0.0,15.0,0.0,1.0,16.0,0.0,0.0,0.0,0.0,0.0,0.0,0.0,,,,,,,,,,,,,
ghz,16,nwqsim,MPI,CPU,sync,1,2,5176.644086837769,16.0,17.0,16.0,16.0,32.0,32.0,0.0,1.0,16.0,17.0,15.0,0.0,0.0,1.0,1.0,32.0,32.0,1.0,1.0,0.0,0.0,0.0,32.0,95.0,19.0,,0.0,15.0,2.0,3.0,2.9375,16.0,16.0,1.0,0.0,0.0,0.0,0.0,0.0,15.0,1.0,,,0.0,0.0,0.0,0.0,15.0,0.0,1.0,16.0,0.0,0.0,0.0,0.0,0.0,0.0,0.0,,,,,,,,,,,,,
ghz,16,nwqsim,MPI,CPU,sync,1,2,5179.844856262207,16.0,17.0,16.0,16.0,32.0,32.0,0.0,1.0,16.0,17.0,15.0,0.0,0.0,1.0,1.0,32.0,32.0,1.0,1.0,0.0,0.0,0.0,32.0,95.0,19.0,,0.0,15.0,2.0,3.0,2.9375,16.0,16.0,1.0,0.0,0.0,0.0,0.0,0.0,15.0,1.0,,,0.0,0.0,0.0,0.0,15.0,0.0,1.0,16.0,0.0,0.0,0.0,0.0,0.0,0.0,0.0,,,,,,,,,,,,,
ghz,16,nwqsim,MPI,CPU,sync,1,2,5187.4682903289795,16.0,17.0,16.0,16.0,32.0,32.0,0.0,1.0,16.0,17.0,15.0,0.0,0.0,1.0,1.0,32.0,32.0,1.0,1.0,0.0,0.0,0.0,32.0,95.0,19.0,,0.0,15.0,2.0,3.0,2.9375,16.0,16.0,1.0,0.0,0.0,0.0,0.0,0.0,15.0,1.0,,,0.0,0.0,0.0,0.0,15.0,0.0,1.0,16.0,0.0,0.0,0.0,0.0,0.0,0.0,0.0,,,,,,,,,,,,,
ghz,16,nwqsim,MPI,CPU,sync,1,2,5175.321817398071,16.0,17.0,16.0,16.0,32.0,32.0,0.0,1.0,16.0,17.0,15.0,0.0,0.0,1.0,1.0,32.0,32.0,1.0,1.0,0.0,0.0,0.0,32.0,95.0,19.0,,0.0,15.0,2.0,3.0,2.9375,16.0,16.0,1.0,0.0,0.0,0.0,0.0,0.0,15.0,1.0,,,0.0,0.0,0.0,0.0,15.0,0.0,1.0,16.0,0.0,0.0,0.0,0.0,0.0,0.0,0.0,,,,,,,,,,,,,
ghz,16,nwqsim,MPI,CPU,sync,1,2,5180.02986907959,16.0,17.0,16.0,16.0,32.0,32.0,0.0,1.0,16.0,17.0,15.0,0.0,0.0,1.0,1.0,32.0,32.0,1.0,1.0,0.0,0.0,0.0,32.0,95.0,19.0,,0.0,15.0,2.0,3.0,2.9375,16.0,16.0,1.0,0.0,0.0,0.0,0.0,0.0,15.0,1.0,,,0.0,0.0,0.0,0.0,15.0,0.0,1.0,16.0,0.0,0.0,0.0,0.0,0.0,0.0,0.0,,,,,,,,,,,,,
ghz,16,nwqsim,MPI,CPU,sync,2,2,641.1120891571045,16.0,17.0,16.0,16.0,32.0,32.0,0.0,1.0,16.0,17.0,15.0,0.0,0.0,1.0,1.0,32.0,32.0,1.0,1.0,0.0,0.0,0.0,32.0,95.0,19.0,,0.0,15.0,2.0,3.0,2.9375,16.0,16.0,1.0,0.0,0.0,0.0,0.0,0.0,15.0,1.0,,,0.0,0.0,0.0,0.0,15.0,0.0,1.0,16.0,0.0,0.0,0.0,0.0,0.0,0.0,0.0,,,,,,,,,,,,,
ghz,16,nwqsim,MPI,CPU,sync,2,2,425.2190589904785,16.0,17.0,16.0,16.0,32.0,32.0,0.0,1.0,16.0,17.0,15.0,0.0,0.0,1.0,1.0,32.0,32.0,1.0,1.0,0.0,0.0,0.0,32.0,95.0,19.0,,0.0,15.0,2.0,3.0,2.9375,16.0,16.0,1.0,0.0,0.0,0.0,0.0,0.0,15.0,1.0,,,0.0,0.0,0.0,0.0,15.0,0.0,1.0,16.0,0.0,0.0,0.0,0.0,0.0,0.0,0.0,,,,,,,,,,,,,
ghz,16,nwqsim,MPI,CPU,sync,2,2,359.9388599395752,16.0,17.0,16.0,16.0,32.0,32.0,0.0,1.0,16.0,17.0,15.0,0.0,0.0,1.0,1.0,32.0,32.0,1.0,1.0,0.0,0.0,0.0,32.0,95.0,19.0,,0.0,15.0,2.0,3.0,2.9375,16.0,16.0,1.0,0.0,0.0,0.0,0.0,0.0,15.0,1.0,,,0.0,0.0,0.0,0.0,15.0,0.0,1.0,16.0,0.0,0.0,0.0,0.0,0.0,0.0,0.0,,,,,,,,,,,,,
ghz,16,nwqsim,MPI,CPU,sync,2,2,641.1120891571045,16.0,17.0,16.0,16.0,32.0,32.0,0.0,1.0,16.0,17.0,15.0,0.0,0.0,1.0,1.0,32.0,32.0,1.0,1.0,0.0,0.0,0.0,32.0,95.0,19.0,,0.0,15.0,2.0,3.0,2.9375,16.0,16.0,1.0,0.0,0.0,0.0,0.0,0.0,15.0,1.0,,,0.0,0.0,0.0,0.0,15.0,0.0,1.0,16.0,0.0,0.0,0.0,0.0,0.0,0.0,0.0,,,,,,,,,,,,,
ghz,16,nwqsim,MPI,CPU,sync,2,2,425.2190589904785,16.0,17.0,16.0,16.0,32.0,32.0,0.0,1.0,16.0,17.0,15.0,0.0,0.0,1.0,1.0,32.0,32.0,1.0,1.0,0.0,0.0,0.0,32.0,95.0,19.0,,0.0,15.0,2.0,3.0,2.9375,16.0,16.0,1.0,0.0,0.0,0.0,0.0,0.0,15.0,1.0,,,0.0,0.0,0.0,0.0,15.0,0.0,1.0,16.0,0.0,0.0,0.0,0.0,0.0,0.0,0.0,,,,,,,,,,,,,
ghz,16,nwqsim,MPI,CPU,sync,2,2,359.9388599395752,16.0,17.0,16.0,16.0,32.0,32.0,0.0,1.0,16.0,17.0,15.0,0.0,0.0,1.0,1.0,32.0,32.0,1.0,1.0,0.0,0.0,0.0,32.0,95.0,19.0,,0.0,15.0,2.0,3.0,2.9375,16.0,16.0,1.0,0.0,0.0,0.0,0.0,0.0,15.0,1.0,,,0.0,0.0,0.0,0.0,15.0,0.0,1.0,16.0,0.0,0.0,0.0,0.0,0.0,0.0,0.0,,,,,,,,,,,,,
ghz,16,nwqsim,MPI,CPU,sync,2,2,5177.720785140991,16.0,17.0,16.0,16.0,32.0,32.0,0.0,1.0,16.0,17.0,15.0,0.0,0.0,1.0,1.0,32.0,32.0,1.0,1.0,0.0,0.0,0.0,32.0,95.0,19.0,,0.0,15.0,2.0,3.0,2.9375,16.0,16.0,1.0,0.0,0.0,0.0,0.0,0.0,15.0,1.0,,,0.0,0.0,0.0,0.0,15.0,0.0,1.0,16.0,0.0,0.0,0.0,0.0,0.0,0.0,0.0,,,,,,,,,,,,,
ghz,16,nwqsim,MPI,CPU,sync,2,2,5172.669172286987,16.0,17.0,16.0,16.0,32.0,32.0,0.0,1.0,16.0,17.0,15.0,0.0,0.0,1.0,1.0,32.0,32.0,1.0,1.0,0.0,0.0,0.0,32.0,95.0,19.0,,0.0,15.0,2.0,3.0,2.9375,16.0,16.0,1.0,0.0,0.0,0.0,0.0,0.0,15.0,1.0,,,0.0,0.0,0.0,0.0,15.0,0.0,1.0,16.0,0.0,0.0,0.0,0.0,0.0,0.0,0.0,,,,,,,,,,,,,
ghz,16,nwqsim,MPI,CPU,sync,2,2,5171.415328979492,16.0,17.0,16.0,16.0,32.0,32.0,0.0,1.0,16.0,17.0,15.0,0.0,0.0,1.0,1.0,32.0,32.0,1.0,1.0,0.0,0.0,0.0,32.0,95.0,19.0,,0.0,15.0,2.0,3.0,2.9375,16.0,16.0,1.0,0.0,0.0,0.0,0.0,0.0,15.0,1.0,,,0.0,0.0,0.0,0.0,15.0,0.0,1.0,16.0,0.0,0.0,0.0,0.0,0.0,0.0,0.0,,,,,,,,,,,,,
ghz,16,nwqsim,MPI,CPU,sync,2,2,5179.481506347656,16.0,17.0,16.0,16.0,32.0,32.0,0.0,1.0,16.0,17.0,15.0,0.0,0.0,1.0,1.0,32.0,32.0,1.0,1.0,0.0,0.0,0.0,32.0,95.0,19.0,,0.0,15.0,2.0,3.0,2.9375,16.0,16.0,1.0,0.0,0.0,0.0,0.0,0.0,15.0,1.0,,,0.0,0.0,0.0,0.0,15.0,0.0,1.0,16.0,0.0,0.0,0.0,0.0,0.0,0.0,0.0,,,,,,,,,,,,,
ghz,16,nwqsim,MPI,CPU,sync,2,2,5172.736406326294,16.0,17.0,16.0,16.0,32.0,32.0,0.0,1.0,16.0,17.0,15.0,0.0,0.0,1.0,1.0,32.0,32.0,1.0,1.0,0.0,0.0,0.0,32.0,95.0,19.0,,0.0,15.0,2.0,3.0,2.9375,16.0,16.0,1.0,0.0,0.0,0.0,0.0,0.0,15.0,1.0,,,0.0,0.0,0.0,0.0,15.0,0.0,1.0,16.0,0.0,0.0,0.0,0.0,0.0,0.0,0.0,,,,,,,,,,,,,
ghz,16,nwqsim,MPI,CPU,sync,2,1,5175.514221191406,16.0,17.0,16.0,16.0,32.0,32.0,0.0,1.0,16.0,17.0,15.0,0.0,0.0,1.0,1.0,32.0,32.0,1.0,1.0,0.0,0.0,0.0,32.0,95.0,19.0,,0.0,15.0,2.0,3.0,2.9375,16.0,16.0,1.0,0.0,0.0,0.0,0.0,0.0,15.0,1.0,,,0.0,0.0,0.0,0.0,15.0,0.0,1.0,16.0,0.0,0.0,0.0,0.0,0.0,0.0,0.0,,,,,,,,,,,,,
ghz,16,nwqsim,MPI,CPU,sync,2,1,5179.999351501465,16.0,17.0,16.0,16.0,32.0,32.0,0.0,1.0,16.0,17.0,15.0,0.0,0.0,1.0,1.0,32.0,32.0,1.0,1.0,0.0,0.0,0.0,32.0,95.0,19.0,,0.0,15.0,2.0,3.0,2.9375,16.0,16.0,1.0,0.0,0.0,0.0,0.0,0.0,15.0,1.0,,,0.0,0.0,0.0,0.0,15.0,0.0,1.0,16.0,0.0,0.0,0.0,0.0,0.0,0.0,0.0,,,,,,,,,,,,,
ghz,16,nwqsim,MPI,CPU,sync,2,1,5173.378944396973,16.0,17.0,16.0,16.0,32.0,32.0,0.0,1.0,16.0,17.0,15.0,0.0,0.0,1.0,1.0,32.0,32.0,1.0,1.0,0.0,0.0,0.0,32.0,95.0,19.0,,0.0,15.0,2.0,3.0,2.9375,16.0,16.0,1.0,0.0,0.0,0.0,0.0,0.0,15.0,1.0,,,0.0,0.0,0.0,0.0,15.0,0.0,1.0,16.0,0.0,0.0,0.0,0.0,0.0,0.0,0.0,,,,,,,,,,,,,
ghz,16,nwqsim,MPI,CPU,sync,2,1,5173.537731170654,16.0,17.0,16.0,16.0,32.0,32.0,0.0,1.0,16.0,17.0,15.0,0.0,0.0,1.0,1.0,32.0,32.0,1.0,1.0,0.0,0.0,0.0,32.0,95.0,19.0,,0.0,15.0,2.0,3.0,2.9375,16.0,16.0,1.0,0.0,0.0,0.0,0.0,0.0,15.0,1.0,,,0.0,0.0,0.0,0.0,15.0,0.0,1.0,16.0,0.0,0.0,0.0,0.0,0.0,0.0,0.0,,,,,,,,,,,,,
ghz,16,nwqsim,MPI,CPU,sync,2,1,5175.603866577148,16.0,17.0,16.0,16.0,32.0,32.0,0.0,1.0,16.0,17.0,15.0,0.0,0.0,1.0,1.0,32.0,32.0,1.0,1.0,0.0,0.0,0.0,32.0,95.0,19.0,,0.0,15.0,2.0,3.0,2.9375,16.0,16.0,1.0,0.0,0.0,0.0,0.0,0.0,15.0,1.0,,,0.0,0.0,0.0,0.0,15.0,0.0,1.0,16.0,0.0,0.0,0.0,0.0,0.0,0.0,0.0,,,,,,,,,,,,,
ghz,16,nwqsim,MPI,CPU,sync,2,1,5174.219369888306,16.0,17.0,16.0,16.0,32.0,32.0,0.0,1.0,16.0,17.0,15.0,0.0,0.0,1.0,1.0,32.0,32.0,1.0,1.0,0.0,0.0,0.0,32.0,95.0,19.0,,0.0,15.0,2.0,3.0,2.9375,16.0,16.0,1.0,0.0,0.0,0.0,0.0,0.0,15.0,1.0,,,0.0,0.0,0.0,0.0,15.0,0.0,1.0,16.0,0.0,0.0,0.0,0.0,0.0,0.0,0.0,,,,,,,,,,,,,
ghz,16,nwqsim,MPI,CPU,sync,2,1,5181.830167770386,16.0,17.0,16.0,16.0,32.0,32.0,0.0,1.0,16.0,17.0,15.0,0.0,0.0,1.0,1.0,32.0,32.0,1.0,1.0,0.0,0.0,0.0,32.0,95.0,19.0,,0.0,15.0,2.0,3.0,2.9375,16.0,16.0,1.0,0.0,0.0,0.0,0.0,0.0,15.0,1.0,,,0.0,0.0,0.0,0.0,15.0,0.0,1.0,16.0,0.0,0.0,0.0,0.0,0.0,0.0,0.0,,,,,,,,,,,,,
ghz,16,nwqsim,MPI,CPU,sync,2,1,5180.727243423462,16.0,17.0,16.0,16.0,32.0,32.0,0.0,1.0,16.0,17.0,15.0,0.0,0.0,1.0,1.0,32.0,32.0,1.0,1.0,0.0,0.0,0.0,32.0,95.0,19.0,,0.0,15.0,2.0,3.0,2.9375,16.0,16.0,1.0,0.0,0.0,0.0,0.0,0.0,15.0,1.0,,,0.0,0.0,0.0,0.0,15.0,0.0,1.0,16.0,0.0,0.0,0.0,0.0,0.0,0.0,0.0,,,,,,,,,,,,,
ghz,16,nwqsim,MPI,CPU,sync,2,1,5179.335832595825,16.0,17.0,16.0,16.0,32.0,32.0,0.0,1.0,16.0,17.0,15.0,0.0,0.0,1.0,1.0,32.0,32.0,1.0,1.0,0.0,0.0,0.0,32.0,95.0,19.0,,0.0,15.0,2.0,3.0,2.9375,16.0,16.0,1.0,0.0,0.0,0.0,0.0,0.0,15.0,1.0,,,0.0,0.0,0.0,0.0,15.0,0.0,1.0,16.0,0.0,0.0,0.0,0.0,0.0,0.0,0.0,,,,,,,,,,,,,
ghz,16,nwqsim,MPI,CPU,sync,2,1,5180.331230163574,16.0,17.0,16.0,16.0,32.0,32.0,0.0,1.0,16.0,17.0,15.0,0.0,0.0,1.0,1.0,32.0,32.0,1.0,1.0,0.0,0.0,0.0,32.0,95.0,19.0,,0.0,15.0,2.0,3.0,2.9375,16.0,16.0,1.0,0.0,0.0,0.0,0.0,0.0,15.0,1.0,,,0.0,0.0,0.0,0.0,15.0,0.0,1.0,16.0,0.0,0.0,0.0,0.0,0.0,0.0,0.0,,,,,,,,,,,,,
ghz,16,qtensor,numpy,CPU,sync,1,4,21033.905744552612,16.0,17.0,16.0,16.0,32.0,32.0,0.0,1.0,16.0,17.0,15.0,0.0,0.0,1.0,1.0,32.0,32.0,1.0,1.0,0.0,0.0,0.0,32.0,95.0,19.0,,0.0,15.0,2.0,3.0,2.9375,16.0,16.0,1.0,0.0,0.0,0.0,0.0,0.0,15.0,1.0,,,0.0,0.0,0.0,0.0,15.0,0.0,1.0,16.0,0.0,0.0,0.0,0.0,0.0,0.0,0.0,,,,,,,,,,,,,
ghz,16,qtensor,numpy,CPU,sync,1,4,19947.473764419556,16.0,17.0,16.0,16.0,32.0,32.0,0.0,1.0,16.0,17.0,15.0,0.0,0.0,1.0,1.0,32.0,32.0,1.0,1.0,0.0,0.0,0.0,32.0,95.0,19.0,,0.0,15.0,2.0,3.0,2.9375,16.0,16.0,1.0,0.0,0.0,0.0,0.0,0.0,15.0,1.0,,,0.0,0.0,0.0,0.0,15.0,0.0,1.0,16.0,0.0,0.0,0.0,0.0,0.0,0.0,0.0,,,,,,,,,,,,,
ghz,16,qtensor,numpy,CPU,sync,1,4,19693.43852996826,16.0,17.0,16.0,16.0,32.0,32.0,0.0,1.0,16.0,17.0,15.0,0.0,0.0,1.0,1.0,32.0,32.0,1.0,1.0,0.0,0.0,0.0,32.0,95.0,19.0,,0.0,15.0,2.0,3.0,2.9375,16.0,16.0,1.0,0.0,0.0,0.0,0.0,0.0,15.0,1.0,,,0.0,0.0,0.0,0.0,15.0,0.0,1.0,16.0,0.0,0.0,0.0,0.0,0.0,0.0,0.0,,,,,,,,,,,,,
ghz,16,qtensor,numpy,CPU,sync,1,4,21033.905744552612,16.0,17.0,16.0,16.0,32.0,32.0,0.0,1.0,16.0,17.0,15.0,0.0,0.0,1.0,1.0,32.0,32.0,1.0,1.0,0.0,0.0,0.0,32.0,95.0,19.0,,0.0,15.0,2.0,3.0,2.9375,16.0,16.0,1.0,0.0,0.0,0.0,0.0,0.0,15.0,1.0,,,0.0,0.0,0.0,0.0,15.0,0.0,1.0,16.0,0.0,0.0,0.0,0.0,0.0,0.0,0.0,,,,,,,,,,,,,
ghz,16,qtensor,numpy,CPU,sync,1,4,19947.473764419556,16.0,17.0,16.0,16.0,32.0,32.0,0.0,1.0,16.0,17.0,15.0,0.0,0.0,1.0,1.0,32.0,32.0,1.0,1.0,0.0,0.0,0.0,32.0,95.0,19.0,,0.0,15.0,2.0,3.0,2.9375,16.0,16.0,1.0,0.0,0.0,0.0,0.0,0.0,15.0,1.0,,,0.0,0.0,0.0,0.0,15.0,0.0,1.0,16.0,0.0,0.0,0.0,0.0,0.0,0.0,0.0,,,,,,,,,,,,,
ghz,16,qtensor,numpy,CPU,sync,1,4,19693.43852996826,16.0,17.0,16.0,16.0,32.0,32.0,0.0,1.0,16.0,17.0,15.0,0.0,0.0,1.0,1.0,32.0,32.0,1.0,1.0,0.0,0.0,0.0,32.0,95.0,19.0,,0.0,15.0,2.0,3.0,2.9375,16.0,16.0,1.0,0.0,0.0,0.0,0.0,0.0,15.0,1.0,,,0.0,0.0,0.0,0.0,15.0,0.0,1.0,16.0,0.0,0.0,0.0,0.0,0.0,0.0,0.0,,,,,,,,,,,,,
ghz,16,qtensor,numpy,CPU,sync,2,2,21557.852745056152,16.0,17.0,16.0,16.0,32.0,32.0,0.0,1.0,16.0,17.0,15.0,0.0,0.0,1.0,1.0,32.0,32.0,1.0,1.0,0.0,0.0,0.0,32.0,95.0,19.0,,0.0,15.0,2.0,3.0,2.9375,16.0,16.0,1.0,0.0,0.0,0.0,0.0,0.0,15.0,1.0,,,0.0,0.0,0.0,0.0,15.0,0.0,1.0,16.0,0.0,0.0,0.0,0.0,0.0,0.0,0.0,,,,,,,,,,,,,
ghz,16,qtensor,numpy,CPU,sync,2,2,20035.303115844727,16.0,17.0,16.0,16.0,32.0,32.0,0.0,1.0,16.0,17.0,15.0,0.0,0.0,1.0,1.0,32.0,32.0,1.0,1.0,0.0,0.0,0.0,32.0,95.0,19.0,,0.0,15.0,2.0,3.0,2.9375,16.0,16.0,1.0,0.0,0.0,0.0,0.0,0.0,15.0,1.0,,,0.0,0.0,0.0,0.0,15.0,0.0,1.0,16.0,0.0,0.0,0.0,0.0,0.0,0.0,0.0,,,,,,,,,,,,,
ghz,16,qtensor,numpy,CPU,sync,2,2,20505.96022605896,16.0,17.0,16.0,16.0,32.0,32.0,0.0,1.0,16.0,17.0,15.0,0.0,0.0,1.0,1.0,32.0,32.0,1.0,1.0,0.0,0.0,0.0,32.0,95.0,19.0,,0.0,15.0,2.0,3.0,2.9375,16.0,16.0,1.0,0.0,0.0,0.0,0.0,0.0,15.0,1.0,,,0.0,0.0,0.0,0.0,15.0,0.0,1.0,16.0,0.0,0.0,0.0,0.0,0.0,0.0,0.0,,,,,,,,,,,,,
ghz,16,qtensor,numpy,CPU,sync,2,2,21557.852745056152,16.0,17.0,16.0,16.0,32.0,32.0,0.0,1.0,16.0,17.0,15.0,0.0,0.0,1.0,1.0,32.0,32.0,1.0,1.0,0.0,0.0,0.0,32.0,95.0,19.0,,0.0,15.0,2.0,3.0,2.9375,16.0,16.0,1.0,0.0,0.0,0.0,0.0,0.0,15.0,1.0,,,0.0,0.0,0.0,0.0,15.0,0.0,1.0,16.0,0.0,0.0,0.0,0.0,0.0,0.0,0.0,,,,,,,,,,,,,
ghz,16,qtensor,numpy,CPU,sync,2,2,20035.303115844727,16.0,17.0,16.0,16.0,32.0,32.0,0.0,1.0,16.0,17.0,15.0,0.0,0.0,1.0,1.0,32.0,32.0,1.0,1.0,0.0,0.0,0.0,32.0,95.0,19.0,,0.0,15.0,2.0,3.0,2.9375,16.0,16.0,1.0,0.0,0.0,0.0,0.0,0.0,15.0,1.0,,,0.0,0.0,0.0,0.0,15.0,0.0,1.0,16.0,0.0,0.0,0.0,0.0,0.0,0.0,0.0,,,,,,,,,,,,,
ghz,16,qtensor,numpy,CPU,sync,2,2,20505.96022605896,16.0,17.0,16.0,16.0,32.0,32.0,0.0,1.0,16.0,17.0,15.0,0.0,0.0,1.0,1.0,32.0,32.0,1.0,1.0,0.0,0.0,0.0,32.0,95.0,19.0,,0.0,15.0,2.0,3.0,2.9375,16.0,16.0,1.0,0.0,0.0,0.0,0.0,0.0,15.0,1.0,,,0.0,0.0,0.0,0.0,15.0,0.0,1.0,16.0,0.0,0.0,0.0,0.0,0.0,0.0,0.0,,,,,,,,,,,,,
ghz,20,ibmq,ibm_miami,CPU,sync,1,8,1570.9292888641357,20.0,21.0,20.0,20.0,40.0,40.0,0.0,1.0,20.0,21.0,19.0,0.0,0.0,1.0,1.0,40.0,40.0,1.0,1.0,0.0,0.0,0.0,40.0,119.0,23.0,,0.0,19.0,2.0,3.0,2.95,20.0,20.0,1.0,0.0,0.0,0.0,0.0,0.0,19.0,1.0,,,0.0,0.0,0.0,0.0,19.0,0.0,1.0,20.0,0.0,0.0,0.0,0.0,0.0,0.0,0.0,,,,,,,,,,,,,
ghz,20,ibmq,ibm_miami,CPU,sync,1,8,28.784990310668945,20.0,21.0,20.0,20.0,40.0,40.0,0.0,1.0,20.0,21.0,19.0,0.0,0.0,1.0,1.0,40.0,40.0,1.0,1.0,0.0,0.0,0.0,40.0,119.0,23.0,,0.0,19.0,2.0,3.0,2.95,20.0,20.0,1.0,0.0,0.0,0.0,0.0,0.0,19.0,1.0,,,0.0,0.0,0.0,0.0,19.0,0.0,1.0,20.0,0.0,0.0,0.0,0.0,0.0,0.0,0.0,,,,,,,,,,,,,
ghz,20,ibmq,ibm_miami,CPU,sync,1,8,1696.3613033294678,20.0,21.0,20.0,20.0,40.0,40.0,0.0,1.0,20.0,21.0,19.0,0.0,0.0,1.0,1.0,40.0,40.0,1.0,1.0,0.0,0.0,0.0,40.0,119.0,23.0,,0.0,19.0,2.0,3.0,2.95,20.0,20.0,1.0,0.0,0.0,0.0,0.0,0.0,19.0,1.0,,,0.0,0.0,0.0,0.0,19.0,0.0,1.0,20.0,0.0,0.0,0.0,0.0,0.0,0.0,0.0,,,,,,,,,,,,,
ghz,20,ibmq,ibm_miami,CPU,sync,1,8,761.6977691650391,20.0,21.0,20.0,20.0,40.0,40.0,0.0,1.0,20.0,21.0,19.0,0.0,0.0,1.0,1.0,40.0,40.0,1.0,1.0,0.0,0.0,0.0,40.0,119.0,23.0,,0.0,19.0,2.0,3.0,2.95,20.0,20.0,1.0,0.0,0.0,0.0,0.0,0.0,19.0,1.0,,,0.0,0.0,0.0,0.0,19.0,0.0,1.0,20.0,0.0,0.0,0.0,0.0,0.0,0.0,0.0,,,,,,,,,,,,,
ghz,20,ibmq,ibm_miami,CPU,sync,1,8,61.38443946838379,20.0,21.0,20.0,20.0,40.0,40.0,0.0,1.0,20.0,21.0,19.0,0.0,0.0,1.0,1.0,40.0,40.0,1.0,1.0,0.0,0.0,0.0,40.0,119.0,23.0,,0.0,19.0,2.0,3.0,2.95,20.0,20.0,1.0,0.0,0.0,0.0,0.0,0.0,19.0,1.0,,,0.0,0.0,0.0,0.0,19.0,0.0,1.0,20.0,0.0,0.0,0.0,0.0,0.0,0.0,0.0,,,,,,,,,,,,,
ghz,20,ibmq,ibm_torino,CPU,sync,1,8,50.8122444152832,20.0,21.0,20.0,20.0,40.0,40.0,0.0,1.0,20.0,21.0,19.0,0.0,0.0,1.0,1.0,40.0,40.0,1.0,1.0,0.0,0.0,0.0,40.0,119.0,23.0,,0.0,19.0,2.0,3.0,2.95,20.0,20.0,1.0,0.0,0.0,0.0,0.0,0.0,19.0,1.0,,,0.0,0.0,0.0,0.0,19.0,0.0,1.0,20.0,0.0,0.0,0.0,0.0,0.0,0.0,0.0,,,,,,,,,,,,,
ghz,20,qtensor,numpy,CPU,sync,1,8,25701.46155357361,20.0,21.0,20.0,20.0,40.0,40.0,0.0,1.0,20.0,21.0,19.0,0.0,0.0,1.0,1.0,40.0,40.0,1.0,1.0,0.0,0.0,0.0,40.0,119.0,23.0,,0.0,19.0,2.0,3.0,2.95,20.0,20.0,1.0,0.0,0.0,0.0,0.0,0.0,19.0,1.0,,,0.0,0.0,0.0,0.0,19.0,0.0,1.0,20.0,0.0,0.0,0.0,0.0,0.0,0.0,0.0,,,,,,,,,,,,,
ghz,20,qtensor,numpy,CPU,sync,1,8,21760.429859161377,20.0,21.0,20.0,20.0,40.0,40.0,0.0,1.0,20.0,21.0,19.0,0.0,0.0,1.0,1.0,40.0,40.0,1.0,1.0,0.0,0.0,0.0,40.0,119.0,23.0,,0.0,19.0,2.0,3.0,2.95,20.0,20.0,1.0,0.0,0.0,0.0,0.0,0.0,19.0,1.0,,,0.0,0.0,0.0,0.0,19.0,0.0,1.0,20.0,0.0,0.0,0.0,0.0,0.0,0.0,0.0,,,,,,,,,,,,,
ghz,20,qtensor,numpy,CPU,sync,1,8,22387.969970703125,20.0,21.0,20.0,20.0,40.0,40.0,0.0,1.0,20.0,21.0,19.0,0.0,0.0,1.0,1.0,40.0,40.0,1.0,1.0,0.0,0.0,0.0,40.0,119.0,23.0,,0.0,19.0,2.0,3.0,2.95,20.0,20.0,1.0,0.0,0.0,0.0,0.0,0.0,19.0,1.0,,,0.0,0.0,0.0,0.0,19.0,0.0,1.0,20.0,0.0,0.0,0.0,0.0,0.0,0.0,0.0,,,,,,,,,,,,,
ghz,20,qtensor,numpy,CPU,sync,1,8,25701.46155357361,20.0,21.0,20.0,20.0,40.0,40.0,0.0,1.0,20.0,21.0,19.0,0.0,0.0,1.0,1.0,40.0,40.0,1.0,1.0,0.0,0.0,0.0,40.0,119.0,23.0,,0.0,19.0,2.0,3.0,2.95,20.0,20.0,1.0,0.0,0.0,0.0,0.0,0.0,19.0,1.0,,,0.0,0.0,0.0,0.0,19.0,0.0,1.0,20.0,0.0,0.0,0.0,0.0,0.0,0.0,0.0,,,,,,,,,,,,,
ghz,20,qtensor,numpy,CPU,sync,1,8,21760.429859161377,20.0,21.0,20.0,20.0,40.0,40.0,0.0,1.0,20.0,21.0,19.0,0.0,0.0,1.0,1.0,40.0,40.0,1.0,1.0,0.0,0.0,0.0,40.0,119.0,23.0,,0.0,19.0,2.0,3.0,2.95,20.0,20.0,1.0,0.0,0.0,0.0,0.0,0.0,19.0,1.0,,,0.0,0.0,0.0,0.0,19.0,0.0,1.0,20.0,0.0,0.0,0.0,0.0,0.0,0.0,0.0,,,,,,,,,,,,,
ghz,20,qtensor,numpy,CPU,sync,1,8,22387.969970703125,20.0,21.0,20.0,20.0,40.0,40.0,0.0,1.0,20.0,21.0,19.0,0.0,0.0,1.0,1.0,40.0,40.0,1.0,1.0,0.0,0.0,0.0,40.0,119.0,23.0,,0.0,19.0,2.0,3.0,2.95,20.0,20.0,1.0,0.0,0.0,0.0,0.0,0.0,19.0,1.0,,,0.0,0.0,0.0,0.0,19.0,0.0,1.0,20.0,0.0,0.0,0.0,0.0,0.0,0.0,0.0,,,,,,,,,,,,,
ghz,20,qtensor,numpy,CPU,sync,2,8,22488.494396209717,20.0,21.0,20.0,20.0,40.0,40.0,0.0,1.0,20.0,21.0,19.0,0.0,0.0,1.0,1.0,40.0,40.0,1.0,1.0,0.0,0.0,0.0,40.0,119.0,23.0,,0.0,19.0,2.0,3.0,2.95,20.0,20.0,1.0,0.0,0.0,0.0,0.0,0.0,19.0,1.0,,,0.0,0.0,0.0,0.0,19.0,0.0,1.0,20.0,0.0,0.0,0.0,0.0,0.0,0.0,0.0,,,,,,,,,,,,,
ghz,20,qtensor,numpy,CPU,sync,2,8,20222.235918045044,20.0,21.0,20.0,20.0,40.0,40.0,0.0,1.0,20.0,21.0,19.0,0.0,0.0,1.0,1.0,40.0,40.0,1.0,1.0,0.0,0.0,0.0,40.0,119.0,23.0,,0.0,19.0,2.0,3.0,2.95,20.0,20.0,1.0,0.0,0.0,0.0,0.0,0.0,19.0,1.0,,,0.0,0.0,0.0,0.0,19.0,0.0,1.0,20.0,0.0,0.0,0.0,0.0,0.0,0.0,0.0,,,,,,,,,,,,,
ghz,20,qtensor,numpy,CPU,sync,2,8,19891.008138656616,20.0,21.0,20.0,20.0,40.0,40.0,0.0,1.0,20.0,21.0,19.0,0.0,0.0,1.0,1.0,40.0,40.0,1.0,1.0,0.0,0.0,0.0,40.0,119.0,23.0,,0.0,19.0,2.0,3.0,2.95,20.0,20.0,1.0,0.0,0.0,0.0,0.0,0.0,19.0,1.0,,,0.0,0.0,0.0,0.0,19.0,0.0,1.0,20.0,0.0,0.0,0.0,0.0,0.0,0.0,0.0,,,,,,,,,,,,,
ghz,20,qtensor,numpy,CPU,sync,2,8,22488.494396209717,20.0,21.0,20.0,20.0,40.0,40.0,0.0,1.0,20.0,21.0,19.0,0.0,0.0,1.0,1.0,40.0,40.0,1.0,1.0,0.0,0.0,0.0,40.0,119.0,23.0,,0.0,19.0,2.0,3.0,2.95,20.0,20.0,1.0,0.0,0.0,0.0,0.0,0.0,19.0,1.0,,,0.0,0.0,0.0,0.0,19.0,0.0,1.0,20.0,0.0,0.0,0.0,0.0,0.0,0.0,0.0,,,,,,,,,,,,,
ghz,20,qtensor,numpy,CPU,sync,2,8,20222.235918045044,20.0,21.0,20.0,20.0,40.0,40.0,0.0,1.0,20.0,21.0,19.0,0.0,0.0,1.0,1.0,40.0,40.0,1.0,1.0,0.0,0.0,0.0,40.0,119.0,23.0,,0.0,19.0,2.0,3.0,2.95,20.0,20.0,1.0,0.0,0.0,0.0,0.0,0.0,19.0,1.0,,,0.0,0.0,0.0,0.0,19.0,0.0,1.0,20.0,0.0,0.0,0.0,0.0,0.0,0.0,0.0,,,,,,,,,,,,,
ghz,20,qtensor,numpy,CPU,sync,2,8,19891.008138656616,20.0,21.0,20.0,20.0,40.0,40.0,0.0,1.0,20.0,21.0,19.0,0.0,0.0,1.0,1.0,40.0,40.0,1.0,1.0,0.0,0.0,0.0,40.0,119.0,23.0,,0.0,19.0,2.0,3.0,2.95,20.0,20.0,1.0,0.0,0.0,0.0,0.0,0.0,19.0,1.0,,,0.0,0.0,0.0,0.0,19.0,0.0,1.0,20.0,0.0,0.0,0.0,0.0,0.0,0.0,0.0,,,,,,,,,,,,,
ghz,20,nwqsim,MPI,CPU,sync,2,8,871.2897300720215,20.0,21.0,20.0,20.0,40.0,40.0,0.0,1.0,20.0,21.0,19.0,0.0,0.0,1.0,1.0,40.0,40.0,1.0,1.0,0.0,0.0,0.0,40.0,119.0,23.0,,0.0,19.0,2.0,3.0,2.95,20.0,20.0,1.0,0.0,0.0,0.0,0.0,0.0,19.0,1.0,,,0.0,0.0,0.0,0.0,19.0,0.0,1.0,20.0,0.0,0.0,0.0,0.0,0.0,0.0,0.0,,,,,,,,,,,,,
ghz,20,nwqsim,MPI,CPU,sync,2,8,562.488317489624,20.0,21.0,20.0,20.0,40.0,40.0,0.0,1.0,20.0,21.0,19.0,0.0,0.0,1.0,1.0,40.0,40.0,1.0,1.0,0.0,0.0,0.0,40.0,119.0,23.0,,0.0,19.0,2.0,3.0,2.95,20.0,20.0,1.0,0.0,0.0,0.0,0.0,0.0,19.0,1.0,,,0.0,0.0,0.0,0.0,19.0,0.0,1.0,20.0,0.0,0.0,0.0,0.0,0.0,0.0,0.0,,,,,,,,,,,,,
ghz,20,nwqsim,MPI,CPU,sync,2,8,672.7409362792969,20.0,21.0,20.0,20.0,40.0,40.0,0.0,1.0,20.0,21.0,19.0,0.0,0.0,1.0,1.0,40.0,40.0,1.0,1.0,0.0,0.0,0.0,40.0,119.0,23.0,,0.0,19.0,2.0,3.0,2.95,20.0,20.0,1.0,0.0,0.0,0.0,0.0,0.0,19.0,1.0,,,0.0,0.0,0.0,0.0,19.0,0.0,1.0,20.0,0.0,0.0,0.0,0.0,0.0,0.0,0.0,,,,,,,,,,,,,
ghz,20,nwqsim,MPI,CPU,sync,2,8,871.2897300720215,20.0,21.0,20.0,20.0,40.0,40.0,0.0,1.0,20.0,21.0,19.0,0.0,0.0,1.0,1.0,40.0,40.0,1.0,1.0,0.0,0.0,0.0,40.0,119.0,23.0,,0.0,19.0,2.0,3.0,2.95,20.0,20.0,1.0,0.0,0.0,0.0,0.0,0.0,19.0,1.0,,,0.0,0.0,0.0,0.0,19.0,0.0,1.0,20.0,0.0,0.0,0.0,0.0,0.0,0.0,0.0,,,,,,,,,,,,,
ghz,20,nwqsim,MPI,CPU,sync,2,8,562.488317489624,20.0,21.0,20.0,20.0,40.0,40.0,0.0,1.0,20.0,21.0,19.0,0.0,0.0,1.0,1.0,40.0,40.0,1.0,1.0,0.0,0.0,0.0,40.0,119.0,23.0,,0.0,19.0,2.0,3.0,2.95,20.0,20.0,1.0,0.0,0.0,0.0,0.0,0.0,19.0,1.0,,,0.0,0.0,0.0,0.0,19.0,0.0,1.0,20.0,0.0,0.0,0.0,0.0,0.0,0.0,0.0,,,,,,,,,,,,,
ghz,20,nwqsim,MPI,CPU,sync,2,8,672.7409362792969,20.0,21.0,20.0,20.0,40.0,40.0,0.0,1.0,20.0,21.0,19.0,0.0,0.0,1.0,1.0,40.0,40.0,1.0,1.0,0.0,0.0,0.0,40.0,119.0,23.0,,0.0,19.0,2.0,3.0,2.95,20.0,20.0,1.0,0.0,0.0,0.0,0.0,0.0,19.0,1.0,,,0.0,0.0,0.0,0.0,19.0,0.0,1.0,20.0,0.0,0.0,0.0,0.0,0.0,0.0,0.0,,,,,,,,,,,,,
ghz,20,nwqsim,MPI,CPU,sync,1,8,854.2962074279785,20.0,21.0,20.0,20.0,40.0,40.0,0.0,1.0,20.0,21.0,19.0,0.0,0.0,1.0,1.0,40.0,40.0,1.0,1.0,0.0,0.0,0.0,40.0,119.0,23.0,,0.0,19.0,2.0,3.0,2.95,20.0,20.0,1.0,0.0,0.0,0.0,0.0,0.0,19.0,1.0,,,0.0,0.0,0.0,0.0,19.0,0.0,1.0,20.0,0.0,0.0,0.0,0.0,0.0,0.0,0.0,,,,,,,,,,,,,
ghz,20,nwqsim,MPI,CPU,sync,1,8,479.5966148376465,20.0,21.0,20.0,20.0,40.0,40.0,0.0,1.0,20.0,21.0,19.0,0.0,0.0,1.0,1.0,40.0,40.0,1.0,1.0,0.0,0.0,0.0,40.0,119.0,23.0,,0.0,19.0,2.0,3.0,2.95,20.0,20.0,1.0,0.0,0.0,0.0,0.0,0.0,19.0,1.0,,,0.0,0.0,0.0,0.0,19.0,0.0,1.0,20.0,0.0,0.0,0.0,0.0,0.0,0.0,0.0,,,,,,,,,,,,,
ghz,20,nwqsim,MPI,CPU,sync,1,8,492.6729202270508,20.0,21.0,20.0,20.0,40.0,40.0,0.0,1.0,20.0,21.0,19.0,0.0,0.0,1.0,1.0,40.0,40.0,1.0,1.0,0.0,0.0,0.0,40.0,119.0,23.0,,0.0,19.0,2.0,3.0,2.95,20.0,20.0,1.0,0.0,0.0,0.0,0.0,0.0,19.0,1.0,,,0.0,0.0,0.0,0.0,19.0,0.0,1.0,20.0,0.0,0.0,0.0,0.0,0.0,0.0,0.0,,,,,,,,,,,,,
ghz,20,nwqsim,MPI,CPU,sync,1,8,854.2962074279785,20.0,21.0,20.0,20.0,40.0,40.0,0.0,1.0,20.0,21.0,19.0,0.0,0.0,1.0,1.0,40.0,40.0,1.0,1.0,0.0,0.0,0.0,40.0,119.0,23.0,,0.0,19.0,2.0,3.0,2.95,20.0,20.0,1.0,0.0,0.0,0.0,0.0,0.0,19.0,1.0,,,0.0,0.0,0.0,0.0,19.0,0.0,1.0,20.0,0.0,0.0,0.0,0.0,0.0,0.0,0.0,,,,,,,,,,,,,
ghz,20,nwqsim,MPI,CPU,sync,1,8,479.5966148376465,20.0,21.0,20.0,20.0,40.0,40.0,0.0,1.0,20.0,21.0,19.0,0.0,0.0,1.0,1.0,40.0,40.0,1.0,1.0,0.0,0.0,0.0,40.0,119.0,23.0,,0.0,19.0,2.0,3.0,2.95,20.0,20.0,1.0,0.0,0.0,0.0,0.0,0.0,19.0,1.0,,,0.0,0.0,0.0,0.0,19.0,0.0,1.0,20.0,0.0,0.0,0.0,0.0,0.0,0.0,0.0,,,,,,,,,,,,,
ghz,20,nwqsim,MPI,CPU,sync,1,8,492.6729202270508,20.0,21.0,20.0,20.0,40.0,40.0,0.0,1.0,20.0,21.0,19.0,0.0,0.0,1.0,1.0,40.0,40.0,1.0,1.0,0.0,0.0,0.0,40.0,119.0,23.0,,0.0,19.0,2.0,3.0,2.95,20.0,20.0,1.0,0.0,0.0,0.0,0.0,0.0,19.0,1.0,,,0.0,0.0,0.0,0.0,19.0,0.0,1.0,20.0,0.0,0.0,0.0,0.0,0.0,0.0,0.0,,,,,,,,,,,,,
ghz,20,nwqsim,MPI,CPU,sync,1,1,4045.5377101898193,20.0,21.0,20.0,20.0,40.0,40.0,0.0,1.0,20.0,21.0,19.0,0.0,0.0,1.0,1.0,40.0,40.0,1.0,1.0,0.0,0.0,0.0,40.0,119.0,23.0,,0.0,19.0,2.0,3.0,2.95,20.0,20.0,1.0,0.0,0.0,0.0,0.0,0.0,19.0,1.0,,,0.0,0.0,0.0,0.0,19.0,0.0,1.0,20.0,0.0,0.0,0.0,0.0,0.0,0.0,0.0,,,,,,,,,,,,,
ghz,20,nwqsim,MPI,CPU,sync,1,16,2062.610626220703,20.0,21.0,20.0,20.0,40.0,40.0,0.0,1.0,20.0,21.0,19.0,0.0,0.0,1.0,1.0,40.0,40.0,1.0,1.0,0.0,0.0,0.0,40.0,119.0,23.0,,0.0,19.0,2.0,3.0,2.95,20.0,20.0,1.0,0.0,0.0,0.0,0.0,0.0,19.0,1.0,,,0.0,0.0,0.0,0.0,19.0,0.0,1.0,20.0,0.0,0.0,0.0,0.0,0.0,0.0,0.0,,,,,,,,,,,,,
ghz,20,ionq,simulator,CPU,sync,1,8,2386.3322734832764,20.0,21.0,20.0,20.0,40.0,40.0,0.0,1.0,20.0,21.0,19.0,0.0,0.0,1.0,1.0,40.0,40.0,1.0,1.0,0.0,0.0,0.0,40.0,119.0,23.0,,0.0,19.0,2.0,3.0,2.95,20.0,20.0,1.0,0.0,0.0,0.0,0.0,0.0,19.0,1.0,,,0.0,0.0,0.0,0.0,19.0,0.0,1.0,20.0,0.0,0.0,0.0,0.0,0.0,0.0,0.0,,,,,,,,,,,,,
ghz,20,ionq,simulator,CPU,sync,1,8,2295.288562774658,20.0,21.0,20.0,20.0,40.0,40.0,0.0,1.0,20.0,21.0,19.0,0.0,0.0,1.0,1.0,40.0,40.0,1.0,1.0,0.0,0.0,0.0,40.0,119.0,23.0,,0.0,19.0,2.0,3.0,2.95,20.0,20.0,1.0,0.0,0.0,0.0,0.0,0.0,19.0,1.0,,,0.0,0.0,0.0,0.0,19.0,0.0,1.0,20.0,0.0,0.0,0.0,0.0,0.0,0.0,0.0,,,,,,,,,,,,,
ghz,20,ionq,simulator,CPU,sync,1,8,2323.8065242767334,20.0,21.0,20.0,20.0,40.0,40.0,0.0,1.0,20.0,21.0,19.0,0.0,0.0,1.0,1.0,40.0,40.0,1.0,1.0,0.0,0.0,0.0,40.0,119.0,23.0,,0.0,19.0,2.0,3.0,2.95,20.0,20.0,1.0,0.0,0.0,0.0,0.0,0.0,19.0,1.0,,,0.0,0.0,0.0,0.0,19.0,0.0,1.0,20.0,0.0,0.0,0.0,0.0,0.0,0.0,0.0,,,,,,,,,,,,,
ghz,20,ionq,simulator,CPU,sync,1,8,2386.3322734832764,20.0,21.0,20.0,20.0,40.0,40.0,0.0,1.0,20.0,21.0,19.0,0.0,0.0,1.0,1.0,40.0,40.0,1.0,1.0,0.0,0.0,0.0,40.0,119.0,23.0,,0.0,19.0,2.0,3.0,2.95,20.0,20.0,1.0,0.0,0.0,0.0,0.0,0.0,19.0,1.0,,,0.0,0.0,0.0,0.0,19.0,0.0,1.0,20.0,0.0,0.0,0.0,0.0,0.0,0.0,0.0,,,,,,,,,,,,,
ghz,20,ionq,simulator,CPU,sync,1,8,2295.288562774658,20.0,21.0,20.0,20.0,40.0,40.0,0.0,1.0,20.0,21.0,19.0,0.0,0.0,1.0,1.0,40.0,40.0,1.0,1.0,0.0,0.0,0.0,40.0,119.0,23.0,,0.0,19.0,2.0,3.0,2.95,20.0,20.0,1.0,0.0,0.0,0.0,0.0,0.0,19.0,1.0,,,0.0,0.0,0.0,0.0,19.0,0.0,1.0,20.0,0.0,0.0,0.0,0.0,0.0,0.0,0.0,,,,,,,,,,,,,
ghz,20,ionq,simulator,CPU,sync,1,8,2323.8065242767334,20.0,21.0,20.0,20.0,40.0,40.0,0.0,1.0,20.0,21.0,19.0,0.0,0.0,1.0,1.0,40.0,40.0,1.0,1.0,0.0,0.0,0.0,40.0,119.0,23.0,,0.0,19.0,2.0,3.0,2.95,20.0,20.0,1.0,0.0,0.0,0.0,0.0,0.0,19.0,1.0,,,0.0,0.0,0.0,0.0,19.0,0.0,1.0,20.0,0.0,0.0,0.0,0.0,0.0,0.0,0.0,,,,,,,,,,,,,
ghz,20,ionq,simulator,CPU,sync,1,8,2250.2312660217285,20.0,21.0,20.0,20.0,40.0,40.0,0.0,1.0,20.0,21.0,19.0,0.0,0.0,1.0,1.0,40.0,40.0,1.0,1.0,0.0,0.0,0.0,40.0,119.0,23.0,,0.0,19.0,2.0,3.0,2.95,20.0,20.0,1.0,0.0,0.0,0.0,0.0,0.0,19.0,1.0,,,0.0,0.0,0.0,0.0,19.0,0.0,1.0,20.0,0.0,0.0,0.0,0.0,0.0,0.0,0.0,,,,,,,,,,,,,
ghz,20,ionq,simulator,CPU,sync,1,4,2386.3322734832764,20.0,21.0,20.0,20.0,40.0,40.0,0.0,1.0,20.0,21.0,19.0,0.0,0.0,1.0,1.0,40.0,40.0,1.0,1.0,0.0,0.0,0.0,40.0,119.0,23.0,,0.0,19.0,2.0,3.0,2.95,20.0,20.0,1.0,0.0,0.0,0.0,0.0,0.0,19.0,1.0,,,0.0,0.0,0.0,0.0,19.0,0.0,1.0,20.0,0.0,0.0,0.0,0.0,0.0,0.0,0.0,,,,,,,,,,,,,
ghz,20,ionq,simulator,CPU,sync,1,4,2295.288562774658,20.0,21.0,20.0,20.0,40.0,40.0,0.0,1.0,20.0,21.0,19.0,0.0,0.0,1.0,1.0,40.0,40.0,1.0,1.0,0.0,0.0,0.0,40.0,119.0,23.0,,0.0,19.0,2.0,3.0,2.95,20.0,20.0,1.0,0.0,0.0,0.0,0.0,0.0,19.0,1.0,,,0.0,0.0,0.0,0.0,19.0,0.0,1.0,20.0,0.0,0.0,0.0,0.0,0.0,0.0,0.0,,,,,,,,,,,,,
ghz,20,ionq,simulator,CPU,sync,1,4,2323.8065242767334,20.0,21.0,20.0,20.0,40.0,40.0,0.0,1.0,20.0,21.0,19.0,0.0,0.0,1.0,1.0,40.0,40.0,1.0,1.0,0.0,0.0,0.0,40.0,119.0,23.0,,0.0,19.0,2.0,3.0,2.95,20.0,20.0,1.0,0.0,0.0,0.0,0.0,0.0,19.0,1.0,,,0.0,0.0,0.0,0.0,19.0,0.0,1.0,20.0,0.0,0.0,0.0,0.0,0.0,0.0,0.0,,,,,,,,,,,,,
ghz,20,ionq,simulator,CPU,sync,1,4,2386.3322734832764,20.0,21.0,20.0,20.0,40.0,40.0,0.0,1.0,20.0,21.0,19.0,0.0,0.0,1.0,1.0,40.0,40.0,1.0,1.0,0.0,0.0,0.0,40.0,119.0,23.0,,0.0,19.0,2.0,3.0,2.95,20.0,20.0,1.0,0.0,0.0,0.0,0.0,0.0,19.0,1.0,,,0.0,0.0,0.0,0.0,19.0,0.0,1.0,20.0,0.0,0.0,0.0,0.0,0.0,0.0,0.0,,,,,,,,,,,,,
ghz,20,ionq,simulator,CPU,sync,1,4,2295.288562774658,20.0,21.0,20.0,20.0,40.0,40.0,0.0,1.0,20.0,21.0,19.0,0.0,0.0,1.0,1.0,40.0,40.0,1.0,1.0,0.0,0.0,0.0,40.0,119.0,23.0,,0.0,19.0,2.0,3.0,2.95,20.0,20.0,1.0,0.0,0.0,0.0,0.0,0.0,19.0,1.0,,,0.0,0.0,0.0,0.0,19.0,0.0,1.0,20.0,0.0,0.0,0.0,0.0,0.0,0.0,0.0,,,,,,,,,,,,,
ghz,20,ionq,simulator,CPU,sync,1,4,2323.8065242767334,20.0,21.0,20.0,20.0,40.0,40.0,0.0,1.0,20.0,21.0,19.0,0.0,0.0,1.0,1.0,40.0,40.0,1.0,1.0,0.0,0.0,0.0,40.0,119.0,23.0,,0.0,19.0,2.0,3.0,2.95,20.0,20.0,1.0,0.0,0.0,0.0,0.0,0.0,19.0,1.0,,,0.0,0.0,0.0,0.0,19.0,0.0,1.0,20.0,0.0,0.0,0.0,0.0,0.0,0.0,0.0,,,,,,,,,,,,,
ghz,20,ionq,simulator,CPU,sync,2,8,2386.3322734832764,20.0,21.0,20.0,20.0,40.0,40.0,0.0,1.0,20.0,21.0,19.0,0.0,0.0,1.0,1.0,40.0,40.0,1.0,1.0,0.0,0.0,0.0,40.0,119.0,23.0,,0.0,19.0,2.0,3.0,2.95,20.0,20.0,1.0,0.0,0.0,0.0,0.0,0.0,19.0,1.0,,,0.0,0.0,0.0,0.0,19.0,0.0,1.0,20.0,0.0,0.0,0.0,0.0,0.0,0.0,0.0,,,,,,,,,,,,,
ghz,20,ionq,simulator,CPU,sync,2,8,2295.288562774658,20.0,21.0,20.0,20.0,40.0,40.0,0.0,1.0,20.0,21.0,19.0,0.0,0.0,1.0,1.0,40.0,40.0,1.0,1.0,0.0,0.0,0.0,40.0,119.0,23.0,,0.0,19.0,2.0,3.0,2.95,20.0,20.0,1.0,0.0,0.0,0.0,0.0,0.0,19.0,1.0,,,0.0,0.0,0.0,0.0,19.0,0.0,1.0,20.0,0.0,0.0,0.0,0.0,0.0,0.0,0.0,,,,,,,,,,,,,
ghz,20,ionq,simulator,CPU,sync,2,8,2323.8065242767334,20.0,21.0,20.0,20.0,40.0,40.0,0.0,1.0,20.0,21.0,19.0,0.0,0.0,1.0,1.0,40.0,40.0,1.0,1.0,0.0,0.0,0.0,40.0,119.0,23.0,,0.0,19.0,2.0,3.0,2.95,20.0,20.0,1.0,0.0,0.0,0.0,0.0,0.0,19.0,1.0,,,0.0,0.0,0.0,0.0,19.0,0.0,1.0,20.0,0.0,0.0,0.0,0.0,0.0,0.0,0.0,,,,,,,,,,,,,
ghz,20,ionq,simulator,CPU,sync,2,8,2386.3322734832764,20.0,21.0,20.0,20.0,40.0,40.0,0.0,1.0,20.0,21.0,19.0,0.0,0.0,1.0,1.0,40.0,40.0,1.0,1.0,0.0,0.0,0.0,40.0,119.0,23.0,,0.0,19.0,2.0,3.0,2.95,20.0,20.0,1.0,0.0,0.0,0.0,0.0,0.0,19.0,1.0,,,0.0,0.0,0.0,0.0,19.0,0.0,1.0,20.0,0.0,0.0,0.0,0.0,0.0,0.0,0.0,,,,,,,,,,,,,
ghz,20,ionq,simulator,CPU,sync,2,8,2295.288562774658,20.0,21.0,20.0,20.0,40.0,40.0,0.0,1.0,20.0,21.0,19.0,0.0,0.0,1.0,1.0,40.0,40.0,1.0,1.0,0.0,0.0,0.0,40.0,119.0,23.0,,0.0,19.0,2.0,3.0,2.95,20.0,20.0,1.0,0.0,0.0,0.0,0.0,0.0,19.0,1.0,,,0.0,0.0,0.0,0.0,19.0,0.0,1.0,20.0,0.0,0.0,0.0,0.0,0.0,0.0,0.0,,,,,,,,,,,,,
ghz,20,ionq,simulator,CPU,sync,2,8,2323.8065242767334,20.0,21.0,20.0,20.0,40.0,40.0,0.0,1.0,20.0,21.0,19.0,0.0,0.0,1.0,1.0,40.0,40.0,1.0,1.0,0.0,0.0,0.0,40.0,119.0,23.0,,0.0,19.0,2.0,3.0,2.95,20.0,20.0,1.0,0.0,0.0,0.0,0.0,0.0,19.0,1.0,,,0.0,0.0,0.0,0.0,19.0,0.0,1.0,20.0,0.0,0.0,0.0,0.0,0.0,0.0,0.0,,,,,,,,,,,,,
ghz,20,qiskitaer,matrix_product_state,CPU,sync,2,8,7561.683177947998,20.0,21.0,20.0,20.0,40.0,40.0,0.0,1.0,20.0,21.0,19.0,0.0,0.0,1.0,1.0,40.0,40.0,1.0,1.0,0.0,0.0,0.0,40.0,119.0,23.0,,0.0,19.0,2.0,3.0,2.95,20.0,20.0,1.0,0.0,0.0,0.0,0.0,0.0,19.0,1.0,,,0.0,0.0,0.0,0.0,19.0,0.0,1.0,20.0,0.0,0.0,0.0,0.0,0.0,0.0,0.0,,,,,,,,,,,,,
ghz,20,qiskitaer,matrix_product_state,CPU,sync,2,8,6960.556507110596,20.0,21.0,20.0,20.0,40.0,40.0,0.0,1.0,20.0,21.0,19.0,0.0,0.0,1.0,1.0,40.0,40.0,1.0,1.0,0.0,0.0,0.0,40.0,119.0,23.0,,0.0,19.0,2.0,3.0,2.95,20.0,20.0,1.0,0.0,0.0,0.0,0.0,0.0,19.0,1.0,,,0.0,0.0,0.0,0.0,19.0,0.0,1.0,20.0,0.0,0.0,0.0,0.0,0.0,0.0,0.0,,,,,,,,,,,,,
ghz,20,qiskitaer,matrix_product_state,CPU,sync,2,8,7080.487012863159,20.0,21.0,20.0,20.0,40.0,40.0,0.0,1.0,20.0,21.0,19.0,0.0,0.0,1.0,1.0,40.0,40.0,1.0,1.0,0.0,0.0,0.0,40.0,119.0,23.0,,0.0,19.0,2.0,3.0,2.95,20.0,20.0,1.0,0.0,0.0,0.0,0.0,0.0,19.0,1.0,,,0.0,0.0,0.0,0.0,19.0,0.0,1.0,20.0,0.0,0.0,0.0,0.0,0.0,0.0,0.0,,,,,,,,,,,,,
ghz,20,qiskitaer,matrix_product_state,CPU,sync,2,8,7561.683177947998,20.0,21.0,20.0,20.0,40.0,40.0,0.0,1.0,20.0,21.0,19.0,0.0,0.0,1.0,1.0,40.0,40.0,1.0,1.0,0.0,0.0,0.0,40.0,119.0,23.0,,0.0,19.0,2.0,3.0,2.95,20.0,20.0,1.0,0.0,0.0,0.0,0.0,0.0,19.0,1.0,,,0.0,0.0,0.0,0.0,19.0,0.0,1.0,20.0,0.0,0.0,0.0,0.0,0.0,0.0,0.0,,,,,,,,,,,,,
ghz,20,qiskitaer,matrix_product_state,CPU,sync,2,8,6960.556507110596,20.0,21.0,20.0,20.0,40.0,40.0,0.0,1.0,20.0,21.0,19.0,0.0,0.0,1.0,1.0,40.0,40.0,1.0,1.0,0.0,0.0,0.0,40.0,119.0,23.0,,0.0,19.0,2.0,3.0,2.95,20.0,20.0,1.0,0.0,0.0,0.0,0.0,0.0,19.0,1.0,,,0.0,0.0,0.0,0.0,19.0,0.0,1.0,20.0,0.0,0.0,0.0,0.0,0.0,0.0,0.0,,,,,,,,,,,,,
ghz,20,qiskitaer,matrix_product_state,CPU,sync,2,8,7080.487012863159,20.0,21.0,20.0,20.0,40.0,40.0,0.0,1.0,20.0,21.0,19.0,0.0,0.0,1.0,1.0,40.0,40.0,1.0,1.0,0.0,0.0,0.0,40.0,119.0,23.0,,0.0,19.0,2.0,3.0,2.95,20.0,20.0,1.0,0.0,0.0,0.0,0.0,0.0,19.0,1.0,,,0.0,0.0,0.0,0.0,19.0,0.0,1.0,20.0,0.0,0.0,0.0,0.0,0.0,0.0,0.0,,,,,,,,,,,,,
ghz,20,qiskitaer,matrix_product_state,CPU,sync,1,8,7961.861610412598,20.0,21.0,20.0,20.0,40.0,40.0,0.0,1.0,20.0,21.0,19.0,0.0,0.0,1.0,1.0,40.0,40.0,1.0,1.0,0.0,0.0,0.0,40.0,119.0,23.0,,0.0,19.0,2.0,3.0,2.95,20.0,20.0,1.0,0.0,0.0,0.0,0.0,0.0,19.0,1.0,,,0.0,0.0,0.0,0.0,19.0,0.0,1.0,20.0,0.0,0.0,0.0,0.0,0.0,0.0,0.0,,,,,,,,,,,,,
ghz,20,qiskitaer,matrix_product_state,CPU,sync,1,8,7534.531831741333,20.0,21.0,20.0,20.0,40.0,40.0,0.0,1.0,20.0,21.0,19.0,0.0,0.0,1.0,1.0,40.0,40.0,1.0,1.0,0.0,0.0,0.0,40.0,119.0,23.0,,0.0,19.0,2.0,3.0,2.95,20.0,20.0,1.0,0.0,0.0,0.0,0.0,0.0,19.0,1.0,,,0.0,0.0,0.0,0.0,19.0,0.0,1.0,20.0,0.0,0.0,0.0,0.0,0.0,0.0,0.0,,,,,,,,,,,,,
ghz,20,qiskitaer,matrix_product_state,CPU,sync,1,8,7543.879747390747,20.0,21.0,20.0,20.0,40.0,40.0,0.0,1.0,20.0,21.0,19.0,0.0,0.0,1.0,1.0,40.0,40.0,1.0,1.0,0.0,0.0,0.0,40.0,119.0,23.0,,0.0,19.0,2.0,3.0,2.95,20.0,20.0,1.0,0.0,0.0,0.0,0.0,0.0,19.0,1.0,,,0.0,0.0,0.0,0.0,19.0,0.0,1.0,20.0,0.0,0.0,0.0,0.0,0.0,0.0,0.0,,,,,,,,,,,,,
ghz,20,qiskitaer,matrix_product_state,CPU,sync,1,8,7961.861610412598,20.0,21.0,20.0,20.0,40.0,40.0,0.0,1.0,20.0,21.0,19.0,0.0,0.0,1.0,1.0,40.0,40.0,1.0,1.0,0.0,0.0,0.0,40.0,119.0,23.0,,0.0,19.0,2.0,3.0,2.95,20.0,20.0,1.0,0.0,0.0,0.0,0.0,0.0,19.0,1.0,,,0.0,0.0,0.0,0.0,19.0,0.0,1.0,20.0,0.0,0.0,0.0,0.0,0.0,0.0,0.0,,,,,,,,,,,,,
ghz,20,qiskitaer,matrix_product_state,CPU,sync,1,8,7534.531831741333,20.0,21.0,20.0,20.0,40.0,40.0,0.0,1.0,20.0,21.0,19.0,0.0,0.0,1.0,1.0,40.0,40.0,1.0,1.0,0.0,0.0,0.0,40.0,119.0,23.0,,0.0,19.0,2.0,3.0,2.95,20.0,20.0,1.0,0.0,0.0,0.0,0.0,0.0,19.0,1.0,,,0.0,0.0,0.0,0.0,19.0,0.0,1.0,20.0,0.0,0.0,0.0,0.0,0.0,0.0,0.0,,,,,,,,,,,,,
ghz,20,qiskitaer,matrix_product_state,CPU,sync,1,8,7543.879747390747,20.0,21.0,20.0,20.0,40.0,40.0,0.0,1.0,20.0,21.0,19.0,0.0,0.0,1.0,1.0,40.0,40.0,1.0,1.0,0.0,0.0,0.0,40.0,119.0,23.0,,0.0,19.0,2.0,3.0,2.95,20.0,20.0,1.0,0.0,0.0,0.0,0.0,0.0,19.0,1.0,,,0.0,0.0,0.0,0.0,19.0,0.0,1.0,20.0,0.0,0.0,0.0,0.0,0.0,0.0,0.0,,,,,,,,,,,,,
ghz,20,qiskitaer,automatic,CPU,sync,1,8,7973.662853240967,20.0,21.0,20.0,20.0,40.0,40.0,0.0,1.0,20.0,21.0,19.0,0.0,0.0,1.0,1.0,40.0,40.0,1.0,1.0,0.0,0.0,0.0,40.0,119.0,23.0,,0.0,19.0,2.0,3.0,2.95,20.0,20.0,1.0,0.0,0.0,0.0,0.0,0.0,19.0,1.0,,,0.0,0.0,0.0,0.0,19.0,0.0,1.0,20.0,0.0,0.0,0.0,0.0,0.0,0.0,0.0,,,,,,,,,,,,,
ghz,20,qiskitaer,automatic,CPU,sync,1,8,7127.444744110107,20.0,21.0,20.0,20.0,40.0,40.0,0.0,1.0,20.0,21.0,19.0,0.0,0.0,1.0,1.0,40.0,40.0,1.0,1.0,0.0,0.0,0.0,40.0,119.0,23.0,,0.0,19.0,2.0,3.0,2.95,20.0,20.0,1.0,0.0,0.0,0.0,0.0,0.0,19.0,1.0,,,0.0,0.0,0.0,0.0,19.0,0.0,1.0,20.0,0.0,0.0,0.0,0.0,0.0,0.0,0.0,,,,,,,,,,,,,
ghz,20,qiskitaer,automatic,CPU,sync,1,8,7459.355354309082,20.0,21.0,20.0,20.0,40.0,40.0,0.0,1.0,20.0,21.0,19.0,0.0,0.0,1.0,1.0,40.0,40.0,1.0,1.0,0.0,0.0,0.0,40.0,119.0,23.0,,0.0,19.0,2.0,3.0,2.95,20.0,20.0,1.0,0.0,0.0,0.0,0.0,0.0,19.0,1.0,,,0.0,0.0,0.0,0.0,19.0,0.0,1.0,20.0,0.0,0.0,0.0,0.0,0.0,0.0,0.0,,,,,,,,,,,,,
ghz,20,qiskitaer,automatic,CPU,sync,1,8,7973.662853240967,20.0,21.0,20.0,20.0,40.0,40.0,0.0,1.0,20.0,21.0,19.0,0.0,0.0,1.0,1.0,40.0,40.0,1.0,1.0,0.0,0.0,0.0,40.0,119.0,23.0,,0.0,19.0,2.0,3.0,2.95,20.0,20.0,1.0,0.0,0.0,0.0,0.0,0.0,19.0,1.0,,,0.0,0.0,0.0,0.0,19.0,0.0,1.0,20.0,0.0,0.0,0.0,0.0,0.0,0.0,0.0,,,,,,,,,,,,,
ghz,20,qiskitaer,automatic,CPU,sync,1,8,7127.444744110107,20.0,21.0,20.0,20.0,40.0,40.0,0.0,1.0,20.0,21.0,19.0,0.0,0.0,1.0,1.0,40.0,40.0,1.0,1.0,0.0,0.0,0.0,40.0,119.0,23.0,,0.0,19.0,2.0,3.0,2.95,20.0,20.0,1.0,0.0,0.0,0.0,0.0,0.0,19.0,1.0,,,0.0,0.0,0.0,0.0,19.0,0.0,1.0,20.0,0.0,0.0,0.0,0.0,0.0,0.0,0.0,,,,,,,,,,,,,
ghz,20,qiskitaer,automatic,CPU,sync,1,8,7459.355354309082,20.0,21.0,20.0,20.0,40.0,40.0,0.0,1.0,20.0,21.0,19.0,0.0,0.0,1.0,1.0,40.0,40.0,1.0,1.0,0.0,0.0,0.0,40.0,119.0,23.0,,0.0,19.0,2.0,3.0,2.95,20.0,20.0,1.0,0.0,0.0,0.0,0.0,0.0,19.0,1.0,,,0.0,0.0,0.0,0.0,19.0,0.0,1.0,20.0,0.0,0.0,0.0,0.0,0.0,0.0,0.0,,,,,,,,,,,,,
ghz,20,qiskitaer,automatic,CPU,sync,2,8,7399.111032485962,20.0,21.0,20.0,20.0,40.0,40.0,0.0,1.0,20.0,21.0,19.0,0.0,0.0,1.0,1.0,40.0,40.0,1.0,1.0,0.0,0.0,0.0,40.0,119.0,23.0,,0.0,19.0,2.0,3.0,2.95,20.0,20.0,1.0,0.0,0.0,0.0,0.0,0.0,19.0,1.0,,,0.0,0.0,0.0,0.0,19.0,0.0,1.0,20.0,0.0,0.0,0.0,0.0,0.0,0.0,0.0,,,,,,,,,,,,,
ghz,20,qiskitaer,automatic,CPU,sync,2,8,6794.847011566162,20.0,21.0,20.0,20.0,40.0,40.0,0.0,1.0,20.0,21.0,19.0,0.0,0.0,1.0,1.0,40.0,40.0,1.0,1.0,0.0,0.0,0.0,40.0,119.0,23.0,,0.0,19.0,2.0,3.0,2.95,20.0,20.0,1.0,0.0,0.0,0.0,0.0,0.0,19.0,1.0,,,0.0,0.0,0.0,0.0,19.0,0.0,1.0,20.0,0.0,0.0,0.0,0.0,0.0,0.0,0.0,,,,,,,,,,,,,
ghz,20,qiskitaer,automatic,CPU,sync,2,8,7155.200242996216,20.0,21.0,20.0,20.0,40.0,40.0,0.0,1.0,20.0,21.0,19.0,0.0,0.0,1.0,1.0,40.0,40.0,1.0,1.0,0.0,0.0,0.0,40.0,119.0,23.0,,0.0,19.0,2.0,3.0,2.95,20.0,20.0,1.0,0.0,0.0,0.0,0.0,0.0,19.0,1.0,,,0.0,0.0,0.0,0.0,19.0,0.0,1.0,20.0,0.0,0.0,0.0,0.0,0.0,0.0,0.0,,,,,,,,,,,,,
ghz,20,qiskitaer,automatic,CPU,sync,2,8,7399.111032485962,20.0,21.0,20.0,20.0,40.0,40.0,0.0,1.0,20.0,21.0,19.0,0.0,0.0,1.0,1.0,40.0,40.0,1.0,1.0,0.0,0.0,0.0,40.0,119.0,23.0,,0.0,19.0,2.0,3.0,2.95,20.0,20.0,1.0,0.0,0.0,0.0,0.0,0.0,19.0,1.0,,,0.0,0.0,0.0,0.0,19.0,0.0,1.0,20.0,0.0,0.0,0.0,0.0,0.0,0.0,0.0,,,,,,,,,,,,,
ghz,20,qiskitaer,automatic,CPU,sync,2,8,6794.847011566162,20.0,21.0,20.0,20.0,40.0,40.0,0.0,1.0,20.0,21.0,19.0,0.0,0.0,1.0,1.0,40.0,40.0,1.0,1.0,0.0,0.0,0.0,40.0,119.0,23.0,,0.0,19.0,2.0,3.0,2.95,20.0,20.0,1.0,0.0,0.0,0.0,0.0,0.0,19.0,1.0,,,0.0,0.0,0.0,0.0,19.0,0.0,1.0,20.0,0.0,0.0,0.0,0.0,0.0,0.0,0.0,,,,,,,,,,,,,
ghz,20,qiskitaer,automatic,CPU,sync,2,8,7155.200242996216,20.0,21.0,20.0,20.0,40.0,40.0,0.0,1.0,20.0,21.0,19.0,0.0,0.0,1.0,1.0,40.0,40.0,1.0,1.0,0.0,0.0,0.0,40.0,119.0,23.0,,0.0,19.0,2.0,3.0,2.95,20.0,20.0,1.0,0.0,0.0,0.0,0.0,0.0,19.0,1.0,,,0.0,0.0,0.0,0.0,19.0,0.0,1.0,20.0,0.0,0.0,0.0,0.0,0.0,0.0,0.0,,,,,,,,,,,,,
ghz,20,qiskitaer,statevector,CPU,sync,2,8,8132.517337799072,20.0,21.0,20.0,20.0,40.0,40.0,0.0,1.0,20.0,21.0,19.0,0.0,0.0,1.0,1.0,40.0,40.0,1.0,1.0,0.0,0.0,0.0,40.0,119.0,23.0,,0.0,19.0,2.0,3.0,2.95,20.0,20.0,1.0,0.0,0.0,0.0,0.0,0.0,19.0,1.0,,,0.0,0.0,0.0,0.0,19.0,0.0,1.0,20.0,0.0,0.0,0.0,0.0,0.0,0.0,0.0,,,,,,,,,,,,,
ghz,20,qiskitaer,statevector,CPU,sync,2,8,7594.880104064941,20.0,21.0,20.0,20.0,40.0,40.0,0.0,1.0,20.0,21.0,19.0,0.0,0.0,1.0,1.0,40.0,40.0,1.0,1.0,0.0,0.0,0.0,40.0,119.0,23.0,,0.0,19.0,2.0,3.0,2.95,20.0,20.0,1.0,0.0,0.0,0.0,0.0,0.0,19.0,1.0,,,0.0,0.0,0.0,0.0,19.0,0.0,1.0,20.0,0.0,0.0,0.0,0.0,0.0,0.0,0.0,,,,,,,,,,,,,
ghz,20,qiskitaer,statevector,CPU,sync,2,8,7651.534080505371,20.0,21.0,20.0,20.0,40.0,40.0,0.0,1.0,20.0,21.0,19.0,0.0,0.0,1.0,1.0,40.0,40.0,1.0,1.0,0.0,0.0,0.0,40.0,119.0,23.0,,0.0,19.0,2.0,3.0,2.95,20.0,20.0,1.0,0.0,0.0,0.0,0.0,0.0,19.0,1.0,,,0.0,0.0,0.0,0.0,19.0,0.0,1.0,20.0,0.0,0.0,0.0,0.0,0.0,0.0,0.0,,,,,,,,,,,,,
ghz,20,qiskitaer,statevector,CPU,sync,2,8,8132.517337799072,20.0,21.0,20.0,20.0,40.0,40.0,0.0,1.0,20.0,21.0,19.0,0.0,0.0,1.0,1.0,40.0,40.0,1.0,1.0,0.0,0.0,0.0,40.0,119.0,23.0,,0.0,19.0,2.0,3.0,2.95,20.0,20.0,1.0,0.0,0.0,0.0,0.0,0.0,19.0,1.0,,,0.0,0.0,0.0,0.0,19.0,0.0,1.0,20.0,0.0,0.0,0.0,0.0,0.0,0.0,0.0,,,,,,,,,,,,,
ghz,20,qiskitaer,statevector,CPU,sync,2,8,7594.880104064941,20.0,21.0,20.0,20.0,40.0,40.0,0.0,1.0,20.0,21.0,19.0,0.0,0.0,1.0,1.0,40.0,40.0,1.0,1.0,0.0,0.0,0.0,40.0,119.0,23.0,,0.0,19.0,2.0,3.0,2.95,20.0,20.0,1.0,0.0,0.0,0.0,0.0,0.0,19.0,1.0,,,0.0,0.0,0.0,0.0,19.0,0.0,1.0,20.0,0.0,0.0,0.0,0.0,0.0,0.0,0.0,,,,,,,,,,,,,
ghz,20,qiskitaer,statevector,CPU,sync,2,8,7651.534080505371,20.0,21.0,20.0,20.0,40.0,40.0,0.0,1.0,20.0,21.0,19.0,0.0,0.0,1.0,1.0,40.0,40.0,1.0,1.0,0.0,0.0,0.0,40.0,119.0,23.0,,0.0,19.0,2.0,3.0,2.95,20.0,20.0,1.0,0.0,0.0,0.0,0.0,0.0,19.0,1.0,,,0.0,0.0,0.0,0.0,19.0,0.0,1.0,20.0,0.0,0.0,0.0,0.0,0.0,0.0,0.0,,,,,,,,,,,,,
ghz,20,qiskitaer,statevector,CPU,sync,1,8,10942.025899887085,20.0,21.0,20.0,20.0,40.0,40.0,0.0,1.0,20.0,21.0,19.0,0.0,0.0,1.0,1.0,40.0,40.0,1.0,1.0,0.0,0.0,0.0,40.0,119.0,23.0,,0.0,19.0,2.0,3.0,2.95,20.0,20.0,1.0,0.0,0.0,0.0,0.0,0.0,19.0,1.0,,,0.0,0.0,0.0,0.0,19.0,0.0,1.0,20.0,0.0,0.0,0.0,0.0,0.0,0.0,0.0,,,,,,,,,,,,,
ghz,20,qiskitaer,statevector,CPU,sync,1,8,8067.072153091431,20.0,21.0,20.0,20.0,40.0,40.0,0.0,1.0,20.0,21.0,19.0,0.0,0.0,1.0,1.0,40.0,40.0,1.0,1.0,0.0,0.0,0.0,40.0,119.0,23.0,,0.0,19.0,2.0,3.0,2.95,20.0,20.0,1.0,0.0,0.0,0.0,0.0,0.0,19.0,1.0,,,0.0,0.0,0.0,0.0,19.0,0.0,1.0,20.0,0.0,0.0,0.0,0.0,0.0,0.0,0.0,,,,,,,,,,,,,
ghz,20,qiskitaer,statevector,CPU,sync,1,8,8353.117227554321,20.0,21.0,20.0,20.0,40.0,40.0,0.0,1.0,20.0,21.0,19.0,0.0,0.0,1.0,1.0,40.0,40.0,1.0,1.0,0.0,0.0,0.0,40.0,119.0,23.0,,0.0,19.0,2.0,3.0,2.95,20.0,20.0,1.0,0.0,0.0,0.0,0.0,0.0,19.0,1.0,,,0.0,0.0,0.0,0.0,19.0,0.0,1.0,20.0,0.0,0.0,0.0,0.0,0.0,0.0,0.0,,,,,,,,,,,,,
ghz,20,qiskitaer,statevector,CPU,sync,1,8,10942.025899887085,20.0,21.0,20.0,20.0,40.0,40.0,0.0,1.0,20.0,21.0,19.0,0.0,0.0,1.0,1.0,40.0,40.0,1.0,1.0,0.0,0.0,0.0,40.0,119.0,23.0,,0.0,19.0,2.0,3.0,2.95,20.0,20.0,1.0,0.0,0.0,0.0,0.0,0.0,19.0,1.0,,,0.0,0.0,0.0,0.0,19.0,0.0,1.0,20.0,0.0,0.0,0.0,0.0,0.0,0.0,0.0,,,,,,,,,,,,,
ghz,20,qiskitaer,statevector,CPU,sync,1,8,8067.072153091431,20.0,21.0,20.0,20.0,40.0,40.0,0.0,1.0,20.0,21.0,19.0,0.0,0.0,1.0,1.0,40.0,40.0,1.0,1.0,0.0,0.0,0.0,40.0,119.0,23.0,,0.0,19.0,2.0,3.0,2.95,20.0,20.0,1.0,0.0,0.0,0.0,0.0,0.0,19.0,1.0,,,0.0,0.0,0.0,0.0,19.0,0.0,1.0,20.0,0.0,0.0,0.0,0.0,0.0,0.0,0.0,,,,,,,,,,,,,
ghz,20,qiskitaer,statevector,CPU,sync,1,8,8353.117227554321,20.0,21.0,20.0,20.0,40.0,40.0,0.0,1.0,20.0,21.0,19.0,0.0,0.0,1.0,1.0,40.0,40.0,1.0,1.0,0.0,0.0,0.0,40.0,119.0,23.0,,0.0,19.0,2.0,3.0,2.95,20.0,20.0,1.0,0.0,0.0,0.0,0.0,0.0,19.0,1.0,,,0.0,0.0,0.0,0.0,19.0,0.0,1.0,20.0,0.0,0.0,0.0,0.0,0.0,0.0,0.0,,,,,,,,,,,,,
ghz,23,ibmq,ibm_miami,CPU,sync,1,8,1464.8041725158691,,,,,,,,,,,,,,,,,,,,,,,,,,,,,,,,,,,,,,,,,,,,,,,,,,,,,,,,,,,,,,,,,,,,,,,
ghz,23,ibmq,ibm_miami,CPU,sync,1,8,30.035972595214844,,,,,,,,,,,,,,,,,,,,,,,,,,,,,,,,,,,,,,,,,,,,,,,,,,,,,,,,,,,,,,,,,,,,,,,
ghz,23,ibmq,ibm_miami,CPU,sync,1,8,450.17313957214355,,,,,,,,,,,,,,,,,,,,,,,,,,,,,,,,,,,,,,,,,,,,,,,,,,,,,,,,,,,,,,,,,,,,,,,
ghz,23,ibmq,ibm_miami,CPU,sync,1,8,30.3342342376709,,,,,,,,,,,,,,,,,,,,,,,,,,,,,,,,,,,,,,,,,,,,,,,,,,,,,,,,,,,,,,,,,,,,,,,
ghz,23,ibmq,ibm_miami,CPU,sync,1,8,71.25139236450195,,,,,,,,,,,,,,,,,,,,,,,,,,,,,,,,,,,,,,,,,,,,,,,,,,,,,,,,,,,,,,,,,,,,,,,
ghz,23,ibmq,ibm_torino,CPU,sync,1,8,48.28000068664551,,,,,,,,,,,,,,,,,,,,,,,,,,,,,,,,,,,,,,,,,,,,,,,,,,,,,,,,,,,,,,,,,,,,,,,
ghz,23,ionq,simulator,CPU,sync,1,8,2918.929100036621,,,,,,,,,,,,,,,,,,,,,,,,,,,,,,,,,,,,,,,,,,,,,,,,,,,,,,,,,,,,,,,,,,,,,,,
ghz,8,tnqvm,exatn-mps,CPU,sync,1,4,5022.34411239624,8.0,9.0,8.0,8.0,16.0,16.0,0.0,1.0,8.0,9.0,7.0,0.0,0.0,1.0,1.0,16.0,16.0,1.0,1.0,0.0,0.0,0.0,16.0,47.0,11.0,,0.0,7.0,2.0,3.0,2.875,8.0,8.0,1.0,0.0,0.0,0.0,0.0,0.0,7.0,1.0,,,0.0,0.0,0.0,0.0,7.0,0.0,1.0,8.0,0.0,0.0,0.0,0.0,0.0,0.0,0.0,,,,,,,,,,,,,
ghz,8,tnqvm,exatn-mps,CPU,sync,1,4,1598.3190536499023,8.0,9.0,8.0,8.0,16.0,16.0,0.0,1.0,8.0,9.0,7.0,0.0,0.0,1.0,1.0,16.0,16.0,1.0,1.0,0.0,0.0,0.0,16.0,47.0,11.0,,0.0,7.0,2.0,3.0,2.875,8.0,8.0,1.0,0.0,0.0,0.0,0.0,0.0,7.0,1.0,,,0.0,0.0,0.0,0.0,7.0,0.0,1.0,8.0,0.0,0.0,0.0,0.0,0.0,0.0,0.0,,,,,,,,,,,,,
ghz,8,tnqvm,exatn-mps,CPU,sync,1,4,1648.371696472168,8.0,9.0,8.0,8.0,16.0,16.0,0.0,1.0,8.0,9.0,7.0,0.0,0.0,1.0,1.0,16.0,16.0,1.0,1.0,0.0,0.0,0.0,16.0,47.0,11.0,,0.0,7.0,2.0,3.0,2.875,8.0,8.0,1.0,0.0,0.0,0.0,0.0,0.0,7.0,1.0,,,0.0,0.0,0.0,0.0,7.0,0.0,1.0,8.0,0.0,0.0,0.0,0.0,0.0,0.0,0.0,,,,,,,,,,,,,
ghz,8,tnqvm,exatn-mps,CPU,sync,1,4,5022.34411239624,8.0,9.0,8.0,8.0,16.0,16.0,0.0,1.0,8.0,9.0,7.0,0.0,0.0,1.0,1.0,16.0,16.0,1.0,1.0,0.0,0.0,0.0,16.0,47.0,11.0,,0.0,7.0,2.0,3.0,2.875,8.0,8.0,1.0,0.0,0.0,0.0,0.0,0.0,7.0,1.0,,,0.0,0.0,0.0,0.0,7.0,0.0,1.0,8.0,0.0,0.0,0.0,0.0,0.0,0.0,0.0,,,,,,,,,,,,,
ghz,8,tnqvm,exatn-mps,CPU,sync,1,4,1598.3190536499023,8.0,9.0,8.0,8.0,16.0,16.0,0.0,1.0,8.0,9.0,7.0,0.0,0.0,1.0,1.0,16.0,16.0,1.0,1.0,0.0,0.0,0.0,16.0,47.0,11.0,,0.0,7.0,2.0,3.0,2.875,8.0,8.0,1.0,0.0,0.0,0.0,0.0,0.0,7.0,1.0,,,0.0,0.0,0.0,0.0,7.0,0.0,1.0,8.0,0.0,0.0,0.0,0.0,0.0,0.0,0.0,,,,,,,,,,,,,
ghz,8,tnqvm,exatn-mps,CPU,sync,1,4,1648.371696472168,8.0,9.0,8.0,8.0,16.0,16.0,0.0,1.0,8.0,9.0,7.0,0.0,0.0,1.0,1.0,16.0,16.0,1.0,1.0,0.0,0.0,0.0,16.0,47.0,11.0,,0.0,7.0,2.0,3.0,2.875,8.0,8.0,1.0,0.0,0.0,0.0,0.0,0.0,7.0,1.0,,,0.0,0.0,0.0,0.0,7.0,0.0,1.0,8.0,0.0,0.0,0.0,0.0,0.0,0.0,0.0,,,,,,,,,,,,,
ghz,8,tnqvm,tnqvm,CPU,sync,1,1,10231.762886047363,8.0,9.0,8.0,8.0,16.0,16.0,0.0,1.0,8.0,9.0,7.0,0.0,0.0,1.0,1.0,16.0,16.0,1.0,1.0,0.0,0.0,0.0,16.0,47.0,11.0,,0.0,7.0,2.0,3.0,2.875,8.0,8.0,1.0,0.0,0.0,0.0,0.0,0.0,7.0,1.0,,,0.0,0.0,0.0,0.0,7.0,0.0,1.0,8.0,0.0,0.0,0.0,0.0,0.0,0.0,0.0,,,,,,,,,,,,,
ghz,8,qiskitaer,matrix_product_state,CPU,sync,1,4,6896.241664886475,8.0,9.0,8.0,8.0,16.0,16.0,0.0,1.0,8.0,9.0,7.0,0.0,0.0,1.0,1.0,16.0,16.0,1.0,1.0,0.0,0.0,0.0,16.0,47.0,11.0,,0.0,7.0,2.0,3.0,2.875,8.0,8.0,1.0,0.0,0.0,0.0,0.0,0.0,7.0,1.0,,,0.0,0.0,0.0,0.0,7.0,0.0,1.0,8.0,0.0,0.0,0.0,0.0,0.0,0.0,0.0,,,,,,,,,,,,,
ghz,8,qiskitaer,matrix_product_state,CPU,sync,1,4,6487.77174949646,8.0,9.0,8.0,8.0,16.0,16.0,0.0,1.0,8.0,9.0,7.0,0.0,0.0,1.0,1.0,16.0,16.0,1.0,1.0,0.0,0.0,0.0,16.0,47.0,11.0,,0.0,7.0,2.0,3.0,2.875,8.0,8.0,1.0,0.0,0.0,0.0,0.0,0.0,7.0,1.0,,,0.0,0.0,0.0,0.0,7.0,0.0,1.0,8.0,0.0,0.0,0.0,0.0,0.0,0.0,0.0,,,,,,,,,,,,,
ghz,8,qiskitaer,matrix_product_state,CPU,sync,1,4,6229.15506362915,8.0,9.0,8.0,8.0,16.0,16.0,0.0,1.0,8.0,9.0,7.0,0.0,0.0,1.0,1.0,16.0,16.0,1.0,1.0,0.0,0.0,0.0,16.0,47.0,11.0,,0.0,7.0,2.0,3.0,2.875,8.0,8.0,1.0,0.0,0.0,0.0,0.0,0.0,7.0,1.0,,,0.0,0.0,0.0,0.0,7.0,0.0,1.0,8.0,0.0,0.0,0.0,0.0,0.0,0.0,0.0,,,,,,,,,,,,,
ghz,8,qiskitaer,matrix_product_state,CPU,sync,1,4,6896.241664886475,8.0,9.0,8.0,8.0,16.0,16.0,0.0,1.0,8.0,9.0,7.0,0.0,0.0,1.0,1.0,16.0,16.0,1.0,1.0,0.0,0.0,0.0,16.0,47.0,11.0,,0.0,7.0,2.0,3.0,2.875,8.0,8.0,1.0,0.0,0.0,0.0,0.0,0.0,7.0,1.0,,,0.0,0.0,0.0,0.0,7.0,0.0,1.0,8.0,0.0,0.0,0.0,0.0,0.0,0.0,0.0,,,,,,,,,,,,,
ghz,8,qiskitaer,matrix_product_state,CPU,sync,1,4,6487.77174949646,8.0,9.0,8.0,8.0,16.0,16.0,0.0,1.0,8.0,9.0,7.0,0.0,0.0,1.0,1.0,16.0,16.0,1.0,1.0,0.0,0.0,0.0,16.0,47.0,11.0,,0.0,7.0,2.0,3.0,2.875,8.0,8.0,1.0,0.0,0.0,0.0,0.0,0.0,7.0,1.0,,,0.0,0.0,0.0,0.0,7.0,0.0,1.0,8.0,0.0,0.0,0.0,0.0,0.0,0.0,0.0,,,,,,,,,,,,,
ghz,8,qiskitaer,matrix_product_state,CPU,sync,1,4,6229.15506362915,8.0,9.0,8.0,8.0,16.0,16.0,0.0,1.0,8.0,9.0,7.0,0.0,0.0,1.0,1.0,16.0,16.0,1.0,1.0,0.0,0.0,0.0,16.0,47.0,11.0,,0.0,7.0,2.0,3.0,2.875,8.0,8.0,1.0,0.0,0.0,0.0,0.0,0.0,7.0,1.0,,,0.0,0.0,0.0,0.0,7.0,0.0,1.0,8.0,0.0,0.0,0.0,0.0,0.0,0.0,0.0,,,,,,,,,,,,,
ghz,8,qiskitaer,automatic,CPU,sync,1,4,7071.155548095703,8.0,9.0,8.0,8.0,16.0,16.0,0.0,1.0,8.0,9.0,7.0,0.0,0.0,1.0,1.0,16.0,16.0,1.0,1.0,0.0,0.0,0.0,16.0,47.0,11.0,,0.0,7.0,2.0,3.0,2.875,8.0,8.0,1.0,0.0,0.0,0.0,0.0,0.0,7.0,1.0,,,0.0,0.0,0.0,0.0,7.0,0.0,1.0,8.0,0.0,0.0,0.0,0.0,0.0,0.0,0.0,,,,,,,,,,,,,
ghz,8,qiskitaer,automatic,CPU,sync,1,4,6370.314121246338,8.0,9.0,8.0,8.0,16.0,16.0,0.0,1.0,8.0,9.0,7.0,0.0,0.0,1.0,1.0,16.0,16.0,1.0,1.0,0.0,0.0,0.0,16.0,47.0,11.0,,0.0,7.0,2.0,3.0,2.875,8.0,8.0,1.0,0.0,0.0,0.0,0.0,0.0,7.0,1.0,,,0.0,0.0,0.0,0.0,7.0,0.0,1.0,8.0,0.0,0.0,0.0,0.0,0.0,0.0,0.0,,,,,,,,,,,,,
ghz,8,qiskitaer,automatic,CPU,sync,1,4,6600.639581680298,8.0,9.0,8.0,8.0,16.0,16.0,0.0,1.0,8.0,9.0,7.0,0.0,0.0,1.0,1.0,16.0,16.0,1.0,1.0,0.0,0.0,0.0,16.0,47.0,11.0,,0.0,7.0,2.0,3.0,2.875,8.0,8.0,1.0,0.0,0.0,0.0,0.0,0.0,7.0,1.0,,,0.0,0.0,0.0,0.0,7.0,0.0,1.0,8.0,0.0,0.0,0.0,0.0,0.0,0.0,0.0,,,,,,,,,,,,,
ghz,8,qiskitaer,automatic,CPU,sync,1,4,7071.155548095703,8.0,9.0,8.0,8.0,16.0,16.0,0.0,1.0,8.0,9.0,7.0,0.0,0.0,1.0,1.0,16.0,16.0,1.0,1.0,0.0,0.0,0.0,16.0,47.0,11.0,,0.0,7.0,2.0,3.0,2.875,8.0,8.0,1.0,0.0,0.0,0.0,0.0,0.0,7.0,1.0,,,0.0,0.0,0.0,0.0,7.0,0.0,1.0,8.0,0.0,0.0,0.0,0.0,0.0,0.0,0.0,,,,,,,,,,,,,
ghz,8,qiskitaer,automatic,CPU,sync,1,4,6370.314121246338,8.0,9.0,8.0,8.0,16.0,16.0,0.0,1.0,8.0,9.0,7.0,0.0,0.0,1.0,1.0,16.0,16.0,1.0,1.0,0.0,0.0,0.0,16.0,47.0,11.0,,0.0,7.0,2.0,3.0,2.875,8.0,8.0,1.0,0.0,0.0,0.0,0.0,0.0,7.0,1.0,,,0.0,0.0,0.0,0.0,7.0,0.0,1.0,8.0,0.0,0.0,0.0,0.0,0.0,0.0,0.0,,,,,,,,,,,,,
ghz,8,qiskitaer,automatic,CPU,sync,1,4,6600.639581680298,8.0,9.0,8.0,8.0,16.0,16.0,0.0,1.0,8.0,9.0,7.0,0.0,0.0,1.0,1.0,16.0,16.0,1.0,1.0,0.0,0.0,0.0,16.0,47.0,11.0,,0.0,7.0,2.0,3.0,2.875,8.0,8.0,1.0,0.0,0.0,0.0,0.0,0.0,7.0,1.0,,,0.0,0.0,0.0,0.0,7.0,0.0,1.0,8.0,0.0,0.0,0.0,0.0,0.0,0.0,0.0,,,,,,,,,,,,,
ghz,8,qiskitaer,statevector,CPU,sync,1,4,7017.137050628662,8.0,9.0,8.0,8.0,16.0,16.0,0.0,1.0,8.0,9.0,7.0,0.0,0.0,1.0,1.0,16.0,16.0,1.0,1.0,0.0,0.0,0.0,16.0,47.0,11.0,,0.0,7.0,2.0,3.0,2.875,8.0,8.0,1.0,0.0,0.0,0.0,0.0,0.0,7.0,1.0,,,0.0,0.0,0.0,0.0,7.0,0.0,1.0,8.0,0.0,0.0,0.0,0.0,0.0,0.0,0.0,,,,,,,,,,,,,
ghz,8,qiskitaer,statevector,CPU,sync,1,4,6360.634803771973,8.0,9.0,8.0,8.0,16.0,16.0,0.0,1.0,8.0,9.0,7.0,0.0,0.0,1.0,1.0,16.0,16.0,1.0,1.0,0.0,0.0,0.0,16.0,47.0,11.0,,0.0,7.0,2.0,3.0,2.875,8.0,8.0,1.0,0.0,0.0,0.0,0.0,0.0,7.0,1.0,,,0.0,0.0,0.0,0.0,7.0,0.0,1.0,8.0,0.0,0.0,0.0,0.0,0.0,0.0,0.0,,,,,,,,,,,,,
ghz,8,qiskitaer,statevector,CPU,sync,1,4,6016.22200012207,8.0,9.0,8.0,8.0,16.0,16.0,0.0,1.0,8.0,9.0,7.0,0.0,0.0,1.0,1.0,16.0,16.0,1.0,1.0,0.0,0.0,0.0,16.0,47.0,11.0,,0.0,7.0,2.0,3.0,2.875,8.0,8.0,1.0,0.0,0.0,0.0,0.0,0.0,7.0,1.0,,,0.0,0.0,0.0,0.0,7.0,0.0,1.0,8.0,0.0,0.0,0.0,0.0,0.0,0.0,0.0,,,,,,,,,,,,,
ghz,8,qiskitaer,statevector,CPU,sync,1,4,7017.137050628662,8.0,9.0,8.0,8.0,16.0,16.0,0.0,1.0,8.0,9.0,7.0,0.0,0.0,1.0,1.0,16.0,16.0,1.0,1.0,0.0,0.0,0.0,16.0,47.0,11.0,,0.0,7.0,2.0,3.0,2.875,8.0,8.0,1.0,0.0,0.0,0.0,0.0,0.0,7.0,1.0,,,0.0,0.0,0.0,0.0,7.0,0.0,1.0,8.0,0.0,0.0,0.0,0.0,0.0,0.0,0.0,,,,,,,,,,,,,
ghz,8,qiskitaer,statevector,CPU,sync,1,4,6360.634803771973,8.0,9.0,8.0,8.0,16.0,16.0,0.0,1.0,8.0,9.0,7.0,0.0,0.0,1.0,1.0,16.0,16.0,1.0,1.0,0.0,0.0,0.0,16.0,47.0,11.0,,0.0,7.0,2.0,3.0,2.875,8.0,8.0,1.0,0.0,0.0,0.0,0.0,0.0,7.0,1.0,,,0.0,0.0,0.0,0.0,7.0,0.0,1.0,8.0,0.0,0.0,0.0,0.0,0.0,0.0,0.0,,,,,,,,,,,,,
ghz,8,qiskitaer,statevector,CPU,sync,1,4,6016.22200012207,8.0,9.0,8.0,8.0,16.0,16.0,0.0,1.0,8.0,9.0,7.0,0.0,0.0,1.0,1.0,16.0,16.0,1.0,1.0,0.0,0.0,0.0,16.0,47.0,11.0,,0.0,7.0,2.0,3.0,2.875,8.0,8.0,1.0,0.0,0.0,0.0,0.0,0.0,7.0,1.0,,,0.0,0.0,0.0,0.0,7.0,0.0,1.0,8.0,0.0,0.0,0.0,0.0,0.0,0.0,0.0,,,,,,,,,,,,,
ghz,8,nwqsim,MPI,CPU,sync,1,4,645.0672149658203,8.0,9.0,8.0,8.0,16.0,16.0,0.0,1.0,8.0,9.0,7.0,0.0,0.0,1.0,1.0,16.0,16.0,1.0,1.0,0.0,0.0,0.0,16.0,47.0,11.0,,0.0,7.0,2.0,3.0,2.875,8.0,8.0,1.0,0.0,0.0,0.0,0.0,0.0,7.0,1.0,,,0.0,0.0,0.0,0.0,7.0,0.0,1.0,8.0,0.0,0.0,0.0,0.0,0.0,0.0,0.0,,,,,,,,,,,,,
ghz,8,nwqsim,MPI,CPU,sync,1,4,378.80873680114746,8.0,9.0,8.0,8.0,16.0,16.0,0.0,1.0,8.0,9.0,7.0,0.0,0.0,1.0,1.0,16.0,16.0,1.0,1.0,0.0,0.0,0.0,16.0,47.0,11.0,,0.0,7.0,2.0,3.0,2.875,8.0,8.0,1.0,0.0,0.0,0.0,0.0,0.0,7.0,1.0,,,0.0,0.0,0.0,0.0,7.0,0.0,1.0,8.0,0.0,0.0,0.0,0.0,0.0,0.0,0.0,,,,,,,,,,,,,
ghz,8,nwqsim,MPI,CPU,sync,1,4,340.9764766693115,8.0,9.0,8.0,8.0,16.0,16.0,0.0,1.0,8.0,9.0,7.0,0.0,0.0,1.0,1.0,16.0,16.0,1.0,1.0,0.0,0.0,0.0,16.0,47.0,11.0,,0.0,7.0,2.0,3.0,2.875,8.0,8.0,1.0,0.0,0.0,0.0,0.0,0.0,7.0,1.0,,,0.0,0.0,0.0,0.0,7.0,0.0,1.0,8.0,0.0,0.0,0.0,0.0,0.0,0.0,0.0,,,,,,,,,,,,,
ghz,8,nwqsim,MPI,CPU,sync,1,4,645.0672149658203,8.0,9.0,8.0,8.0,16.0,16.0,0.0,1.0,8.0,9.0,7.0,0.0,0.0,1.0,1.0,16.0,16.0,1.0,1.0,0.0,0.0,0.0,16.0,47.0,11.0,,0.0,7.0,2.0,3.0,2.875,8.0,8.0,1.0,0.0,0.0,0.0,0.0,0.0,7.0,1.0,,,0.0,0.0,0.0,0.0,7.0,0.0,1.0,8.0,0.0,0.0,0.0,0.0,0.0,0.0,0.0,,,,,,,,,,,,,
ghz,8,nwqsim,MPI,CPU,sync,1,4,378.80873680114746,8.0,9.0,8.0,8.0,16.0,16.0,0.0,1.0,8.0,9.0,7.0,0.0,0.0,1.0,1.0,16.0,16.0,1.0,1.0,0.0,0.0,0.0,16.0,47.0,11.0,,0.0,7.0,2.0,3.0,2.875,8.0,8.0,1.0,0.0,0.0,0.0,0.0,0.0,7.0,1.0,,,0.0,0.0,0.0,0.0,7.0,0.0,1.0,8.0,0.0,0.0,0.0,0.0,0.0,0.0,0.0,,,,,,,,,,,,,
ghz,8,nwqsim,MPI,CPU,sync,1,4,340.9764766693115,8.0,9.0,8.0,8.0,16.0,16.0,0.0,1.0,8.0,9.0,7.0,0.0,0.0,1.0,1.0,16.0,16.0,1.0,1.0,0.0,0.0,0.0,16.0,47.0,11.0,,0.0,7.0,2.0,3.0,2.875,8.0,8.0,1.0,0.0,0.0,0.0,0.0,0.0,7.0,1.0,,,0.0,0.0,0.0,0.0,7.0,0.0,1.0,8.0,0.0,0.0,0.0,0.0,0.0,0.0,0.0,,,,,,,,,,,,,
ghz,8,nwqsim,MPI,CPU,sync,1,4,5169.628858566284,8.0,9.0,8.0,8.0,16.0,16.0,0.0,1.0,8.0,9.0,7.0,0.0,0.0,1.0,1.0,16.0,16.0,1.0,1.0,0.0,0.0,0.0,16.0,47.0,11.0,,0.0,7.0,2.0,3.0,2.875,8.0,8.0,1.0,0.0,0.0,0.0,0.0,0.0,7.0,1.0,,,0.0,0.0,0.0,0.0,7.0,0.0,1.0,8.0,0.0,0.0,0.0,0.0,0.0,0.0,0.0,,,,,,,,,,,,,
ghz,8,nwqsim,MPI,CPU,sync,1,4,5175.07529258728,8.0,9.0,8.0,8.0,16.0,16.0,0.0,1.0,8.0,9.0,7.0,0.0,0.0,1.0,1.0,16.0,16.0,1.0,1.0,0.0,0.0,0.0,16.0,47.0,11.0,,0.0,7.0,2.0,3.0,2.875,8.0,8.0,1.0,0.0,0.0,0.0,0.0,0.0,7.0,1.0,,,0.0,0.0,0.0,0.0,7.0,0.0,1.0,8.0,0.0,0.0,0.0,0.0,0.0,0.0,0.0,,,,,,,,,,,,,
ghz,8,nwqsim,MPI,CPU,sync,1,4,5178.200960159302,8.0,9.0,8.0,8.0,16.0,16.0,0.0,1.0,8.0,9.0,7.0,0.0,0.0,1.0,1.0,16.0,16.0,1.0,1.0,0.0,0.0,0.0,16.0,47.0,11.0,,0.0,7.0,2.0,3.0,2.875,8.0,8.0,1.0,0.0,0.0,0.0,0.0,0.0,7.0,1.0,,,0.0,0.0,0.0,0.0,7.0,0.0,1.0,8.0,0.0,0.0,0.0,0.0,0.0,0.0,0.0,,,,,,,,,,,,,
ghz,8,nwqsim,MPI,CPU,sync,1,4,5174.867391586304,8.0,9.0,8.0,8.0,16.0,16.0,0.0,1.0,8.0,9.0,7.0,0.0,0.0,1.0,1.0,16.0,16.0,1.0,1.0,0.0,0.0,0.0,16.0,47.0,11.0,,0.0,7.0,2.0,3.0,2.875,8.0,8.0,1.0,0.0,0.0,0.0,0.0,0.0,7.0,1.0,,,0.0,0.0,0.0,0.0,7.0,0.0,1.0,8.0,0.0,0.0,0.0,0.0,0.0,0.0,0.0,,,,,,,,,,,,,
ghz,8,nwqsim,MPI,CPU,sync,1,4,5176.326036453247,8.0,9.0,8.0,8.0,16.0,16.0,0.0,1.0,8.0,9.0,7.0,0.0,0.0,1.0,1.0,16.0,16.0,1.0,1.0,0.0,0.0,0.0,16.0,47.0,11.0,,0.0,7.0,2.0,3.0,2.875,8.0,8.0,1.0,0.0,0.0,0.0,0.0,0.0,7.0,1.0,,,0.0,0.0,0.0,0.0,7.0,0.0,1.0,8.0,0.0,0.0,0.0,0.0,0.0,0.0,0.0,,,,,,,,,,,,,
ghz,8,nwqsim,MPI,CPU,sync,1,4,5184.108734130859,8.0,9.0,8.0,8.0,16.0,16.0,0.0,1.0,8.0,9.0,7.0,0.0,0.0,1.0,1.0,16.0,16.0,1.0,1.0,0.0,0.0,0.0,16.0,47.0,11.0,,0.0,7.0,2.0,3.0,2.875,8.0,8.0,1.0,0.0,0.0,0.0,0.0,0.0,7.0,1.0,,,0.0,0.0,0.0,0.0,7.0,0.0,1.0,8.0,0.0,0.0,0.0,0.0,0.0,0.0,0.0,,,,,,,,,,,,,
ghz,8,nwqsim,MPI,CPU,sync,1,4,5169.608354568481,8.0,9.0,8.0,8.0,16.0,16.0,0.0,1.0,8.0,9.0,7.0,0.0,0.0,1.0,1.0,16.0,16.0,1.0,1.0,0.0,0.0,0.0,16.0,47.0,11.0,,0.0,7.0,2.0,3.0,2.875,8.0,8.0,1.0,0.0,0.0,0.0,0.0,0.0,7.0,1.0,,,0.0,0.0,0.0,0.0,7.0,0.0,1.0,8.0,0.0,0.0,0.0,0.0,0.0,0.0,0.0,,,,,,,,,,,,,
ghz,8,nwqsim,MPI,CPU,sync,1,4,5174.587249755859,8.0,9.0,8.0,8.0,16.0,16.0,0.0,1.0,8.0,9.0,7.0,0.0,0.0,1.0,1.0,16.0,16.0,1.0,1.0,0.0,0.0,0.0,16.0,47.0,11.0,,0.0,7.0,2.0,3.0,2.875,8.0,8.0,1.0,0.0,0.0,0.0,0.0,0.0,7.0,1.0,,,0.0,0.0,0.0,0.0,7.0,0.0,1.0,8.0,0.0,0.0,0.0,0.0,0.0,0.0,0.0,,,,,,,,,,,,,
ghz,8,nwqsim,MPI,CPU,sync,1,4,5171.637535095215,8.0,9.0,8.0,8.0,16.0,16.0,0.0,1.0,8.0,9.0,7.0,0.0,0.0,1.0,1.0,16.0,16.0,1.0,1.0,0.0,0.0,0.0,16.0,47.0,11.0,,0.0,7.0,2.0,3.0,2.875,8.0,8.0,1.0,0.0,0.0,0.0,0.0,0.0,7.0,1.0,,,0.0,0.0,0.0,0.0,7.0,0.0,1.0,8.0,0.0,0.0,0.0,0.0,0.0,0.0,0.0,,,,,,,,,,,,,
ghz,8,nwqsim,MPI,CPU,sync,1,4,5175.496578216553,8.0,9.0,8.0,8.0,16.0,16.0,0.0,1.0,8.0,9.0,7.0,0.0,0.0,1.0,1.0,16.0,16.0,1.0,1.0,0.0,0.0,0.0,16.0,47.0,11.0,,0.0,7.0,2.0,3.0,2.875,8.0,8.0,1.0,0.0,0.0,0.0,0.0,0.0,7.0,1.0,,,0.0,0.0,0.0,0.0,7.0,0.0,1.0,8.0,0.0,0.0,0.0,0.0,0.0,0.0,0.0,,,,,,,,,,,,,
ghz,8,nwqsim,MPI,CPU,sync,1,4,1007.2939395904541,8.0,9.0,8.0,8.0,16.0,16.0,0.0,1.0,8.0,9.0,7.0,0.0,0.0,1.0,1.0,16.0,16.0,1.0,1.0,0.0,0.0,0.0,16.0,47.0,11.0,,0.0,7.0,2.0,3.0,2.875,8.0,8.0,1.0,0.0,0.0,0.0,0.0,0.0,7.0,1.0,,,0.0,0.0,0.0,0.0,7.0,0.0,1.0,8.0,0.0,0.0,0.0,0.0,0.0,0.0,0.0,,,,,,,,,,,,,
ghz,8,nwqsim,MPI,CPU,sync,1,1,5188.436508178711,8.0,9.0,8.0,8.0,16.0,16.0,0.0,1.0,8.0,9.0,7.0,0.0,0.0,1.0,1.0,16.0,16.0,1.0,1.0,0.0,0.0,0.0,16.0,47.0,11.0,,0.0,7.0,2.0,3.0,2.875,8.0,8.0,1.0,0.0,0.0,0.0,0.0,0.0,7.0,1.0,,,0.0,0.0,0.0,0.0,7.0,0.0,1.0,8.0,0.0,0.0,0.0,0.0,0.0,0.0,0.0,,,,,,,,,,,,,
ghz,8,nwqsim,MPI,CPU,sync,1,1,5173.954010009766,8.0,9.0,8.0,8.0,16.0,16.0,0.0,1.0,8.0,9.0,7.0,0.0,0.0,1.0,1.0,16.0,16.0,1.0,1.0,0.0,0.0,0.0,16.0,47.0,11.0,,0.0,7.0,2.0,3.0,2.875,8.0,8.0,1.0,0.0,0.0,0.0,0.0,0.0,7.0,1.0,,,0.0,0.0,0.0,0.0,7.0,0.0,1.0,8.0,0.0,0.0,0.0,0.0,0.0,0.0,0.0,,,,,,,,,,,,,
ghz,8,nwqsim,MPI,CPU,sync,1,1,5174.372911453247,8.0,9.0,8.0,8.0,16.0,16.0,0.0,1.0,8.0,9.0,7.0,0.0,0.0,1.0,1.0,16.0,16.0,1.0,1.0,0.0,0.0,0.0,16.0,47.0,11.0,,0.0,7.0,2.0,3.0,2.875,8.0,8.0,1.0,0.0,0.0,0.0,0.0,0.0,7.0,1.0,,,0.0,0.0,0.0,0.0,7.0,0.0,1.0,8.0,0.0,0.0,0.0,0.0,0.0,0.0,0.0,,,,,,,,,,,,,
ghz,8,nwqsim,MPI,CPU,sync,1,1,5166.914701461792,8.0,9.0,8.0,8.0,16.0,16.0,0.0,1.0,8.0,9.0,7.0,0.0,0.0,1.0,1.0,16.0,16.0,1.0,1.0,0.0,0.0,0.0,16.0,47.0,11.0,,0.0,7.0,2.0,3.0,2.875,8.0,8.0,1.0,0.0,0.0,0.0,0.0,0.0,7.0,1.0,,,0.0,0.0,0.0,0.0,7.0,0.0,1.0,8.0,0.0,0.0,0.0,0.0,0.0,0.0,0.0,,,,,,,,,,,,,
ghz,8,nwqsim,MPI,CPU,sync,1,1,5171.901226043701,8.0,9.0,8.0,8.0,16.0,16.0,0.0,1.0,8.0,9.0,7.0,0.0,0.0,1.0,1.0,16.0,16.0,1.0,1.0,0.0,0.0,0.0,16.0,47.0,11.0,,0.0,7.0,2.0,3.0,2.875,8.0,8.0,1.0,0.0,0.0,0.0,0.0,0.0,7.0,1.0,,,0.0,0.0,0.0,0.0,7.0,0.0,1.0,8.0,0.0,0.0,0.0,0.0,0.0,0.0,0.0,,,,,,,,,,,,,
ghz,8,nwqsim,MPI,CPU,sync,1,1,5170.276403427124,8.0,9.0,8.0,8.0,16.0,16.0,0.0,1.0,8.0,9.0,7.0,0.0,0.0,1.0,1.0,16.0,16.0,1.0,1.0,0.0,0.0,0.0,16.0,47.0,11.0,,0.0,7.0,2.0,3.0,2.875,8.0,8.0,1.0,0.0,0.0,0.0,0.0,0.0,7.0,1.0,,,0.0,0.0,0.0,0.0,7.0,0.0,1.0,8.0,0.0,0.0,0.0,0.0,0.0,0.0,0.0,,,,,,,,,,,,,
ghz,8,nwqsim,MPI,CPU,sync,1,1,5171.756267547607,8.0,9.0,8.0,8.0,16.0,16.0,0.0,1.0,8.0,9.0,7.0,0.0,0.0,1.0,1.0,16.0,16.0,1.0,1.0,0.0,0.0,0.0,16.0,47.0,11.0,,0.0,7.0,2.0,3.0,2.875,8.0,8.0,1.0,0.0,0.0,0.0,0.0,0.0,7.0,1.0,,,0.0,0.0,0.0,0.0,7.0,0.0,1.0,8.0,0.0,0.0,0.0,0.0,0.0,0.0,0.0,,,,,,,,,,,,,
ghz,8,nwqsim,MPI,CPU,sync,1,1,5179.375886917114,8.0,9.0,8.0,8.0,16.0,16.0,0.0,1.0,8.0,9.0,7.0,0.0,0.0,1.0,1.0,16.0,16.0,1.0,1.0,0.0,0.0,0.0,16.0,47.0,11.0,,0.0,7.0,2.0,3.0,2.875,8.0,8.0,1.0,0.0,0.0,0.0,0.0,0.0,7.0,1.0,,,0.0,0.0,0.0,0.0,7.0,0.0,1.0,8.0,0.0,0.0,0.0,0.0,0.0,0.0,0.0,,,,,,,,,,,,,
ghz,8,nwqsim,MPI,CPU,sync,1,1,5174.99566078186,8.0,9.0,8.0,8.0,16.0,16.0,0.0,1.0,8.0,9.0,7.0,0.0,0.0,1.0,1.0,16.0,16.0,1.0,1.0,0.0,0.0,0.0,16.0,47.0,11.0,,0.0,7.0,2.0,3.0,2.875,8.0,8.0,1.0,0.0,0.0,0.0,0.0,0.0,7.0,1.0,,,0.0,0.0,0.0,0.0,7.0,0.0,1.0,8.0,0.0,0.0,0.0,0.0,0.0,0.0,0.0,,,,,,,,,,,,,
ghz,8,nwqsim,MPI,CPU,sync,1,1,5172.903299331665,8.0,9.0,8.0,8.0,16.0,16.0,0.0,1.0,8.0,9.0,7.0,0.0,0.0,1.0,1.0,16.0,16.0,1.0,1.0,0.0,0.0,0.0,16.0,47.0,11.0,,0.0,7.0,2.0,3.0,2.875,8.0,8.0,1.0,0.0,0.0,0.0,0.0,0.0,7.0,1.0,,,0.0,0.0,0.0,0.0,7.0,0.0,1.0,8.0,0.0,0.0,0.0,0.0,0.0,0.0,0.0,,,,,,,,,,,,,
ghz,8,nwqsim,MPI,CPU,sync,1,2,5173.545598983765,8.0,9.0,8.0,8.0,16.0,16.0,0.0,1.0,8.0,9.0,7.0,0.0,0.0,1.0,1.0,16.0,16.0,1.0,1.0,0.0,0.0,0.0,16.0,47.0,11.0,,0.0,7.0,2.0,3.0,2.875,8.0,8.0,1.0,0.0,0.0,0.0,0.0,0.0,7.0,1.0,,,0.0,0.0,0.0,0.0,7.0,0.0,1.0,8.0,0.0,0.0,0.0,0.0,0.0,0.0,0.0,,,,,,,,,,,,,
ghz,8,nwqsim,MPI,CPU,sync,1,2,5180.580377578735,8.0,9.0,8.0,8.0,16.0,16.0,0.0,1.0,8.0,9.0,7.0,0.0,0.0,1.0,1.0,16.0,16.0,1.0,1.0,0.0,0.0,0.0,16.0,47.0,11.0,,0.0,7.0,2.0,3.0,2.875,8.0,8.0,1.0,0.0,0.0,0.0,0.0,0.0,7.0,1.0,,,0.0,0.0,0.0,0.0,7.0,0.0,1.0,8.0,0.0,0.0,0.0,0.0,0.0,0.0,0.0,,,,,,,,,,,,,
ghz,8,nwqsim,MPI,CPU,sync,1,2,5171.080589294434,8.0,9.0,8.0,8.0,16.0,16.0,0.0,1.0,8.0,9.0,7.0,0.0,0.0,1.0,1.0,16.0,16.0,1.0,1.0,0.0,0.0,0.0,16.0,47.0,11.0,,0.0,7.0,2.0,3.0,2.875,8.0,8.0,1.0,0.0,0.0,0.0,0.0,0.0,7.0,1.0,,,0.0,0.0,0.0,0.0,7.0,0.0,1.0,8.0,0.0,0.0,0.0,0.0,0.0,0.0,0.0,,,,,,,,,,,,,
ghz,8,nwqsim,MPI,CPU,sync,1,2,5173.050880432129,8.0,9.0,8.0,8.0,16.0,16.0,0.0,1.0,8.0,9.0,7.0,0.0,0.0,1.0,1.0,16.0,16.0,1.0,1.0,0.0,0.0,0.0,16.0,47.0,11.0,,0.0,7.0,2.0,3.0,2.875,8.0,8.0,1.0,0.0,0.0,0.0,0.0,0.0,7.0,1.0,,,0.0,0.0,0.0,0.0,7.0,0.0,1.0,8.0,0.0,0.0,0.0,0.0,0.0,0.0,0.0,,,,,,,,,,,,,
ghz,8,nwqsim,MPI,CPU,sync,1,2,5171.573162078857,8.0,9.0,8.0,8.0,16.0,16.0,0.0,1.0,8.0,9.0,7.0,0.0,0.0,1.0,1.0,16.0,16.0,1.0,1.0,0.0,0.0,0.0,16.0,47.0,11.0,,0.0,7.0,2.0,3.0,2.875,8.0,8.0,1.0,0.0,0.0,0.0,0.0,0.0,7.0,1.0,,,0.0,0.0,0.0,0.0,7.0,0.0,1.0,8.0,0.0,0.0,0.0,0.0,0.0,0.0,0.0,,,,,,,,,,,,,
ghz,8,nwqsim,MPI,CPU,sync,1,2,5173.850059509277,8.0,9.0,8.0,8.0,16.0,16.0,0.0,1.0,8.0,9.0,7.0,0.0,0.0,1.0,1.0,16.0,16.0,1.0,1.0,0.0,0.0,0.0,16.0,47.0,11.0,,0.0,7.0,2.0,3.0,2.875,8.0,8.0,1.0,0.0,0.0,0.0,0.0,0.0,7.0,1.0,,,0.0,0.0,0.0,0.0,7.0,0.0,1.0,8.0,0.0,0.0,0.0,0.0,0.0,0.0,0.0,,,,,,,,,,,,,
ghz,8,nwqsim,MPI,CPU,sync,1,2,5177.46901512146,8.0,9.0,8.0,8.0,16.0,16.0,0.0,1.0,8.0,9.0,7.0,0.0,0.0,1.0,1.0,16.0,16.0,1.0,1.0,0.0,0.0,0.0,16.0,47.0,11.0,,0.0,7.0,2.0,3.0,2.875,8.0,8.0,1.0,0.0,0.0,0.0,0.0,0.0,7.0,1.0,,,0.0,0.0,0.0,0.0,7.0,0.0,1.0,8.0,0.0,0.0,0.0,0.0,0.0,0.0,0.0,,,,,,,,,,,,,
ghz,8,nwqsim,MPI,CPU,sync,1,2,5178.344488143921,8.0,9.0,8.0,8.0,16.0,16.0,0.0,1.0,8.0,9.0,7.0,0.0,0.0,1.0,1.0,16.0,16.0,1.0,1.0,0.0,0.0,0.0,16.0,47.0,11.0,,0.0,7.0,2.0,3.0,2.875,8.0,8.0,1.0,0.0,0.0,0.0,0.0,0.0,7.0,1.0,,,0.0,0.0,0.0,0.0,7.0,0.0,1.0,8.0,0.0,0.0,0.0,0.0,0.0,0.0,0.0,,,,,,,,,,,,,
ghz,8,nwqsim,MPI,CPU,sync,1,2,5173.126697540283,8.0,9.0,8.0,8.0,16.0,16.0,0.0,1.0,8.0,9.0,7.0,0.0,0.0,1.0,1.0,16.0,16.0,1.0,1.0,0.0,0.0,0.0,16.0,47.0,11.0,,0.0,7.0,2.0,3.0,2.875,8.0,8.0,1.0,0.0,0.0,0.0,0.0,0.0,7.0,1.0,,,0.0,0.0,0.0,0.0,7.0,0.0,1.0,8.0,0.0,0.0,0.0,0.0,0.0,0.0,0.0,,,,,,,,,,,,,
ghz,8,nwqsim,MPI,CPU,sync,1,2,5174.453496932983,8.0,9.0,8.0,8.0,16.0,16.0,0.0,1.0,8.0,9.0,7.0,0.0,0.0,1.0,1.0,16.0,16.0,1.0,1.0,0.0,0.0,0.0,16.0,47.0,11.0,,0.0,7.0,2.0,3.0,2.875,8.0,8.0,1.0,0.0,0.0,0.0,0.0,0.0,7.0,1.0,,,0.0,0.0,0.0,0.0,7.0,0.0,1.0,8.0,0.0,0.0,0.0,0.0,0.0,0.0,0.0,,,,,,,,,,,,,
ghz,8,ionq,simulator,CPU,sync,1,4,3301.8131256103516,8.0,9.0,8.0,8.0,16.0,16.0,0.0,1.0,8.0,9.0,7.0,0.0,0.0,1.0,1.0,16.0,16.0,1.0,1.0,0.0,0.0,0.0,16.0,47.0,11.0,,0.0,7.0,2.0,3.0,2.875,8.0,8.0,1.0,0.0,0.0,0.0,0.0,0.0,7.0,1.0,,,0.0,0.0,0.0,0.0,7.0,0.0,1.0,8.0,0.0,0.0,0.0,0.0,0.0,0.0,0.0,,,,,,,,,,,,,
ghz,8,ionq,simulator,CPU,sync,1,4,2198.8630294799805,8.0,9.0,8.0,8.0,16.0,16.0,0.0,1.0,8.0,9.0,7.0,0.0,0.0,1.0,1.0,16.0,16.0,1.0,1.0,0.0,0.0,0.0,16.0,47.0,11.0,,0.0,7.0,2.0,3.0,2.875,8.0,8.0,1.0,0.0,0.0,0.0,0.0,0.0,7.0,1.0,,,0.0,0.0,0.0,0.0,7.0,0.0,1.0,8.0,0.0,0.0,0.0,0.0,0.0,0.0,0.0,,,,,,,,,,,,,
ghz,8,ionq,simulator,CPU,sync,1,4,2318.711280822754,8.0,9.0,8.0,8.0,16.0,16.0,0.0,1.0,8.0,9.0,7.0,0.0,0.0,1.0,1.0,16.0,16.0,1.0,1.0,0.0,0.0,0.0,16.0,47.0,11.0,,0.0,7.0,2.0,3.0,2.875,8.0,8.0,1.0,0.0,0.0,0.0,0.0,0.0,7.0,1.0,,,0.0,0.0,0.0,0.0,7.0,0.0,1.0,8.0,0.0,0.0,0.0,0.0,0.0,0.0,0.0,,,,,,,,,,,,,
ghz,8,ionq,simulator,CPU,sync,1,4,3301.8131256103516,8.0,9.0,8.0,8.0,16.0,16.0,0.0,1.0,8.0,9.0,7.0,0.0,0.0,1.0,1.0,16.0,16.0,1.0,1.0,0.0,0.0,0.0,16.0,47.0,11.0,,0.0,7.0,2.0,3.0,2.875,8.0,8.0,1.0,0.0,0.0,0.0,0.0,0.0,7.0,1.0,,,0.0,0.0,0.0,0.0,7.0,0.0,1.0,8.0,0.0,0.0,0.0,0.0,0.0,0.0,0.0,,,,,,,,,,,,,
ghz,8,ionq,simulator,CPU,sync,1,4,2198.8630294799805,8.0,9.0,8.0,8.0,16.0,16.0,0.0,1.0,8.0,9.0,7.0,0.0,0.0,1.0,1.0,16.0,16.0,1.0,1.0,0.0,0.0,0.0,16.0,47.0,11.0,,0.0,7.0,2.0,3.0,2.875,8.0,8.0,1.0,0.0,0.0,0.0,0.0,0.0,7.0,1.0,,,0.0,0.0,0.0,0.0,7.0,0.0,1.0,8.0,0.0,0.0,0.0,0.0,0.0,0.0,0.0,,,,,,,,,,,,,
ghz,8,ionq,simulator,CPU,sync,1,4,2318.711280822754,8.0,9.0,8.0,8.0,16.0,16.0,0.0,1.0,8.0,9.0,7.0,0.0,0.0,1.0,1.0,16.0,16.0,1.0,1.0,0.0,0.0,0.0,16.0,47.0,11.0,,0.0,7.0,2.0,3.0,2.875,8.0,8.0,1.0,0.0,0.0,0.0,0.0,0.0,7.0,1.0,,,0.0,0.0,0.0,0.0,7.0,0.0,1.0,8.0,0.0,0.0,0.0,0.0,0.0,0.0,0.0,,,,,,,,,,,,,
ghz,8,ionq,simulator,CPU,sync,1,8,4047.191381454468,8.0,9.0,8.0,8.0,16.0,16.0,0.0,1.0,8.0,9.0,7.0,0.0,0.0,1.0,1.0,16.0,16.0,1.0,1.0,0.0,0.0,0.0,16.0,47.0,11.0,,0.0,7.0,2.0,3.0,2.875,8.0,8.0,1.0,0.0,0.0,0.0,0.0,0.0,7.0,1.0,,,0.0,0.0,0.0,0.0,7.0,0.0,1.0,8.0,0.0,0.0,0.0,0.0,0.0,0.0,0.0,,,,,,,,,,,,,
ghz,8,qtensor,numpy,CPU,sync,1,4,41381.624937057495,8.0,9.0,8.0,8.0,16.0,16.0,0.0,1.0,8.0,9.0,7.0,0.0,0.0,1.0,1.0,16.0,16.0,1.0,1.0,0.0,0.0,0.0,16.0,47.0,11.0,,0.0,7.0,2.0,3.0,2.875,8.0,8.0,1.0,0.0,0.0,0.0,0.0,0.0,7.0,1.0,,,0.0,0.0,0.0,0.0,7.0,0.0,1.0,8.0,0.0,0.0,0.0,0.0,0.0,0.0,0.0,,,,,,,,,,,,,
ghz,8,qtensor,numpy,CPU,sync,1,4,20931.35666847229,8.0,9.0,8.0,8.0,16.0,16.0,0.0,1.0,8.0,9.0,7.0,0.0,0.0,1.0,1.0,16.0,16.0,1.0,1.0,0.0,0.0,0.0,16.0,47.0,11.0,,0.0,7.0,2.0,3.0,2.875,8.0,8.0,1.0,0.0,0.0,0.0,0.0,0.0,7.0,1.0,,,0.0,0.0,0.0,0.0,7.0,0.0,1.0,8.0,0.0,0.0,0.0,0.0,0.0,0.0,0.0,,,,,,,,,,,,,
ghz,8,qtensor,numpy,CPU,sync,1,4,20849.313020706177,8.0,9.0,8.0,8.0,16.0,16.0,0.0,1.0,8.0,9.0,7.0,0.0,0.0,1.0,1.0,16.0,16.0,1.0,1.0,0.0,0.0,0.0,16.0,47.0,11.0,,0.0,7.0,2.0,3.0,2.875,8.0,8.0,1.0,0.0,0.0,0.0,0.0,0.0,7.0,1.0,,,0.0,0.0,0.0,0.0,7.0,0.0,1.0,8.0,0.0,0.0,0.0,0.0,0.0,0.0,0.0,,,,,,,,,,,,,
ghz,8,qtensor,numpy,CPU,sync,1,4,41381.624937057495,8.0,9.0,8.0,8.0,16.0,16.0,0.0,1.0,8.0,9.0,7.0,0.0,0.0,1.0,1.0,16.0,16.0,1.0,1.0,0.0,0.0,0.0,16.0,47.0,11.0,,0.0,7.0,2.0,3.0,2.875,8.0,8.0,1.0,0.0,0.0,0.0,0.0,0.0,7.0,1.0,,,0.0,0.0,0.0,0.0,7.0,0.0,1.0,8.0,0.0,0.0,0.0,0.0,0.0,0.0,0.0,,,,,,,,,,,,,
ghz,8,qtensor,numpy,CPU,sync,1,4,20931.35666847229,8.0,9.0,8.0,8.0,16.0,16.0,0.0,1.0,8.0,9.0,7.0,0.0,0.0,1.0,1.0,16.0,16.0,1.0,1.0,0.0,0.0,0.0,16.0,47.0,11.0,,0.0,7.0,2.0,3.0,2.875,8.0,8.0,1.0,0.0,0.0,0.0,0.0,0.0,7.0,1.0,,,0.0,0.0,0.0,0.0,7.0,0.0,1.0,8.0,0.0,0.0,0.0,0.0,0.0,0.0,0.0,,,,,,,,,,,,,
ghz,8,qtensor,numpy,CPU,sync,1,4,20849.313020706177,8.0,9.0,8.0,8.0,16.0,16.0,0.0,1.0,8.0,9.0,7.0,0.0,0.0,1.0,1.0,16.0,16.0,1.0,1.0,0.0,0.0,0.0,16.0,47.0,11.0,,0.0,7.0,2.0,3.0,2.875,8.0,8.0,1.0,0.0,0.0,0.0,0.0,0.0,7.0,1.0,,,0.0,0.0,0.0,0.0,7.0,0.0,1.0,8.0,0.0,0.0,0.0,0.0,0.0,0.0,0.0,,,,,,,,,,,,,
ghz,8,ibmq,ibm_torino,CPU,sync,1,8,84.21754837036133,8.0,9.0,8.0,8.0,16.0,16.0,0.0,1.0,8.0,9.0,7.0,0.0,0.0,1.0,1.0,16.0,16.0,1.0,1.0,0.0,0.0,0.0,16.0,47.0,11.0,,0.0,7.0,2.0,3.0,2.875,8.0,8.0,1.0,0.0,0.0,0.0,0.0,0.0,7.0,1.0,,,0.0,0.0,0.0,0.0,7.0,0.0,1.0,8.0,0.0,0.0,0.0,0.0,0.0,0.0,0.0,,,,,,,,,,,,,
ghz,12,qiskitaer,statevector,CPU,sync,1,4,6964.895009994507,12.0,13.0,12.0,12.0,24.0,24.0,0.0,1.0,12.0,13.0,11.0,0.0,0.0,1.0,1.0,24.0,24.0,1.0,1.0,0.0,0.0,0.0,24.0,71.0,15.0,,0.0,11.0,2.0,3.0,2.9166666666666665,12.0,12.0,1.0,0.0,0.0,0.0,0.0,0.0,11.0,1.0,,,0.0,0.0,0.0,0.0,11.0,0.0,1.0,12.0,0.0,0.0,0.0,0.0,0.0,0.0,0.0,,,,,,,,,,,,,
ghz,12,qiskitaer,statevector,CPU,sync,1,4,6807.541847229004,12.0,13.0,12.0,12.0,24.0,24.0,0.0,1.0,12.0,13.0,11.0,0.0,0.0,1.0,1.0,24.0,24.0,1.0,1.0,0.0,0.0,0.0,24.0,71.0,15.0,,0.0,11.0,2.0,3.0,2.9166666666666665,12.0,12.0,1.0,0.0,0.0,0.0,0.0,0.0,11.0,1.0,,,0.0,0.0,0.0,0.0,11.0,0.0,1.0,12.0,0.0,0.0,0.0,0.0,0.0,0.0,0.0,,,,,,,,,,,,,
ghz,12,qiskitaer,statevector,CPU,sync,1,4,6843.60933303833,12.0,13.0,12.0,12.0,24.0,24.0,0.0,1.0,12.0,13.0,11.0,0.0,0.0,1.0,1.0,24.0,24.0,1.0,1.0,0.0,0.0,0.0,24.0,71.0,15.0,,0.0,11.0,2.0,3.0,2.9166666666666665,12.0,12.0,1.0,0.0,0.0,0.0,0.0,0.0,11.0,1.0,,,0.0,0.0,0.0,0.0,11.0,0.0,1.0,12.0,0.0,0.0,0.0,0.0,0.0,0.0,0.0,,,,,,,,,,,,,
ghz,12,qiskitaer,statevector,CPU,sync,1,4,6964.895009994507,12.0,13.0,12.0,12.0,24.0,24.0,0.0,1.0,12.0,13.0,11.0,0.0,0.0,1.0,1.0,24.0,24.0,1.0,1.0,0.0,0.0,0.0,24.0,71.0,15.0,,0.0,11.0,2.0,3.0,2.9166666666666665,12.0,12.0,1.0,0.0,0.0,0.0,0.0,0.0,11.0,1.0,,,0.0,0.0,0.0,0.0,11.0,0.0,1.0,12.0,0.0,0.0,0.0,0.0,0.0,0.0,0.0,,,,,,,,,,,,,
ghz,12,qiskitaer,statevector,CPU,sync,1,4,6807.541847229004,12.0,13.0,12.0,12.0,24.0,24.0,0.0,1.0,12.0,13.0,11.0,0.0,0.0,1.0,1.0,24.0,24.0,1.0,1.0,0.0,0.0,0.0,24.0,71.0,15.0,,0.0,11.0,2.0,3.0,2.9166666666666665,12.0,12.0,1.0,0.0,0.0,0.0,0.0,0.0,11.0,1.0,,,0.0,0.0,0.0,0.0,11.0,0.0,1.0,12.0,0.0,0.0,0.0,0.0,0.0,0.0,0.0,,,,,,,,,,,,,
ghz,12,qiskitaer,statevector,CPU,sync,1,4,6843.60933303833,12.0,13.0,12.0,12.0,24.0,24.0,0.0,1.0,12.0,13.0,11.0,0.0,0.0,1.0,1.0,24.0,24.0,1.0,1.0,0.0,0.0,0.0,24.0,71.0,15.0,,0.0,11.0,2.0,3.0,2.9166666666666665,12.0,12.0,1.0,0.0,0.0,0.0,0.0,0.0,11.0,1.0,,,0.0,0.0,0.0,0.0,11.0,0.0,1.0,12.0,0.0,0.0,0.0,0.0,0.0,0.0,0.0,,,,,,,,,,,,,
ghz,12,qiskitaer,automatic,CPU,sync,1,4,6870.822191238403,12.0,13.0,12.0,12.0,24.0,24.0,0.0,1.0,12.0,13.0,11.0,0.0,0.0,1.0,1.0,24.0,24.0,1.0,1.0,0.0,0.0,0.0,24.0,71.0,15.0,,0.0,11.0,2.0,3.0,2.9166666666666665,12.0,12.0,1.0,0.0,0.0,0.0,0.0,0.0,11.0,1.0,,,0.0,0.0,0.0,0.0,11.0,0.0,1.0,12.0,0.0,0.0,0.0,0.0,0.0,0.0,0.0,,,,,,,,,,,,,
ghz,12,qiskitaer,automatic,CPU,sync,1,4,6960.824728012085,12.0,13.0,12.0,12.0,24.0,24.0,0.0,1.0,12.0,13.0,11.0,0.0,0.0,1.0,1.0,24.0,24.0,1.0,1.0,0.0,0.0,0.0,24.0,71.0,15.0,,0.0,11.0,2.0,3.0,2.9166666666666665,12.0,12.0,1.0,0.0,0.0,0.0,0.0,0.0,11.0,1.0,,,0.0,0.0,0.0,0.0,11.0,0.0,1.0,12.0,0.0,0.0,0.0,0.0,0.0,0.0,0.0,,,,,,,,,,,,,
ghz,12,qiskitaer,automatic,CPU,sync,1,4,7057.335376739502,12.0,13.0,12.0,12.0,24.0,24.0,0.0,1.0,12.0,13.0,11.0,0.0,0.0,1.0,1.0,24.0,24.0,1.0,1.0,0.0,0.0,0.0,24.0,71.0,15.0,,0.0,11.0,2.0,3.0,2.9166666666666665,12.0,12.0,1.0,0.0,0.0,0.0,0.0,0.0,11.0,1.0,,,0.0,0.0,0.0,0.0,11.0,0.0,1.0,12.0,0.0,0.0,0.0,0.0,0.0,0.0,0.0,,,,,,,,,,,,,
ghz,12,qiskitaer,automatic,CPU,sync,1,4,6870.822191238403,12.0,13.0,12.0,12.0,24.0,24.0,0.0,1.0,12.0,13.0,11.0,0.0,0.0,1.0,1.0,24.0,24.0,1.0,1.0,0.0,0.0,0.0,24.0,71.0,15.0,,0.0,11.0,2.0,3.0,2.9166666666666665,12.0,12.0,1.0,0.0,0.0,0.0,0.0,0.0,11.0,1.0,,,0.0,0.0,0.0,0.0,11.0,0.0,1.0,12.0,0.0,0.0,0.0,0.0,0.0,0.0,0.0,,,,,,,,,,,,,
ghz,12,qiskitaer,automatic,CPU,sync,1,4,6960.824728012085,12.0,13.0,12.0,12.0,24.0,24.0,0.0,1.0,12.0,13.0,11.0,0.0,0.0,1.0,1.0,24.0,24.0,1.0,1.0,0.0,0.0,0.0,24.0,71.0,15.0,,0.0,11.0,2.0,3.0,2.9166666666666665,12.0,12.0,1.0,0.0,0.0,0.0,0.0,0.0,11.0,1.0,,,0.0,0.0,0.0,0.0,11.0,0.0,1.0,12.0,0.0,0.0,0.0,0.0,0.0,0.0,0.0,,,,,,,,,,,,,
ghz,12,qiskitaer,automatic,CPU,sync,1,4,7057.335376739502,12.0,13.0,12.0,12.0,24.0,24.0,0.0,1.0,12.0,13.0,11.0,0.0,0.0,1.0,1.0,24.0,24.0,1.0,1.0,0.0,0.0,0.0,24.0,71.0,15.0,,0.0,11.0,2.0,3.0,2.9166666666666665,12.0,12.0,1.0,0.0,0.0,0.0,0.0,0.0,11.0,1.0,,,0.0,0.0,0.0,0.0,11.0,0.0,1.0,12.0,0.0,0.0,0.0,0.0,0.0,0.0,0.0,,,,,,,,,,,,,
ghz,12,qiskitaer,matrix_product_state,CPU,sync,1,4,6886.407852172852,12.0,13.0,12.0,12.0,24.0,24.0,0.0,1.0,12.0,13.0,11.0,0.0,0.0,1.0,1.0,24.0,24.0,1.0,1.0,0.0,0.0,0.0,24.0,71.0,15.0,,0.0,11.0,2.0,3.0,2.9166666666666665,12.0,12.0,1.0,0.0,0.0,0.0,0.0,0.0,11.0,1.0,,,0.0,0.0,0.0,0.0,11.0,0.0,1.0,12.0,0.0,0.0,0.0,0.0,0.0,0.0,0.0,,,,,,,,,,,,,
ghz,12,qiskitaer,matrix_product_state,CPU,sync,1,4,6745.788097381592,12.0,13.0,12.0,12.0,24.0,24.0,0.0,1.0,12.0,13.0,11.0,0.0,0.0,1.0,1.0,24.0,24.0,1.0,1.0,0.0,0.0,0.0,24.0,71.0,15.0,,0.0,11.0,2.0,3.0,2.9166666666666665,12.0,12.0,1.0,0.0,0.0,0.0,0.0,0.0,11.0,1.0,,,0.0,0.0,0.0,0.0,11.0,0.0,1.0,12.0,0.0,0.0,0.0,0.0,0.0,0.0,0.0,,,,,,,,,,,,,
ghz,12,qiskitaer,matrix_product_state,CPU,sync,1,4,6975.944042205811,12.0,13.0,12.0,12.0,24.0,24.0,0.0,1.0,12.0,13.0,11.0,0.0,0.0,1.0,1.0,24.0,24.0,1.0,1.0,0.0,0.0,0.0,24.0,71.0,15.0,,0.0,11.0,2.0,3.0,2.9166666666666665,12.0,12.0,1.0,0.0,0.0,0.0,0.0,0.0,11.0,1.0,,,0.0,0.0,0.0,0.0,11.0,0.0,1.0,12.0,0.0,0.0,0.0,0.0,0.0,0.0,0.0,,,,,,,,,,,,,
ghz,12,qiskitaer,matrix_product_state,CPU,sync,1,4,6886.407852172852,12.0,13.0,12.0,12.0,24.0,24.0,0.0,1.0,12.0,13.0,11.0,0.0,0.0,1.0,1.0,24.0,24.0,1.0,1.0,0.0,0.0,0.0,24.0,71.0,15.0,,0.0,11.0,2.0,3.0,2.9166666666666665,12.0,12.0,1.0,0.0,0.0,0.0,0.0,0.0,11.0,1.0,,,0.0,0.0,0.0,0.0,11.0,0.0,1.0,12.0,0.0,0.0,0.0,0.0,0.0,0.0,0.0,,,,,,,,,,,,,
ghz,12,qiskitaer,matrix_product_state,CPU,sync,1,4,6745.788097381592,12.0,13.0,12.0,12.0,24.0,24.0,0.0,1.0,12.0,13.0,11.0,0.0,0.0,1.0,1.0,24.0,24.0,1.0,1.0,0.0,0.0,0.0,24.0,71.0,15.0,,0.0,11.0,2.0,3.0,2.9166666666666665,12.0,12.0,1.0,0.0,0.0,0.0,0.0,0.0,11.0,1.0,,,0.0,0.0,0.0,0.0,11.0,0.0,1.0,12.0,0.0,0.0,0.0,0.0,0.0,0.0,0.0,,,,,,,,,,,,,
ghz,12,qiskitaer,matrix_product_state,CPU,sync,1,4,6975.944042205811,12.0,13.0,12.0,12.0,24.0,24.0,0.0,1.0,12.0,13.0,11.0,0.0,0.0,1.0,1.0,24.0,24.0,1.0,1.0,0.0,0.0,0.0,24.0,71.0,15.0,,0.0,11.0,2.0,3.0,2.9166666666666665,12.0,12.0,1.0,0.0,0.0,0.0,0.0,0.0,11.0,1.0,,,0.0,0.0,0.0,0.0,11.0,0.0,1.0,12.0,0.0,0.0,0.0,0.0,0.0,0.0,0.0,,,,,,,,,,,,,
ghz,12,nwqsim,MPI,CPU,sync,1,4,650.2690315246582,12.0,13.0,12.0,12.0,24.0,24.0,0.0,1.0,12.0,13.0,11.0,0.0,0.0,1.0,1.0,24.0,24.0,1.0,1.0,0.0,0.0,0.0,24.0,71.0,15.0,,0.0,11.0,2.0,3.0,2.9166666666666665,12.0,12.0,1.0,0.0,0.0,0.0,0.0,0.0,11.0,1.0,,,0.0,0.0,0.0,0.0,11.0,0.0,1.0,12.0,0.0,0.0,0.0,0.0,0.0,0.0,0.0,,,,,,,,,,,,,
ghz,12,nwqsim,MPI,CPU,sync,1,4,398.7231254577637,12.0,13.0,12.0,12.0,24.0,24.0,0.0,1.0,12.0,13.0,11.0,0.0,0.0,1.0,1.0,24.0,24.0,1.0,1.0,0.0,0.0,0.0,24.0,71.0,15.0,,0.0,11.0,2.0,3.0,2.9166666666666665,12.0,12.0,1.0,0.0,0.0,0.0,0.0,0.0,11.0,1.0,,,0.0,0.0,0.0,0.0,11.0,0.0,1.0,12.0,0.0,0.0,0.0,0.0,0.0,0.0,0.0,,,,,,,,,,,,,
ghz,12,nwqsim,MPI,CPU,sync,1,4,329.19836044311523,12.0,13.0,12.0,12.0,24.0,24.0,0.0,1.0,12.0,13.0,11.0,0.0,0.0,1.0,1.0,24.0,24.0,1.0,1.0,0.0,0.0,0.0,24.0,71.0,15.0,,0.0,11.0,2.0,3.0,2.9166666666666665,12.0,12.0,1.0,0.0,0.0,0.0,0.0,0.0,11.0,1.0,,,0.0,0.0,0.0,0.0,11.0,0.0,1.0,12.0,0.0,0.0,0.0,0.0,0.0,0.0,0.0,,,,,,,,,,,,,
ghz,12,nwqsim,MPI,CPU,sync,1,4,650.2690315246582,12.0,13.0,12.0,12.0,24.0,24.0,0.0,1.0,12.0,13.0,11.0,0.0,0.0,1.0,1.0,24.0,24.0,1.0,1.0,0.0,0.0,0.0,24.0,71.0,15.0,,0.0,11.0,2.0,3.0,2.9166666666666665,12.0,12.0,1.0,0.0,0.0,0.0,0.0,0.0,11.0,1.0,,,0.0,0.0,0.0,0.0,11.0,0.0,1.0,12.0,0.0,0.0,0.0,0.0,0.0,0.0,0.0,,,,,,,,,,,,,
ghz,12,nwqsim,MPI,CPU,sync,1,4,398.7231254577637,12.0,13.0,12.0,12.0,24.0,24.0,0.0,1.0,12.0,13.0,11.0,0.0,0.0,1.0,1.0,24.0,24.0,1.0,1.0,0.0,0.0,0.0,24.0,71.0,15.0,,0.0,11.0,2.0,3.0,2.9166666666666665,12.0,12.0,1.0,0.0,0.0,0.0,0.0,0.0,11.0,1.0,,,0.0,0.0,0.0,0.0,11.0,0.0,1.0,12.0,0.0,0.0,0.0,0.0,0.0,0.0,0.0,,,,,,,,,,,,,
ghz,12,nwqsim,MPI,CPU,sync,1,4,329.19836044311523,12.0,13.0,12.0,12.0,24.0,24.0,0.0,1.0,12.0,13.0,11.0,0.0,0.0,1.0,1.0,24.0,24.0,1.0,1.0,0.0,0.0,0.0,24.0,71.0,15.0,,0.0,11.0,2.0,3.0,2.9166666666666665,12.0,12.0,1.0,0.0,0.0,0.0,0.0,0.0,11.0,1.0,,,0.0,0.0,0.0,0.0,11.0,0.0,1.0,12.0,0.0,0.0,0.0,0.0,0.0,0.0,0.0,,,,,,,,,,,,,
ghz,12,tnqvm,exatn-mps,CPU,sync,1,4,6031.95595741272,12.0,13.0,12.0,12.0,24.0,24.0,0.0,1.0,12.0,13.0,11.0,0.0,0.0,1.0,1.0,24.0,24.0,1.0,1.0,0.0,0.0,0.0,24.0,71.0,15.0,,0.0,11.0,2.0,3.0,2.9166666666666665,12.0,12.0,1.0,0.0,0.0,0.0,0.0,0.0,11.0,1.0,,,0.0,0.0,0.0,0.0,11.0,0.0,1.0,12.0,0.0,0.0,0.0,0.0,0.0,0.0,0.0,,,,,,,,,,,,,
ghz,12,tnqvm,exatn-mps,CPU,sync,1,4,2035.8378887176514,12.0,13.0,12.0,12.0,24.0,24.0,0.0,1.0,12.0,13.0,11.0,0.0,0.0,1.0,1.0,24.0,24.0,1.0,1.0,0.0,0.0,0.0,24.0,71.0,15.0,,0.0,11.0,2.0,3.0,2.9166666666666665,12.0,12.0,1.0,0.0,0.0,0.0,0.0,0.0,11.0,1.0,,,0.0,0.0,0.0,0.0,11.0,0.0,1.0,12.0,0.0,0.0,0.0,0.0,0.0,0.0,0.0,,,,,,,,,,,,,
ghz,12,tnqvm,exatn-mps,CPU,sync,1,4,1819.4983005523682,12.0,13.0,12.0,12.0,24.0,24.0,0.0,1.0,12.0,13.0,11.0,0.0,0.0,1.0,1.0,24.0,24.0,1.0,1.0,0.0,0.0,0.0,24.0,71.0,15.0,,0.0,11.0,2.0,3.0,2.9166666666666665,12.0,12.0,1.0,0.0,0.0,0.0,0.0,0.0,11.0,1.0,,,0.0,0.0,0.0,0.0,11.0,0.0,1.0,12.0,0.0,0.0,0.0,0.0,0.0,0.0,0.0,,,,,,,,,,,,,
ghz,12,tnqvm,exatn-mps,CPU,sync,1,4,6031.95595741272,12.0,13.0,12.0,12.0,24.0,24.0,0.0,1.0,12.0,13.0,11.0,0.0,0.0,1.0,1.0,24.0,24.0,1.0,1.0,0.0,0.0,0.0,24.0,71.0,15.0,,0.0,11.0,2.0,3.0,2.9166666666666665,12.0,12.0,1.0,0.0,0.0,0.0,0.0,0.0,11.0,1.0,,,0.0,0.0,0.0,0.0,11.0,0.0,1.0,12.0,0.0,0.0,0.0,0.0,0.0,0.0,0.0,,,,,,,,,,,,,
ghz,12,tnqvm,exatn-mps,CPU,sync,1,4,2035.8378887176514,12.0,13.0,12.0,12.0,24.0,24.0,0.0,1.0,12.0,13.0,11.0,0.0,0.0,1.0,1.0,24.0,24.0,1.0,1.0,0.0,0.0,0.0,24.0,71.0,15.0,,0.0,11.0,2.0,3.0,2.9166666666666665,12.0,12.0,1.0,0.0,0.0,0.0,0.0,0.0,11.0,1.0,,,0.0,0.0,0.0,0.0,11.0,0.0,1.0,12.0,0.0,0.0,0.0,0.0,0.0,0.0,0.0,,,,,,,,,,,,,
ghz,12,tnqvm,exatn-mps,CPU,sync,1,4,1819.4983005523682,12.0,13.0,12.0,12.0,24.0,24.0,0.0,1.0,12.0,13.0,11.0,0.0,0.0,1.0,1.0,24.0,24.0,1.0,1.0,0.0,0.0,0.0,24.0,71.0,15.0,,0.0,11.0,2.0,3.0,2.9166666666666665,12.0,12.0,1.0,0.0,0.0,0.0,0.0,0.0,11.0,1.0,,,0.0,0.0,0.0,0.0,11.0,0.0,1.0,12.0,0.0,0.0,0.0,0.0,0.0,0.0,0.0,,,,,,,,,,,,,
ghz,12,ionq,simulator,CPU,sync,1,4,2953.685522079468,12.0,13.0,12.0,12.0,24.0,24.0,0.0,1.0,12.0,13.0,11.0,0.0,0.0,1.0,1.0,24.0,24.0,1.0,1.0,0.0,0.0,0.0,24.0,71.0,15.0,,0.0,11.0,2.0,3.0,2.9166666666666665,12.0,12.0,1.0,0.0,0.0,0.0,0.0,0.0,11.0,1.0,,,0.0,0.0,0.0,0.0,11.0,0.0,1.0,12.0,0.0,0.0,0.0,0.0,0.0,0.0,0.0,,,,,,,,,,,,,
ghz,12,ionq,simulator,CPU,sync,1,4,6999.11642074585,12.0,13.0,12.0,12.0,24.0,24.0,0.0,1.0,12.0,13.0,11.0,0.0,0.0,1.0,1.0,24.0,24.0,1.0,1.0,0.0,0.0,0.0,24.0,71.0,15.0,,0.0,11.0,2.0,3.0,2.9166666666666665,12.0,12.0,1.0,0.0,0.0,0.0,0.0,0.0,11.0,1.0,,,0.0,0.0,0.0,0.0,11.0,0.0,1.0,12.0,0.0,0.0,0.0,0.0,0.0,0.0,0.0,,,,,,,,,,,,,
ghz,12,ionq,simulator,CPU,sync,1,4,0.0,12.0,13.0,12.0,12.0,24.0,24.0,0.0,1.0,12.0,13.0,11.0,0.0,0.0,1.0,1.0,24.0,24.0,1.0,1.0,0.0,0.0,0.0,24.0,71.0,15.0,,0.0,11.0,2.0,3.0,2.9166666666666665,12.0,12.0,1.0,0.0,0.0,0.0,0.0,0.0,11.0,1.0,,,0.0,0.0,0.0,0.0,11.0,0.0,1.0,12.0,0.0,0.0,0.0,0.0,0.0,0.0,0.0,,,,,,,,,,,,,
ghz,12,ionq,simulator,CPU,sync,1,4,2953.685522079468,12.0,13.0,12.0,12.0,24.0,24.0,0.0,1.0,12.0,13.0,11.0,0.0,0.0,1.0,1.0,24.0,24.0,1.0,1.0,0.0,0.0,0.0,24.0,71.0,15.0,,0.0,11.0,2.0,3.0,2.9166666666666665,12.0,12.0,1.0,0.0,0.0,0.0,0.0,0.0,11.0,1.0,,,0.0,0.0,0.0,0.0,11.0,0.0,1.0,12.0,0.0,0.0,0.0,0.0,0.0,0.0,0.0,,,,,,,,,,,,,
ghz,12,ionq,simulator,CPU,sync,1,4,6999.11642074585,12.0,13.0,12.0,12.0,24.0,24.0,0.0,1.0,12.0,13.0,11.0,0.0,0.0,1.0,1.0,24.0,24.0,1.0,1.0,0.0,0.0,0.0,24.0,71.0,15.0,,0.0,11.0,2.0,3.0,2.9166666666666665,12.0,12.0,1.0,0.0,0.0,0.0,0.0,0.0,11.0,1.0,,,0.0,0.0,0.0,0.0,11.0,0.0,1.0,12.0,0.0,0.0,0.0,0.0,0.0,0.0,0.0,,,,,,,,,,,,,
ghz,12,ionq,simulator,CPU,sync,1,4,0.0,12.0,13.0,12.0,12.0,24.0,24.0,0.0,1.0,12.0,13.0,11.0,0.0,0.0,1.0,1.0,24.0,24.0,1.0,1.0,0.0,0.0,0.0,24.0,71.0,15.0,,0.0,11.0,2.0,3.0,2.9166666666666665,12.0,12.0,1.0,0.0,0.0,0.0,0.0,0.0,11.0,1.0,,,0.0,0.0,0.0,0.0,11.0,0.0,1.0,12.0,0.0,0.0,0.0,0.0,0.0,0.0,0.0,,,,,,,,,,,,,
ghz,12,qtensor,numpy,CPU,sync,1,4,22470.781326293945,12.0,13.0,12.0,12.0,24.0,24.0,0.0,1.0,12.0,13.0,11.0,0.0,0.0,1.0,1.0,24.0,24.0,1.0,1.0,0.0,0.0,0.0,24.0,71.0,15.0,,0.0,11.0,2.0,3.0,2.9166666666666665,12.0,12.0,1.0,0.0,0.0,0.0,0.0,0.0,11.0,1.0,,,0.0,0.0,0.0,0.0,11.0,0.0,1.0,12.0,0.0,0.0,0.0,0.0,0.0,0.0,0.0,,,,,,,,,,,,,
ghz,12,qtensor,numpy,CPU,sync,1,4,19544.88968849182,12.0,13.0,12.0,12.0,24.0,24.0,0.0,1.0,12.0,13.0,11.0,0.0,0.0,1.0,1.0,24.0,24.0,1.0,1.0,0.0,0.0,0.0,24.0,71.0,15.0,,0.0,11.0,2.0,3.0,2.9166666666666665,12.0,12.0,1.0,0.0,0.0,0.0,0.0,0.0,11.0,1.0,,,0.0,0.0,0.0,0.0,11.0,0.0,1.0,12.0,0.0,0.0,0.0,0.0,0.0,0.0,0.0,,,,,,,,,,,,,
ghz,12,qtensor,numpy,CPU,sync,1,4,19665.31276702881,12.0,13.0,12.0,12.0,24.0,24.0,0.0,1.0,12.0,13.0,11.0,0.0,0.0,1.0,1.0,24.0,24.0,1.0,1.0,0.0,0.0,0.0,24.0,71.0,15.0,,0.0,11.0,2.0,3.0,2.9166666666666665,12.0,12.0,1.0,0.0,0.0,0.0,0.0,0.0,11.0,1.0,,,0.0,0.0,0.0,0.0,11.0,0.0,1.0,12.0,0.0,0.0,0.0,0.0,0.0,0.0,0.0,,,,,,,,,,,,,
ghz,12,qtensor,numpy,CPU,sync,1,4,22470.781326293945,12.0,13.0,12.0,12.0,24.0,24.0,0.0,1.0,12.0,13.0,11.0,0.0,0.0,1.0,1.0,24.0,24.0,1.0,1.0,0.0,0.0,0.0,24.0,71.0,15.0,,0.0,11.0,2.0,3.0,2.9166666666666665,12.0,12.0,1.0,0.0,0.0,0.0,0.0,0.0,11.0,1.0,,,0.0,0.0,0.0,0.0,11.0,0.0,1.0,12.0,0.0,0.0,0.0,0.0,0.0,0.0,0.0,,,,,,,,,,,,,
ghz,12,qtensor,numpy,CPU,sync,1,4,19544.88968849182,12.0,13.0,12.0,12.0,24.0,24.0,0.0,1.0,12.0,13.0,11.0,0.0,0.0,1.0,1.0,24.0,24.0,1.0,1.0,0.0,0.0,0.0,24.0,71.0,15.0,,0.0,11.0,2.0,3.0,2.9166666666666665,12.0,12.0,1.0,0.0,0.0,0.0,0.0,0.0,11.0,1.0,,,0.0,0.0,0.0,0.0,11.0,0.0,1.0,12.0,0.0,0.0,0.0,0.0,0.0,0.0,0.0,,,,,,,,,,,,,
ghz,12,qtensor,numpy,CPU,sync,1,4,19665.31276702881,12.0,13.0,12.0,12.0,24.0,24.0,0.0,1.0,12.0,13.0,11.0,0.0,0.0,1.0,1.0,24.0,24.0,1.0,1.0,0.0,0.0,0.0,24.0,71.0,15.0,,0.0,11.0,2.0,3.0,2.9166666666666665,12.0,12.0,1.0,0.0,0.0,0.0,0.0,0.0,11.0,1.0,,,0.0,0.0,0.0,0.0,11.0,0.0,1.0,12.0,0.0,0.0,0.0,0.0,0.0,0.0,0.0,,,,,,,,,,,,,
ghz,24,nwqsim,MPI,CPU,sync,1,8,2467.304229736328,,,,,,,,,,,,,,,,,,,,,,,,,,,,,,,,,,,,,,,,,,,,,,,,,,,,,,,,,,,,,,,,,,,,,,,
ghz,24,nwqsim,MPI,CPU,sync,1,8,2174.8623847961426,,,,,,,,,,,,,,,,,,,,,,,,,,,,,,,,,,,,,,,,,,,,,,,,,,,,,,,,,,,,,,,,,,,,,,,
ghz,24,nwqsim,MPI,CPU,sync,1,8,2195.7828998565674,,,,,,,,,,,,,,,,,,,,,,,,,,,,,,,,,,,,,,,,,,,,,,,,,,,,,,,,,,,,,,,,,,,,,,,
ghz,24,nwqsim,MPI,CPU,sync,1,8,2467.304229736328,,,,,,,,,,,,,,,,,,,,,,,,,,,,,,,,,,,,,,,,,,,,,,,,,,,,,,,,,,,,,,,,,,,,,,,
ghz,24,nwqsim,MPI,CPU,sync,1,8,2174.8623847961426,,,,,,,,,,,,,,,,,,,,,,,,,,,,,,,,,,,,,,,,,,,,,,,,,,,,,,,,,,,,,,,,,,,,,,,
ghz,24,nwqsim,MPI,CPU,sync,1,8,2195.7828998565674,,,,,,,,,,,,,,,,,,,,,,,,,,,,,,,,,,,,,,,,,,,,,,,,,,,,,,,,,,,,,,,,,,,,,,,
ghz,24,nwqsim,MPI,CPU,sync,2,8,1979.3179035186768,,,,,,,,,,,,,,,,,,,,,,,,,,,,,,,,,,,,,,,,,,,,,,,,,,,,,,,,,,,,,,,,,,,,,,,
ghz,24,nwqsim,MPI,CPU,sync,2,8,1666.6271686553955,,,,,,,,,,,,,,,,,,,,,,,,,,,,,,,,,,,,,,,,,,,,,,,,,,,,,,,,,,,,,,,,,,,,,,,
ghz,24,nwqsim,MPI,CPU,sync,2,8,1591.623306274414,,,,,,,,,,,,,,,,,,,,,,,,,,,,,,,,,,,,,,,,,,,,,,,,,,,,,,,,,,,,,,,,,,,,,,,
ghz,24,nwqsim,MPI,CPU,sync,2,8,1979.3179035186768,,,,,,,,,,,,,,,,,,,,,,,,,,,,,,,,,,,,,,,,,,,,,,,,,,,,,,,,,,,,,,,,,,,,,,,
ghz,24,nwqsim,MPI,CPU,sync,2,8,1666.6271686553955,,,,,,,,,,,,,,,,,,,,,,,,,,,,,,,,,,,,,,,,,,,,,,,,,,,,,,,,,,,,,,,,,,,,,,,
ghz,24,nwqsim,MPI,CPU,sync,2,8,1591.623306274414,,,,,,,,,,,,,,,,,,,,,,,,,,,,,,,,,,,,,,,,,,,,,,,,,,,,,,,,,,,,,,,,,,,,,,,
ghz,24,nwqsim,MPI,CPU,sync,16,8,5200.456380844116,,,,,,,,,,,,,,,,,,,,,,,,,,,,,,,,,,,,,,,,,,,,,,,,,,,,,,,,,,,,,,,,,,,,,,,
ghz,24,nwqsim,MPI,CPU,sync,16,8,5186.076402664185,,,,,,,,,,,,,,,,,,,,,,,,,,,,,,,,,,,,,,,,,,,,,,,,,,,,,,,,,,,,,,,,,,,,,,,
ghz,24,nwqsim,MPI,CPU,sync,16,8,5185.541391372681,,,,,,,,,,,,,,,,,,,,,,,,,,,,,,,,,,,,,,,,,,,,,,,,,,,,,,,,,,,,,,,,,,,,,,,
ghz,24,nwqsim,MPI,CPU,sync,16,8,5184.729337692261,,,,,,,,,,,,,,,,,,,,,,,,,,,,,,,,,,,,,,,,,,,,,,,,,,,,,,,,,,,,,,,,,,,,,,,
ghz,24,nwqsim,MPI,CPU,sync,16,8,5186.279535293579,,,,,,,,,,,,,,,,,,,,,,,,,,,,,,,,,,,,,,,,,,,,,,,,,,,,,,,,,,,,,,,,,,,,,,,
ghz,24,nwqsim,MPI,CPU,sync,16,8,5185.31608581543,,,,,,,,,,,,,,,,,,,,,,,,,,,,,,,,,,,,,,,,,,,,,,,,,,,,,,,,,,,,,,,,,,,,,,,
ghz,24,nwqsim,MPI,CPU,sync,16,8,5185.61053276062,,,,,,,,,,,,,,,,,,,,,,,,,,,,,,,,,,,,,,,,,,,,,,,,,,,,,,,,,,,,,,,,,,,,,,,
ghz,24,nwqsim,MPI,CPU,sync,16,8,5188.2500648498535,,,,,,,,,,,,,,,,,,,,,,,,,,,,,,,,,,,,,,,,,,,,,,,,,,,,,,,,,,,,,,,,,,,,,,,
ghz,24,nwqsim,MPI,CPU,sync,16,8,5185.4894161224365,,,,,,,,,,,,,,,,,,,,,,,,,,,,,,,,,,,,,,,,,,,,,,,,,,,,,,,,,,,,,,,,,,,,,,,
ghz,24,nwqsim,MPI,CPU,sync,16,8,5188.062906265259,,,,,,,,,,,,,,,,,,,,,,,,,,,,,,,,,,,,,,,,,,,,,,,,,,,,,,,,,,,,,,,,,,,,,,,
ghz,24,nwqsim,MPI,CPU,sync,8,4,5200.684070587158,,,,,,,,,,,,,,,,,,,,,,,,,,,,,,,,,,,,,,,,,,,,,,,,,,,,,,,,,,,,,,,,,,,,,,,
ghz,24,nwqsim,MPI,CPU,sync,8,4,5185.382604598999,,,,,,,,,,,,,,,,,,,,,,,,,,,,,,,,,,,,,,,,,,,,,,,,,,,,,,,,,,,,,,,,,,,,,,,
ghz,24,nwqsim,MPI,CPU,sync,8,4,5179.83865737915,,,,,,,,,,,,,,,,,,,,,,,,,,,,,,,,,,,,,,,,,,,,,,,,,,,,,,,,,,,,,,,,,,,,,,,
ghz,24,nwqsim,MPI,CPU,sync,8,4,5179.178714752197,,,,,,,,,,,,,,,,,,,,,,,,,,,,,,,,,,,,,,,,,,,,,,,,,,,,,,,,,,,,,,,,,,,,,,,
ghz,24,nwqsim,MPI,CPU,sync,8,4,5191.19668006897,,,,,,,,,,,,,,,,,,,,,,,,,,,,,,,,,,,,,,,,,,,,,,,,,,,,,,,,,,,,,,,,,,,,,,,
ghz,24,nwqsim,MPI,CPU,sync,8,4,5179.841041564941,,,,,,,,,,,,,,,,,,,,,,,,,,,,,,,,,,,,,,,,,,,,,,,,,,,,,,,,,,,,,,,,,,,,,,,
ghz,24,nwqsim,MPI,CPU,sync,8,4,5183.097362518311,,,,,,,,,,,,,,,,,,,,,,,,,,,,,,,,,,,,,,,,,,,,,,,,,,,,,,,,,,,,,,,,,,,,,,,
ghz,24,nwqsim,MPI,CPU,sync,8,4,5181.465864181519,,,,,,,,,,,,,,,,,,,,,,,,,,,,,,,,,,,,,,,,,,,,,,,,,,,,,,,,,,,,,,,,,,,,,,,
ghz,24,nwqsim,MPI,CPU,sync,8,4,5185.491561889648,,,,,,,,,,,,,,,,,,,,,,,,,,,,,,,,,,,,,,,,,,,,,,,,,,,,,,,,,,,,,,,,,,,,,,,
ghz,24,nwqsim,MPI,CPU,sync,8,4,5182.429075241089,,,,,,,,,,,,,,,,,,,,,,,,,,,,,,,,,,,,,,,,,,,,,,,,,,,,,,,,,,,,,,,,,,,,,,,
ghz,24,qtensor,numpy,CPU,sync,1,8,22141.358137130737,,,,,,,,,,,,,,,,,,,,,,,,,,,,,,,,,,,,,,,,,,,,,,,,,,,,,,,,,,,,,,,,,,,,,,,
ghz,24,qtensor,numpy,CPU,sync,1,8,21702.311992645264,,,,,,,,,,,,,,,,,,,,,,,,,,,,,,,,,,,,,,,,,,,,,,,,,,,,,,,,,,,,,,,,,,,,,,,
ghz,24,qtensor,numpy,CPU,sync,1,8,20949.159145355225,,,,,,,,,,,,,,,,,,,,,,,,,,,,,,,,,,,,,,,,,,,,,,,,,,,,,,,,,,,,,,,,,,,,,,,
ghz,24,qtensor,numpy,CPU,sync,1,8,22141.358137130737,,,,,,,,,,,,,,,,,,,,,,,,,,,,,,,,,,,,,,,,,,,,,,,,,,,,,,,,,,,,,,,,,,,,,,,
ghz,24,qtensor,numpy,CPU,sync,1,8,21702.311992645264,,,,,,,,,,,,,,,,,,,,,,,,,,,,,,,,,,,,,,,,,,,,,,,,,,,,,,,,,,,,,,,,,,,,,,,
ghz,24,qtensor,numpy,CPU,sync,1,8,20949.159145355225,,,,,,,,,,,,,,,,,,,,,,,,,,,,,,,,,,,,,,,,,,,,,,,,,,,,,,,,,,,,,,,,,,,,,,,
ghz,24,qtensor,numpy,CPU,sync,2,8,22294.770002365112,,,,,,,,,,,,,,,,,,,,,,,,,,,,,,,,,,,,,,,,,,,,,,,,,,,,,,,,,,,,,,,,,,,,,,,
ghz,24,qtensor,numpy,CPU,sync,2,8,21051.473379135132,,,,,,,,,,,,,,,,,,,,,,,,,,,,,,,,,,,,,,,,,,,,,,,,,,,,,,,,,,,,,,,,,,,,,,,
ghz,24,qtensor,numpy,CPU,sync,2,8,21311.24472618103,,,,,,,,,,,,,,,,,,,,,,,,,,,,,,,,,,,,,,,,,,,,,,,,,,,,,,,,,,,,,,,,,,,,,,,
ghz,24,qtensor,numpy,CPU,sync,2,8,22294.770002365112,,,,,,,,,,,,,,,,,,,,,,,,,,,,,,,,,,,,,,,,,,,,,,,,,,,,,,,,,,,,,,,,,,,,,,,
ghz,24,qtensor,numpy,CPU,sync,2,8,21051.473379135132,,,,,,,,,,,,,,,,,,,,,,,,,,,,,,,,,,,,,,,,,,,,,,,,,,,,,,,,,,,,,,,,,,,,,,,
ghz,24,qtensor,numpy,CPU,sync,2,8,21311.24472618103,,,,,,,,,,,,,,,,,,,,,,,,,,,,,,,,,,,,,,,,,,,,,,,,,,,,,,,,,,,,,,,,,,,,,,,
ghz,24,qiskitaer,matrix_product_state,CPU,sync,2,8,7575.523853302002,,,,,,,,,,,,,,,,,,,,,,,,,,,,,,,,,,,,,,,,,,,,,,,,,,,,,,,,,,,,,,,,,,,,,,,
ghz,24,qiskitaer,matrix_product_state,CPU,sync,2,8,6979.418992996216,,,,,,,,,,,,,,,,,,,,,,,,,,,,,,,,,,,,,,,,,,,,,,,,,,,,,,,,,,,,,,,,,,,,,,,
ghz,24,qiskitaer,matrix_product_state,CPU,sync,2,8,7132.920503616333,,,,,,,,,,,,,,,,,,,,,,,,,,,,,,,,,,,,,,,,,,,,,,,,,,,,,,,,,,,,,,,,,,,,,,,
ghz,24,qiskitaer,matrix_product_state,CPU,sync,2,8,7575.523853302002,,,,,,,,,,,,,,,,,,,,,,,,,,,,,,,,,,,,,,,,,,,,,,,,,,,,,,,,,,,,,,,,,,,,,,,
ghz,24,qiskitaer,matrix_product_state,CPU,sync,2,8,6979.418992996216,,,,,,,,,,,,,,,,,,,,,,,,,,,,,,,,,,,,,,,,,,,,,,,,,,,,,,,,,,,,,,,,,,,,,,,
ghz,24,qiskitaer,matrix_product_state,CPU,sync,2,8,7132.920503616333,,,,,,,,,,,,,,,,,,,,,,,,,,,,,,,,,,,,,,,,,,,,,,,,,,,,,,,,,,,,,,,,,,,,,,,
ghz,24,qiskitaer,matrix_product_state,CPU,sync,1,8,7942.859888076782,,,,,,,,,,,,,,,,,,,,,,,,,,,,,,,,,,,,,,,,,,,,,,,,,,,,,,,,,,,,,,,,,,,,,,,
ghz,24,qiskitaer,matrix_product_state,CPU,sync,1,8,6757.800340652466,,,,,,,,,,,,,,,,,,,,,,,,,,,,,,,,,,,,,,,,,,,,,,,,,,,,,,,,,,,,,,,,,,,,,,,
ghz,24,qiskitaer,matrix_product_state,CPU,sync,1,8,6622.023820877075,,,,,,,,,,,,,,,,,,,,,,,,,,,,,,,,,,,,,,,,,,,,,,,,,,,,,,,,,,,,,,,,,,,,,,,
ghz,24,qiskitaer,matrix_product_state,CPU,sync,1,8,7942.859888076782,,,,,,,,,,,,,,,,,,,,,,,,,,,,,,,,,,,,,,,,,,,,,,,,,,,,,,,,,,,,,,,,,,,,,,,
ghz,24,qiskitaer,matrix_product_state,CPU,sync,1,8,6757.800340652466,,,,,,,,,,,,,,,,,,,,,,,,,,,,,,,,,,,,,,,,,,,,,,,,,,,,,,,,,,,,,,,,,,,,,,,
ghz,24,qiskitaer,matrix_product_state,CPU,sync,1,8,6622.023820877075,,,,,,,,,,,,,,,,,,,,,,,,,,,,,,,,,,,,,,,,,,,,,,,,,,,,,,,,,,,,,,,,,,,,,,,
ghz,24,qiskitaer,automatic,CPU,sync,2,8,7553.826093673706,,,,,,,,,,,,,,,,,,,,,,,,,,,,,,,,,,,,,,,,,,,,,,,,,,,,,,,,,,,,,,,,,,,,,,,
ghz,24,qiskitaer,automatic,CPU,sync,2,8,6992.269277572632,,,,,,,,,,,,,,,,,,,,,,,,,,,,,,,,,,,,,,,,,,,,,,,,,,,,,,,,,,,,,,,,,,,,,,,
ghz,24,qiskitaer,automatic,CPU,sync,2,8,7176.347970962524,,,,,,,,,,,,,,,,,,,,,,,,,,,,,,,,,,,,,,,,,,,,,,,,,,,,,,,,,,,,,,,,,,,,,,,
ghz,24,qiskitaer,automatic,CPU,sync,2,8,7553.826093673706,,,,,,,,,,,,,,,,,,,,,,,,,,,,,,,,,,,,,,,,,,,,,,,,,,,,,,,,,,,,,,,,,,,,,,,
ghz,24,qiskitaer,automatic,CPU,sync,2,8,6992.269277572632,,,,,,,,,,,,,,,,,,,,,,,,,,,,,,,,,,,,,,,,,,,,,,,,,,,,,,,,,,,,,,,,,,,,,,,
ghz,24,qiskitaer,automatic,CPU,sync,2,8,7176.347970962524,,,,,,,,,,,,,,,,,,,,,,,,,,,,,,,,,,,,,,,,,,,,,,,,,,,,,,,,,,,,,,,,,,,,,,,
ghz,24,qiskitaer,automatic,CPU,sync,1,8,7449.054718017578,,,,,,,,,,,,,,,,,,,,,,,,,,,,,,,,,,,,,,,,,,,,,,,,,,,,,,,,,,,,,,,,,,,,,,,
ghz,24,qiskitaer,automatic,CPU,sync,1,8,6184.12446975708,,,,,,,,,,,,,,,,,,,,,,,,,,,,,,,,,,,,,,,,,,,,,,,,,,,,,,,,,,,,,,,,,,,,,,,
ghz,24,qiskitaer,automatic,CPU,sync,1,8,7004.834413528442,,,,,,,,,,,,,,,,,,,,,,,,,,,,,,,,,,,,,,,,,,,,,,,,,,,,,,,,,,,,,,,,,,,,,,,
ghz,24,qiskitaer,automatic,CPU,sync,1,8,7449.054718017578,,,,,,,,,,,,,,,,,,,,,,,,,,,,,,,,,,,,,,,,,,,,,,,,,,,,,,,,,,,,,,,,,,,,,,,
ghz,24,qiskitaer,automatic,CPU,sync,1,8,6184.12446975708,,,,,,,,,,,,,,,,,,,,,,,,,,,,,,,,,,,,,,,,,,,,,,,,,,,,,,,,,,,,,,,,,,,,,,,
ghz,24,qiskitaer,automatic,CPU,sync,1,8,7004.834413528442,,,,,,,,,,,,,,,,,,,,,,,,,,,,,,,,,,,,,,,,,,,,,,,,,,,,,,,,,,,,,,,,,,,,,,,
ghz,24,qiskitaer,statevector,CPU,sync,1,8,25717.363595962524,,,,,,,,,,,,,,,,,,,,,,,,,,,,,,,,,,,,,,,,,,,,,,,,,,,,,,,,,,,,,,,,,,,,,,,
ghz,24,qiskitaer,statevector,CPU,sync,1,8,24936.82074546814,,,,,,,,,,,,,,,,,,,,,,,,,,,,,,,,,,,,,,,,,,,,,,,,,,,,,,,,,,,,,,,,,,,,,,,
ghz,24,qiskitaer,statevector,CPU,sync,1,8,24760.561227798462,,,,,,,,,,,,,,,,,,,,,,,,,,,,,,,,,,,,,,,,,,,,,,,,,,,,,,,,,,,,,,,,,,,,,,,
ghz,24,qiskitaer,statevector,CPU,sync,1,8,25717.363595962524,,,,,,,,,,,,,,,,,,,,,,,,,,,,,,,,,,,,,,,,,,,,,,,,,,,,,,,,,,,,,,,,,,,,,,,
ghz,24,qiskitaer,statevector,CPU,sync,1,8,24936.82074546814,,,,,,,,,,,,,,,,,,,,,,,,,,,,,,,,,,,,,,,,,,,,,,,,,,,,,,,,,,,,,,,,,,,,,,,
ghz,24,qiskitaer,statevector,CPU,sync,1,8,24760.561227798462,,,,,,,,,,,,,,,,,,,,,,,,,,,,,,,,,,,,,,,,,,,,,,,,,,,,,,,,,,,,,,,,,,,,,,,
ghz,24,ionq,simulator,CPU,sync,2,8,2922.1527576446533,,,,,,,,,,,,,,,,,,,,,,,,,,,,,,,,,,,,,,,,,,,,,,,,,,,,,,,,,,,,,,,,,,,,,,,
ghz,24,ionq,simulator,CPU,sync,2,8,2941.006898880005,,,,,,,,,,,,,,,,,,,,,,,,,,,,,,,,,,,,,,,,,,,,,,,,,,,,,,,,,,,,,,,,,,,,,,,
ghz,24,ionq,simulator,CPU,sync,2,8,2922.1527576446533,,,,,,,,,,,,,,,,,,,,,,,,,,,,,,,,,,,,,,,,,,,,,,,,,,,,,,,,,,,,,,,,,,,,,,,
ghz,24,ionq,simulator,CPU,sync,2,8,2941.006898880005,,,,,,,,,,,,,,,,,,,,,,,,,,,,,,,,,,,,,,,,,,,,,,,,,,,,,,,,,,,,,,,,,,,,,,,
ghz,24,ionq,simulator,CPU,sync,1,8,2922.1527576446533,,,,,,,,,,,,,,,,,,,,,,,,,,,,,,,,,,,,,,,,,,,,,,,,,,,,,,,,,,,,,,,,,,,,,,,
ghz,24,ionq,simulator,CPU,sync,1,8,2941.006898880005,,,,,,,,,,,,,,,,,,,,,,,,,,,,,,,,,,,,,,,,,,,,,,,,,,,,,,,,,,,,,,,,,,,,,,,
ghz,24,ionq,simulator,CPU,sync,1,8,2922.1527576446533,,,,,,,,,,,,,,,,,,,,,,,,,,,,,,,,,,,,,,,,,,,,,,,,,,,,,,,,,,,,,,,,,,,,,,,
ghz,24,ionq,simulator,CPU,sync,1,8,2941.006898880005,,,,,,,,,,,,,,,,,,,,,,,,,,,,,,,,,,,,,,,,,,,,,,,,,,,,,,,,,,,,,,,,,,,,,,,
ghz,30,nwqsim,MPI,CPU,sync,2,8,83069.10157203674,,,,,,,,,,,,,,,,,,,,,,,,,,,,,,,,,,,,,,,,,,,,,,,,,,,,,,,,,,,,,,,,,,,,,,,
ghz,30,nwqsim,MPI,CPU,sync,2,8,83363.61861228943,,,,,,,,,,,,,,,,,,,,,,,,,,,,,,,,,,,,,,,,,,,,,,,,,,,,,,,,,,,,,,,,,,,,,,,
ghz,30,nwqsim,MPI,CPU,sync,2,8,83554.95047569275,,,,,,,,,,,,,,,,,,,,,,,,,,,,,,,,,,,,,,,,,,,,,,,,,,,,,,,,,,,,,,,,,,,,,,,
ghz,30,nwqsim,MPI,CPU,sync,2,8,83069.10157203674,,,,,,,,,,,,,,,,,,,,,,,,,,,,,,,,,,,,,,,,,,,,,,,,,,,,,,,,,,,,,,,,,,,,,,,
ghz,30,nwqsim,MPI,CPU,sync,2,8,83363.61861228943,,,,,,,,,,,,,,,,,,,,,,,,,,,,,,,,,,,,,,,,,,,,,,,,,,,,,,,,,,,,,,,,,,,,,,,
ghz,30,nwqsim,MPI,CPU,sync,2,8,83554.95047569275,,,,,,,,,,,,,,,,,,,,,,,,,,,,,,,,,,,,,,,,,,,,,,,,,,,,,,,,,,,,,,,,,,,,,,,
ghz,30,nwqsim,MPI,CPU,sync,2,8,181872.061252594,,,,,,,,,,,,,,,,,,,,,,,,,,,,,,,,,,,,,,,,,,,,,,,,,,,,,,,,,,,,,,,,,,,,,,,
ghz,30,nwqsim,MPI,CPU,sync,2,8,181858.54077339172,,,,,,,,,,,,,,,,,,,,,,,,,,,,,,,,,,,,,,,,,,,,,,,,,,,,,,,,,,,,,,,,,,,,,,,
ghz,30,nwqsim,MPI,CPU,sync,2,8,187113.02280426025,,,,,,,,,,,,,,,,,,,,,,,,,,,,,,,,,,,,,,,,,,,,,,,,,,,,,,,,,,,,,,,,,,,,,,,
ghz,30,nwqsim,MPI,CPU,sync,2,8,181920.5780029297,,,,,,,,,,,,,,,,,,,,,,,,,,,,,,,,,,,,,,,,,,,,,,,,,,,,,,,,,,,,,,,,,,,,,,,
ghz,30,nwqsim,MPI,CPU,sync,2,8,191976.8259525299,,,,,,,,,,,,,,,,,,,,,,,,,,,,,,,,,,,,,,,,,,,,,,,,,,,,,,,,,,,,,,,,,,,,,,,
ghz,30,nwqsim,MPI,CPU,sync,2,16,45736.40060424805,,,,,,,,,,,,,,,,,,,,,,,,,,,,,,,,,,,,,,,,,,,,,,,,,,,,,,,,,,,,,,,,,,,,,,,
ghz,30,nwqsim,MPI,CPU,sync,2,16,45461.21668815613,,,,,,,,,,,,,,,,,,,,,,,,,,,,,,,,,,,,,,,,,,,,,,,,,,,,,,,,,,,,,,,,,,,,,,,
ghz,30,nwqsim,MPI,CPU,sync,2,16,45491.392850875854,,,,,,,,,,,,,,,,,,,,,,,,,,,,,,,,,,,,,,,,,,,,,,,,,,,,,,,,,,,,,,,,,,,,,,,
ghz,30,nwqsim,MPI,CPU,sync,2,16,45736.40060424805,,,,,,,,,,,,,,,,,,,,,,,,,,,,,,,,,,,,,,,,,,,,,,,,,,,,,,,,,,,,,,,,,,,,,,,
ghz,30,nwqsim,MPI,CPU,sync,2,16,45461.21668815613,,,,,,,,,,,,,,,,,,,,,,,,,,,,,,,,,,,,,,,,,,,,,,,,,,,,,,,,,,,,,,,,,,,,,,,
ghz,30,nwqsim,MPI,CPU,sync,2,16,45491.392850875854,,,,,,,,,,,,,,,,,,,,,,,,,,,,,,,,,,,,,,,,,,,,,,,,,,,,,,,,,,,,,,,,,,,,,,,
ghz,30,nwqsim,MPI,CPU,sync,2,4,353476.9105911255,,,,,,,,,,,,,,,,,,,,,,,,,,,,,,,,,,,,,,,,,,,,,,,,,,,,,,,,,,,,,,,,,,,,,,,
ghz,30,nwqsim,MPI,CPU,sync,2,4,353441.9357776642,,,,,,,,,,,,,,,,,,,,,,,,,,,,,,,,,,,,,,,,,,,,,,,,,,,,,,,,,,,,,,,,,,,,,,,
ghz,30,nwqsim,MPI,CPU,sync,2,4,353485.67962646484,,,,,,,,,,,,,,,,,,,,,,,,,,,,,,,,,,,,,,,,,,,,,,,,,,,,,,,,,,,,,,,,,,,,,,,
ghz,30,nwqsim,MPI,CPU,sync,2,4,348435.76312065125,,,,,,,,,,,,,,,,,,,,,,,,,,,,,,,,,,,,,,,,,,,,,,,,,,,,,,,,,,,,,,,,,,,,,,,
ghz,30,nwqsim,MPI,CPU,sync,2,4,348469.46573257446,,,,,,,,,,,,,,,,,,,,,,,,,,,,,,,,,,,,,,,,,,,,,,,,,,,,,,,,,,,,,,,,,,,,,,,
ghz,30,nwqsim,MPI,CPU,sync,16,2,101125.23627281189,,,,,,,,,,,,,,,,,,,,,,,,,,,,,,,,,,,,,,,,,,,,,,,,,,,,,,,,,,,,,,,,,,,,,,,
ghz,30,nwqsim,MPI,CPU,sync,16,2,96061.28811836243,,,,,,,,,,,,,,,,,,,,,,,,,,,,,,,,,,,,,,,,,,,,,,,,,,,,,,,,,,,,,,,,,,,,,,,
ghz,30,nwqsim,MPI,CPU,sync,16,2,96035.42017936707,,,,,,,,,,,,,,,,,,,,,,,,,,,,,,,,,,,,,,,,,,,,,,,,,,,,,,,,,,,,,,,,,,,,,,,
ghz,30,nwqsim,MPI,CPU,sync,16,2,96048.0306148529,,,,,,,,,,,,,,,,,,,,,,,,,,,,,,,,,,,,,,,,,,,,,,,,,,,,,,,,,,,,,,,,,,,,,,,
ghz,30,nwqsim,MPI,CPU,sync,16,2,96051.44691467285,,,,,,,,,,,,,,,,,,,,,,,,,,,,,,,,,,,,,,,,,,,,,,,,,,,,,,,,,,,,,,,,,,,,,,,
ghz,30,nwqsim,MPI,CPU,sync,16,8,30442.718982696533,,,,,,,,,,,,,,,,,,,,,,,,,,,,,,,,,,,,,,,,,,,,,,,,,,,,,,,,,,,,,,,,,,,,,,,
ghz,30,nwqsim,MPI,CPU,sync,16,8,30426.946878433228,,,,,,,,,,,,,,,,,,,,,,,,,,,,,,,,,,,,,,,,,,,,,,,,,,,,,,,,,,,,,,,,,,,,,,,
ghz,30,nwqsim,MPI,CPU,sync,16,8,30435.59956550598,,,,,,,,,,,,,,,,,,,,,,,,,,,,,,,,,,,,,,,,,,,,,,,,,,,,,,,,,,,,,,,,,,,,,,,
ghz,30,nwqsim,MPI,CPU,sync,16,8,30432.420015335083,,,,,,,,,,,,,,,,,,,,,,,,,,,,,,,,,,,,,,,,,,,,,,,,,,,,,,,,,,,,,,,,,,,,,,,
ghz,30,nwqsim,MPI,CPU,sync,16,8,30434.389352798462,,,,,,,,,,,,,,,,,,,,,,,,,,,,,,,,,,,,,,,,,,,,,,,,,,,,,,,,,,,,,,,,,,,,,,,
ghz,30,nwqsim,MPI,CPU,sync,16,8,30431.312084197998,,,,,,,,,,,,,,,,,,,,,,,,,,,,,,,,,,,,,,,,,,,,,,,,,,,,,,,,,,,,,,,,,,,,,,,
ghz,30,nwqsim,MPI,CPU,sync,16,8,30433.82453918457,,,,,,,,,,,,,,,,,,,,,,,,,,,,,,,,,,,,,,,,,,,,,,,,,,,,,,,,,,,,,,,,,,,,,,,
ghz,30,nwqsim,MPI,CPU,sync,16,8,30439.289093017578,,,,,,,,,,,,,,,,,,,,,,,,,,,,,,,,,,,,,,,,,,,,,,,,,,,,,,,,,,,,,,,,,,,,,,,
ghz,30,nwqsim,MPI,CPU,sync,16,8,30436.858892440796,,,,,,,,,,,,,,,,,,,,,,,,,,,,,,,,,,,,,,,,,,,,,,,,,,,,,,,,,,,,,,,,,,,,,,,
ghz,30,nwqsim,MPI,CPU,sync,16,8,30434.624910354614,,,,,,,,,,,,,,,,,,,,,,,,,,,,,,,,,,,,,,,,,,,,,,,,,,,,,,,,,,,,,,,,,,,,,,,
ghz,30,nwqsim,MPI,CPU,sync,16,4,55683.28762054443,,,,,,,,,,,,,,,,,,,,,,,,,,,,,,,,,,,,,,,,,,,,,,,,,,,,,,,,,,,,,,,,,,,,,,,
ghz,30,nwqsim,MPI,CPU,sync,16,4,55877.819776535034,,,,,,,,,,,,,,,,,,,,,,,,,,,,,,,,,,,,,,,,,,,,,,,,,,,,,,,,,,,,,,,,,,,,,,,
ghz,30,nwqsim,MPI,CPU,sync,16,4,55672.07884788513,,,,,,,,,,,,,,,,,,,,,,,,,,,,,,,,,,,,,,,,,,,,,,,,,,,,,,,,,,,,,,,,,,,,,,,
ghz,30,nwqsim,MPI,CPU,sync,16,4,55668.37930679321,,,,,,,,,,,,,,,,,,,,,,,,,,,,,,,,,,,,,,,,,,,,,,,,,,,,,,,,,,,,,,,,,,,,,,,
ghz,30,nwqsim,MPI,CPU,sync,16,4,55674.64065551758,,,,,,,,,,,,,,,,,,,,,,,,,,,,,,,,,,,,,,,,,,,,,,,,,,,,,,,,,,,,,,,,,,,,,,,
ghz,30,nwqsim,MPI,CPU,sync,16,4,55680.54223060608,,,,,,,,,,,,,,,,,,,,,,,,,,,,,,,,,,,,,,,,,,,,,,,,,,,,,,,,,,,,,,,,,,,,,,,
ghz,30,nwqsim,MPI,CPU,sync,16,4,55675.59909820557,,,,,,,,,,,,,,,,,,,,,,,,,,,,,,,,,,,,,,,,,,,,,,,,,,,,,,,,,,,,,,,,,,,,,,,
ghz,30,nwqsim,MPI,CPU,sync,16,4,55688.45582008362,,,,,,,,,,,,,,,,,,,,,,,,,,,,,,,,,,,,,,,,,,,,,,,,,,,,,,,,,,,,,,,,,,,,,,,
ghz,30,nwqsim,MPI,CPU,sync,16,4,55685.03785133362,,,,,,,,,,,,,,,,,,,,,,,,,,,,,,,,,,,,,,,,,,,,,,,,,,,,,,,,,,,,,,,,,,,,,,,
ghz,30,nwqsim,MPI,CPU,sync,16,4,55686.620473861694,,,,,,,,,,,,,,,,,,,,,,,,,,,,,,,,,,,,,,,,,,,,,,,,,,,,,,,,,,,,,,,,,,,,,,,
ghz,30,nwqsim,MPI,CPU,sync,4,4,181904.5991897583,,,,,,,,,,,,,,,,,,,,,,,,,,,,,,,,,,,,,,,,,,,,,,,,,,,,,,,,,,,,,,,,,,,,,,,
ghz,30,nwqsim,MPI,CPU,sync,4,4,181951.11060142517,,,,,,,,,,,,,,,,,,,,,,,,,,,,,,,,,,,,,,,,,,,,,,,,,,,,,,,,,,,,,,,,,,,,,,,
ghz,30,nwqsim,MPI,CPU,sync,4,4,181910.3729724884,,,,,,,,,,,,,,,,,,,,,,,,,,,,,,,,,,,,,,,,,,,,,,,,,,,,,,,,,,,,,,,,,,,,,,,
ghz,30,nwqsim,MPI,CPU,sync,4,4,181929.60333824158,,,,,,,,,,,,,,,,,,,,,,,,,,,,,,,,,,,,,,,,,,,,,,,,,,,,,,,,,,,,,,,,,,,,,,,
ghz,30,nwqsim,MPI,CPU,sync,4,4,182080.61361312866,,,,,,,,,,,,,,,,,,,,,,,,,,,,,,,,,,,,,,,,,,,,,,,,,,,,,,,,,,,,,,,,,,,,,,,
ghz,30,nwqsim,MPI,CPU,sync,4,8,96059.76915359497,,,,,,,,,,,,,,,,,,,,,,,,,,,,,,,,,,,,,,,,,,,,,,,,,,,,,,,,,,,,,,,,,,,,,,,
ghz,30,nwqsim,MPI,CPU,sync,4,8,96235.34965515137,,,,,,,,,,,,,,,,,,,,,,,,,,,,,,,,,,,,,,,,,,,,,,,,,,,,,,,,,,,,,,,,,,,,,,,
ghz,30,nwqsim,MPI,CPU,sync,4,8,96055.42707443237,,,,,,,,,,,,,,,,,,,,,,,,,,,,,,,,,,,,,,,,,,,,,,,,,,,,,,,,,,,,,,,,,,,,,,,
ghz,30,nwqsim,MPI,CPU,sync,4,8,96224.48754310608,,,,,,,,,,,,,,,,,,,,,,,,,,,,,,,,,,,,,,,,,,,,,,,,,,,,,,,,,,,,,,,,,,,,,,,
ghz,30,nwqsim,MPI,CPU,sync,4,8,96052.50144004822,,,,,,,,,,,,,,,,,,,,,,,,,,,,,,,,,,,,,,,,,,,,,,,,,,,,,,,,,,,,,,,,,,,,,,,
ghz,30,nwqsim,MPI,CPU,sync,4,2,348424.7453212738,,,,,,,,,,,,,,,,,,,,,,,,,,,,,,,,,,,,,,,,,,,,,,,,,,,,,,,,,,,,,,,,,,,,,,,
ghz,30,nwqsim,MPI,CPU,sync,4,2,348355.3338050842,,,,,,,,,,,,,,,,,,,,,,,,,,,,,,,,,,,,,,,,,,,,,,,,,,,,,,,,,,,,,,,,,,,,,,,
ghz,30,nwqsim,MPI,CPU,sync,4,2,368450.64067840576,,,,,,,,,,,,,,,,,,,,,,,,,,,,,,,,,,,,,,,,,,,,,,,,,,,,,,,,,,,,,,,,,,,,,,,
ghz,30,nwqsim,MPI,CPU,sync,4,2,348368.3271408081,,,,,,,,,,,,,,,,,,,,,,,,,,,,,,,,,,,,,,,,,,,,,,,,,,,,,,,,,,,,,,,,,,,,,,,
ghz,30,nwqsim,MPI,CPU,sync,4,2,348308.45379829407,,,,,,,,,,,,,,,,,,,,,,,,,,,,,,,,,,,,,,,,,,,,,,,,,,,,,,,,,,,,,,,,,,,,,,,
ghz,30,nwqsim,MPI,CPU,sync,8,2,181879.50134277344,,,,,,,,,,,,,,,,,,,,,,,,,,,,,,,,,,,,,,,,,,,,,,,,,,,,,,,,,,,,,,,,,,,,,,,
ghz,30,nwqsim,MPI,CPU,sync,8,2,181895.7827091217,,,,,,,,,,,,,,,,,,,,,,,,,,,,,,,,,,,,,,,,,,,,,,,,,,,,,,,,,,,,,,,,,,,,,,,
ghz,30,nwqsim,MPI,CPU,sync,8,2,181880.02038002014,,,,,,,,,,,,,,,,,,,,,,,,,,,,,,,,,,,,,,,,,,,,,,,,,,,,,,,,,,,,,,,,,,,,,,,
ghz,30,nwqsim,MPI,CPU,sync,8,2,181873.26860427856,,,,,,,,,,,,,,,,,,,,,,,,,,,,,,,,,,,,,,,,,,,,,,,,,,,,,,,,,,,,,,,,,,,,,,,
ghz,30,nwqsim,MPI,CPU,sync,8,2,181902.5275707245,,,,,,,,,,,,,,,,,,,,,,,,,,,,,,,,,,,,,,,,,,,,,,,,,,,,,,,,,,,,,,,,,,,,,,,
ghz,30,nwqsim,MPI,CPU,sync,8,4,101069.67735290527,,,,,,,,,,,,,,,,,,,,,,,,,,,,,,,,,,,,,,,,,,,,,,,,,,,,,,,,,,,,,,,,,,,,,,,
ghz,30,nwqsim,MPI,CPU,sync,8,4,96028.7811756134,,,,,,,,,,,,,,,,,,,,,,,,,,,,,,,,,,,,,,,,,,,,,,,,,,,,,,,,,,,,,,,,,,,,,,,
ghz,30,nwqsim,MPI,CPU,sync,8,4,96020.88832855225,,,,,,,,,,,,,,,,,,,,,,,,,,,,,,,,,,,,,,,,,,,,,,,,,,,,,,,,,,,,,,,,,,,,,,,
ghz,30,nwqsim,MPI,CPU,sync,8,4,96025.22492408752,,,,,,,,,,,,,,,,,,,,,,,,,,,,,,,,,,,,,,,,,,,,,,,,,,,,,,,,,,,,,,,,,,,,,,,
ghz,30,nwqsim,MPI,CPU,sync,8,4,96019.58990097046,,,,,,,,,,,,,,,,,,,,,,,,,,,,,,,,,,,,,,,,,,,,,,,,,,,,,,,,,,,,,,,,,,,,,,,
ghz,30,nwqsim,MPI,CPU,sync,8,4,96026.11041069031,,,,,,,,,,,,,,,,,,,,,,,,,,,,,,,,,,,,,,,,,,,,,,,,,,,,,,,,,,,,,,,,,,,,,,,
ghz,30,nwqsim,MPI,CPU,sync,8,4,96024.6684551239,,,,,,,,,,,,,,,,,,,,,,,,,,,,,,,,,,,,,,,,,,,,,,,,,,,,,,,,,,,,,,,,,,,,,,,
ghz,30,nwqsim,MPI,CPU,sync,8,4,96026.2520313263,,,,,,,,,,,,,,,,,,,,,,,,,,,,,,,,,,,,,,,,,,,,,,,,,,,,,,,,,,,,,,,,,,,,,,,
ghz,30,nwqsim,MPI,CPU,sync,8,4,96021.80123329163,,,,,,,,,,,,,,,,,,,,,,,,,,,,,,,,,,,,,,,,,,,,,,,,,,,,,,,,,,,,,,,,,,,,,,,
ghz,30,nwqsim,MPI,CPU,sync,8,4,96020.81108093262,,,,,,,,,,,,,,,,,,,,,,,,,,,,,,,,,,,,,,,,,,,,,,,,,,,,,,,,,,,,,,,,,,,,,,,
ghz,30,nwqsim,MPI,CPU,sync,8,8,55672.45864868164,,,,,,,,,,,,,,,,,,,,,,,,,,,,,,,,,,,,,,,,,,,,,,,,,,,,,,,,,,,,,,,,,,,,,,,
ghz,30,nwqsim,MPI,CPU,sync,8,8,55675.79197883606,,,,,,,,,,,,,,,,,,,,,,,,,,,,,,,,,,,,,,,,,,,,,,,,,,,,,,,,,,,,,,,,,,,,,,,
ghz,30,nwqsim,MPI,CPU,sync,8,8,55678.01785469055,,,,,,,,,,,,,,,,,,,,,,,,,,,,,,,,,,,,,,,,,,,,,,,,,,,,,,,,,,,,,,,,,,,,,,,
ghz,30,nwqsim,MPI,CPU,sync,8,8,55667.826890945435,,,,,,,,,,,,,,,,,,,,,,,,,,,,,,,,,,,,,,,,,,,,,,,,,,,,,,,,,,,,,,,,,,,,,,,
ghz,30,nwqsim,MPI,CPU,sync,8,8,55669.156551361084,,,,,,,,,,,,,,,,,,,,,,,,,,,,,,,,,,,,,,,,,,,,,,,,,,,,,,,,,,,,,,,,,,,,,,,
ghz,30,nwqsim,MPI,CPU,sync,8,8,55667.19436645508,,,,,,,,,,,,,,,,,,,,,,,,,,,,,,,,,,,,,,,,,,,,,,,,,,,,,,,,,,,,,,,,,,,,,,,
ghz,30,nwqsim,MPI,CPU,sync,8,8,55670.08638381958,,,,,,,,,,,,,,,,,,,,,,,,,,,,,,,,,,,,,,,,,,,,,,,,,,,,,,,,,,,,,,,,,,,,,,,
ghz,30,nwqsim,MPI,CPU,sync,8,8,55667.7942276001,,,,,,,,,,,,,,,,,,,,,,,,,,,,,,,,,,,,,,,,,,,,,,,,,,,,,,,,,,,,,,,,,,,,,,,
ghz,30,nwqsim,MPI,CPU,sync,8,8,55745.455503463745,,,,,,,,,,,,,,,,,,,,,,,,,,,,,,,,,,,,,,,,,,,,,,,,,,,,,,,,,,,,,,,,,,,,,,,
ghz,30,nwqsim,MPI,CPU,sync,8,8,55681.96988105774,,,,,,,,,,,,,,,,,,,,,,,,,,,,,,,,,,,,,,,,,,,,,,,,,,,,,,,,,,,,,,,,,,,,,,,
ghz,30,nwqsim,MPI,CPU,sync,1,16,204551.50055885315,,,,,,,,,,,,,,,,,,,,,,,,,,,,,,,,,,,,,,,,,,,,,,,,,,,,,,,,,,,,,,,,,,,,,,,
ghz,30,nwqsim,MPI,CPU,sync,1,16,203538.61093521118,,,,,,,,,,,,,,,,,,,,,,,,,,,,,,,,,,,,,,,,,,,,,,,,,,,,,,,,,,,,,,,,,,,,,,,
ghz,30,nwqsim,MPI,CPU,sync,1,16,203498.615026474,,,,,,,,,,,,,,,,,,,,,,,,,,,,,,,,,,,,,,,,,,,,,,,,,,,,,,,,,,,,,,,,,,,,,,,
ghz,30,nwqsim,MPI,CPU,sync,1,16,204469.4459438324,,,,,,,,,,,,,,,,,,,,,,,,,,,,,,,,,,,,,,,,,,,,,,,,,,,,,,,,,,,,,,,,,,,,,,,
ghz,30,nwqsim,MPI,CPU,sync,1,16,203469.83695030212,,,,,,,,,,,,,,,,,,,,,,,,,,,,,,,,,,,,,,,,,,,,,,,,,,,,,,,,,,,,,,,,,,,,,,,
ghz,30,nwqsim,MPI,CPU,sync,1,16,201481.90546035767,,,,,,,,,,,,,,,,,,,,,,,,,,,,,,,,,,,,,,,,,,,,,,,,,,,,,,,,,,,,,,,,,,,,,,,
ghz,30,qiskitaer,automatic,CPU,sync,2,8,6488.532781600952,,,,,,,,,,,,,,,,,,,,,,,,,,,,,,,,,,,,,,,,,,,,,,,,,,,,,,,,,,,,,,,,,,,,,,,
ghz,30,qiskitaer,automatic,CPU,sync,2,8,6553.988695144653,,,,,,,,,,,,,,,,,,,,,,,,,,,,,,,,,,,,,,,,,,,,,,,,,,,,,,,,,,,,,,,,,,,,,,,
ghz,30,qiskitaer,automatic,CPU,sync,2,8,6688.168525695801,,,,,,,,,,,,,,,,,,,,,,,,,,,,,,,,,,,,,,,,,,,,,,,,,,,,,,,,,,,,,,,,,,,,,,,
ghz,30,qiskitaer,automatic,CPU,sync,2,8,6488.532781600952,,,,,,,,,,,,,,,,,,,,,,,,,,,,,,,,,,,,,,,,,,,,,,,,,,,,,,,,,,,,,,,,,,,,,,,
ghz,30,qiskitaer,automatic,CPU,sync,2,8,6553.988695144653,,,,,,,,,,,,,,,,,,,,,,,,,,,,,,,,,,,,,,,,,,,,,,,,,,,,,,,,,,,,,,,,,,,,,,,
ghz,30,qiskitaer,automatic,CPU,sync,2,8,6688.168525695801,,,,,,,,,,,,,,,,,,,,,,,,,,,,,,,,,,,,,,,,,,,,,,,,,,,,,,,,,,,,,,,,,,,,,,,
ghz,30,qiskitaer,automatic,CPU,sync,2,16,8129.013299942017,,,,,,,,,,,,,,,,,,,,,,,,,,,,,,,,,,,,,,,,,,,,,,,,,,,,,,,,,,,,,,,,,,,,,,,
ghz,30,qiskitaer,automatic,CPU,sync,2,16,7597.783088684082,,,,,,,,,,,,,,,,,,,,,,,,,,,,,,,,,,,,,,,,,,,,,,,,,,,,,,,,,,,,,,,,,,,,,,,
ghz,30,qiskitaer,automatic,CPU,sync,2,16,7875.235080718994,,,,,,,,,,,,,,,,,,,,,,,,,,,,,,,,,,,,,,,,,,,,,,,,,,,,,,,,,,,,,,,,,,,,,,,
ghz,30,qiskitaer,automatic,CPU,sync,2,16,8129.013299942017,,,,,,,,,,,,,,,,,,,,,,,,,,,,,,,,,,,,,,,,,,,,,,,,,,,,,,,,,,,,,,,,,,,,,,,
ghz,30,qiskitaer,automatic,CPU,sync,2,16,7597.783088684082,,,,,,,,,,,,,,,,,,,,,,,,,,,,,,,,,,,,,,,,,,,,,,,,,,,,,,,,,,,,,,,,,,,,,,,
ghz,30,qiskitaer,automatic,CPU,sync,2,16,7875.235080718994,,,,,,,,,,,,,,,,,,,,,,,,,,,,,,,,,,,,,,,,,,,,,,,,,,,,,,,,,,,,,,,,,,,,,,,
ghz,30,qiskitaer,matrix_product_state,CPU,sync,2,8,81353.66463661194,,,,,,,,,,,,,,,,,,,,,,,,,,,,,,,,,,,,,,,,,,,,,,,,,,,,,,,,,,,,,,,,,,,,,,,
ghz,30,qiskitaer,matrix_product_state,CPU,sync,2,8,81353.66463661194,,,,,,,,,,,,,,,,,,,,,,,,,,,,,,,,,,,,,,,,,,,,,,,,,,,,,,,,,,,,,,,,,,,,,,,
ghz,30,qiskitaer,matrix_product_state,CPU,sync,2,16,8261.669635772705,,,,,,,,,,,,,,,,,,,,,,,,,,,,,,,,,,,,,,,,,,,,,,,,,,,,,,,,,,,,,,,,,,,,,,,
ghz,30,qiskitaer,matrix_product_state,CPU,sync,2,16,7736.081123352051,,,,,,,,,,,,,,,,,,,,,,,,,,,,,,,,,,,,,,,,,,,,,,,,,,,,,,,,,,,,,,,,,,,,,,,
ghz,30,qiskitaer,matrix_product_state,CPU,sync,2,16,7901.912450790405,,,,,,,,,,,,,,,,,,,,,,,,,,,,,,,,,,,,,,,,,,,,,,,,,,,,,,,,,,,,,,,,,,,,,,,
ghz,30,qiskitaer,matrix_product_state,CPU,sync,2,16,8261.669635772705,,,,,,,,,,,,,,,,,,,,,,,,,,,,,,,,,,,,,,,,,,,,,,,,,,,,,,,,,,,,,,,,,,,,,,,
ghz,30,qiskitaer,matrix_product_state,CPU,sync,2,16,7736.081123352051,,,,,,,,,,,,,,,,,,,,,,,,,,,,,,,,,,,,,,,,,,,,,,,,,,,,,,,,,,,,,,,,,,,,,,,
ghz,30,qiskitaer,matrix_product_state,CPU,sync,2,16,7901.912450790405,,,,,,,,,,,,,,,,,,,,,,,,,,,,,,,,,,,,,,,,,,,,,,,,,,,,,,,,,,,,,,,,,,,,,,,
ghz,32,qiskitaer,automatic,CPU,sync,2,8,7525.813579559326,,,,,,,,,,,,,,,,,,,,,,,,,,,,,,,,,,,,,,,,,,,,,,,,,,,,,,,,,,,,,,,,,,,,,,,
ghz,32,qiskitaer,automatic,CPU,sync,2,8,7092.435121536255,,,,,,,,,,,,,,,,,,,,,,,,,,,,,,,,,,,,,,,,,,,,,,,,,,,,,,,,,,,,,,,,,,,,,,,
ghz,32,qiskitaer,automatic,CPU,sync,2,8,6943.84503364563,,,,,,,,,,,,,,,,,,,,,,,,,,,,,,,,,,,,,,,,,,,,,,,,,,,,,,,,,,,,,,,,,,,,,,,
ghz,32,qiskitaer,automatic,CPU,sync,2,8,7525.813579559326,,,,,,,,,,,,,,,,,,,,,,,,,,,,,,,,,,,,,,,,,,,,,,,,,,,,,,,,,,,,,,,,,,,,,,,
ghz,32,qiskitaer,automatic,CPU,sync,2,8,7092.435121536255,,,,,,,,,,,,,,,,,,,,,,,,,,,,,,,,,,,,,,,,,,,,,,,,,,,,,,,,,,,,,,,,,,,,,,,
ghz,32,qiskitaer,automatic,CPU,sync,2,8,6943.84503364563,,,,,,,,,,,,,,,,,,,,,,,,,,,,,,,,,,,,,,,,,,,,,,,,,,,,,,,,,,,,,,,,,,,,,,,
ghz,32,qiskitaer,matrix_product_state,CPU,sync,2,8,7463.696718215942,,,,,,,,,,,,,,,,,,,,,,,,,,,,,,,,,,,,,,,,,,,,,,,,,,,,,,,,,,,,,,,,,,,,,,,
ghz,32,qiskitaer,matrix_product_state,CPU,sync,2,8,7343.096494674683,,,,,,,,,,,,,,,,,,,,,,,,,,,,,,,,,,,,,,,,,,,,,,,,,,,,,,,,,,,,,,,,,,,,,,,
ghz,32,qiskitaer,matrix_product_state,CPU,sync,2,8,7049.787521362305,,,,,,,,,,,,,,,,,,,,,,,,,,,,,,,,,,,,,,,,,,,,,,,,,,,,,,,,,,,,,,,,,,,,,,,
ghz,32,qiskitaer,matrix_product_state,CPU,sync,2,8,7463.696718215942,,,,,,,,,,,,,,,,,,,,,,,,,,,,,,,,,,,,,,,,,,,,,,,,,,,,,,,,,,,,,,,,,,,,,,,
ghz,32,qiskitaer,matrix_product_state,CPU,sync,2,8,7343.096494674683,,,,,,,,,,,,,,,,,,,,,,,,,,,,,,,,,,,,,,,,,,,,,,,,,,,,,,,,,,,,,,,,,,,,,,,
ghz,32,qiskitaer,matrix_product_state,CPU,sync,2,8,7049.787521362305,,,,,,,,,,,,,,,,,,,,,,,,,,,,,,,,,,,,,,,,,,,,,,,,,,,,,,,,,,,,,,,,,,,,,,,
ghz,32,nwqsim,MPI,CPU,sync,4,8,383625.6368160248,,,,,,,,,,,,,,,,,,,,,,,,,,,,,,,,,,,,,,,,,,,,,,,,,,,,,,,,,,,,,,,,,,,,,,,
ghz,32,nwqsim,MPI,CPU,sync,4,8,383796.24223709106,,,,,,,,,,,,,,,,,,,,,,,,,,,,,,,,,,,,,,,,,,,,,,,,,,,,,,,,,,,,,,,,,,,,,,,
ghz,32,nwqsim,MPI,CPU,sync,4,8,383693.74084472656,,,,,,,,,,,,,,,,,,,,,,,,,,,,,,,,,,,,,,,,,,,,,,,,,,,,,,,,,,,,,,,,,,,,,,,
ghz,32,nwqsim,MPI,CPU,sync,4,8,379037.8248691559,,,,,,,,,,,,,,,,,,,,,,,,,,,,,,,,,,,,,,,,,,,,,,,,,,,,,,,,,,,,,,,,,,,,,,,
ghz,32,nwqsim,MPI,CPU,sync,4,8,383693.2532787323,,,,,,,,,,,,,,,,,,,,,,,,,,,,,,,,,,,,,,,,,,,,,,,,,,,,,,,,,,,,,,,,,,,,,,,
ghz,32,nwqsim,MPI,CPU,sync,4,8,383688.410282135,,,,,,,,,,,,,,,,,,,,,,,,,,,,,,,,,,,,,,,,,,,,,,,,,,,,,,,,,,,,,,,,,,,,,,,
ghz,32,nwqsim,MPI,CPU,sync,4,8,383722.0206260681,,,,,,,,,,,,,,,,,,,,,,,,,,,,,,,,,,,,,,,,,,,,,,,,,,,,,,,,,,,,,,,,,,,,,,,
ghz,32,nwqsim,MPI,CPU,sync,4,8,384067.1591758728,,,,,,,,,,,,,,,,,,,,,,,,,,,,,,,,,,,,,,,,,,,,,,,,,,,,,,,,,,,,,,,,,,,,,,,
ghz,32,nwqsim,MPI,CPU,sync,4,8,383716.3722515106,,,,,,,,,,,,,,,,,,,,,,,,,,,,,,,,,,,,,,,,,,,,,,,,,,,,,,,,,,,,,,,,,,,,,,,
ghz,32,nwqsim,MPI,CPU,sync,4,8,383658.2918167114,,,,,,,,,,,,,,,,,,,,,,,,,,,,,,,,,,,,,,,,,,,,,,,,,,,,,,,,,,,,,,,,,,,,,,,
ghz,32,nwqsim,MPI,CPU,sync,4,8,383808.5696697235,,,,,,,,,,,,,,,,,,,,,,,,,,,,,,,,,,,,,,,,,,,,,,,,,,,,,,,,,,,,,,,,,,,,,,,
ghz,32,nwqsim,MPI,CPU,sync,4,8,384019.8345184326,,,,,,,,,,,,,,,,,,,,,,,,,,,,,,,,,,,,,,,,,,,,,,,,,,,,,,,,,,,,,,,,,,,,,,,
ghz,32,nwqsim,MPI,CPU,sync,4,8,383742.63286590576,,,,,,,,,,,,,,,,,,,,,,,,,,,,,,,,,,,,,,,,,,,,,,,,,,,,,,,,,,,,,,,,,,,,,,,
ghz,32,nwqsim,MPI,CPU,sync,4,8,383749.70269203186,,,,,,,,,,,,,,,,,,,,,,,,,,,,,,,,,,,,,,,,,,,,,,,,,,,,,,,,,,,,,,,,,,,,,,,
ghz,32,nwqsim,MPI,CPU,sync,4,8,383766.8082714081,,,,,,,,,,,,,,,,,,,,,,,,,,,,,,,,,,,,,,,,,,,,,,,,,,,,,,,,,,,,,,,,,,,,,,,
ghz,32,nwqsim,MPI,CPU,sync,16,4,202074.40638542175,,,,,,,,,,,,,,,,,,,,,,,,,,,,,,,,,,,,,,,,,,,,,,,,,,,,,,,,,,,,,,,,,,,,,,,
ghz,32,nwqsim,MPI,CPU,sync,16,4,202088.5944366455,,,,,,,,,,,,,,,,,,,,,,,,,,,,,,,,,,,,,,,,,,,,,,,,,,,,,,,,,,,,,,,,,,,,,,,
ghz,32,nwqsim,MPI,CPU,sync,16,4,202093.07193756104,,,,,,,,,,,,,,,,,,,,,,,,,,,,,,,,,,,,,,,,,,,,,,,,,,,,,,,,,,,,,,,,,,,,,,,
ghz,32,nwqsim,MPI,CPU,sync,16,4,202052.30045318604,,,,,,,,,,,,,,,,,,,,,,,,,,,,,,,,,,,,,,,,,,,,,,,,,,,,,,,,,,,,,,,,,,,,,,,
ghz,32,nwqsim,MPI,CPU,sync,16,4,202040.4887199402,,,,,,,,,,,,,,,,,,,,,,,,,,,,,,,,,,,,,,,,,,,,,,,,,,,,,,,,,,,,,,,,,,,,,,,
ghz,32,nwqsim,MPI,CPU,sync,16,4,202043.6635017395,,,,,,,,,,,,,,,,,,,,,,,,,,,,,,,,,,,,,,,,,,,,,,,,,,,,,,,,,,,,,,,,,,,,,,,
ghz,32,nwqsim,MPI,CPU,sync,16,4,207119.3015575409,,,,,,,,,,,,,,,,,,,,,,,,,,,,,,,,,,,,,,,,,,,,,,,,,,,,,,,,,,,,,,,,,,,,,,,
ghz,32,nwqsim,MPI,CPU,sync,16,4,207300.82607269287,,,,,,,,,,,,,,,,,,,,,,,,,,,,,,,,,,,,,,,,,,,,,,,,,,,,,,,,,,,,,,,,,,,,,,,
ghz,32,nwqsim,MPI,CPU,sync,16,4,202051.75399780273,,,,,,,,,,,,,,,,,,,,,,,,,,,,,,,,,,,,,,,,,,,,,,,,,,,,,,,,,,,,,,,,,,,,,,,
ghz,32,nwqsim,MPI,CPU,sync,16,4,202028.21111679077,,,,,,,,,,,,,,,,,,,,,,,,,,,,,,,,,,,,,,,,,,,,,,,,,,,,,,,,,,,,,,,,,,,,,,,
ghz,32,nwqsim,MPI,CPU,sync,16,8,111219.46954727173,,,,,,,,,,,,,,,,,,,,,,,,,,,,,,,,,,,,,,,,,,,,,,,,,,,,,,,,,,,,,,,,,,,,,,,
ghz,32,nwqsim,MPI,CPU,sync,16,8,111233.28018188477,,,,,,,,,,,,,,,,,,,,,,,,,,,,,,,,,,,,,,,,,,,,,,,,,,,,,,,,,,,,,,,,,,,,,,,
ghz,32,nwqsim,MPI,CPU,sync,16,8,111213.95373344421,,,,,,,,,,,,,,,,,,,,,,,,,,,,,,,,,,,,,,,,,,,,,,,,,,,,,,,,,,,,,,,,,,,,,,,
ghz,32,nwqsim,MPI,CPU,sync,16,8,111199.06949996948,,,,,,,,,,,,,,,,,,,,,,,,,,,,,,,,,,,,,,,,,,,,,,,,,,,,,,,,,,,,,,,,,,,,,,,
ghz,32,nwqsim,MPI,CPU,sync,16,8,111207.14807510376,,,,,,,,,,,,,,,,,,,,,,,,,,,,,,,,,,,,,,,,,,,,,,,,,,,,,,,,,,,,,,,,,,,,,,,
ghz,32,nwqsim,MPI,CPU,sync,16,8,111207.66305923462,,,,,,,,,,,,,,,,,,,,,,,,,,,,,,,,,,,,,,,,,,,,,,,,,,,,,,,,,,,,,,,,,,,,,,,
ghz,32,nwqsim,MPI,CPU,sync,16,8,111364.572763443,,,,,,,,,,,,,,,,,,,,,,,,,,,,,,,,,,,,,,,,,,,,,,,,,,,,,,,,,,,,,,,,,,,,,,,
ghz,32,nwqsim,MPI,CPU,sync,16,8,111212.73159980774,,,,,,,,,,,,,,,,,,,,,,,,,,,,,,,,,,,,,,,,,,,,,,,,,,,,,,,,,,,,,,,,,,,,,,,
ghz,32,nwqsim,MPI,CPU,sync,16,8,111217.68975257874,,,,,,,,,,,,,,,,,,,,,,,,,,,,,,,,,,,,,,,,,,,,,,,,,,,,,,,,,,,,,,,,,,,,,,,
ghz,32,nwqsim,MPI,CPU,sync,16,8,111217.19312667847,,,,,,,,,,,,,,,,,,,,,,,,,,,,,,,,,,,,,,,,,,,,,,,,,,,,,,,,,,,,,,,,,,,,,,,
ghz,32,nwqsim,MPI,CPU,sync,16,2,378691.6139125824,,,,,,,,,,,,,,,,,,,,,,,,,,,,,,,,,,,,,,,,,,,,,,,,,,,,,,,,,,,,,,,,,,,,,,,
ghz,32,nwqsim,MPI,CPU,sync,16,2,383700.1841068268,,,,,,,,,,,,,,,,,,,,,,,,,,,,,,,,,,,,,,,,,,,,,,,,,,,,,,,,,,,,,,,,,,,,,,,
ghz,32,nwqsim,MPI,CPU,sync,16,2,383670.5467700958,,,,,,,,,,,,,,,,,,,,,,,,,,,,,,,,,,,,,,,,,,,,,,,,,,,,,,,,,,,,,,,,,,,,,,,
ghz,32,nwqsim,MPI,CPU,sync,16,2,383649.16920661926,,,,,,,,,,,,,,,,,,,,,,,,,,,,,,,,,,,,,,,,,,,,,,,,,,,,,,,,,,,,,,,,,,,,,,,
ghz,32,nwqsim,MPI,CPU,sync,16,2,383657.03797340393,,,,,,,,,,,,,,,,,,,,,,,,,,,,,,,,,,,,,,,,,,,,,,,,,,,,,,,,,,,,,,,,,,,,,,,
ghz,32,nwqsim,MPI,CPU,sync,8,8,212157.55581855774,,,,,,,,,,,,,,,,,,,,,,,,,,,,,,,,,,,,,,,,,,,,,,,,,,,,,,,,,,,,,,,,,,,,,,,
ghz,32,nwqsim,MPI,CPU,sync,8,8,202040.67635536194,,,,,,,,,,,,,,,,,,,,,,,,,,,,,,,,,,,,,,,,,,,,,,,,,,,,,,,,,,,,,,,,,,,,,,,
ghz,32,nwqsim,MPI,CPU,sync,8,8,202036.6222858429,,,,,,,,,,,,,,,,,,,,,,,,,,,,,,,,,,,,,,,,,,,,,,,,,,,,,,,,,,,,,,,,,,,,,,,
ghz,32,nwqsim,MPI,CPU,sync,8,8,202069.58603858948,,,,,,,,,,,,,,,,,,,,,,,,,,,,,,,,,,,,,,,,,,,,,,,,,,,,,,,,,,,,,,,,,,,,,,,
ghz,32,nwqsim,MPI,CPU,sync,8,8,202033.72931480408,,,,,,,,,,,,,,,,,,,,,,,,,,,,,,,,,,,,,,,,,,,,,,,,,,,,,,,,,,,,,,,,,,,,,,,
ghz,32,nwqsim,MPI,CPU,sync,8,8,202076.1342048645,,,,,,,,,,,,,,,,,,,,,,,,,,,,,,,,,,,,,,,,,,,,,,,,,,,,,,,,,,,,,,,,,,,,,,,
ghz,32,nwqsim,MPI,CPU,sync,8,8,202230.7276725769,,,,,,,,,,,,,,,,,,,,,,,,,,,,,,,,,,,,,,,,,,,,,,,,,,,,,,,,,,,,,,,,,,,,,,,
ghz,32,nwqsim,MPI,CPU,sync,8,8,202047.2207069397,,,,,,,,,,,,,,,,,,,,,,,,,,,,,,,,,,,,,,,,,,,,,,,,,,,,,,,,,,,,,,,,,,,,,,,
ghz,32,nwqsim,MPI,CPU,sync,8,8,202047.10745811462,,,,,,,,,,,,,,,,,,,,,,,,,,,,,,,,,,,,,,,,,,,,,,,,,,,,,,,,,,,,,,,,,,,,,,,
ghz,32,nwqsim,MPI,CPU,sync,8,8,202062.66617774963,,,,,,,,,,,,,,,,,,,,,,,,,,,,,,,,,,,,,,,,,,,,,,,,,,,,,,,,,,,,,,,,,,,,,,,
ghz,32,nwqsim,MPI,CPU,sync,8,8,202070.11556625366,,,,,,,,,,,,,,,,,,,,,,,,,,,,,,,,,,,,,,,,,,,,,,,,,,,,,,,,,,,,,,,,,,,,,,,
ghz,32,nwqsim,MPI,CPU,sync,8,8,272879.00018692017,,,,,,,,,,,,,,,,,,,,,,,,,,,,,,,,,,,,,,,,,,,,,,,,,,,,,,,,,,,,,,,,,,,,,,,
ghz,32,nwqsim,MPI,CPU,sync,8,8,202242.89727210999,,,,,,,,,,,,,,,,,,,,,,,,,,,,,,,,,,,,,,,,,,,,,,,,,,,,,,,,,,,,,,,,,,,,,,,
ghz,32,nwqsim,MPI,CPU,sync,8,8,202065.69957733154,,,,,,,,,,,,,,,,,,,,,,,,,,,,,,,,,,,,,,,,,,,,,,,,,,,,,,,,,,,,,,,,,,,,,,,
ghz,32,nwqsim,MPI,CPU,sync,8,8,202051.9449710846,,,,,,,,,,,,,,,,,,,,,,,,,,,,,,,,,,,,,,,,,,,,,,,,,,,,,,,,,,,,,,,,,,,,,,,
ghz,32,nwqsim,MPI,CPU,sync,8,8,202041.03326797485,,,,,,,,,,,,,,,,,,,,,,,,,,,,,,,,,,,,,,,,,,,,,,,,,,,,,,,,,,,,,,,,,,,,,,,
ghz,32,nwqsim,MPI,CPU,sync,8,8,207127.60376930237,,,,,,,,,,,,,,,,,,,,,,,,,,,,,,,,,,,,,,,,,,,,,,,,,,,,,,,,,,,,,,,,,,,,,,,
ghz,32,nwqsim,MPI,CPU,sync,8,8,202025.14815330505,,,,,,,,,,,,,,,,,,,,,,,,,,,,,,,,,,,,,,,,,,,,,,,,,,,,,,,,,,,,,,,,,,,,,,,
ghz,32,nwqsim,MPI,CPU,sync,8,8,202194.84400749207,,,,,,,,,,,,,,,,,,,,,,,,,,,,,,,,,,,,,,,,,,,,,,,,,,,,,,,,,,,,,,,,,,,,,,,
ghz,32,nwqsim,MPI,CPU,sync,8,8,202009.99999046326,,,,,,,,,,,,,,,,,,,,,,,,,,,,,,,,,,,,,,,,,,,,,,,,,,,,,,,,,,,,,,,,,,,,,,,
ghz,32,nwqsim,MPI,CPU,sync,8,4,383698.0502605438,,,,,,,,,,,,,,,,,,,,,,,,,,,,,,,,,,,,,,,,,,,,,,,,,,,,,,,,,,,,,,,,,,,,,,,
ghz,32,nwqsim,MPI,CPU,sync,8,4,383650.53367614746,,,,,,,,,,,,,,,,,,,,,,,,,,,,,,,,,,,,,,,,,,,,,,,,,,,,,,,,,,,,,,,,,,,,,,,
ghz,32,nwqsim,MPI,CPU,sync,8,4,383843.0526256561,,,,,,,,,,,,,,,,,,,,,,,,,,,,,,,,,,,,,,,,,,,,,,,,,,,,,,,,,,,,,,,,,,,,,,,
ghz,32,nwqsim,MPI,CPU,sync,8,4,383691.6537284851,,,,,,,,,,,,,,,,,,,,,,,,,,,,,,,,,,,,,,,,,,,,,,,,,,,,,,,,,,,,,,,,,,,,,,,
ghz,32,nwqsim,MPI,CPU,sync,8,4,383643.91326904297,,,,,,,,,,,,,,,,,,,,,,,,,,,,,,,,,,,,,,,,,,,,,,,,,,,,,,,,,,,,,,,,,,,,,,,
ghz,32,nwqsim,MPI,CPU,sync,8,4,378555.88126182556,,,,,,,,,,,,,,,,,,,,,,,,,,,,,,,,,,,,,,,,,,,,,,,,,,,,,,,,,,,,,,,,,,,,,,,
ghz,32,nwqsim,MPI,CPU,sync,8,4,383667.9780483246,,,,,,,,,,,,,,,,,,,,,,,,,,,,,,,,,,,,,,,,,,,,,,,,,,,,,,,,,,,,,,,,,,,,,,,
ghz,32,nwqsim,MPI,CPU,sync,8,4,383627.99429893494,,,,,,,,,,,,,,,,,,,,,,,,,,,,,,,,,,,,,,,,,,,,,,,,,,,,,,,,,,,,,,,,,,,,,,,
ghz,32,nwqsim,MPI,CPU,sync,8,4,383572.9055404663,,,,,,,,,,,,,,,,,,,,,,,,,,,,,,,,,,,,,,,,,,,,,,,,,,,,,,,,,,,,,,,,,,,,,,,
ghz,32,nwqsim,MPI,CPU,sync,8,4,383697.40629196167,,,,,,,,,,,,,,,,,,,,,,,,,,,,,,,,,,,,,,,,,,,,,,,,,,,,,,,,,,,,,,,,,,,,,,,
ghz,28,qiskitaer,matrix_product_state,CPU,sync,2,8,7354.541778564453,,,,,,,,,,,,,,,,,,,,,,,,,,,,,,,,,,,,,,,,,,,,,,,,,,,,,,,,,,,,,,,,,,,,,,,
ghz,28,qiskitaer,matrix_product_state,CPU,sync,2,8,6813.909292221069,,,,,,,,,,,,,,,,,,,,,,,,,,,,,,,,,,,,,,,,,,,,,,,,,,,,,,,,,,,,,,,,,,,,,,,
ghz,28,qiskitaer,matrix_product_state,CPU,sync,2,8,6834.117412567139,,,,,,,,,,,,,,,,,,,,,,,,,,,,,,,,,,,,,,,,,,,,,,,,,,,,,,,,,,,,,,,,,,,,,,,
ghz,28,qiskitaer,matrix_product_state,CPU,sync,2,8,7354.541778564453,,,,,,,,,,,,,,,,,,,,,,,,,,,,,,,,,,,,,,,,,,,,,,,,,,,,,,,,,,,,,,,,,,,,,,,
ghz,28,qiskitaer,matrix_product_state,CPU,sync,2,8,6813.909292221069,,,,,,,,,,,,,,,,,,,,,,,,,,,,,,,,,,,,,,,,,,,,,,,,,,,,,,,,,,,,,,,,,,,,,,,
ghz,28,qiskitaer,matrix_product_state,CPU,sync,2,8,6834.117412567139,,,,,,,,,,,,,,,,,,,,,,,,,,,,,,,,,,,,,,,,,,,,,,,,,,,,,,,,,,,,,,,,,,,,,,,
ghz,28,qiskitaer,automatic,CPU,sync,2,8,7159.462928771973,,,,,,,,,,,,,,,,,,,,,,,,,,,,,,,,,,,,,,,,,,,,,,,,,,,,,,,,,,,,,,,,,,,,,,,
ghz,28,qiskitaer,automatic,CPU,sync,2,8,6701.513767242432,,,,,,,,,,,,,,,,,,,,,,,,,,,,,,,,,,,,,,,,,,,,,,,,,,,,,,,,,,,,,,,,,,,,,,,
ghz,28,qiskitaer,automatic,CPU,sync,2,8,6714.729309082031,,,,,,,,,,,,,,,,,,,,,,,,,,,,,,,,,,,,,,,,,,,,,,,,,,,,,,,,,,,,,,,,,,,,,,,
ghz,28,qiskitaer,automatic,CPU,sync,2,8,7159.462928771973,,,,,,,,,,,,,,,,,,,,,,,,,,,,,,,,,,,,,,,,,,,,,,,,,,,,,,,,,,,,,,,,,,,,,,,
ghz,28,qiskitaer,automatic,CPU,sync,2,8,6701.513767242432,,,,,,,,,,,,,,,,,,,,,,,,,,,,,,,,,,,,,,,,,,,,,,,,,,,,,,,,,,,,,,,,,,,,,,,
ghz,28,qiskitaer,automatic,CPU,sync,2,8,6714.729309082031,,,,,,,,,,,,,,,,,,,,,,,,,,,,,,,,,,,,,,,,,,,,,,,,,,,,,,,,,,,,,,,,,,,,,,,
ghz,28,nwqsim,MPI,CPU,sync,2,8,21345.198392868042,,,,,,,,,,,,,,,,,,,,,,,,,,,,,,,,,,,,,,,,,,,,,,,,,,,,,,,,,,,,,,,,,,,,,,,
ghz,28,nwqsim,MPI,CPU,sync,2,8,21027.45485305786,,,,,,,,,,,,,,,,,,,,,,,,,,,,,,,,,,,,,,,,,,,,,,,,,,,,,,,,,,,,,,,,,,,,,,,
ghz,28,nwqsim,MPI,CPU,sync,2,8,21050.257921218872,,,,,,,,,,,,,,,,,,,,,,,,,,,,,,,,,,,,,,,,,,,,,,,,,,,,,,,,,,,,,,,,,,,,,,,
ghz,28,nwqsim,MPI,CPU,sync,2,8,21345.198392868042,,,,,,,,,,,,,,,,,,,,,,,,,,,,,,,,,,,,,,,,,,,,,,,,,,,,,,,,,,,,,,,,,,,,,,,
ghz,28,nwqsim,MPI,CPU,sync,2,8,21027.45485305786,,,,,,,,,,,,,,,,,,,,,,,,,,,,,,,,,,,,,,,,,,,,,,,,,,,,,,,,,,,,,,,,,,,,,,,
ghz,28,nwqsim,MPI,CPU,sync,2,8,21050.257921218872,,,,,,,,,,,,,,,,,,,,,,,,,,,,,,,,,,,,,,,,,,,,,,,,,,,,,,,,,,,,,,,,,,,,,,,
ghz,28,nwqsim,MPI,CPU,sync,2,8,50631.460189819336,,,,,,,,,,,,,,,,,,,,,,,,,,,,,,,,,,,,,,,,,,,,,,,,,,,,,,,,,,,,,,,,,,,,,,,
ghz,28,nwqsim,MPI,CPU,sync,2,8,50624.374866485596,,,,,,,,,,,,,,,,,,,,,,,,,,,,,,,,,,,,,,,,,,,,,,,,,,,,,,,,,,,,,,,,,,,,,,,
ghz,28,nwqsim,MPI,CPU,sync,2,8,50620.704889297485,,,,,,,,,,,,,,,,,,,,,,,,,,,,,,,,,,,,,,,,,,,,,,,,,,,,,,,,,,,,,,,,,,,,,,,
ghz,28,nwqsim,MPI,CPU,sync,2,8,50606.39715194702,,,,,,,,,,,,,,,,,,,,,,,,,,,,,,,,,,,,,,,,,,,,,,,,,,,,,,,,,,,,,,,,,,,,,,,
ghz,28,nwqsim,MPI,CPU,sync,2,8,50604.286670684814,,,,,,,,,,,,,,,,,,,,,,,,,,,,,,,,,,,,,,,,,,,,,,,,,,,,,,,,,,,,,,,,,,,,,,,
ghz,28,nwqsim,MPI,CPU,sync,2,4,90998.98743629456,,,,,,,,,,,,,,,,,,,,,,,,,,,,,,,,,,,,,,,,,,,,,,,,,,,,,,,,,,,,,,,,,,,,,,,
ghz,28,nwqsim,MPI,CPU,sync,2,4,91019.16289329529,,,,,,,,,,,,,,,,,,,,,,,,,,,,,,,,,,,,,,,,,,,,,,,,,,,,,,,,,,,,,,,,,,,,,,,
ghz,28,nwqsim,MPI,CPU,sync,2,4,90989.39538002014,,,,,,,,,,,,,,,,,,,,,,,,,,,,,,,,,,,,,,,,,,,,,,,,,,,,,,,,,,,,,,,,,,,,,,,
ghz,28,nwqsim,MPI,CPU,sync,2,4,91010.66470146179,,,,,,,,,,,,,,,,,,,,,,,,,,,,,,,,,,,,,,,,,,,,,,,,,,,,,,,,,,,,,,,,,,,,,,,
ghz,28,nwqsim,MPI,CPU,sync,2,4,90977.37169265747,,,,,,,,,,,,,,,,,,,,,,,,,,,,,,,,,,,,,,,,,,,,,,,,,,,,,,,,,,,,,,,,,,,,,,,
ghz,28,nwqsim,MPI,CPU,sync,2,2,156598.20556640625,,,,,,,,,,,,,,,,,,,,,,,,,,,,,,,,,,,,,,,,,,,,,,,,,,,,,,,,,,,,,,,,,,,,,,,
ghz,28,nwqsim,MPI,CPU,sync,2,2,156598.52862358093,,,,,,,,,,,,,,,,,,,,,,,,,,,,,,,,,,,,,,,,,,,,,,,,,,,,,,,,,,,,,,,,,,,,,,,
ghz,28,nwqsim,MPI,CPU,sync,2,2,156588.2022380829,,,,,,,,,,,,,,,,,,,,,,,,,,,,,,,,,,,,,,,,,,,,,,,,,,,,,,,,,,,,,,,,,,,,,,,
ghz,28,nwqsim,MPI,CPU,sync,2,2,156590.99674224854,,,,,,,,,,,,,,,,,,,,,,,,,,,,,,,,,,,,,,,,,,,,,,,,,,,,,,,,,,,,,,,,,,,,,,,
ghz,28,nwqsim,MPI,CPU,sync,2,2,156571.44808769226,,,,,,,,,,,,,,,,,,,,,,,,,,,,,,,,,,,,,,,,,,,,,,,,,,,,,,,,,,,,,,,,,,,,,,,
ghz,28,nwqsim,MPI,CPU,sync,16,4,15294.895887374878,,,,,,,,,,,,,,,,,,,,,,,,,,,,,,,,,,,,,,,,,,,,,,,,,,,,,,,,,,,,,,,,,,,,,,,
ghz,28,nwqsim,MPI,CPU,sync,16,4,15292.016744613647,,,,,,,,,,,,,,,,,,,,,,,,,,,,,,,,,,,,,,,,,,,,,,,,,,,,,,,,,,,,,,,,,,,,,,,
ghz,28,nwqsim,MPI,CPU,sync,16,4,15269.532442092896,,,,,,,,,,,,,,,,,,,,,,,,,,,,,,,,,,,,,,,,,,,,,,,,,,,,,,,,,,,,,,,,,,,,,,,
ghz,28,nwqsim,MPI,CPU,sync,16,4,15278.062343597412,,,,,,,,,,,,,,,,,,,,,,,,,,,,,,,,,,,,,,,,,,,,,,,,,,,,,,,,,,,,,,,,,,,,,,,
ghz,28,nwqsim,MPI,CPU,sync,16,4,15266.010999679565,,,,,,,,,,,,,,,,,,,,,,,,,,,,,,,,,,,,,,,,,,,,,,,,,,,,,,,,,,,,,,,,,,,,,,,
ghz,28,nwqsim,MPI,CPU,sync,16,4,15286.421060562134,,,,,,,,,,,,,,,,,,,,,,,,,,,,,,,,,,,,,,,,,,,,,,,,,,,,,,,,,,,,,,,,,,,,,,,
ghz,28,nwqsim,MPI,CPU,sync,16,4,15279.895782470703,,,,,,,,,,,,,,,,,,,,,,,,,,,,,,,,,,,,,,,,,,,,,,,,,,,,,,,,,,,,,,,,,,,,,,,
ghz,28,nwqsim,MPI,CPU,sync,16,4,15281.27145767212,,,,,,,,,,,,,,,,,,,,,,,,,,,,,,,,,,,,,,,,,,,,,,,,,,,,,,,,,,,,,,,,,,,,,,,
ghz,28,nwqsim,MPI,CPU,sync,16,4,15283.69116783142,,,,,,,,,,,,,,,,,,,,,,,,,,,,,,,,,,,,,,,,,,,,,,,,,,,,,,,,,,,,,,,,,,,,,,,
ghz,28,nwqsim,MPI,CPU,sync,16,4,15286.643981933594,,,,,,,,,,,,,,,,,,,,,,,,,,,,,,,,,,,,,,,,,,,,,,,,,,,,,,,,,,,,,,,,,,,,,,,
ghz,28,nwqsim,MPI,CPU,sync,16,2,25378.401041030884,,,,,,,,,,,,,,,,,,,,,,,,,,,,,,,,,,,,,,,,,,,,,,,,,,,,,,,,,,,,,,,,,,,,,,,
ghz,28,nwqsim,MPI,CPU,sync,16,2,25372.111797332764,,,,,,,,,,,,,,,,,,,,,,,,,,,,,,,,,,,,,,,,,,,,,,,,,,,,,,,,,,,,,,,,,,,,,,,
ghz,28,nwqsim,MPI,CPU,sync,16,2,25373.44765663147,,,,,,,,,,,,,,,,,,,,,,,,,,,,,,,,,,,,,,,,,,,,,,,,,,,,,,,,,,,,,,,,,,,,,,,
ghz,28,nwqsim,MPI,CPU,sync,16,2,25359.266996383667,,,,,,,,,,,,,,,,,,,,,,,,,,,,,,,,,,,,,,,,,,,,,,,,,,,,,,,,,,,,,,,,,,,,,,,
ghz,28,nwqsim,MPI,CPU,sync,16,2,25366.503715515137,,,,,,,,,,,,,,,,,,,,,,,,,,,,,,,,,,,,,,,,,,,,,,,,,,,,,,,,,,,,,,,,,,,,,,,
ghz,28,nwqsim,MPI,CPU,sync,16,8,10248.446702957153,,,,,,,,,,,,,,,,,,,,,,,,,,,,,,,,,,,,,,,,,,,,,,,,,,,,,,,,,,,,,,,,,,,,,,,
ghz,28,nwqsim,MPI,CPU,sync,16,8,10241.189241409302,,,,,,,,,,,,,,,,,,,,,,,,,,,,,,,,,,,,,,,,,,,,,,,,,,,,,,,,,,,,,,,,,,,,,,,
ghz,28,nwqsim,MPI,CPU,sync,16,8,10251.02710723877,,,,,,,,,,,,,,,,,,,,,,,,,,,,,,,,,,,,,,,,,,,,,,,,,,,,,,,,,,,,,,,,,,,,,,,
ghz,28,nwqsim,MPI,CPU,sync,16,8,10239.034175872803,,,,,,,,,,,,,,,,,,,,,,,,,,,,,,,,,,,,,,,,,,,,,,,,,,,,,,,,,,,,,,,,,,,,,,,
ghz,28,nwqsim,MPI,CPU,sync,16,8,10239.763975143433,,,,,,,,,,,,,,,,,,,,,,,,,,,,,,,,,,,,,,,,,,,,,,,,,,,,,,,,,,,,,,,,,,,,,,,
ghz,28,nwqsim,MPI,CPU,sync,16,8,10242.65456199646,,,,,,,,,,,,,,,,,,,,,,,,,,,,,,,,,,,,,,,,,,,,,,,,,,,,,,,,,,,,,,,,,,,,,,,
ghz,28,nwqsim,MPI,CPU,sync,16,8,10231.831550598145,,,,,,,,,,,,,,,,,,,,,,,,,,,,,,,,,,,,,,,,,,,,,,,,,,,,,,,,,,,,,,,,,,,,,,,
ghz,28,nwqsim,MPI,CPU,sync,16,8,10235.259056091309,,,,,,,,,,,,,,,,,,,,,,,,,,,,,,,,,,,,,,,,,,,,,,,,,,,,,,,,,,,,,,,,,,,,,,,
ghz,28,nwqsim,MPI,CPU,sync,16,8,10238.181829452515,,,,,,,,,,,,,,,,,,,,,,,,,,,,,,,,,,,,,,,,,,,,,,,,,,,,,,,,,,,,,,,,,,,,,,,
ghz,28,nwqsim,MPI,CPU,sync,16,8,10248.319149017334,,,,,,,,,,,,,,,,,,,,,,,,,,,,,,,,,,,,,,,,,,,,,,,,,,,,,,,,,,,,,,,,,,,,,,,
ghz,28,nwqsim,MPI,CPU,sync,8,2,50625.02384185791,,,,,,,,,,,,,,,,,,,,,,,,,,,,,,,,,,,,,,,,,,,,,,,,,,,,,,,,,,,,,,,,,,,,,,,
ghz,28,nwqsim,MPI,CPU,sync,8,2,50625.53691864014,,,,,,,,,,,,,,,,,,,,,,,,,,,,,,,,,,,,,,,,,,,,,,,,,,,,,,,,,,,,,,,,,,,,,,,
ghz,28,nwqsim,MPI,CPU,sync,8,2,50621.76036834717,,,,,,,,,,,,,,,,,,,,,,,,,,,,,,,,,,,,,,,,,,,,,,,,,,,,,,,,,,,,,,,,,,,,,,,
ghz,28,nwqsim,MPI,CPU,sync,8,2,50630.86485862732,,,,,,,,,,,,,,,,,,,,,,,,,,,,,,,,,,,,,,,,,,,,,,,,,,,,,,,,,,,,,,,,,,,,,,,
ghz,28,nwqsim,MPI,CPU,sync,8,2,50621.58727645874,,,,,,,,,,,,,,,,,,,,,,,,,,,,,,,,,,,,,,,,,,,,,,,,,,,,,,,,,,,,,,,,,,,,,,,
ghz,28,nwqsim,MPI,CPU,sync,8,8,15288.623332977295,,,,,,,,,,,,,,,,,,,,,,,,,,,,,,,,,,,,,,,,,,,,,,,,,,,,,,,,,,,,,,,,,,,,,,,
ghz,28,nwqsim,MPI,CPU,sync,8,8,15282.356977462769,,,,,,,,,,,,,,,,,,,,,,,,,,,,,,,,,,,,,,,,,,,,,,,,,,,,,,,,,,,,,,,,,,,,,,,
ghz,28,nwqsim,MPI,CPU,sync,8,8,15284.015417098999,,,,,,,,,,,,,,,,,,,,,,,,,,,,,,,,,,,,,,,,,,,,,,,,,,,,,,,,,,,,,,,,,,,,,,,
ghz,28,nwqsim,MPI,CPU,sync,8,8,15279.60991859436,,,,,,,,,,,,,,,,,,,,,,,,,,,,,,,,,,,,,,,,,,,,,,,,,,,,,,,,,,,,,,,,,,,,,,,
ghz,28,nwqsim,MPI,CPU,sync,8,8,15275.176525115967,,,,,,,,,,,,,,,,,,,,,,,,,,,,,,,,,,,,,,,,,,,,,,,,,,,,,,,,,,,,,,,,,,,,,,,
ghz,28,nwqsim,MPI,CPU,sync,8,8,15270.752906799316,,,,,,,,,,,,,,,,,,,,,,,,,,,,,,,,,,,,,,,,,,,,,,,,,,,,,,,,,,,,,,,,,,,,,,,
ghz,28,nwqsim,MPI,CPU,sync,8,8,15273.414850234985,,,,,,,,,,,,,,,,,,,,,,,,,,,,,,,,,,,,,,,,,,,,,,,,,,,,,,,,,,,,,,,,,,,,,,,
ghz,28,nwqsim,MPI,CPU,sync,8,8,15273.202657699585,,,,,,,,,,,,,,,,,,,,,,,,,,,,,,,,,,,,,,,,,,,,,,,,,,,,,,,,,,,,,,,,,,,,,,,
ghz,28,nwqsim,MPI,CPU,sync,8,8,15278.393030166626,,,,,,,,,,,,,,,,,,,,,,,,,,,,,,,,,,,,,,,,,,,,,,,,,,,,,,,,,,,,,,,,,,,,,,,
ghz,28,nwqsim,MPI,CPU,sync,8,8,15275.009870529175,,,,,,,,,,,,,,,,,,,,,,,,,,,,,,,,,,,,,,,,,,,,,,,,,,,,,,,,,,,,,,,,,,,,,,,
ghz,28,nwqsim,MPI,CPU,sync,8,4,25390.686750411987,,,,,,,,,,,,,,,,,,,,,,,,,,,,,,,,,,,,,,,,,,,,,,,,,,,,,,,,,,,,,,,,,,,,,,,
ghz,28,nwqsim,MPI,CPU,sync,8,4,25376.298427581787,,,,,,,,,,,,,,,,,,,,,,,,,,,,,,,,,,,,,,,,,,,,,,,,,,,,,,,,,,,,,,,,,,,,,,,
ghz,28,nwqsim,MPI,CPU,sync,8,4,25596.471071243286,,,,,,,,,,,,,,,,,,,,,,,,,,,,,,,,,,,,,,,,,,,,,,,,,,,,,,,,,,,,,,,,,,,,,,,
ghz,28,nwqsim,MPI,CPU,sync,8,4,25385.60938835144,,,,,,,,,,,,,,,,,,,,,,,,,,,,,,,,,,,,,,,,,,,,,,,,,,,,,,,,,,,,,,,,,,,,,,,
ghz,28,nwqsim,MPI,CPU,sync,8,4,25388.749361038208,,,,,,,,,,,,,,,,,,,,,,,,,,,,,,,,,,,,,,,,,,,,,,,,,,,,,,,,,,,,,,,,,,,,,,,
ghz,28,nwqsim,MPI,CPU,sync,8,4,25378.61132621765,,,,,,,,,,,,,,,,,,,,,,,,,,,,,,,,,,,,,,,,,,,,,,,,,,,,,,,,,,,,,,,,,,,,,,,
ghz,28,nwqsim,MPI,CPU,sync,8,4,25386.016607284546,,,,,,,,,,,,,,,,,,,,,,,,,,,,,,,,,,,,,,,,,,,,,,,,,,,,,,,,,,,,,,,,,,,,,,,
ghz,28,nwqsim,MPI,CPU,sync,8,4,25372.81632423401,,,,,,,,,,,,,,,,,,,,,,,,,,,,,,,,,,,,,,,,,,,,,,,,,,,,,,,,,,,,,,,,,,,,,,,
ghz,28,nwqsim,MPI,CPU,sync,8,4,25391.574144363403,,,,,,,,,,,,,,,,,,,,,,,,,,,,,,,,,,,,,,,,,,,,,,,,,,,,,,,,,,,,,,,,,,,,,,,
ghz,28,nwqsim,MPI,CPU,sync,8,4,25382.811069488525,,,,,,,,,,,,,,,,,,,,,,,,,,,,,,,,,,,,,,,,,,,,,,,,,,,,,,,,,,,,,,,,,,,,,,,
ghz,28,nwqsim,MPI,CPU,sync,4,8,30421.16117477417,,,,,,,,,,,,,,,,,,,,,,,,,,,,,,,,,,,,,,,,,,,,,,,,,,,,,,,,,,,,,,,,,,,,,,,
ghz,28,nwqsim,MPI,CPU,sync,4,8,25381.775617599487,,,,,,,,,,,,,,,,,,,,,,,,,,,,,,,,,,,,,,,,,,,,,,,,,,,,,,,,,,,,,,,,,,,,,,,
ghz,28,nwqsim,MPI,CPU,sync,4,8,25380.340814590454,,,,,,,,,,,,,,,,,,,,,,,,,,,,,,,,,,,,,,,,,,,,,,,,,,,,,,,,,,,,,,,,,,,,,,,
ghz,28,nwqsim,MPI,CPU,sync,4,8,25395.95890045166,,,,,,,,,,,,,,,,,,,,,,,,,,,,,,,,,,,,,,,,,,,,,,,,,,,,,,,,,,,,,,,,,,,,,,,
ghz,28,nwqsim,MPI,CPU,sync,4,8,25383.597135543823,,,,,,,,,,,,,,,,,,,,,,,,,,,,,,,,,,,,,,,,,,,,,,,,,,,,,,,,,,,,,,,,,,,,,,,
ghz,28,nwqsim,MPI,CPU,sync,4,4,50627.66885757446,,,,,,,,,,,,,,,,,,,,,,,,,,,,,,,,,,,,,,,,,,,,,,,,,,,,,,,,,,,,,,,,,,,,,,,
ghz,28,nwqsim,MPI,CPU,sync,4,4,50592.915058135986,,,,,,,,,,,,,,,,,,,,,,,,,,,,,,,,,,,,,,,,,,,,,,,,,,,,,,,,,,,,,,,,,,,,,,,
ghz,28,nwqsim,MPI,CPU,sync,4,4,50816.67470932007,,,,,,,,,,,,,,,,,,,,,,,,,,,,,,,,,,,,,,,,,,,,,,,,,,,,,,,,,,,,,,,,,,,,,,,
ghz,28,nwqsim,MPI,CPU,sync,4,4,50588.847637176514,,,,,,,,,,,,,,,,,,,,,,,,,,,,,,,,,,,,,,,,,,,,,,,,,,,,,,,,,,,,,,,,,,,,,,,
ghz,28,nwqsim,MPI,CPU,sync,4,4,50673.95114898682,,,,,,,,,,,,,,,,,,,,,,,,,,,,,,,,,,,,,,,,,,,,,,,,,,,,,,,,,,,,,,,,,,,,,,,
ghz,28,nwqsim,MPI,CPU,sync,4,2,91024.62482452393,,,,,,,,,,,,,,,,,,,,,,,,,,,,,,,,,,,,,,,,,,,,,,,,,,,,,,,,,,,,,,,,,,,,,,,
ghz,28,nwqsim,MPI,CPU,sync,4,2,90967.280626297,,,,,,,,,,,,,,,,,,,,,,,,,,,,,,,,,,,,,,,,,,,,,,,,,,,,,,,,,,,,,,,,,,,,,,,
ghz,28,nwqsim,MPI,CPU,sync,4,2,90987.71381378174,,,,,,,,,,,,,,,,,,,,,,,,,,,,,,,,,,,,,,,,,,,,,,,,,,,,,,,,,,,,,,,,,,,,,,,
ghz,28,nwqsim,MPI,CPU,sync,4,2,96017.02284812927,,,,,,,,,,,,,,,,,,,,,,,,,,,,,,,,,,,,,,,,,,,,,,,,,,,,,,,,,,,,,,,,,,,,,,,
ghz,28,nwqsim,MPI,CPU,sync,4,2,91010.21075248718,,,,,,,,,,,,,,,,,,,,,,,,,,,,,,,,,,,,,,,,,,,,,,,,,,,,,,,,,,,,,,,,,,,,,,,
ghz,28,nwqsim,MPI,CPU,sync,1,1,565330.6157588959,,,,,,,,,,,,,,,,,,,,,,,,,,,,,,,,,,,,,,,,,,,,,,,,,,,,,,,,,,,,,,,,,,,,,,,
ghz,28,nwqsim,MPI,CPU,sync,1,1,567345.0834751129,,,,,,,,,,,,,,,,,,,,,,,,,,,,,,,,,,,,,,,,,,,,,,,,,,,,,,,,,,,,,,,,,,,,,,,
ghz,28,nwqsim,MPI,CPU,sync,1,1,565381.433725357,,,,,,,,,,,,,,,,,,,,,,,,,,,,,,,,,,,,,,,,,,,,,,,,,,,,,,,,,,,,,,,,,,,,,,,
ghz,28,nwqsim,MPI,CPU,sync,1,1,565322.3950862885,,,,,,,,,,,,,,,,,,,,,,,,,,,,,,,,,,,,,,,,,,,,,,,,,,,,,,,,,,,,,,,,,,,,,,,
ghz,28,nwqsim,MPI,CPU,sync,1,1,563386.7468833923,,,,,,,,,,,,,,,,,,,,,,,,,,,,,,,,,,,,,,,,,,,,,,,,,,,,,,,,,,,,,,,,,,,,,,,
ghz,28,nwqsim,MPI,CPU,sync,1,16,53158.299922943115,,,,,,,,,,,,,,,,,,,,,,,,,,,,,,,,,,,,,,,,,,,,,,,,,,,,,,,,,,,,,,,,,,,,,,,
ghz,28,nwqsim,MPI,CPU,sync,1,16,52118.87431144714,,,,,,,,,,,,,,,,,,,,,,,,,,,,,,,,,,,,,,,,,,,,,,,,,,,,,,,,,,,,,,,,,,,,,,,
ghz,28,nwqsim,MPI,CPU,sync,1,16,52109.77268218994,,,,,,,,,,,,,,,,,,,,,,,,,,,,,,,,,,,,,,,,,,,,,,,,,,,,,,,,,,,,,,,,,,,,,,,
ghz,28,nwqsim,MPI,CPU,sync,1,16,52113.571882247925,,,,,,,,,,,,,,,,,,,,,,,,,,,,,,,,,,,,,,,,,,,,,,,,,,,,,,,,,,,,,,,,,,,,,,,
ghz,28,nwqsim,MPI,CPU,sync,1,16,52130.05232810974,,,,,,,,,,,,,,,,,,,,,,,,,,,,,,,,,,,,,,,,,,,,,,,,,,,,,,,,,,,,,,,,,,,,,,,
ghz,28,ionq,simulator,CPU,sync,2,8,17665.66276550293,,,,,,,,,,,,,,,,,,,,,,,,,,,,,,,,,,,,,,,,,,,,,,,,,,,,,,,,,,,,,,,,,,,,,,,
ghz,28,ionq,simulator,CPU,sync,2,8,14737.453699111938,,,,,,,,,,,,,,,,,,,,,,,,,,,,,,,,,,,,,,,,,,,,,,,,,,,,,,,,,,,,,,,,,,,,,,,
ghz,28,ionq,simulator,CPU,sync,2,8,16815.133810043335,,,,,,,,,,,,,,,,,,,,,,,,,,,,,,,,,,,,,,,,,,,,,,,,,,,,,,,,,,,,,,,,,,,,,,,
ghz,28,ionq,simulator,CPU,sync,2,8,17665.66276550293,,,,,,,,,,,,,,,,,,,,,,,,,,,,,,,,,,,,,,,,,,,,,,,,,,,,,,,,,,,,,,,,,,,,,,,
ghz,28,ionq,simulator,CPU,sync,2,8,14737.453699111938,,,,,,,,,,,,,,,,,,,,,,,,,,,,,,,,,,,,,,,,,,,,,,,,,,,,,,,,,,,,,,,,,,,,,,,
ghz,28,ionq,simulator,CPU,sync,2,8,16815.133810043335,,,,,,,,,,,,,,,,,,,,,,,,,,,,,,,,,,,,,,,,,,,,,,,,,,,,,,,,,,,,,,,,,,,,,,,
ghz,26,nwqsim,MPI,CPU,sync,4,4,15290.050268173218,,,,,,,,,,,,,,,,,,,,,,,,,,,,,,,,,,,,,,,,,,,,,,,,,,,,,,,,,,,,,,,,,,,,,,,
ghz,26,nwqsim,MPI,CPU,sync,4,4,15277.026414871216,,,,,,,,,,,,,,,,,,,,,,,,,,,,,,,,,,,,,,,,,,,,,,,,,,,,,,,,,,,,,,,,,,,,,,,
ghz,26,nwqsim,MPI,CPU,sync,4,4,15275.517225265503,,,,,,,,,,,,,,,,,,,,,,,,,,,,,,,,,,,,,,,,,,,,,,,,,,,,,,,,,,,,,,,,,,,,,,,
ghz,26,nwqsim,MPI,CPU,sync,4,4,15289.178609848022,,,,,,,,,,,,,,,,,,,,,,,,,,,,,,,,,,,,,,,,,,,,,,,,,,,,,,,,,,,,,,,,,,,,,,,
ghz,26,nwqsim,MPI,CPU,sync,4,4,15279.516220092773,,,,,,,,,,,,,,,,,,,,,,,,,,,,,,,,,,,,,,,,,,,,,,,,,,,,,,,,,,,,,,,,,,,,,,,
ghz,26,nwqsim,MPI,CPU,sync,4,8,10253.790378570557,,,,,,,,,,,,,,,,,,,,,,,,,,,,,,,,,,,,,,,,,,,,,,,,,,,,,,,,,,,,,,,,,,,,,,,
ghz,26,nwqsim,MPI,CPU,sync,4,8,10231.547832489014,,,,,,,,,,,,,,,,,,,,,,,,,,,,,,,,,,,,,,,,,,,,,,,,,,,,,,,,,,,,,,,,,,,,,,,
ghz,26,nwqsim,MPI,CPU,sync,4,8,10234.627962112427,,,,,,,,,,,,,,,,,,,,,,,,,,,,,,,,,,,,,,,,,,,,,,,,,,,,,,,,,,,,,,,,,,,,,,,
ghz,26,nwqsim,MPI,CPU,sync,4,8,10233.506202697754,,,,,,,,,,,,,,,,,,,,,,,,,,,,,,,,,,,,,,,,,,,,,,,,,,,,,,,,,,,,,,,,,,,,,,,
ghz,26,nwqsim,MPI,CPU,sync,4,8,10232.985973358154,,,,,,,,,,,,,,,,,,,,,,,,,,,,,,,,,,,,,,,,,,,,,,,,,,,,,,,,,,,,,,,,,,,,,,,
ghz,26,nwqsim,MPI,CPU,sync,4,2,25359.8792552948,,,,,,,,,,,,,,,,,,,,,,,,,,,,,,,,,,,,,,,,,,,,,,,,,,,,,,,,,,,,,,,,,,,,,,,
ghz,26,nwqsim,MPI,CPU,sync,4,2,25363.77453804016,,,,,,,,,,,,,,,,,,,,,,,,,,,,,,,,,,,,,,,,,,,,,,,,,,,,,,,,,,,,,,,,,,,,,,,
ghz,26,nwqsim,MPI,CPU,sync,4,2,25364.895582199097,,,,,,,,,,,,,,,,,,,,,,,,,,,,,,,,,,,,,,,,,,,,,,,,,,,,,,,,,,,,,,,,,,,,,,,
ghz,26,nwqsim,MPI,CPU,sync,4,2,25368.27278137207,,,,,,,,,,,,,,,,,,,,,,,,,,,,,,,,,,,,,,,,,,,,,,,,,,,,,,,,,,,,,,,,,,,,,,,
ghz,26,nwqsim,MPI,CPU,sync,4,2,25374.77684020996,,,,,,,,,,,,,,,,,,,,,,,,,,,,,,,,,,,,,,,,,,,,,,,,,,,,,,,,,,,,,,,,,,,,,,,
ghz,26,nwqsim,MPI,CPU,sync,16,4,10242.627382278442,,,,,,,,,,,,,,,,,,,,,,,,,,,,,,,,,,,,,,,,,,,,,,,,,,,,,,,,,,,,,,,,,,,,,,,
ghz,26,nwqsim,MPI,CPU,sync,16,4,5190.477609634399,,,,,,,,,,,,,,,,,,,,,,,,,,,,,,,,,,,,,,,,,,,,,,,,,,,,,,,,,,,,,,,,,,,,,,,
ghz,26,nwqsim,MPI,CPU,sync,16,4,5186.885595321655,,,,,,,,,,,,,,,,,,,,,,,,,,,,,,,,,,,,,,,,,,,,,,,,,,,,,,,,,,,,,,,,,,,,,,,
ghz,26,nwqsim,MPI,CPU,sync,16,4,5189.875364303589,,,,,,,,,,,,,,,,,,,,,,,,,,,,,,,,,,,,,,,,,,,,,,,,,,,,,,,,,,,,,,,,,,,,,,,
ghz,26,nwqsim,MPI,CPU,sync,16,4,5191.769123077393,,,,,,,,,,,,,,,,,,,,,,,,,,,,,,,,,,,,,,,,,,,,,,,,,,,,,,,,,,,,,,,,,,,,,,,
ghz,26,nwqsim,MPI,CPU,sync,16,4,5190.552234649658,,,,,,,,,,,,,,,,,,,,,,,,,,,,,,,,,,,,,,,,,,,,,,,,,,,,,,,,,,,,,,,,,,,,,,,
ghz,26,nwqsim,MPI,CPU,sync,16,4,5181.571960449219,,,,,,,,,,,,,,,,,,,,,,,,,,,,,,,,,,,,,,,,,,,,,,,,,,,,,,,,,,,,,,,,,,,,,,,
ghz,26,nwqsim,MPI,CPU,sync,16,4,5196.495771408081,,,,,,,,,,,,,,,,,,,,,,,,,,,,,,,,,,,,,,,,,,,,,,,,,,,,,,,,,,,,,,,,,,,,,,,
ghz,26,nwqsim,MPI,CPU,sync,16,4,5187.401533126831,,,,,,,,,,,,,,,,,,,,,,,,,,,,,,,,,,,,,,,,,,,,,,,,,,,,,,,,,,,,,,,,,,,,,,,
ghz,26,nwqsim,MPI,CPU,sync,16,4,5185.946226119995,,,,,,,,,,,,,,,,,,,,,,,,,,,,,,,,,,,,,,,,,,,,,,,,,,,,,,,,,,,,,,,,,,,,,,,
ghz,26,nwqsim,MPI,CPU,sync,16,2,10225.811958312988,,,,,,,,,,,,,,,,,,,,,,,,,,,,,,,,,,,,,,,,,,,,,,,,,,,,,,,,,,,,,,,,,,,,,,,
ghz,26,nwqsim,MPI,CPU,sync,16,2,10231.490850448608,,,,,,,,,,,,,,,,,,,,,,,,,,,,,,,,,,,,,,,,,,,,,,,,,,,,,,,,,,,,,,,,,,,,,,,
ghz,26,nwqsim,MPI,CPU,sync,16,2,10221.06409072876,,,,,,,,,,,,,,,,,,,,,,,,,,,,,,,,,,,,,,,,,,,,,,,,,,,,,,,,,,,,,,,,,,,,,,,
ghz,26,nwqsim,MPI,CPU,sync,16,2,10228.060245513916,,,,,,,,,,,,,,,,,,,,,,,,,,,,,,,,,,,,,,,,,,,,,,,,,,,,,,,,,,,,,,,,,,,,,,,
ghz,26,nwqsim,MPI,CPU,sync,16,2,10222.965240478516,,,,,,,,,,,,,,,,,,,,,,,,,,,,,,,,,,,,,,,,,,,,,,,,,,,,,,,,,,,,,,,,,,,,,,,
ghz,26,nwqsim,MPI,CPU,sync,16,8,5195.862054824829,,,,,,,,,,,,,,,,,,,,,,,,,,,,,,,,,,,,,,,,,,,,,,,,,,,,,,,,,,,,,,,,,,,,,,,
ghz,26,nwqsim,MPI,CPU,sync,16,8,5185.649394989014,,,,,,,,,,,,,,,,,,,,,,,,,,,,,,,,,,,,,,,,,,,,,,,,,,,,,,,,,,,,,,,,,,,,,,,
ghz,26,nwqsim,MPI,CPU,sync,16,8,5189.647912979126,,,,,,,,,,,,,,,,,,,,,,,,,,,,,,,,,,,,,,,,,,,,,,,,,,,,,,,,,,,,,,,,,,,,,,,
ghz,26,nwqsim,MPI,CPU,sync,16,8,5185.276508331299,,,,,,,,,,,,,,,,,,,,,,,,,,,,,,,,,,,,,,,,,,,,,,,,,,,,,,,,,,,,,,,,,,,,,,,
ghz,26,nwqsim,MPI,CPU,sync,16,8,5190.4356479644775,,,,,,,,,,,,,,,,,,,,,,,,,,,,,,,,,,,,,,,,,,,,,,,,,,,,,,,,,,,,,,,,,,,,,,,
ghz,26,nwqsim,MPI,CPU,sync,16,8,5190.995454788208,,,,,,,,,,,,,,,,,,,,,,,,,,,,,,,,,,,,,,,,,,,,,,,,,,,,,,,,,,,,,,,,,,,,,,,
ghz,26,nwqsim,MPI,CPU,sync,16,8,5190.67120552063,,,,,,,,,,,,,,,,,,,,,,,,,,,,,,,,,,,,,,,,,,,,,,,,,,,,,,,,,,,,,,,,,,,,,,,
ghz,26,nwqsim,MPI,CPU,sync,16,8,5197.242259979248,,,,,,,,,,,,,,,,,,,,,,,,,,,,,,,,,,,,,,,,,,,,,,,,,,,,,,,,,,,,,,,,,,,,,,,
ghz,26,nwqsim,MPI,CPU,sync,16,8,5192.003965377808,,,,,,,,,,,,,,,,,,,,,,,,,,,,,,,,,,,,,,,,,,,,,,,,,,,,,,,,,,,,,,,,,,,,,,,
ghz,26,nwqsim,MPI,CPU,sync,16,8,5193.218469619751,,,,,,,,,,,,,,,,,,,,,,,,,,,,,,,,,,,,,,,,,,,,,,,,,,,,,,,,,,,,,,,,,,,,,,,
ghz,26,nwqsim,MPI,CPU,sync,2,2,40516.36362075806,,,,,,,,,,,,,,,,,,,,,,,,,,,,,,,,,,,,,,,,,,,,,,,,,,,,,,,,,,,,,,,,,,,,,,,
ghz,26,nwqsim,MPI,CPU,sync,2,2,40543.80106925964,,,,,,,,,,,,,,,,,,,,,,,,,,,,,,,,,,,,,,,,,,,,,,,,,,,,,,,,,,,,,,,,,,,,,,,
ghz,26,nwqsim,MPI,CPU,sync,2,2,40519.44398880005,,,,,,,,,,,,,,,,,,,,,,,,,,,,,,,,,,,,,,,,,,,,,,,,,,,,,,,,,,,,,,,,,,,,,,,
ghz,26,nwqsim,MPI,CPU,sync,2,2,40511.05451583862,,,,,,,,,,,,,,,,,,,,,,,,,,,,,,,,,,,,,,,,,,,,,,,,,,,,,,,,,,,,,,,,,,,,,,,
ghz,26,nwqsim,MPI,CPU,sync,2,2,40524.563789367676,,,,,,,,,,,,,,,,,,,,,,,,,,,,,,,,,,,,,,,,,,,,,,,,,,,,,,,,,,,,,,,,,,,,,,,
ghz,26,nwqsim,MPI,CPU,sync,2,8,15284.696817398071,,,,,,,,,,,,,,,,,,,,,,,,,,,,,,,,,,,,,,,,,,,,,,,,,,,,,,,,,,,,,,,,,,,,,,,
ghz,26,nwqsim,MPI,CPU,sync,2,8,15284.790754318237,,,,,,,,,,,,,,,,,,,,,,,,,,,,,,,,,,,,,,,,,,,,,,,,,,,,,,,,,,,,,,,,,,,,,,,
ghz,26,nwqsim,MPI,CPU,sync,2,8,15268.29195022583,,,,,,,,,,,,,,,,,,,,,,,,,,,,,,,,,,,,,,,,,,,,,,,,,,,,,,,,,,,,,,,,,,,,,,,
ghz,26,nwqsim,MPI,CPU,sync,2,8,15510.406970977783,,,,,,,,,,,,,,,,,,,,,,,,,,,,,,,,,,,,,,,,,,,,,,,,,,,,,,,,,,,,,,,,,,,,,,,
ghz,26,nwqsim,MPI,CPU,sync,2,8,15272.708415985107,,,,,,,,,,,,,,,,,,,,,,,,,,,,,,,,,,,,,,,,,,,,,,,,,,,,,,,,,,,,,,,,,,,,,,,
ghz,26,nwqsim,MPI,CPU,sync,2,4,25379.137754440308,,,,,,,,,,,,,,,,,,,,,,,,,,,,,,,,,,,,,,,,,,,,,,,,,,,,,,,,,,,,,,,,,,,,,,,
ghz,26,nwqsim,MPI,CPU,sync,2,4,25370.524883270264,,,,,,,,,,,,,,,,,,,,,,,,,,,,,,,,,,,,,,,,,,,,,,,,,,,,,,,,,,,,,,,,,,,,,,,
ghz,26,nwqsim,MPI,CPU,sync,2,4,25376.485109329224,,,,,,,,,,,,,,,,,,,,,,,,,,,,,,,,,,,,,,,,,,,,,,,,,,,,,,,,,,,,,,,,,,,,,,,
ghz,26,nwqsim,MPI,CPU,sync,2,4,25366.323947906494,,,,,,,,,,,,,,,,,,,,,,,,,,,,,,,,,,,,,,,,,,,,,,,,,,,,,,,,,,,,,,,,,,,,,,,
ghz,26,nwqsim,MPI,CPU,sync,2,4,25379.5006275177,,,,,,,,,,,,,,,,,,,,,,,,,,,,,,,,,,,,,,,,,,,,,,,,,,,,,,,,,,,,,,,,,,,,,,,
ghz,26,nwqsim,MPI,CPU,sync,8,2,15283.56671333313,,,,,,,,,,,,,,,,,,,,,,,,,,,,,,,,,,,,,,,,,,,,,,,,,,,,,,,,,,,,,,,,,,,,,,,
ghz,26,nwqsim,MPI,CPU,sync,8,2,15278.518438339233,,,,,,,,,,,,,,,,,,,,,,,,,,,,,,,,,,,,,,,,,,,,,,,,,,,,,,,,,,,,,,,,,,,,,,,
ghz,26,nwqsim,MPI,CPU,sync,8,2,15279.088973999023,,,,,,,,,,,,,,,,,,,,,,,,,,,,,,,,,,,,,,,,,,,,,,,,,,,,,,,,,,,,,,,,,,,,,,,
ghz,26,nwqsim,MPI,CPU,sync,8,2,15281.64029121399,,,,,,,,,,,,,,,,,,,,,,,,,,,,,,,,,,,,,,,,,,,,,,,,,,,,,,,,,,,,,,,,,,,,,,,
ghz,26,nwqsim,MPI,CPU,sync,8,2,15287.760019302368,,,,,,,,,,,,,,,,,,,,,,,,,,,,,,,,,,,,,,,,,,,,,,,,,,,,,,,,,,,,,,,,,,,,,,,
ghz,26,nwqsim,MPI,CPU,sync,8,4,10228.56068611145,,,,,,,,,,,,,,,,,,,,,,,,,,,,,,,,,,,,,,,,,,,,,,,,,,,,,,,,,,,,,,,,,,,,,,,
ghz,26,nwqsim,MPI,CPU,sync,8,4,10229.710578918457,,,,,,,,,,,,,,,,,,,,,,,,,,,,,,,,,,,,,,,,,,,,,,,,,,,,,,,,,,,,,,,,,,,,,,,
ghz,26,nwqsim,MPI,CPU,sync,8,4,10226.096391677856,,,,,,,,,,,,,,,,,,,,,,,,,,,,,,,,,,,,,,,,,,,,,,,,,,,,,,,,,,,,,,,,,,,,,,,
ghz,26,nwqsim,MPI,CPU,sync,8,4,10228.135347366333,,,,,,,,,,,,,,,,,,,,,,,,,,,,,,,,,,,,,,,,,,,,,,,,,,,,,,,,,,,,,,,,,,,,,,,
ghz,26,nwqsim,MPI,CPU,sync,8,4,10225.911378860474,,,,,,,,,,,,,,,,,,,,,,,,,,,,,,,,,,,,,,,,,,,,,,,,,,,,,,,,,,,,,,,,,,,,,,,
ghz,26,nwqsim,MPI,CPU,sync,8,4,10227.992296218872,,,,,,,,,,,,,,,,,,,,,,,,,,,,,,,,,,,,,,,,,,,,,,,,,,,,,,,,,,,,,,,,,,,,,,,
ghz,26,nwqsim,MPI,CPU,sync,8,4,10230.606317520142,,,,,,,,,,,,,,,,,,,,,,,,,,,,,,,,,,,,,,,,,,,,,,,,,,,,,,,,,,,,,,,,,,,,,,,
ghz,26,nwqsim,MPI,CPU,sync,8,4,10229.515314102173,,,,,,,,,,,,,,,,,,,,,,,,,,,,,,,,,,,,,,,,,,,,,,,,,,,,,,,,,,,,,,,,,,,,,,,
ghz,26,nwqsim,MPI,CPU,sync,8,4,10228.360891342163,,,,,,,,,,,,,,,,,,,,,,,,,,,,,,,,,,,,,,,,,,,,,,,,,,,,,,,,,,,,,,,,,,,,,,,
ghz,26,nwqsim,MPI,CPU,sync,8,4,10238.70301246643,,,,,,,,,,,,,,,,,,,,,,,,,,,,,,,,,,,,,,,,,,,,,,,,,,,,,,,,,,,,,,,,,,,,,,,
ghz,26,nwqsim,MPI,CPU,sync,8,8,10257.741689682007,,,,,,,,,,,,,,,,,,,,,,,,,,,,,,,,,,,,,,,,,,,,,,,,,,,,,,,,,,,,,,,,,,,,,,,
ghz,26,nwqsim,MPI,CPU,sync,8,8,5182.336807250977,,,,,,,,,,,,,,,,,,,,,,,,,,,,,,,,,,,,,,,,,,,,,,,,,,,,,,,,,,,,,,,,,,,,,,,
ghz,26,nwqsim,MPI,CPU,sync,8,8,5184.74006652832,,,,,,,,,,,,,,,,,,,,,,,,,,,,,,,,,,,,,,,,,,,,,,,,,,,,,,,,,,,,,,,,,,,,,,,
ghz,26,nwqsim,MPI,CPU,sync,8,8,5184.613943099976,,,,,,,,,,,,,,,,,,,,,,,,,,,,,,,,,,,,,,,,,,,,,,,,,,,,,,,,,,,,,,,,,,,,,,,
ghz,26,nwqsim,MPI,CPU,sync,8,8,5188.297748565674,,,,,,,,,,,,,,,,,,,,,,,,,,,,,,,,,,,,,,,,,,,,,,,,,,,,,,,,,,,,,,,,,,,,,,,
ghz,26,nwqsim,MPI,CPU,sync,8,8,5186.903238296509,,,,,,,,,,,,,,,,,,,,,,,,,,,,,,,,,,,,,,,,,,,,,,,,,,,,,,,,,,,,,,,,,,,,,,,
ghz,26,nwqsim,MPI,CPU,sync,8,8,5183.772087097168,,,,,,,,,,,,,,,,,,,,,,,,,,,,,,,,,,,,,,,,,,,,,,,,,,,,,,,,,,,,,,,,,,,,,,,
ghz,26,nwqsim,MPI,CPU,sync,8,8,5193.642139434814,,,,,,,,,,,,,,,,,,,,,,,,,,,,,,,,,,,,,,,,,,,,,,,,,,,,,,,,,,,,,,,,,,,,,,,
ghz,26,nwqsim,MPI,CPU,sync,8,8,5179.874897003174,,,,,,,,,,,,,,,,,,,,,,,,,,,,,,,,,,,,,,,,,,,,,,,,,,,,,,,,,,,,,,,,,,,,,,,
ghz,26,nwqsim,MPI,CPU,sync,8,8,5182.406425476074,,,,,,,,,,,,,,,,,,,,,,,,,,,,,,,,,,,,,,,,,,,,,,,,,,,,,,,,,,,,,,,,,,,,,,,
ghz,26,nwqsim,MPI,CPU,sync,1,16,15083.195686340332,,,,,,,,,,,,,,,,,,,,,,,,,,,,,,,,,,,,,,,,,,,,,,,,,,,,,,,,,,,,,,,,,,,,,,,
ghz,26,nwqsim,MPI,CPU,sync,1,16,14035.529375076294,,,,,,,,,,,,,,,,,,,,,,,,,,,,,,,,,,,,,,,,,,,,,,,,,,,,,,,,,,,,,,,,,,,,,,,
ghz,26,nwqsim,MPI,CPU,sync,1,16,14027.926445007324,,,,,,,,,,,,,,,,,,,,,,,,,,,,,,,,,,,,,,,,,,,,,,,,,,,,,,,,,,,,,,,,,,,,,,,
ghz,26,nwqsim,MPI,CPU,sync,1,16,14031.363725662231,,,,,,,,,,,,,,,,,,,,,,,,,,,,,,,,,,,,,,,,,,,,,,,,,,,,,,,,,,,,,,,,,,,,,,,
ghz,26,nwqsim,MPI,CPU,sync,1,16,14039.511919021606,,,,,,,,,,,,,,,,,,,,,,,,,,,,,,,,,,,,,,,,,,,,,,,,,,,,,,,,,,,,,,,,,,,,,,,
ghz,26,nwqsim,MPI,CPU,sync,1,1,140515.70224761963,,,,,,,,,,,,,,,,,,,,,,,,,,,,,,,,,,,,,,,,,,,,,,,,,,,,,,,,,,,,,,,,,,,,,,,
ghz,26,nwqsim,MPI,CPU,sync,1,1,140327.21662521362,,,,,,,,,,,,,,,,,,,,,,,,,,,,,,,,,,,,,,,,,,,,,,,,,,,,,,,,,,,,,,,,,,,,,,,
ghz,26,nwqsim,MPI,CPU,sync,1,1,140313.49897384644,,,,,,,,,,,,,,,,,,,,,,,,,,,,,,,,,,,,,,,,,,,,,,,,,,,,,,,,,,,,,,,,,,,,,,,
ghz,26,nwqsim,MPI,CPU,sync,1,1,140333.13083648682,,,,,,,,,,,,,,,,,,,,,,,,,,,,,,,,,,,,,,,,,,,,,,,,,,,,,,,,,,,,,,,,,,,,,,,
ghz,26,nwqsim,MPI,CPU,sync,1,1,139329.67448234558,,,,,,,,,,,,,,,,,,,,,,,,,,,,,,,,,,,,,,,,,,,,,,,,,,,,,,,,,,,,,,,,,,,,,,,
ghz,26,nwqsim,MPI,CPU,sync,1,1,139342.9262638092,,,,,,,,,,,,,,,,,,,,,,,,,,,,,,,,,,,,,,,,,,,,,,,,,,,,,,,,,,,,,,,,,,,,,,,
ghz,26,nwqsim,MPI,CPU,sync,1,1,139324.45645332336,,,,,,,,,,,,,,,,,,,,,,,,,,,,,,,,,,,,,,,,,,,,,,,,,,,,,,,,,,,,,,,,,,,,,,,
ghz,26,nwqsim,MPI,CPU,sync,1,1,140336.80248260498,,,,,,,,,,,,,,,,,,,,,,,,,,,,,,,,,,,,,,,,,,,,,,,,,,,,,,,,,,,,,,,,,,,,,,,
ghz,26,nwqsim,MPI,CPU,sync,1,1,139346.65155410767,,,,,,,,,,,,,,,,,,,,,,,,,,,,,,,,,,,,,,,,,,,,,,,,,,,,,,,,,,,,,,,,,,,,,,,
ghz,26,nwqsim,MPI,CPU,sync,1,1,139324.68056678772,,,,,,,,,,,,,,,,,,,,,,,,,,,,,,,,,,,,,,,,,,,,,,,,,,,,,,,,,,,,,,,,,,,,,,,
ham,4,ibmq,ibm_miami,CPU,sync,1,8,44.20757293701172,4.0,13.0,4.0,4.0,25.0,25.0,0.0,1.0,4.0,19.0,6.0,0.0,0.0,1.0,1.0,25.0,8.0,1.0,1.0,0.0,0.0,0.0,25.0,43.0,15.0,,0.0,3.0,6.0,9.0,7.75,14.0,11.0,1.0,7.0,0.28,0.4489988864128729,0.0,1.0,6.0,1.0,,,0.0,0.0,0.0,0.0,6.0,0.0,8.0,4.0,0.0,0.0,0.0,7.0,0.0,0.0,0.0,,,,,,,,,,,,,
ham,4,ibmq,ibm_miami,CPU,sync,1,8,836.8270397186279,4.0,13.0,4.0,4.0,25.0,25.0,0.0,1.0,4.0,19.0,6.0,0.0,0.0,1.0,1.0,25.0,8.0,1.0,1.0,0.0,0.0,0.0,25.0,43.0,15.0,,0.0,3.0,6.0,9.0,7.75,14.0,11.0,1.0,7.0,0.28,0.4489988864128729,0.0,1.0,6.0,1.0,,,0.0,0.0,0.0,0.0,6.0,0.0,8.0,4.0,0.0,0.0,0.0,7.0,0.0,0.0,0.0,,,,,,,,,,,,,
ham,4,ibmq,ibm_miami,CPU,sync,1,8,51.67555809020996,4.0,13.0,4.0,4.0,25.0,25.0,0.0,1.0,4.0,19.0,6.0,0.0,0.0,1.0,1.0,25.0,8.0,1.0,1.0,0.0,0.0,0.0,25.0,43.0,15.0,,0.0,3.0,6.0,9.0,7.75,14.0,11.0,1.0,7.0,0.28,0.4489988864128729,0.0,1.0,6.0,1.0,,,0.0,0.0,0.0,0.0,6.0,0.0,8.0,4.0,0.0,0.0,0.0,7.0,0.0,0.0,0.0,,,,,,,,,,,,,
ham,4,ibmq,ibm_torino,CPU,sync,1,8,47.30629920959473,4.0,13.0,4.0,4.0,25.0,25.0,0.0,1.0,4.0,19.0,6.0,0.0,0.0,1.0,1.0,25.0,8.0,1.0,1.0,0.0,0.0,0.0,25.0,43.0,15.0,,0.0,3.0,6.0,9.0,7.75,14.0,11.0,1.0,7.0,0.28,0.4489988864128729,0.0,1.0,6.0,1.0,,,0.0,0.0,0.0,0.0,6.0,0.0,8.0,4.0,0.0,0.0,0.0,7.0,0.0,0.0,0.0,,,,,,,,,,,,,
ham,4,tnqvm,exatn-mps,CPU,sync,1,4,5943.512201309204,4.0,13.0,4.0,4.0,25.0,25.0,0.0,1.0,4.0,19.0,6.0,0.0,0.0,1.0,1.0,25.0,8.0,1.0,1.0,0.0,0.0,0.0,25.0,43.0,15.0,,0.0,3.0,6.0,9.0,7.75,14.0,11.0,1.0,7.0,0.28,0.4489988864128729,0.0,1.0,6.0,1.0,,,0.0,0.0,0.0,0.0,6.0,0.0,8.0,4.0,0.0,0.0,0.0,7.0,0.0,0.0,0.0,,,,,,,,,,,,,
ham,4,tnqvm,exatn-mps,CPU,sync,1,4,1359.9681854248047,4.0,13.0,4.0,4.0,25.0,25.0,0.0,1.0,4.0,19.0,6.0,0.0,0.0,1.0,1.0,25.0,8.0,1.0,1.0,0.0,0.0,0.0,25.0,43.0,15.0,,0.0,3.0,6.0,9.0,7.75,14.0,11.0,1.0,7.0,0.28,0.4489988864128729,0.0,1.0,6.0,1.0,,,0.0,0.0,0.0,0.0,6.0,0.0,8.0,4.0,0.0,0.0,0.0,7.0,0.0,0.0,0.0,,,,,,,,,,,,,
ham,4,tnqvm,exatn-mps,CPU,sync,1,4,1135.7007026672363,4.0,13.0,4.0,4.0,25.0,25.0,0.0,1.0,4.0,19.0,6.0,0.0,0.0,1.0,1.0,25.0,8.0,1.0,1.0,0.0,0.0,0.0,25.0,43.0,15.0,,0.0,3.0,6.0,9.0,7.75,14.0,11.0,1.0,7.0,0.28,0.4489988864128729,0.0,1.0,6.0,1.0,,,0.0,0.0,0.0,0.0,6.0,0.0,8.0,4.0,0.0,0.0,0.0,7.0,0.0,0.0,0.0,,,,,,,,,,,,,
ham,4,tnqvm,exatn-mps,CPU,sync,1,4,5943.512201309204,4.0,13.0,4.0,4.0,25.0,25.0,0.0,1.0,4.0,19.0,6.0,0.0,0.0,1.0,1.0,25.0,8.0,1.0,1.0,0.0,0.0,0.0,25.0,43.0,15.0,,0.0,3.0,6.0,9.0,7.75,14.0,11.0,1.0,7.0,0.28,0.4489988864128729,0.0,1.0,6.0,1.0,,,0.0,0.0,0.0,0.0,6.0,0.0,8.0,4.0,0.0,0.0,0.0,7.0,0.0,0.0,0.0,,,,,,,,,,,,,
ham,4,tnqvm,exatn-mps,CPU,sync,1,4,1359.9681854248047,4.0,13.0,4.0,4.0,25.0,25.0,0.0,1.0,4.0,19.0,6.0,0.0,0.0,1.0,1.0,25.0,8.0,1.0,1.0,0.0,0.0,0.0,25.0,43.0,15.0,,0.0,3.0,6.0,9.0,7.75,14.0,11.0,1.0,7.0,0.28,0.4489988864128729,0.0,1.0,6.0,1.0,,,0.0,0.0,0.0,0.0,6.0,0.0,8.0,4.0,0.0,0.0,0.0,7.0,0.0,0.0,0.0,,,,,,,,,,,,,
ham,4,tnqvm,exatn-mps,CPU,sync,1,4,1135.7007026672363,4.0,13.0,4.0,4.0,25.0,25.0,0.0,1.0,4.0,19.0,6.0,0.0,0.0,1.0,1.0,25.0,8.0,1.0,1.0,0.0,0.0,0.0,25.0,43.0,15.0,,0.0,3.0,6.0,9.0,7.75,14.0,11.0,1.0,7.0,0.28,0.4489988864128729,0.0,1.0,6.0,1.0,,,0.0,0.0,0.0,0.0,6.0,0.0,8.0,4.0,0.0,0.0,0.0,7.0,0.0,0.0,0.0,,,,,,,,,,,,,
ham,4,ionq,simulator,CPU,sync,1,4,2834.833860397339,4.0,13.0,4.0,4.0,25.0,25.0,0.0,1.0,4.0,19.0,6.0,0.0,0.0,1.0,1.0,25.0,8.0,1.0,1.0,0.0,0.0,0.0,25.0,43.0,15.0,,0.0,3.0,6.0,9.0,7.75,14.0,11.0,1.0,7.0,0.28,0.4489988864128729,0.0,1.0,6.0,1.0,,,0.0,0.0,0.0,0.0,6.0,0.0,8.0,4.0,0.0,0.0,0.0,7.0,0.0,0.0,0.0,,,,,,,,,,,,,
ham,4,ionq,simulator,CPU,sync,1,4,2477.4227142333984,4.0,13.0,4.0,4.0,25.0,25.0,0.0,1.0,4.0,19.0,6.0,0.0,0.0,1.0,1.0,25.0,8.0,1.0,1.0,0.0,0.0,0.0,25.0,43.0,15.0,,0.0,3.0,6.0,9.0,7.75,14.0,11.0,1.0,7.0,0.28,0.4489988864128729,0.0,1.0,6.0,1.0,,,0.0,0.0,0.0,0.0,6.0,0.0,8.0,4.0,0.0,0.0,0.0,7.0,0.0,0.0,0.0,,,,,,,,,,,,,
ham,4,ionq,simulator,CPU,sync,1,4,2234.2047691345215,4.0,13.0,4.0,4.0,25.0,25.0,0.0,1.0,4.0,19.0,6.0,0.0,0.0,1.0,1.0,25.0,8.0,1.0,1.0,0.0,0.0,0.0,25.0,43.0,15.0,,0.0,3.0,6.0,9.0,7.75,14.0,11.0,1.0,7.0,0.28,0.4489988864128729,0.0,1.0,6.0,1.0,,,0.0,0.0,0.0,0.0,6.0,0.0,8.0,4.0,0.0,0.0,0.0,7.0,0.0,0.0,0.0,,,,,,,,,,,,,
ham,4,ionq,simulator,CPU,sync,1,4,2834.833860397339,4.0,13.0,4.0,4.0,25.0,25.0,0.0,1.0,4.0,19.0,6.0,0.0,0.0,1.0,1.0,25.0,8.0,1.0,1.0,0.0,0.0,0.0,25.0,43.0,15.0,,0.0,3.0,6.0,9.0,7.75,14.0,11.0,1.0,7.0,0.28,0.4489988864128729,0.0,1.0,6.0,1.0,,,0.0,0.0,0.0,0.0,6.0,0.0,8.0,4.0,0.0,0.0,0.0,7.0,0.0,0.0,0.0,,,,,,,,,,,,,
ham,4,ionq,simulator,CPU,sync,1,4,2477.4227142333984,4.0,13.0,4.0,4.0,25.0,25.0,0.0,1.0,4.0,19.0,6.0,0.0,0.0,1.0,1.0,25.0,8.0,1.0,1.0,0.0,0.0,0.0,25.0,43.0,15.0,,0.0,3.0,6.0,9.0,7.75,14.0,11.0,1.0,7.0,0.28,0.4489988864128729,0.0,1.0,6.0,1.0,,,0.0,0.0,0.0,0.0,6.0,0.0,8.0,4.0,0.0,0.0,0.0,7.0,0.0,0.0,0.0,,,,,,,,,,,,,
ham,4,ionq,simulator,CPU,sync,1,4,2234.2047691345215,4.0,13.0,4.0,4.0,25.0,25.0,0.0,1.0,4.0,19.0,6.0,0.0,0.0,1.0,1.0,25.0,8.0,1.0,1.0,0.0,0.0,0.0,25.0,43.0,15.0,,0.0,3.0,6.0,9.0,7.75,14.0,11.0,1.0,7.0,0.28,0.4489988864128729,0.0,1.0,6.0,1.0,,,0.0,0.0,0.0,0.0,6.0,0.0,8.0,4.0,0.0,0.0,0.0,7.0,0.0,0.0,0.0,,,,,,,,,,,,,
ham,4,qiskitaer,statevector,CPU,sync,1,4,9341.73560142517,4.0,13.0,4.0,4.0,25.0,25.0,0.0,1.0,4.0,19.0,6.0,0.0,0.0,1.0,1.0,25.0,8.0,1.0,1.0,0.0,0.0,0.0,25.0,43.0,15.0,,0.0,3.0,6.0,9.0,7.75,14.0,11.0,1.0,7.0,0.28,0.4489988864128729,0.0,1.0,6.0,1.0,,,0.0,0.0,0.0,0.0,6.0,0.0,8.0,4.0,0.0,0.0,0.0,7.0,0.0,0.0,0.0,,,,,,,,,,,,,
ham,4,qiskitaer,statevector,CPU,sync,1,4,8556.616306304932,4.0,13.0,4.0,4.0,25.0,25.0,0.0,1.0,4.0,19.0,6.0,0.0,0.0,1.0,1.0,25.0,8.0,1.0,1.0,0.0,0.0,0.0,25.0,43.0,15.0,,0.0,3.0,6.0,9.0,7.75,14.0,11.0,1.0,7.0,0.28,0.4489988864128729,0.0,1.0,6.0,1.0,,,0.0,0.0,0.0,0.0,6.0,0.0,8.0,4.0,0.0,0.0,0.0,7.0,0.0,0.0,0.0,,,,,,,,,,,,,
ham,4,qiskitaer,statevector,CPU,sync,1,4,9525.100231170654,4.0,13.0,4.0,4.0,25.0,25.0,0.0,1.0,4.0,19.0,6.0,0.0,0.0,1.0,1.0,25.0,8.0,1.0,1.0,0.0,0.0,0.0,25.0,43.0,15.0,,0.0,3.0,6.0,9.0,7.75,14.0,11.0,1.0,7.0,0.28,0.4489988864128729,0.0,1.0,6.0,1.0,,,0.0,0.0,0.0,0.0,6.0,0.0,8.0,4.0,0.0,0.0,0.0,7.0,0.0,0.0,0.0,,,,,,,,,,,,,
ham,4,qiskitaer,statevector,CPU,sync,1,4,9341.73560142517,4.0,13.0,4.0,4.0,25.0,25.0,0.0,1.0,4.0,19.0,6.0,0.0,0.0,1.0,1.0,25.0,8.0,1.0,1.0,0.0,0.0,0.0,25.0,43.0,15.0,,0.0,3.0,6.0,9.0,7.75,14.0,11.0,1.0,7.0,0.28,0.4489988864128729,0.0,1.0,6.0,1.0,,,0.0,0.0,0.0,0.0,6.0,0.0,8.0,4.0,0.0,0.0,0.0,7.0,0.0,0.0,0.0,,,,,,,,,,,,,
ham,4,qiskitaer,statevector,CPU,sync,1,4,8556.616306304932,4.0,13.0,4.0,4.0,25.0,25.0,0.0,1.0,4.0,19.0,6.0,0.0,0.0,1.0,1.0,25.0,8.0,1.0,1.0,0.0,0.0,0.0,25.0,43.0,15.0,,0.0,3.0,6.0,9.0,7.75,14.0,11.0,1.0,7.0,0.28,0.4489988864128729,0.0,1.0,6.0,1.0,,,0.0,0.0,0.0,0.0,6.0,0.0,8.0,4.0,0.0,0.0,0.0,7.0,0.0,0.0,0.0,,,,,,,,,,,,,
ham,4,qiskitaer,statevector,CPU,sync,1,4,9525.100231170654,4.0,13.0,4.0,4.0,25.0,25.0,0.0,1.0,4.0,19.0,6.0,0.0,0.0,1.0,1.0,25.0,8.0,1.0,1.0,0.0,0.0,0.0,25.0,43.0,15.0,,0.0,3.0,6.0,9.0,7.75,14.0,11.0,1.0,7.0,0.28,0.4489988864128729,0.0,1.0,6.0,1.0,,,0.0,0.0,0.0,0.0,6.0,0.0,8.0,4.0,0.0,0.0,0.0,7.0,0.0,0.0,0.0,,,,,,,,,,,,,
ham,4,qiskitaer,matrix_product_state,CPU,sync,1,4,9479.283332824707,4.0,13.0,4.0,4.0,25.0,25.0,0.0,1.0,4.0,19.0,6.0,0.0,0.0,1.0,1.0,25.0,8.0,1.0,1.0,0.0,0.0,0.0,25.0,43.0,15.0,,0.0,3.0,6.0,9.0,7.75,14.0,11.0,1.0,7.0,0.28,0.4489988864128729,0.0,1.0,6.0,1.0,,,0.0,0.0,0.0,0.0,6.0,0.0,8.0,4.0,0.0,0.0,0.0,7.0,0.0,0.0,0.0,,,,,,,,,,,,,
ham,4,qiskitaer,matrix_product_state,CPU,sync,1,4,7985.594272613525,4.0,13.0,4.0,4.0,25.0,25.0,0.0,1.0,4.0,19.0,6.0,0.0,0.0,1.0,1.0,25.0,8.0,1.0,1.0,0.0,0.0,0.0,25.0,43.0,15.0,,0.0,3.0,6.0,9.0,7.75,14.0,11.0,1.0,7.0,0.28,0.4489988864128729,0.0,1.0,6.0,1.0,,,0.0,0.0,0.0,0.0,6.0,0.0,8.0,4.0,0.0,0.0,0.0,7.0,0.0,0.0,0.0,,,,,,,,,,,,,
ham,4,qiskitaer,matrix_product_state,CPU,sync,1,4,9361.06538772583,4.0,13.0,4.0,4.0,25.0,25.0,0.0,1.0,4.0,19.0,6.0,0.0,0.0,1.0,1.0,25.0,8.0,1.0,1.0,0.0,0.0,0.0,25.0,43.0,15.0,,0.0,3.0,6.0,9.0,7.75,14.0,11.0,1.0,7.0,0.28,0.4489988864128729,0.0,1.0,6.0,1.0,,,0.0,0.0,0.0,0.0,6.0,0.0,8.0,4.0,0.0,0.0,0.0,7.0,0.0,0.0,0.0,,,,,,,,,,,,,
ham,4,qiskitaer,matrix_product_state,CPU,sync,1,4,9479.283332824707,4.0,13.0,4.0,4.0,25.0,25.0,0.0,1.0,4.0,19.0,6.0,0.0,0.0,1.0,1.0,25.0,8.0,1.0,1.0,0.0,0.0,0.0,25.0,43.0,15.0,,0.0,3.0,6.0,9.0,7.75,14.0,11.0,1.0,7.0,0.28,0.4489988864128729,0.0,1.0,6.0,1.0,,,0.0,0.0,0.0,0.0,6.0,0.0,8.0,4.0,0.0,0.0,0.0,7.0,0.0,0.0,0.0,,,,,,,,,,,,,
ham,4,qiskitaer,matrix_product_state,CPU,sync,1,4,7985.594272613525,4.0,13.0,4.0,4.0,25.0,25.0,0.0,1.0,4.0,19.0,6.0,0.0,0.0,1.0,1.0,25.0,8.0,1.0,1.0,0.0,0.0,0.0,25.0,43.0,15.0,,0.0,3.0,6.0,9.0,7.75,14.0,11.0,1.0,7.0,0.28,0.4489988864128729,0.0,1.0,6.0,1.0,,,0.0,0.0,0.0,0.0,6.0,0.0,8.0,4.0,0.0,0.0,0.0,7.0,0.0,0.0,0.0,,,,,,,,,,,,,
ham,4,qiskitaer,matrix_product_state,CPU,sync,1,4,9361.06538772583,4.0,13.0,4.0,4.0,25.0,25.0,0.0,1.0,4.0,19.0,6.0,0.0,0.0,1.0,1.0,25.0,8.0,1.0,1.0,0.0,0.0,0.0,25.0,43.0,15.0,,0.0,3.0,6.0,9.0,7.75,14.0,11.0,1.0,7.0,0.28,0.4489988864128729,0.0,1.0,6.0,1.0,,,0.0,0.0,0.0,0.0,6.0,0.0,8.0,4.0,0.0,0.0,0.0,7.0,0.0,0.0,0.0,,,,,,,,,,,,,
ham,4,qiskitaer,automatic,CPU,sync,1,4,9817.002534866333,4.0,13.0,4.0,4.0,25.0,25.0,0.0,1.0,4.0,19.0,6.0,0.0,0.0,1.0,1.0,25.0,8.0,1.0,1.0,0.0,0.0,0.0,25.0,43.0,15.0,,0.0,3.0,6.0,9.0,7.75,14.0,11.0,1.0,7.0,0.28,0.4489988864128729,0.0,1.0,6.0,1.0,,,0.0,0.0,0.0,0.0,6.0,0.0,8.0,4.0,0.0,0.0,0.0,7.0,0.0,0.0,0.0,,,,,,,,,,,,,
ham,4,qiskitaer,automatic,CPU,sync,1,4,8772.237539291382,4.0,13.0,4.0,4.0,25.0,25.0,0.0,1.0,4.0,19.0,6.0,0.0,0.0,1.0,1.0,25.0,8.0,1.0,1.0,0.0,0.0,0.0,25.0,43.0,15.0,,0.0,3.0,6.0,9.0,7.75,14.0,11.0,1.0,7.0,0.28,0.4489988864128729,0.0,1.0,6.0,1.0,,,0.0,0.0,0.0,0.0,6.0,0.0,8.0,4.0,0.0,0.0,0.0,7.0,0.0,0.0,0.0,,,,,,,,,,,,,
ham,4,qiskitaer,automatic,CPU,sync,1,4,10318.23754310608,4.0,13.0,4.0,4.0,25.0,25.0,0.0,1.0,4.0,19.0,6.0,0.0,0.0,1.0,1.0,25.0,8.0,1.0,1.0,0.0,0.0,0.0,25.0,43.0,15.0,,0.0,3.0,6.0,9.0,7.75,14.0,11.0,1.0,7.0,0.28,0.4489988864128729,0.0,1.0,6.0,1.0,,,0.0,0.0,0.0,0.0,6.0,0.0,8.0,4.0,0.0,0.0,0.0,7.0,0.0,0.0,0.0,,,,,,,,,,,,,
ham,4,qiskitaer,automatic,CPU,sync,1,4,9817.002534866333,4.0,13.0,4.0,4.0,25.0,25.0,0.0,1.0,4.0,19.0,6.0,0.0,0.0,1.0,1.0,25.0,8.0,1.0,1.0,0.0,0.0,0.0,25.0,43.0,15.0,,0.0,3.0,6.0,9.0,7.75,14.0,11.0,1.0,7.0,0.28,0.4489988864128729,0.0,1.0,6.0,1.0,,,0.0,0.0,0.0,0.0,6.0,0.0,8.0,4.0,0.0,0.0,0.0,7.0,0.0,0.0,0.0,,,,,,,,,,,,,
ham,4,qiskitaer,automatic,CPU,sync,1,4,8772.237539291382,4.0,13.0,4.0,4.0,25.0,25.0,0.0,1.0,4.0,19.0,6.0,0.0,0.0,1.0,1.0,25.0,8.0,1.0,1.0,0.0,0.0,0.0,25.0,43.0,15.0,,0.0,3.0,6.0,9.0,7.75,14.0,11.0,1.0,7.0,0.28,0.4489988864128729,0.0,1.0,6.0,1.0,,,0.0,0.0,0.0,0.0,6.0,0.0,8.0,4.0,0.0,0.0,0.0,7.0,0.0,0.0,0.0,,,,,,,,,,,,,
ham,4,qiskitaer,automatic,CPU,sync,1,4,10318.23754310608,4.0,13.0,4.0,4.0,25.0,25.0,0.0,1.0,4.0,19.0,6.0,0.0,0.0,1.0,1.0,25.0,8.0,1.0,1.0,0.0,0.0,0.0,25.0,43.0,15.0,,0.0,3.0,6.0,9.0,7.75,14.0,11.0,1.0,7.0,0.28,0.4489988864128729,0.0,1.0,6.0,1.0,,,0.0,0.0,0.0,0.0,6.0,0.0,8.0,4.0,0.0,0.0,0.0,7.0,0.0,0.0,0.0,,,,,,,,,,,,,
ham,4,qtensor,numpy,CPU,sync,1,4,36250.1106262207,4.0,13.0,4.0,4.0,25.0,25.0,0.0,1.0,4.0,19.0,6.0,0.0,0.0,1.0,1.0,25.0,8.0,1.0,1.0,0.0,0.0,0.0,25.0,43.0,15.0,,0.0,3.0,6.0,9.0,7.75,14.0,11.0,1.0,7.0,0.28,0.4489988864128729,0.0,1.0,6.0,1.0,,,0.0,0.0,0.0,0.0,6.0,0.0,8.0,4.0,0.0,0.0,0.0,7.0,0.0,0.0,0.0,,,,,,,,,,,,,
ham,4,qtensor,numpy,CPU,sync,1,4,85180.70578575134,4.0,13.0,4.0,4.0,25.0,25.0,0.0,1.0,4.0,19.0,6.0,0.0,0.0,1.0,1.0,25.0,8.0,1.0,1.0,0.0,0.0,0.0,25.0,43.0,15.0,,0.0,3.0,6.0,9.0,7.75,14.0,11.0,1.0,7.0,0.28,0.4489988864128729,0.0,1.0,6.0,1.0,,,0.0,0.0,0.0,0.0,6.0,0.0,8.0,4.0,0.0,0.0,0.0,7.0,0.0,0.0,0.0,,,,,,,,,,,,,
ham,4,qtensor,numpy,CPU,sync,1,4,25760.412454605103,4.0,13.0,4.0,4.0,25.0,25.0,0.0,1.0,4.0,19.0,6.0,0.0,0.0,1.0,1.0,25.0,8.0,1.0,1.0,0.0,0.0,0.0,25.0,43.0,15.0,,0.0,3.0,6.0,9.0,7.75,14.0,11.0,1.0,7.0,0.28,0.4489988864128729,0.0,1.0,6.0,1.0,,,0.0,0.0,0.0,0.0,6.0,0.0,8.0,4.0,0.0,0.0,0.0,7.0,0.0,0.0,0.0,,,,,,,,,,,,,
ham,4,qtensor,numpy,CPU,sync,1,4,36250.1106262207,4.0,13.0,4.0,4.0,25.0,25.0,0.0,1.0,4.0,19.0,6.0,0.0,0.0,1.0,1.0,25.0,8.0,1.0,1.0,0.0,0.0,0.0,25.0,43.0,15.0,,0.0,3.0,6.0,9.0,7.75,14.0,11.0,1.0,7.0,0.28,0.4489988864128729,0.0,1.0,6.0,1.0,,,0.0,0.0,0.0,0.0,6.0,0.0,8.0,4.0,0.0,0.0,0.0,7.0,0.0,0.0,0.0,,,,,,,,,,,,,
ham,4,qtensor,numpy,CPU,sync,1,4,85180.70578575134,4.0,13.0,4.0,4.0,25.0,25.0,0.0,1.0,4.0,19.0,6.0,0.0,0.0,1.0,1.0,25.0,8.0,1.0,1.0,0.0,0.0,0.0,25.0,43.0,15.0,,0.0,3.0,6.0,9.0,7.75,14.0,11.0,1.0,7.0,0.28,0.4489988864128729,0.0,1.0,6.0,1.0,,,0.0,0.0,0.0,0.0,6.0,0.0,8.0,4.0,0.0,0.0,0.0,7.0,0.0,0.0,0.0,,,,,,,,,,,,,
ham,4,qtensor,numpy,CPU,sync,1,4,25760.412454605103,4.0,13.0,4.0,4.0,25.0,25.0,0.0,1.0,4.0,19.0,6.0,0.0,0.0,1.0,1.0,25.0,8.0,1.0,1.0,0.0,0.0,0.0,25.0,43.0,15.0,,0.0,3.0,6.0,9.0,7.75,14.0,11.0,1.0,7.0,0.28,0.4489988864128729,0.0,1.0,6.0,1.0,,,0.0,0.0,0.0,0.0,6.0,0.0,8.0,4.0,0.0,0.0,0.0,7.0,0.0,0.0,0.0,,,,,,,,,,,,,
ham,4,nwqsim,MPI,CPU,sync,1,4,779.6826362609863,4.0,13.0,4.0,4.0,25.0,25.0,0.0,1.0,4.0,19.0,6.0,0.0,0.0,1.0,1.0,25.0,8.0,1.0,1.0,0.0,0.0,0.0,25.0,43.0,15.0,,0.0,3.0,6.0,9.0,7.75,14.0,11.0,1.0,7.0,0.28,0.4489988864128729,0.0,1.0,6.0,1.0,,,0.0,0.0,0.0,0.0,6.0,0.0,8.0,4.0,0.0,0.0,0.0,7.0,0.0,0.0,0.0,,,,,,,,,,,,,
ham,4,nwqsim,MPI,CPU,sync,1,4,318.8281059265137,4.0,13.0,4.0,4.0,25.0,25.0,0.0,1.0,4.0,19.0,6.0,0.0,0.0,1.0,1.0,25.0,8.0,1.0,1.0,0.0,0.0,0.0,25.0,43.0,15.0,,0.0,3.0,6.0,9.0,7.75,14.0,11.0,1.0,7.0,0.28,0.4489988864128729,0.0,1.0,6.0,1.0,,,0.0,0.0,0.0,0.0,6.0,0.0,8.0,4.0,0.0,0.0,0.0,7.0,0.0,0.0,0.0,,,,,,,,,,,,,
ham,4,nwqsim,MPI,CPU,sync,1,4,392.28177070617676,4.0,13.0,4.0,4.0,25.0,25.0,0.0,1.0,4.0,19.0,6.0,0.0,0.0,1.0,1.0,25.0,8.0,1.0,1.0,0.0,0.0,0.0,25.0,43.0,15.0,,0.0,3.0,6.0,9.0,7.75,14.0,11.0,1.0,7.0,0.28,0.4489988864128729,0.0,1.0,6.0,1.0,,,0.0,0.0,0.0,0.0,6.0,0.0,8.0,4.0,0.0,0.0,0.0,7.0,0.0,0.0,0.0,,,,,,,,,,,,,
ham,4,nwqsim,MPI,CPU,sync,1,4,779.6826362609863,4.0,13.0,4.0,4.0,25.0,25.0,0.0,1.0,4.0,19.0,6.0,0.0,0.0,1.0,1.0,25.0,8.0,1.0,1.0,0.0,0.0,0.0,25.0,43.0,15.0,,0.0,3.0,6.0,9.0,7.75,14.0,11.0,1.0,7.0,0.28,0.4489988864128729,0.0,1.0,6.0,1.0,,,0.0,0.0,0.0,0.0,6.0,0.0,8.0,4.0,0.0,0.0,0.0,7.0,0.0,0.0,0.0,,,,,,,,,,,,,
ham,4,nwqsim,MPI,CPU,sync,1,4,318.8281059265137,4.0,13.0,4.0,4.0,25.0,25.0,0.0,1.0,4.0,19.0,6.0,0.0,0.0,1.0,1.0,25.0,8.0,1.0,1.0,0.0,0.0,0.0,25.0,43.0,15.0,,0.0,3.0,6.0,9.0,7.75,14.0,11.0,1.0,7.0,0.28,0.4489988864128729,0.0,1.0,6.0,1.0,,,0.0,0.0,0.0,0.0,6.0,0.0,8.0,4.0,0.0,0.0,0.0,7.0,0.0,0.0,0.0,,,,,,,,,,,,,
ham,4,nwqsim,MPI,CPU,sync,1,4,392.28177070617676,4.0,13.0,4.0,4.0,25.0,25.0,0.0,1.0,4.0,19.0,6.0,0.0,0.0,1.0,1.0,25.0,8.0,1.0,1.0,0.0,0.0,0.0,25.0,43.0,15.0,,0.0,3.0,6.0,9.0,7.75,14.0,11.0,1.0,7.0,0.28,0.4489988864128729,0.0,1.0,6.0,1.0,,,0.0,0.0,0.0,0.0,6.0,0.0,8.0,4.0,0.0,0.0,0.0,7.0,0.0,0.0,0.0,,,,,,,,,,,,,
ham,9,ibmq,ibm_miami,CPU,sync,1,8,1313.9042854309082,9.0,28.0,9.0,9.0,60.0,60.0,0.0,1.0,9.0,44.0,16.0,0.0,0.0,1.0,1.0,60.0,18.0,1.0,1.0,0.0,0.0,0.0,60.0,103.0,30.0,,0.0,8.0,6.0,9.0,8.444444444444445,34.0,26.0,1.0,17.0,0.2833333333333333,0.4506168611531925,0.0,1.0,16.0,1.0,,,0.0,0.0,0.0,0.0,16.0,0.0,18.0,9.0,0.0,0.0,0.0,17.0,0.0,0.0,0.0,,,,,,,,,,,,,
ham,9,ibmq,ibm_miami,CPU,sync,1,8,629.7304630279541,9.0,28.0,9.0,9.0,60.0,60.0,0.0,1.0,9.0,44.0,16.0,0.0,0.0,1.0,1.0,60.0,18.0,1.0,1.0,0.0,0.0,0.0,60.0,103.0,30.0,,0.0,8.0,6.0,9.0,8.444444444444445,34.0,26.0,1.0,17.0,0.2833333333333333,0.4506168611531925,0.0,1.0,16.0,1.0,,,0.0,0.0,0.0,0.0,16.0,0.0,18.0,9.0,0.0,0.0,0.0,17.0,0.0,0.0,0.0,,,,,,,,,,,,,
ham,9,ibmq,ibm_miami,CPU,sync,1,8,379.8482418060303,9.0,28.0,9.0,9.0,60.0,60.0,0.0,1.0,9.0,44.0,16.0,0.0,0.0,1.0,1.0,60.0,18.0,1.0,1.0,0.0,0.0,0.0,60.0,103.0,30.0,,0.0,8.0,6.0,9.0,8.444444444444445,34.0,26.0,1.0,17.0,0.2833333333333333,0.4506168611531925,0.0,1.0,16.0,1.0,,,0.0,0.0,0.0,0.0,16.0,0.0,18.0,9.0,0.0,0.0,0.0,17.0,0.0,0.0,0.0,,,,,,,,,,,,,
ham,9,ibmq,ibm_miami,CPU,sync,1,8,1460.481882095337,9.0,28.0,9.0,9.0,60.0,60.0,0.0,1.0,9.0,44.0,16.0,0.0,0.0,1.0,1.0,60.0,18.0,1.0,1.0,0.0,0.0,0.0,60.0,103.0,30.0,,0.0,8.0,6.0,9.0,8.444444444444445,34.0,26.0,1.0,17.0,0.2833333333333333,0.4506168611531925,0.0,1.0,16.0,1.0,,,0.0,0.0,0.0,0.0,16.0,0.0,18.0,9.0,0.0,0.0,0.0,17.0,0.0,0.0,0.0,,,,,,,,,,,,,
ham,9,ibmq,ibm_miami,CPU,sync,1,8,41.933536529541016,9.0,28.0,9.0,9.0,60.0,60.0,0.0,1.0,9.0,44.0,16.0,0.0,0.0,1.0,1.0,60.0,18.0,1.0,1.0,0.0,0.0,0.0,60.0,103.0,30.0,,0.0,8.0,6.0,9.0,8.444444444444445,34.0,26.0,1.0,17.0,0.2833333333333333,0.4506168611531925,0.0,1.0,16.0,1.0,,,0.0,0.0,0.0,0.0,16.0,0.0,18.0,9.0,0.0,0.0,0.0,17.0,0.0,0.0,0.0,,,,,,,,,,,,,
ham,9,ibmq,ibm_torino,CPU,sync,1,8,42.08207130432129,9.0,28.0,9.0,9.0,60.0,60.0,0.0,1.0,9.0,44.0,16.0,0.0,0.0,1.0,1.0,60.0,18.0,1.0,1.0,0.0,0.0,0.0,60.0,103.0,30.0,,0.0,8.0,6.0,9.0,8.444444444444445,34.0,26.0,1.0,17.0,0.2833333333333333,0.4506168611531925,0.0,1.0,16.0,1.0,,,0.0,0.0,0.0,0.0,16.0,0.0,18.0,9.0,0.0,0.0,0.0,17.0,0.0,0.0,0.0,,,,,,,,,,,,,
ham,16,ibmq,ibm_miami,CPU,sync,1,8,31.446218490600586,16.0,49.0,16.0,16.0,109.0,109.0,0.0,1.0,16.0,79.0,30.0,0.0,0.0,1.0,1.0,109.0,32.0,1.0,1.0,0.0,0.0,0.0,109.0,187.0,51.0,,0.0,15.0,6.0,9.0,8.6875,62.0,47.0,1.0,31.0,0.2844036697247706,0.4511299395649265,0.0,1.0,30.0,1.0,,,0.0,0.0,0.0,0.0,30.0,0.0,32.0,16.0,0.0,0.0,0.0,31.0,0.0,0.0,0.0,,,,,,,,,,,,,
ham,16,ibmq,ibm_miami,CPU,sync,1,8,42.3738956451416,16.0,49.0,16.0,16.0,109.0,109.0,0.0,1.0,16.0,79.0,30.0,0.0,0.0,1.0,1.0,109.0,32.0,1.0,1.0,0.0,0.0,0.0,109.0,187.0,51.0,,0.0,15.0,6.0,9.0,8.6875,62.0,47.0,1.0,31.0,0.2844036697247706,0.4511299395649265,0.0,1.0,30.0,1.0,,,0.0,0.0,0.0,0.0,30.0,0.0,32.0,16.0,0.0,0.0,0.0,31.0,0.0,0.0,0.0,,,,,,,,,,,,,
ham,16,ibmq,ibm_miami,CPU,sync,1,8,29.8154354095459,16.0,49.0,16.0,16.0,109.0,109.0,0.0,1.0,16.0,79.0,30.0,0.0,0.0,1.0,1.0,109.0,32.0,1.0,1.0,0.0,0.0,0.0,109.0,187.0,51.0,,0.0,15.0,6.0,9.0,8.6875,62.0,47.0,1.0,31.0,0.2844036697247706,0.4511299395649265,0.0,1.0,30.0,1.0,,,0.0,0.0,0.0,0.0,30.0,0.0,32.0,16.0,0.0,0.0,0.0,31.0,0.0,0.0,0.0,,,,,,,,,,,,,
ham,16,ibmq,ibm_miami,CPU,sync,1,8,30.097246170043945,16.0,49.0,16.0,16.0,109.0,109.0,0.0,1.0,16.0,79.0,30.0,0.0,0.0,1.0,1.0,109.0,32.0,1.0,1.0,0.0,0.0,0.0,109.0,187.0,51.0,,0.0,15.0,6.0,9.0,8.6875,62.0,47.0,1.0,31.0,0.2844036697247706,0.4511299395649265,0.0,1.0,30.0,1.0,,,0.0,0.0,0.0,0.0,30.0,0.0,32.0,16.0,0.0,0.0,0.0,31.0,0.0,0.0,0.0,,,,,,,,,,,,,
ham,16,ibmq,ibm_miami,CPU,sync,1,8,47.9276180267334,16.0,49.0,16.0,16.0,109.0,109.0,0.0,1.0,16.0,79.0,30.0,0.0,0.0,1.0,1.0,109.0,32.0,1.0,1.0,0.0,0.0,0.0,109.0,187.0,51.0,,0.0,15.0,6.0,9.0,8.6875,62.0,47.0,1.0,31.0,0.2844036697247706,0.4511299395649265,0.0,1.0,30.0,1.0,,,0.0,0.0,0.0,0.0,30.0,0.0,32.0,16.0,0.0,0.0,0.0,31.0,0.0,0.0,0.0,,,,,,,,,,,,,
ham,16,ibmq,ibm_torino,CPU,sync,1,8,44.75665092468262,16.0,49.0,16.0,16.0,109.0,109.0,0.0,1.0,16.0,79.0,30.0,0.0,0.0,1.0,1.0,109.0,32.0,1.0,1.0,0.0,0.0,0.0,109.0,187.0,51.0,,0.0,15.0,6.0,9.0,8.6875,62.0,47.0,1.0,31.0,0.2844036697247706,0.4511299395649265,0.0,1.0,30.0,1.0,,,0.0,0.0,0.0,0.0,30.0,0.0,32.0,16.0,0.0,0.0,0.0,31.0,0.0,0.0,0.0,,,,,,,,,,,,,
ham,16,qiskitaer,matrix_product_state,CPU,sync,2,2,6842.3192501068115,16.0,49.0,16.0,16.0,109.0,109.0,0.0,1.0,16.0,79.0,30.0,0.0,0.0,1.0,1.0,109.0,32.0,1.0,1.0,0.0,0.0,0.0,109.0,187.0,51.0,,0.0,15.0,6.0,9.0,8.6875,62.0,47.0,1.0,31.0,0.2844036697247706,0.4511299395649265,0.0,1.0,30.0,1.0,,,0.0,0.0,0.0,0.0,30.0,0.0,32.0,16.0,0.0,0.0,0.0,31.0,0.0,0.0,0.0,,,,,,,,,,,,,
ham,16,qiskitaer,matrix_product_state,CPU,sync,2,2,6245.458126068115,16.0,49.0,16.0,16.0,109.0,109.0,0.0,1.0,16.0,79.0,30.0,0.0,0.0,1.0,1.0,109.0,32.0,1.0,1.0,0.0,0.0,0.0,109.0,187.0,51.0,,0.0,15.0,6.0,9.0,8.6875,62.0,47.0,1.0,31.0,0.2844036697247706,0.4511299395649265,0.0,1.0,30.0,1.0,,,0.0,0.0,0.0,0.0,30.0,0.0,32.0,16.0,0.0,0.0,0.0,31.0,0.0,0.0,0.0,,,,,,,,,,,,,
ham,16,qiskitaer,matrix_product_state,CPU,sync,2,2,5882.055282592773,16.0,49.0,16.0,16.0,109.0,109.0,0.0,1.0,16.0,79.0,30.0,0.0,0.0,1.0,1.0,109.0,32.0,1.0,1.0,0.0,0.0,0.0,109.0,187.0,51.0,,0.0,15.0,6.0,9.0,8.6875,62.0,47.0,1.0,31.0,0.2844036697247706,0.4511299395649265,0.0,1.0,30.0,1.0,,,0.0,0.0,0.0,0.0,30.0,0.0,32.0,16.0,0.0,0.0,0.0,31.0,0.0,0.0,0.0,,,,,,,,,,,,,
ham,16,qiskitaer,matrix_product_state,CPU,sync,2,2,6842.3192501068115,16.0,49.0,16.0,16.0,109.0,109.0,0.0,1.0,16.0,79.0,30.0,0.0,0.0,1.0,1.0,109.0,32.0,1.0,1.0,0.0,0.0,0.0,109.0,187.0,51.0,,0.0,15.0,6.0,9.0,8.6875,62.0,47.0,1.0,31.0,0.2844036697247706,0.4511299395649265,0.0,1.0,30.0,1.0,,,0.0,0.0,0.0,0.0,30.0,0.0,32.0,16.0,0.0,0.0,0.0,31.0,0.0,0.0,0.0,,,,,,,,,,,,,
ham,16,qiskitaer,matrix_product_state,CPU,sync,2,2,6245.458126068115,16.0,49.0,16.0,16.0,109.0,109.0,0.0,1.0,16.0,79.0,30.0,0.0,0.0,1.0,1.0,109.0,32.0,1.0,1.0,0.0,0.0,0.0,109.0,187.0,51.0,,0.0,15.0,6.0,9.0,8.6875,62.0,47.0,1.0,31.0,0.2844036697247706,0.4511299395649265,0.0,1.0,30.0,1.0,,,0.0,0.0,0.0,0.0,30.0,0.0,32.0,16.0,0.0,0.0,0.0,31.0,0.0,0.0,0.0,,,,,,,,,,,,,
ham,16,qiskitaer,matrix_product_state,CPU,sync,2,2,5882.055282592773,16.0,49.0,16.0,16.0,109.0,109.0,0.0,1.0,16.0,79.0,30.0,0.0,0.0,1.0,1.0,109.0,32.0,1.0,1.0,0.0,0.0,0.0,109.0,187.0,51.0,,0.0,15.0,6.0,9.0,8.6875,62.0,47.0,1.0,31.0,0.2844036697247706,0.4511299395649265,0.0,1.0,30.0,1.0,,,0.0,0.0,0.0,0.0,30.0,0.0,32.0,16.0,0.0,0.0,0.0,31.0,0.0,0.0,0.0,,,,,,,,,,,,,
ham,16,qiskitaer,matrix_product_state,CPU,sync,1,4,6884.272575378418,16.0,49.0,16.0,16.0,109.0,109.0,0.0,1.0,16.0,79.0,30.0,0.0,0.0,1.0,1.0,109.0,32.0,1.0,1.0,0.0,0.0,0.0,109.0,187.0,51.0,,0.0,15.0,6.0,9.0,8.6875,62.0,47.0,1.0,31.0,0.2844036697247706,0.4511299395649265,0.0,1.0,30.0,1.0,,,0.0,0.0,0.0,0.0,30.0,0.0,32.0,16.0,0.0,0.0,0.0,31.0,0.0,0.0,0.0,,,,,,,,,,,,,
ham,16,qiskitaer,matrix_product_state,CPU,sync,1,4,6357.707977294922,16.0,49.0,16.0,16.0,109.0,109.0,0.0,1.0,16.0,79.0,30.0,0.0,0.0,1.0,1.0,109.0,32.0,1.0,1.0,0.0,0.0,0.0,109.0,187.0,51.0,,0.0,15.0,6.0,9.0,8.6875,62.0,47.0,1.0,31.0,0.2844036697247706,0.4511299395649265,0.0,1.0,30.0,1.0,,,0.0,0.0,0.0,0.0,30.0,0.0,32.0,16.0,0.0,0.0,0.0,31.0,0.0,0.0,0.0,,,,,,,,,,,,,
ham,16,qiskitaer,matrix_product_state,CPU,sync,1,4,6741.635322570801,16.0,49.0,16.0,16.0,109.0,109.0,0.0,1.0,16.0,79.0,30.0,0.0,0.0,1.0,1.0,109.0,32.0,1.0,1.0,0.0,0.0,0.0,109.0,187.0,51.0,,0.0,15.0,6.0,9.0,8.6875,62.0,47.0,1.0,31.0,0.2844036697247706,0.4511299395649265,0.0,1.0,30.0,1.0,,,0.0,0.0,0.0,0.0,30.0,0.0,32.0,16.0,0.0,0.0,0.0,31.0,0.0,0.0,0.0,,,,,,,,,,,,,
ham,16,qiskitaer,matrix_product_state,CPU,sync,1,4,6884.272575378418,16.0,49.0,16.0,16.0,109.0,109.0,0.0,1.0,16.0,79.0,30.0,0.0,0.0,1.0,1.0,109.0,32.0,1.0,1.0,0.0,0.0,0.0,109.0,187.0,51.0,,0.0,15.0,6.0,9.0,8.6875,62.0,47.0,1.0,31.0,0.2844036697247706,0.4511299395649265,0.0,1.0,30.0,1.0,,,0.0,0.0,0.0,0.0,30.0,0.0,32.0,16.0,0.0,0.0,0.0,31.0,0.0,0.0,0.0,,,,,,,,,,,,,
ham,16,qiskitaer,matrix_product_state,CPU,sync,1,4,6357.707977294922,16.0,49.0,16.0,16.0,109.0,109.0,0.0,1.0,16.0,79.0,30.0,0.0,0.0,1.0,1.0,109.0,32.0,1.0,1.0,0.0,0.0,0.0,109.0,187.0,51.0,,0.0,15.0,6.0,9.0,8.6875,62.0,47.0,1.0,31.0,0.2844036697247706,0.4511299395649265,0.0,1.0,30.0,1.0,,,0.0,0.0,0.0,0.0,30.0,0.0,32.0,16.0,0.0,0.0,0.0,31.0,0.0,0.0,0.0,,,,,,,,,,,,,
ham,16,qiskitaer,matrix_product_state,CPU,sync,1,4,6741.635322570801,16.0,49.0,16.0,16.0,109.0,109.0,0.0,1.0,16.0,79.0,30.0,0.0,0.0,1.0,1.0,109.0,32.0,1.0,1.0,0.0,0.0,0.0,109.0,187.0,51.0,,0.0,15.0,6.0,9.0,8.6875,62.0,47.0,1.0,31.0,0.2844036697247706,0.4511299395649265,0.0,1.0,30.0,1.0,,,0.0,0.0,0.0,0.0,30.0,0.0,32.0,16.0,0.0,0.0,0.0,31.0,0.0,0.0,0.0,,,,,,,,,,,,,
ham,16,tnqvm,exatn-mps,CPU,sync,2,2,7689.187526702881,16.0,49.0,16.0,16.0,109.0,109.0,0.0,1.0,16.0,79.0,30.0,0.0,0.0,1.0,1.0,109.0,32.0,1.0,1.0,0.0,0.0,0.0,109.0,187.0,51.0,,0.0,15.0,6.0,9.0,8.6875,62.0,47.0,1.0,31.0,0.2844036697247706,0.4511299395649265,0.0,1.0,30.0,1.0,,,0.0,0.0,0.0,0.0,30.0,0.0,32.0,16.0,0.0,0.0,0.0,31.0,0.0,0.0,0.0,,,,,,,,,,,,,
ham,16,tnqvm,exatn-mps,CPU,sync,2,2,3896.850824356079,16.0,49.0,16.0,16.0,109.0,109.0,0.0,1.0,16.0,79.0,30.0,0.0,0.0,1.0,1.0,109.0,32.0,1.0,1.0,0.0,0.0,0.0,109.0,187.0,51.0,,0.0,15.0,6.0,9.0,8.6875,62.0,47.0,1.0,31.0,0.2844036697247706,0.4511299395649265,0.0,1.0,30.0,1.0,,,0.0,0.0,0.0,0.0,30.0,0.0,32.0,16.0,0.0,0.0,0.0,31.0,0.0,0.0,0.0,,,,,,,,,,,,,
ham,16,tnqvm,exatn-mps,CPU,sync,2,2,3662.571668624878,16.0,49.0,16.0,16.0,109.0,109.0,0.0,1.0,16.0,79.0,30.0,0.0,0.0,1.0,1.0,109.0,32.0,1.0,1.0,0.0,0.0,0.0,109.0,187.0,51.0,,0.0,15.0,6.0,9.0,8.6875,62.0,47.0,1.0,31.0,0.2844036697247706,0.4511299395649265,0.0,1.0,30.0,1.0,,,0.0,0.0,0.0,0.0,30.0,0.0,32.0,16.0,0.0,0.0,0.0,31.0,0.0,0.0,0.0,,,,,,,,,,,,,
ham,16,tnqvm,exatn-mps,CPU,sync,2,2,7689.187526702881,16.0,49.0,16.0,16.0,109.0,109.0,0.0,1.0,16.0,79.0,30.0,0.0,0.0,1.0,1.0,109.0,32.0,1.0,1.0,0.0,0.0,0.0,109.0,187.0,51.0,,0.0,15.0,6.0,9.0,8.6875,62.0,47.0,1.0,31.0,0.2844036697247706,0.4511299395649265,0.0,1.0,30.0,1.0,,,0.0,0.0,0.0,0.0,30.0,0.0,32.0,16.0,0.0,0.0,0.0,31.0,0.0,0.0,0.0,,,,,,,,,,,,,
ham,16,tnqvm,exatn-mps,CPU,sync,2,2,3896.850824356079,16.0,49.0,16.0,16.0,109.0,109.0,0.0,1.0,16.0,79.0,30.0,0.0,0.0,1.0,1.0,109.0,32.0,1.0,1.0,0.0,0.0,0.0,109.0,187.0,51.0,,0.0,15.0,6.0,9.0,8.6875,62.0,47.0,1.0,31.0,0.2844036697247706,0.4511299395649265,0.0,1.0,30.0,1.0,,,0.0,0.0,0.0,0.0,30.0,0.0,32.0,16.0,0.0,0.0,0.0,31.0,0.0,0.0,0.0,,,,,,,,,,,,,
ham,16,tnqvm,exatn-mps,CPU,sync,2,2,3662.571668624878,16.0,49.0,16.0,16.0,109.0,109.0,0.0,1.0,16.0,79.0,30.0,0.0,0.0,1.0,1.0,109.0,32.0,1.0,1.0,0.0,0.0,0.0,109.0,187.0,51.0,,0.0,15.0,6.0,9.0,8.6875,62.0,47.0,1.0,31.0,0.2844036697247706,0.4511299395649265,0.0,1.0,30.0,1.0,,,0.0,0.0,0.0,0.0,30.0,0.0,32.0,16.0,0.0,0.0,0.0,31.0,0.0,0.0,0.0,,,,,,,,,,,,,
ham,16,tnqvm,exatn-mps,CPU,sync,1,4,7868.48258972168,16.0,49.0,16.0,16.0,109.0,109.0,0.0,1.0,16.0,79.0,30.0,0.0,0.0,1.0,1.0,109.0,32.0,1.0,1.0,0.0,0.0,0.0,109.0,187.0,51.0,,0.0,15.0,6.0,9.0,8.6875,62.0,47.0,1.0,31.0,0.2844036697247706,0.4511299395649265,0.0,1.0,30.0,1.0,,,0.0,0.0,0.0,0.0,30.0,0.0,32.0,16.0,0.0,0.0,0.0,31.0,0.0,0.0,0.0,,,,,,,,,,,,,
ham,16,tnqvm,exatn-mps,CPU,sync,1,4,4561.147451400757,16.0,49.0,16.0,16.0,109.0,109.0,0.0,1.0,16.0,79.0,30.0,0.0,0.0,1.0,1.0,109.0,32.0,1.0,1.0,0.0,0.0,0.0,109.0,187.0,51.0,,0.0,15.0,6.0,9.0,8.6875,62.0,47.0,1.0,31.0,0.2844036697247706,0.4511299395649265,0.0,1.0,30.0,1.0,,,0.0,0.0,0.0,0.0,30.0,0.0,32.0,16.0,0.0,0.0,0.0,31.0,0.0,0.0,0.0,,,,,,,,,,,,,
ham,16,tnqvm,exatn-mps,CPU,sync,1,4,4081.528902053833,16.0,49.0,16.0,16.0,109.0,109.0,0.0,1.0,16.0,79.0,30.0,0.0,0.0,1.0,1.0,109.0,32.0,1.0,1.0,0.0,0.0,0.0,109.0,187.0,51.0,,0.0,15.0,6.0,9.0,8.6875,62.0,47.0,1.0,31.0,0.2844036697247706,0.4511299395649265,0.0,1.0,30.0,1.0,,,0.0,0.0,0.0,0.0,30.0,0.0,32.0,16.0,0.0,0.0,0.0,31.0,0.0,0.0,0.0,,,,,,,,,,,,,
ham,16,tnqvm,exatn-mps,CPU,sync,1,4,7868.48258972168,16.0,49.0,16.0,16.0,109.0,109.0,0.0,1.0,16.0,79.0,30.0,0.0,0.0,1.0,1.0,109.0,32.0,1.0,1.0,0.0,0.0,0.0,109.0,187.0,51.0,,0.0,15.0,6.0,9.0,8.6875,62.0,47.0,1.0,31.0,0.2844036697247706,0.4511299395649265,0.0,1.0,30.0,1.0,,,0.0,0.0,0.0,0.0,30.0,0.0,32.0,16.0,0.0,0.0,0.0,31.0,0.0,0.0,0.0,,,,,,,,,,,,,
ham,16,tnqvm,exatn-mps,CPU,sync,1,4,4561.147451400757,16.0,49.0,16.0,16.0,109.0,109.0,0.0,1.0,16.0,79.0,30.0,0.0,0.0,1.0,1.0,109.0,32.0,1.0,1.0,0.0,0.0,0.0,109.0,187.0,51.0,,0.0,15.0,6.0,9.0,8.6875,62.0,47.0,1.0,31.0,0.2844036697247706,0.4511299395649265,0.0,1.0,30.0,1.0,,,0.0,0.0,0.0,0.0,30.0,0.0,32.0,16.0,0.0,0.0,0.0,31.0,0.0,0.0,0.0,,,,,,,,,,,,,
ham,16,tnqvm,exatn-mps,CPU,sync,1,4,4081.528902053833,16.0,49.0,16.0,16.0,109.0,109.0,0.0,1.0,16.0,79.0,30.0,0.0,0.0,1.0,1.0,109.0,32.0,1.0,1.0,0.0,0.0,0.0,109.0,187.0,51.0,,0.0,15.0,6.0,9.0,8.6875,62.0,47.0,1.0,31.0,0.2844036697247706,0.4511299395649265,0.0,1.0,30.0,1.0,,,0.0,0.0,0.0,0.0,30.0,0.0,32.0,16.0,0.0,0.0,0.0,31.0,0.0,0.0,0.0,,,,,,,,,,,,,
ham,16,qtensor,numpy,CPU,sync,1,4,21709.61594581604,16.0,49.0,16.0,16.0,109.0,109.0,0.0,1.0,16.0,79.0,30.0,0.0,0.0,1.0,1.0,109.0,32.0,1.0,1.0,0.0,0.0,0.0,109.0,187.0,51.0,,0.0,15.0,6.0,9.0,8.6875,62.0,47.0,1.0,31.0,0.2844036697247706,0.4511299395649265,0.0,1.0,30.0,1.0,,,0.0,0.0,0.0,0.0,30.0,0.0,32.0,16.0,0.0,0.0,0.0,31.0,0.0,0.0,0.0,,,,,,,,,,,,,
ham,16,qtensor,numpy,CPU,sync,1,4,20549.44109916687,16.0,49.0,16.0,16.0,109.0,109.0,0.0,1.0,16.0,79.0,30.0,0.0,0.0,1.0,1.0,109.0,32.0,1.0,1.0,0.0,0.0,0.0,109.0,187.0,51.0,,0.0,15.0,6.0,9.0,8.6875,62.0,47.0,1.0,31.0,0.2844036697247706,0.4511299395649265,0.0,1.0,30.0,1.0,,,0.0,0.0,0.0,0.0,30.0,0.0,32.0,16.0,0.0,0.0,0.0,31.0,0.0,0.0,0.0,,,,,,,,,,,,,
ham,16,qtensor,numpy,CPU,sync,1,4,19999.20892715454,16.0,49.0,16.0,16.0,109.0,109.0,0.0,1.0,16.0,79.0,30.0,0.0,0.0,1.0,1.0,109.0,32.0,1.0,1.0,0.0,0.0,0.0,109.0,187.0,51.0,,0.0,15.0,6.0,9.0,8.6875,62.0,47.0,1.0,31.0,0.2844036697247706,0.4511299395649265,0.0,1.0,30.0,1.0,,,0.0,0.0,0.0,0.0,30.0,0.0,32.0,16.0,0.0,0.0,0.0,31.0,0.0,0.0,0.0,,,,,,,,,,,,,
ham,16,qtensor,numpy,CPU,sync,1,4,21709.61594581604,16.0,49.0,16.0,16.0,109.0,109.0,0.0,1.0,16.0,79.0,30.0,0.0,0.0,1.0,1.0,109.0,32.0,1.0,1.0,0.0,0.0,0.0,109.0,187.0,51.0,,0.0,15.0,6.0,9.0,8.6875,62.0,47.0,1.0,31.0,0.2844036697247706,0.4511299395649265,0.0,1.0,30.0,1.0,,,0.0,0.0,0.0,0.0,30.0,0.0,32.0,16.0,0.0,0.0,0.0,31.0,0.0,0.0,0.0,,,,,,,,,,,,,
ham,16,qtensor,numpy,CPU,sync,1,4,20549.44109916687,16.0,49.0,16.0,16.0,109.0,109.0,0.0,1.0,16.0,79.0,30.0,0.0,0.0,1.0,1.0,109.0,32.0,1.0,1.0,0.0,0.0,0.0,109.0,187.0,51.0,,0.0,15.0,6.0,9.0,8.6875,62.0,47.0,1.0,31.0,0.2844036697247706,0.4511299395649265,0.0,1.0,30.0,1.0,,,0.0,0.0,0.0,0.0,30.0,0.0,32.0,16.0,0.0,0.0,0.0,31.0,0.0,0.0,0.0,,,,,,,,,,,,,
ham,16,qtensor,numpy,CPU,sync,1,4,19999.20892715454,16.0,49.0,16.0,16.0,109.0,109.0,0.0,1.0,16.0,79.0,30.0,0.0,0.0,1.0,1.0,109.0,32.0,1.0,1.0,0.0,0.0,0.0,109.0,187.0,51.0,,0.0,15.0,6.0,9.0,8.6875,62.0,47.0,1.0,31.0,0.2844036697247706,0.4511299395649265,0.0,1.0,30.0,1.0,,,0.0,0.0,0.0,0.0,30.0,0.0,32.0,16.0,0.0,0.0,0.0,31.0,0.0,0.0,0.0,,,,,,,,,,,,,
ham,16,qtensor,numpy,CPU,sync,2,2,22011.239051818848,16.0,49.0,16.0,16.0,109.0,109.0,0.0,1.0,16.0,79.0,30.0,0.0,0.0,1.0,1.0,109.0,32.0,1.0,1.0,0.0,0.0,0.0,109.0,187.0,51.0,,0.0,15.0,6.0,9.0,8.6875,62.0,47.0,1.0,31.0,0.2844036697247706,0.4511299395649265,0.0,1.0,30.0,1.0,,,0.0,0.0,0.0,0.0,30.0,0.0,32.0,16.0,0.0,0.0,0.0,31.0,0.0,0.0,0.0,,,,,,,,,,,,,
ham,16,qtensor,numpy,CPU,sync,2,2,21409.59143638611,16.0,49.0,16.0,16.0,109.0,109.0,0.0,1.0,16.0,79.0,30.0,0.0,0.0,1.0,1.0,109.0,32.0,1.0,1.0,0.0,0.0,0.0,109.0,187.0,51.0,,0.0,15.0,6.0,9.0,8.6875,62.0,47.0,1.0,31.0,0.2844036697247706,0.4511299395649265,0.0,1.0,30.0,1.0,,,0.0,0.0,0.0,0.0,30.0,0.0,32.0,16.0,0.0,0.0,0.0,31.0,0.0,0.0,0.0,,,,,,,,,,,,,
ham,16,qtensor,numpy,CPU,sync,2,2,21161.369562149048,16.0,49.0,16.0,16.0,109.0,109.0,0.0,1.0,16.0,79.0,30.0,0.0,0.0,1.0,1.0,109.0,32.0,1.0,1.0,0.0,0.0,0.0,109.0,187.0,51.0,,0.0,15.0,6.0,9.0,8.6875,62.0,47.0,1.0,31.0,0.2844036697247706,0.4511299395649265,0.0,1.0,30.0,1.0,,,0.0,0.0,0.0,0.0,30.0,0.0,32.0,16.0,0.0,0.0,0.0,31.0,0.0,0.0,0.0,,,,,,,,,,,,,
ham,16,qtensor,numpy,CPU,sync,2,2,22011.239051818848,16.0,49.0,16.0,16.0,109.0,109.0,0.0,1.0,16.0,79.0,30.0,0.0,0.0,1.0,1.0,109.0,32.0,1.0,1.0,0.0,0.0,0.0,109.0,187.0,51.0,,0.0,15.0,6.0,9.0,8.6875,62.0,47.0,1.0,31.0,0.2844036697247706,0.4511299395649265,0.0,1.0,30.0,1.0,,,0.0,0.0,0.0,0.0,30.0,0.0,32.0,16.0,0.0,0.0,0.0,31.0,0.0,0.0,0.0,,,,,,,,,,,,,
ham,16,qtensor,numpy,CPU,sync,2,2,21409.59143638611,16.0,49.0,16.0,16.0,109.0,109.0,0.0,1.0,16.0,79.0,30.0,0.0,0.0,1.0,1.0,109.0,32.0,1.0,1.0,0.0,0.0,0.0,109.0,187.0,51.0,,0.0,15.0,6.0,9.0,8.6875,62.0,47.0,1.0,31.0,0.2844036697247706,0.4511299395649265,0.0,1.0,30.0,1.0,,,0.0,0.0,0.0,0.0,30.0,0.0,32.0,16.0,0.0,0.0,0.0,31.0,0.0,0.0,0.0,,,,,,,,,,,,,
ham,16,qtensor,numpy,CPU,sync,2,2,21161.369562149048,16.0,49.0,16.0,16.0,109.0,109.0,0.0,1.0,16.0,79.0,30.0,0.0,0.0,1.0,1.0,109.0,32.0,1.0,1.0,0.0,0.0,0.0,109.0,187.0,51.0,,0.0,15.0,6.0,9.0,8.6875,62.0,47.0,1.0,31.0,0.2844036697247706,0.4511299395649265,0.0,1.0,30.0,1.0,,,0.0,0.0,0.0,0.0,30.0,0.0,32.0,16.0,0.0,0.0,0.0,31.0,0.0,0.0,0.0,,,,,,,,,,,,,
ham,16,nwqsim,MPI,CPU,sync,2,2,600.4960536956787,16.0,49.0,16.0,16.0,109.0,109.0,0.0,1.0,16.0,79.0,30.0,0.0,0.0,1.0,1.0,109.0,32.0,1.0,1.0,0.0,0.0,0.0,109.0,187.0,51.0,,0.0,15.0,6.0,9.0,8.6875,62.0,47.0,1.0,31.0,0.2844036697247706,0.4511299395649265,0.0,1.0,30.0,1.0,,,0.0,0.0,0.0,0.0,30.0,0.0,32.0,16.0,0.0,0.0,0.0,31.0,0.0,0.0,0.0,,,,,,,,,,,,,
ham,16,nwqsim,MPI,CPU,sync,2,2,385.6241703033447,16.0,49.0,16.0,16.0,109.0,109.0,0.0,1.0,16.0,79.0,30.0,0.0,0.0,1.0,1.0,109.0,32.0,1.0,1.0,0.0,0.0,0.0,109.0,187.0,51.0,,0.0,15.0,6.0,9.0,8.6875,62.0,47.0,1.0,31.0,0.2844036697247706,0.4511299395649265,0.0,1.0,30.0,1.0,,,0.0,0.0,0.0,0.0,30.0,0.0,32.0,16.0,0.0,0.0,0.0,31.0,0.0,0.0,0.0,,,,,,,,,,,,,
ham,16,nwqsim,MPI,CPU,sync,2,2,346.5125560760498,16.0,49.0,16.0,16.0,109.0,109.0,0.0,1.0,16.0,79.0,30.0,0.0,0.0,1.0,1.0,109.0,32.0,1.0,1.0,0.0,0.0,0.0,109.0,187.0,51.0,,0.0,15.0,6.0,9.0,8.6875,62.0,47.0,1.0,31.0,0.2844036697247706,0.4511299395649265,0.0,1.0,30.0,1.0,,,0.0,0.0,0.0,0.0,30.0,0.0,32.0,16.0,0.0,0.0,0.0,31.0,0.0,0.0,0.0,,,,,,,,,,,,,
ham,16,nwqsim,MPI,CPU,sync,2,2,600.4960536956787,16.0,49.0,16.0,16.0,109.0,109.0,0.0,1.0,16.0,79.0,30.0,0.0,0.0,1.0,1.0,109.0,32.0,1.0,1.0,0.0,0.0,0.0,109.0,187.0,51.0,,0.0,15.0,6.0,9.0,8.6875,62.0,47.0,1.0,31.0,0.2844036697247706,0.4511299395649265,0.0,1.0,30.0,1.0,,,0.0,0.0,0.0,0.0,30.0,0.0,32.0,16.0,0.0,0.0,0.0,31.0,0.0,0.0,0.0,,,,,,,,,,,,,
ham,16,nwqsim,MPI,CPU,sync,2,2,385.6241703033447,16.0,49.0,16.0,16.0,109.0,109.0,0.0,1.0,16.0,79.0,30.0,0.0,0.0,1.0,1.0,109.0,32.0,1.0,1.0,0.0,0.0,0.0,109.0,187.0,51.0,,0.0,15.0,6.0,9.0,8.6875,62.0,47.0,1.0,31.0,0.2844036697247706,0.4511299395649265,0.0,1.0,30.0,1.0,,,0.0,0.0,0.0,0.0,30.0,0.0,32.0,16.0,0.0,0.0,0.0,31.0,0.0,0.0,0.0,,,,,,,,,,,,,
ham,16,nwqsim,MPI,CPU,sync,2,2,346.5125560760498,16.0,49.0,16.0,16.0,109.0,109.0,0.0,1.0,16.0,79.0,30.0,0.0,0.0,1.0,1.0,109.0,32.0,1.0,1.0,0.0,0.0,0.0,109.0,187.0,51.0,,0.0,15.0,6.0,9.0,8.6875,62.0,47.0,1.0,31.0,0.2844036697247706,0.4511299395649265,0.0,1.0,30.0,1.0,,,0.0,0.0,0.0,0.0,30.0,0.0,32.0,16.0,0.0,0.0,0.0,31.0,0.0,0.0,0.0,,,,,,,,,,,,,
ham,16,nwqsim,MPI,CPU,sync,1,4,673.609733581543,16.0,49.0,16.0,16.0,109.0,109.0,0.0,1.0,16.0,79.0,30.0,0.0,0.0,1.0,1.0,109.0,32.0,1.0,1.0,0.0,0.0,0.0,109.0,187.0,51.0,,0.0,15.0,6.0,9.0,8.6875,62.0,47.0,1.0,31.0,0.2844036697247706,0.4511299395649265,0.0,1.0,30.0,1.0,,,0.0,0.0,0.0,0.0,30.0,0.0,32.0,16.0,0.0,0.0,0.0,31.0,0.0,0.0,0.0,,,,,,,,,,,,,
ham,16,nwqsim,MPI,CPU,sync,1,4,427.75964736938477,16.0,49.0,16.0,16.0,109.0,109.0,0.0,1.0,16.0,79.0,30.0,0.0,0.0,1.0,1.0,109.0,32.0,1.0,1.0,0.0,0.0,0.0,109.0,187.0,51.0,,0.0,15.0,6.0,9.0,8.6875,62.0,47.0,1.0,31.0,0.2844036697247706,0.4511299395649265,0.0,1.0,30.0,1.0,,,0.0,0.0,0.0,0.0,30.0,0.0,32.0,16.0,0.0,0.0,0.0,31.0,0.0,0.0,0.0,,,,,,,,,,,,,
ham,16,nwqsim,MPI,CPU,sync,1,4,385.3902816772461,16.0,49.0,16.0,16.0,109.0,109.0,0.0,1.0,16.0,79.0,30.0,0.0,0.0,1.0,1.0,109.0,32.0,1.0,1.0,0.0,0.0,0.0,109.0,187.0,51.0,,0.0,15.0,6.0,9.0,8.6875,62.0,47.0,1.0,31.0,0.2844036697247706,0.4511299395649265,0.0,1.0,30.0,1.0,,,0.0,0.0,0.0,0.0,30.0,0.0,32.0,16.0,0.0,0.0,0.0,31.0,0.0,0.0,0.0,,,,,,,,,,,,,
ham,16,nwqsim,MPI,CPU,sync,1,4,673.609733581543,16.0,49.0,16.0,16.0,109.0,109.0,0.0,1.0,16.0,79.0,30.0,0.0,0.0,1.0,1.0,109.0,32.0,1.0,1.0,0.0,0.0,0.0,109.0,187.0,51.0,,0.0,15.0,6.0,9.0,8.6875,62.0,47.0,1.0,31.0,0.2844036697247706,0.4511299395649265,0.0,1.0,30.0,1.0,,,0.0,0.0,0.0,0.0,30.0,0.0,32.0,16.0,0.0,0.0,0.0,31.0,0.0,0.0,0.0,,,,,,,,,,,,,
ham,16,nwqsim,MPI,CPU,sync,1,4,427.75964736938477,16.0,49.0,16.0,16.0,109.0,109.0,0.0,1.0,16.0,79.0,30.0,0.0,0.0,1.0,1.0,109.0,32.0,1.0,1.0,0.0,0.0,0.0,109.0,187.0,51.0,,0.0,15.0,6.0,9.0,8.6875,62.0,47.0,1.0,31.0,0.2844036697247706,0.4511299395649265,0.0,1.0,30.0,1.0,,,0.0,0.0,0.0,0.0,30.0,0.0,32.0,16.0,0.0,0.0,0.0,31.0,0.0,0.0,0.0,,,,,,,,,,,,,
ham,16,nwqsim,MPI,CPU,sync,1,4,385.3902816772461,16.0,49.0,16.0,16.0,109.0,109.0,0.0,1.0,16.0,79.0,30.0,0.0,0.0,1.0,1.0,109.0,32.0,1.0,1.0,0.0,0.0,0.0,109.0,187.0,51.0,,0.0,15.0,6.0,9.0,8.6875,62.0,47.0,1.0,31.0,0.2844036697247706,0.4511299395649265,0.0,1.0,30.0,1.0,,,0.0,0.0,0.0,0.0,30.0,0.0,32.0,16.0,0.0,0.0,0.0,31.0,0.0,0.0,0.0,,,,,,,,,,,,,
ham,16,nwqsim,MPI,CPU,sync,1,8,1108.1933975219727,16.0,49.0,16.0,16.0,109.0,109.0,0.0,1.0,16.0,79.0,30.0,0.0,0.0,1.0,1.0,109.0,32.0,1.0,1.0,0.0,0.0,0.0,109.0,187.0,51.0,,0.0,15.0,6.0,9.0,8.6875,62.0,47.0,1.0,31.0,0.2844036697247706,0.4511299395649265,0.0,1.0,30.0,1.0,,,0.0,0.0,0.0,0.0,30.0,0.0,32.0,16.0,0.0,0.0,0.0,31.0,0.0,0.0,0.0,,,,,,,,,,,,,
ham,16,ionq,simulator,CPU,sync,1,4,2622.4472522735596,16.0,49.0,16.0,16.0,109.0,109.0,0.0,1.0,16.0,79.0,30.0,0.0,0.0,1.0,1.0,109.0,32.0,1.0,1.0,0.0,0.0,0.0,109.0,187.0,51.0,,0.0,15.0,6.0,9.0,8.6875,62.0,47.0,1.0,31.0,0.2844036697247706,0.4511299395649265,0.0,1.0,30.0,1.0,,,0.0,0.0,0.0,0.0,30.0,0.0,32.0,16.0,0.0,0.0,0.0,31.0,0.0,0.0,0.0,,,,,,,,,,,,,
ham,16,ionq,simulator,CPU,sync,1,4,2483.9658737182617,16.0,49.0,16.0,16.0,109.0,109.0,0.0,1.0,16.0,79.0,30.0,0.0,0.0,1.0,1.0,109.0,32.0,1.0,1.0,0.0,0.0,0.0,109.0,187.0,51.0,,0.0,15.0,6.0,9.0,8.6875,62.0,47.0,1.0,31.0,0.2844036697247706,0.4511299395649265,0.0,1.0,30.0,1.0,,,0.0,0.0,0.0,0.0,30.0,0.0,32.0,16.0,0.0,0.0,0.0,31.0,0.0,0.0,0.0,,,,,,,,,,,,,
ham,16,ionq,simulator,CPU,sync,1,4,2534.233808517456,16.0,49.0,16.0,16.0,109.0,109.0,0.0,1.0,16.0,79.0,30.0,0.0,0.0,1.0,1.0,109.0,32.0,1.0,1.0,0.0,0.0,0.0,109.0,187.0,51.0,,0.0,15.0,6.0,9.0,8.6875,62.0,47.0,1.0,31.0,0.2844036697247706,0.4511299395649265,0.0,1.0,30.0,1.0,,,0.0,0.0,0.0,0.0,30.0,0.0,32.0,16.0,0.0,0.0,0.0,31.0,0.0,0.0,0.0,,,,,,,,,,,,,
ham,16,ionq,simulator,CPU,sync,1,4,2622.4472522735596,16.0,49.0,16.0,16.0,109.0,109.0,0.0,1.0,16.0,79.0,30.0,0.0,0.0,1.0,1.0,109.0,32.0,1.0,1.0,0.0,0.0,0.0,109.0,187.0,51.0,,0.0,15.0,6.0,9.0,8.6875,62.0,47.0,1.0,31.0,0.2844036697247706,0.4511299395649265,0.0,1.0,30.0,1.0,,,0.0,0.0,0.0,0.0,30.0,0.0,32.0,16.0,0.0,0.0,0.0,31.0,0.0,0.0,0.0,,,,,,,,,,,,,
ham,16,ionq,simulator,CPU,sync,1,4,2483.9658737182617,16.0,49.0,16.0,16.0,109.0,109.0,0.0,1.0,16.0,79.0,30.0,0.0,0.0,1.0,1.0,109.0,32.0,1.0,1.0,0.0,0.0,0.0,109.0,187.0,51.0,,0.0,15.0,6.0,9.0,8.6875,62.0,47.0,1.0,31.0,0.2844036697247706,0.4511299395649265,0.0,1.0,30.0,1.0,,,0.0,0.0,0.0,0.0,30.0,0.0,32.0,16.0,0.0,0.0,0.0,31.0,0.0,0.0,0.0,,,,,,,,,,,,,
ham,16,ionq,simulator,CPU,sync,1,4,2534.233808517456,16.0,49.0,16.0,16.0,109.0,109.0,0.0,1.0,16.0,79.0,30.0,0.0,0.0,1.0,1.0,109.0,32.0,1.0,1.0,0.0,0.0,0.0,109.0,187.0,51.0,,0.0,15.0,6.0,9.0,8.6875,62.0,47.0,1.0,31.0,0.2844036697247706,0.4511299395649265,0.0,1.0,30.0,1.0,,,0.0,0.0,0.0,0.0,30.0,0.0,32.0,16.0,0.0,0.0,0.0,31.0,0.0,0.0,0.0,,,,,,,,,,,,,
ham,23,ibmq,ibm_miami,CPU,sync,1,8,29.541969299316406,,,,,,,,,,,,,,,,,,,,,,,,,,,,,,,,,,,,,,,,,,,,,,,,,,,,,,,,,,,,,,,,,,,,,,,
ham,23,ibmq,ibm_miami,CPU,sync,1,8,33.27798843383789,,,,,,,,,,,,,,,,,,,,,,,,,,,,,,,,,,,,,,,,,,,,,,,,,,,,,,,,,,,,,,,,,,,,,,,
ham,23,ibmq,ibm_miami,CPU,sync,1,8,30.559301376342773,,,,,,,,,,,,,,,,,,,,,,,,,,,,,,,,,,,,,,,,,,,,,,,,,,,,,,,,,,,,,,,,,,,,,,,
ham,23,ibmq,ibm_miami,CPU,sync,1,8,30.38930892944336,,,,,,,,,,,,,,,,,,,,,,,,,,,,,,,,,,,,,,,,,,,,,,,,,,,,,,,,,,,,,,,,,,,,,,,
ham,23,ibmq,ibm_miami,CPU,sync,1,8,57.769060134887695,,,,,,,,,,,,,,,,,,,,,,,,,,,,,,,,,,,,,,,,,,,,,,,,,,,,,,,,,,,,,,,,,,,,,,,
ham,23,ibmq,ibm_torino,CPU,sync,1,8,49.45564270019531,,,,,,,,,,,,,,,,,,,,,,,,,,,,,,,,,,,,,,,,,,,,,,,,,,,,,,,,,,,,,,,,,,,,,,,
ham,20,qiskitaer,matrix_product_state,CPU,sync,2,8,7285.269021987915,20.0,61.0,20.0,20.0,137.0,137.0,0.0,1.0,20.0,99.0,38.0,0.0,0.0,1.0,1.0,137.0,40.0,1.0,1.0,0.0,0.0,0.0,137.0,235.0,63.0,,0.0,19.0,6.0,9.0,8.75,78.0,59.0,1.0,39.0,0.2846715328467153,0.4512578544839046,0.0,1.0,38.0,1.0,,,0.0,0.0,0.0,0.0,38.0,0.0,40.0,20.0,0.0,0.0,0.0,39.0,0.0,0.0,0.0,,,,,,,,,,,,,
ham,20,qiskitaer,matrix_product_state,CPU,sync,2,8,6645.02739906311,20.0,61.0,20.0,20.0,137.0,137.0,0.0,1.0,20.0,99.0,38.0,0.0,0.0,1.0,1.0,137.0,40.0,1.0,1.0,0.0,0.0,0.0,137.0,235.0,63.0,,0.0,19.0,6.0,9.0,8.75,78.0,59.0,1.0,39.0,0.2846715328467153,0.4512578544839046,0.0,1.0,38.0,1.0,,,0.0,0.0,0.0,0.0,38.0,0.0,40.0,20.0,0.0,0.0,0.0,39.0,0.0,0.0,0.0,,,,,,,,,,,,,
ham,20,qiskitaer,matrix_product_state,CPU,sync,2,8,7070.457935333252,20.0,61.0,20.0,20.0,137.0,137.0,0.0,1.0,20.0,99.0,38.0,0.0,0.0,1.0,1.0,137.0,40.0,1.0,1.0,0.0,0.0,0.0,137.0,235.0,63.0,,0.0,19.0,6.0,9.0,8.75,78.0,59.0,1.0,39.0,0.2846715328467153,0.4512578544839046,0.0,1.0,38.0,1.0,,,0.0,0.0,0.0,0.0,38.0,0.0,40.0,20.0,0.0,0.0,0.0,39.0,0.0,0.0,0.0,,,,,,,,,,,,,
ham,20,qiskitaer,matrix_product_state,CPU,sync,2,8,7285.269021987915,20.0,61.0,20.0,20.0,137.0,137.0,0.0,1.0,20.0,99.0,38.0,0.0,0.0,1.0,1.0,137.0,40.0,1.0,1.0,0.0,0.0,0.0,137.0,235.0,63.0,,0.0,19.0,6.0,9.0,8.75,78.0,59.0,1.0,39.0,0.2846715328467153,0.4512578544839046,0.0,1.0,38.0,1.0,,,0.0,0.0,0.0,0.0,38.0,0.0,40.0,20.0,0.0,0.0,0.0,39.0,0.0,0.0,0.0,,,,,,,,,,,,,
ham,20,qiskitaer,matrix_product_state,CPU,sync,2,8,6645.02739906311,20.0,61.0,20.0,20.0,137.0,137.0,0.0,1.0,20.0,99.0,38.0,0.0,0.0,1.0,1.0,137.0,40.0,1.0,1.0,0.0,0.0,0.0,137.0,235.0,63.0,,0.0,19.0,6.0,9.0,8.75,78.0,59.0,1.0,39.0,0.2846715328467153,0.4512578544839046,0.0,1.0,38.0,1.0,,,0.0,0.0,0.0,0.0,38.0,0.0,40.0,20.0,0.0,0.0,0.0,39.0,0.0,0.0,0.0,,,,,,,,,,,,,
ham,20,qiskitaer,matrix_product_state,CPU,sync,2,8,7070.457935333252,20.0,61.0,20.0,20.0,137.0,137.0,0.0,1.0,20.0,99.0,38.0,0.0,0.0,1.0,1.0,137.0,40.0,1.0,1.0,0.0,0.0,0.0,137.0,235.0,63.0,,0.0,19.0,6.0,9.0,8.75,78.0,59.0,1.0,39.0,0.2846715328467153,0.4512578544839046,0.0,1.0,38.0,1.0,,,0.0,0.0,0.0,0.0,38.0,0.0,40.0,20.0,0.0,0.0,0.0,39.0,0.0,0.0,0.0,,,,,,,,,,,,,
ham,20,qiskitaer,matrix_product_state,CPU,sync,1,8,9853.182554244995,20.0,61.0,20.0,20.0,137.0,137.0,0.0,1.0,20.0,99.0,38.0,0.0,0.0,1.0,1.0,137.0,40.0,1.0,1.0,0.0,0.0,0.0,137.0,235.0,63.0,,0.0,19.0,6.0,9.0,8.75,78.0,59.0,1.0,39.0,0.2846715328467153,0.4512578544839046,0.0,1.0,38.0,1.0,,,0.0,0.0,0.0,0.0,38.0,0.0,40.0,20.0,0.0,0.0,0.0,39.0,0.0,0.0,0.0,,,,,,,,,,,,,
ham,20,qiskitaer,matrix_product_state,CPU,sync,1,8,7990.731716156006,20.0,61.0,20.0,20.0,137.0,137.0,0.0,1.0,20.0,99.0,38.0,0.0,0.0,1.0,1.0,137.0,40.0,1.0,1.0,0.0,0.0,0.0,137.0,235.0,63.0,,0.0,19.0,6.0,9.0,8.75,78.0,59.0,1.0,39.0,0.2846715328467153,0.4512578544839046,0.0,1.0,38.0,1.0,,,0.0,0.0,0.0,0.0,38.0,0.0,40.0,20.0,0.0,0.0,0.0,39.0,0.0,0.0,0.0,,,,,,,,,,,,,
ham,20,qiskitaer,matrix_product_state,CPU,sync,1,8,8368.63398551941,20.0,61.0,20.0,20.0,137.0,137.0,0.0,1.0,20.0,99.0,38.0,0.0,0.0,1.0,1.0,137.0,40.0,1.0,1.0,0.0,0.0,0.0,137.0,235.0,63.0,,0.0,19.0,6.0,9.0,8.75,78.0,59.0,1.0,39.0,0.2846715328467153,0.4512578544839046,0.0,1.0,38.0,1.0,,,0.0,0.0,0.0,0.0,38.0,0.0,40.0,20.0,0.0,0.0,0.0,39.0,0.0,0.0,0.0,,,,,,,,,,,,,
ham,20,qiskitaer,matrix_product_state,CPU,sync,1,8,9853.182554244995,20.0,61.0,20.0,20.0,137.0,137.0,0.0,1.0,20.0,99.0,38.0,0.0,0.0,1.0,1.0,137.0,40.0,1.0,1.0,0.0,0.0,0.0,137.0,235.0,63.0,,0.0,19.0,6.0,9.0,8.75,78.0,59.0,1.0,39.0,0.2846715328467153,0.4512578544839046,0.0,1.0,38.0,1.0,,,0.0,0.0,0.0,0.0,38.0,0.0,40.0,20.0,0.0,0.0,0.0,39.0,0.0,0.0,0.0,,,,,,,,,,,,,
ham,20,qiskitaer,matrix_product_state,CPU,sync,1,8,7990.731716156006,20.0,61.0,20.0,20.0,137.0,137.0,0.0,1.0,20.0,99.0,38.0,0.0,0.0,1.0,1.0,137.0,40.0,1.0,1.0,0.0,0.0,0.0,137.0,235.0,63.0,,0.0,19.0,6.0,9.0,8.75,78.0,59.0,1.0,39.0,0.2846715328467153,0.4512578544839046,0.0,1.0,38.0,1.0,,,0.0,0.0,0.0,0.0,38.0,0.0,40.0,20.0,0.0,0.0,0.0,39.0,0.0,0.0,0.0,,,,,,,,,,,,,
ham,20,qiskitaer,matrix_product_state,CPU,sync,1,8,8368.63398551941,20.0,61.0,20.0,20.0,137.0,137.0,0.0,1.0,20.0,99.0,38.0,0.0,0.0,1.0,1.0,137.0,40.0,1.0,1.0,0.0,0.0,0.0,137.0,235.0,63.0,,0.0,19.0,6.0,9.0,8.75,78.0,59.0,1.0,39.0,0.2846715328467153,0.4512578544839046,0.0,1.0,38.0,1.0,,,0.0,0.0,0.0,0.0,38.0,0.0,40.0,20.0,0.0,0.0,0.0,39.0,0.0,0.0,0.0,,,,,,,,,,,,,
ham,20,qiskitaer,statevector,CPU,sync,2,8,7704.365253448486,20.0,61.0,20.0,20.0,137.0,137.0,0.0,1.0,20.0,99.0,38.0,0.0,0.0,1.0,1.0,137.0,40.0,1.0,1.0,0.0,0.0,0.0,137.0,235.0,63.0,,0.0,19.0,6.0,9.0,8.75,78.0,59.0,1.0,39.0,0.2846715328467153,0.4512578544839046,0.0,1.0,38.0,1.0,,,0.0,0.0,0.0,0.0,38.0,0.0,40.0,20.0,0.0,0.0,0.0,39.0,0.0,0.0,0.0,,,,,,,,,,,,,
ham,20,qiskitaer,statevector,CPU,sync,2,8,7059.551954269409,20.0,61.0,20.0,20.0,137.0,137.0,0.0,1.0,20.0,99.0,38.0,0.0,0.0,1.0,1.0,137.0,40.0,1.0,1.0,0.0,0.0,0.0,137.0,235.0,63.0,,0.0,19.0,6.0,9.0,8.75,78.0,59.0,1.0,39.0,0.2846715328467153,0.4512578544839046,0.0,1.0,38.0,1.0,,,0.0,0.0,0.0,0.0,38.0,0.0,40.0,20.0,0.0,0.0,0.0,39.0,0.0,0.0,0.0,,,,,,,,,,,,,
ham,20,qiskitaer,statevector,CPU,sync,2,8,7733.086347579956,20.0,61.0,20.0,20.0,137.0,137.0,0.0,1.0,20.0,99.0,38.0,0.0,0.0,1.0,1.0,137.0,40.0,1.0,1.0,0.0,0.0,0.0,137.0,235.0,63.0,,0.0,19.0,6.0,9.0,8.75,78.0,59.0,1.0,39.0,0.2846715328467153,0.4512578544839046,0.0,1.0,38.0,1.0,,,0.0,0.0,0.0,0.0,38.0,0.0,40.0,20.0,0.0,0.0,0.0,39.0,0.0,0.0,0.0,,,,,,,,,,,,,
ham,20,qiskitaer,statevector,CPU,sync,2,8,7704.365253448486,20.0,61.0,20.0,20.0,137.0,137.0,0.0,1.0,20.0,99.0,38.0,0.0,0.0,1.0,1.0,137.0,40.0,1.0,1.0,0.0,0.0,0.0,137.0,235.0,63.0,,0.0,19.0,6.0,9.0,8.75,78.0,59.0,1.0,39.0,0.2846715328467153,0.4512578544839046,0.0,1.0,38.0,1.0,,,0.0,0.0,0.0,0.0,38.0,0.0,40.0,20.0,0.0,0.0,0.0,39.0,0.0,0.0,0.0,,,,,,,,,,,,,
ham,20,qiskitaer,statevector,CPU,sync,2,8,7059.551954269409,20.0,61.0,20.0,20.0,137.0,137.0,0.0,1.0,20.0,99.0,38.0,0.0,0.0,1.0,1.0,137.0,40.0,1.0,1.0,0.0,0.0,0.0,137.0,235.0,63.0,,0.0,19.0,6.0,9.0,8.75,78.0,59.0,1.0,39.0,0.2846715328467153,0.4512578544839046,0.0,1.0,38.0,1.0,,,0.0,0.0,0.0,0.0,38.0,0.0,40.0,20.0,0.0,0.0,0.0,39.0,0.0,0.0,0.0,,,,,,,,,,,,,
ham,20,qiskitaer,statevector,CPU,sync,2,8,7733.086347579956,20.0,61.0,20.0,20.0,137.0,137.0,0.0,1.0,20.0,99.0,38.0,0.0,0.0,1.0,1.0,137.0,40.0,1.0,1.0,0.0,0.0,0.0,137.0,235.0,63.0,,0.0,19.0,6.0,9.0,8.75,78.0,59.0,1.0,39.0,0.2846715328467153,0.4512578544839046,0.0,1.0,38.0,1.0,,,0.0,0.0,0.0,0.0,38.0,0.0,40.0,20.0,0.0,0.0,0.0,39.0,0.0,0.0,0.0,,,,,,,,,,,,,
ham,20,qiskitaer,statevector,CPU,sync,1,8,9621.119260787964,20.0,61.0,20.0,20.0,137.0,137.0,0.0,1.0,20.0,99.0,38.0,0.0,0.0,1.0,1.0,137.0,40.0,1.0,1.0,0.0,0.0,0.0,137.0,235.0,63.0,,0.0,19.0,6.0,9.0,8.75,78.0,59.0,1.0,39.0,0.2846715328467153,0.4512578544839046,0.0,1.0,38.0,1.0,,,0.0,0.0,0.0,0.0,38.0,0.0,40.0,20.0,0.0,0.0,0.0,39.0,0.0,0.0,0.0,,,,,,,,,,,,,
ham,20,qiskitaer,statevector,CPU,sync,1,8,7515.687704086304,20.0,61.0,20.0,20.0,137.0,137.0,0.0,1.0,20.0,99.0,38.0,0.0,0.0,1.0,1.0,137.0,40.0,1.0,1.0,0.0,0.0,0.0,137.0,235.0,63.0,,0.0,19.0,6.0,9.0,8.75,78.0,59.0,1.0,39.0,0.2846715328467153,0.4512578544839046,0.0,1.0,38.0,1.0,,,0.0,0.0,0.0,0.0,38.0,0.0,40.0,20.0,0.0,0.0,0.0,39.0,0.0,0.0,0.0,,,,,,,,,,,,,
ham,20,qiskitaer,statevector,CPU,sync,1,8,8563.01760673523,20.0,61.0,20.0,20.0,137.0,137.0,0.0,1.0,20.0,99.0,38.0,0.0,0.0,1.0,1.0,137.0,40.0,1.0,1.0,0.0,0.0,0.0,137.0,235.0,63.0,,0.0,19.0,6.0,9.0,8.75,78.0,59.0,1.0,39.0,0.2846715328467153,0.4512578544839046,0.0,1.0,38.0,1.0,,,0.0,0.0,0.0,0.0,38.0,0.0,40.0,20.0,0.0,0.0,0.0,39.0,0.0,0.0,0.0,,,,,,,,,,,,,
ham,20,qiskitaer,statevector,CPU,sync,1,8,9621.119260787964,20.0,61.0,20.0,20.0,137.0,137.0,0.0,1.0,20.0,99.0,38.0,0.0,0.0,1.0,1.0,137.0,40.0,1.0,1.0,0.0,0.0,0.0,137.0,235.0,63.0,,0.0,19.0,6.0,9.0,8.75,78.0,59.0,1.0,39.0,0.2846715328467153,0.4512578544839046,0.0,1.0,38.0,1.0,,,0.0,0.0,0.0,0.0,38.0,0.0,40.0,20.0,0.0,0.0,0.0,39.0,0.0,0.0,0.0,,,,,,,,,,,,,
ham,20,qiskitaer,statevector,CPU,sync,1,8,7515.687704086304,20.0,61.0,20.0,20.0,137.0,137.0,0.0,1.0,20.0,99.0,38.0,0.0,0.0,1.0,1.0,137.0,40.0,1.0,1.0,0.0,0.0,0.0,137.0,235.0,63.0,,0.0,19.0,6.0,9.0,8.75,78.0,59.0,1.0,39.0,0.2846715328467153,0.4512578544839046,0.0,1.0,38.0,1.0,,,0.0,0.0,0.0,0.0,38.0,0.0,40.0,20.0,0.0,0.0,0.0,39.0,0.0,0.0,0.0,,,,,,,,,,,,,
ham,20,qiskitaer,statevector,CPU,sync,1,8,8563.01760673523,20.0,61.0,20.0,20.0,137.0,137.0,0.0,1.0,20.0,99.0,38.0,0.0,0.0,1.0,1.0,137.0,40.0,1.0,1.0,0.0,0.0,0.0,137.0,235.0,63.0,,0.0,19.0,6.0,9.0,8.75,78.0,59.0,1.0,39.0,0.2846715328467153,0.4512578544839046,0.0,1.0,38.0,1.0,,,0.0,0.0,0.0,0.0,38.0,0.0,40.0,20.0,0.0,0.0,0.0,39.0,0.0,0.0,0.0,,,,,,,,,,,,,
ham,20,qiskitaer,automatic,CPU,sync,1,8,9011.762142181396,20.0,61.0,20.0,20.0,137.0,137.0,0.0,1.0,20.0,99.0,38.0,0.0,0.0,1.0,1.0,137.0,40.0,1.0,1.0,0.0,0.0,0.0,137.0,235.0,63.0,,0.0,19.0,6.0,9.0,8.75,78.0,59.0,1.0,39.0,0.2846715328467153,0.4512578544839046,0.0,1.0,38.0,1.0,,,0.0,0.0,0.0,0.0,38.0,0.0,40.0,20.0,0.0,0.0,0.0,39.0,0.0,0.0,0.0,,,,,,,,,,,,,
ham,20,qiskitaer,automatic,CPU,sync,1,8,7368.617296218872,20.0,61.0,20.0,20.0,137.0,137.0,0.0,1.0,20.0,99.0,38.0,0.0,0.0,1.0,1.0,137.0,40.0,1.0,1.0,0.0,0.0,0.0,137.0,235.0,63.0,,0.0,19.0,6.0,9.0,8.75,78.0,59.0,1.0,39.0,0.2846715328467153,0.4512578544839046,0.0,1.0,38.0,1.0,,,0.0,0.0,0.0,0.0,38.0,0.0,40.0,20.0,0.0,0.0,0.0,39.0,0.0,0.0,0.0,,,,,,,,,,,,,
ham,20,qiskitaer,automatic,CPU,sync,1,8,8615.10419845581,20.0,61.0,20.0,20.0,137.0,137.0,0.0,1.0,20.0,99.0,38.0,0.0,0.0,1.0,1.0,137.0,40.0,1.0,1.0,0.0,0.0,0.0,137.0,235.0,63.0,,0.0,19.0,6.0,9.0,8.75,78.0,59.0,1.0,39.0,0.2846715328467153,0.4512578544839046,0.0,1.0,38.0,1.0,,,0.0,0.0,0.0,0.0,38.0,0.0,40.0,20.0,0.0,0.0,0.0,39.0,0.0,0.0,0.0,,,,,,,,,,,,,
ham,20,qiskitaer,automatic,CPU,sync,1,8,9011.762142181396,20.0,61.0,20.0,20.0,137.0,137.0,0.0,1.0,20.0,99.0,38.0,0.0,0.0,1.0,1.0,137.0,40.0,1.0,1.0,0.0,0.0,0.0,137.0,235.0,63.0,,0.0,19.0,6.0,9.0,8.75,78.0,59.0,1.0,39.0,0.2846715328467153,0.4512578544839046,0.0,1.0,38.0,1.0,,,0.0,0.0,0.0,0.0,38.0,0.0,40.0,20.0,0.0,0.0,0.0,39.0,0.0,0.0,0.0,,,,,,,,,,,,,
ham,20,qiskitaer,automatic,CPU,sync,1,8,7368.617296218872,20.0,61.0,20.0,20.0,137.0,137.0,0.0,1.0,20.0,99.0,38.0,0.0,0.0,1.0,1.0,137.0,40.0,1.0,1.0,0.0,0.0,0.0,137.0,235.0,63.0,,0.0,19.0,6.0,9.0,8.75,78.0,59.0,1.0,39.0,0.2846715328467153,0.4512578544839046,0.0,1.0,38.0,1.0,,,0.0,0.0,0.0,0.0,38.0,0.0,40.0,20.0,0.0,0.0,0.0,39.0,0.0,0.0,0.0,,,,,,,,,,,,,
ham,20,qiskitaer,automatic,CPU,sync,1,8,8615.10419845581,20.0,61.0,20.0,20.0,137.0,137.0,0.0,1.0,20.0,99.0,38.0,0.0,0.0,1.0,1.0,137.0,40.0,1.0,1.0,0.0,0.0,0.0,137.0,235.0,63.0,,0.0,19.0,6.0,9.0,8.75,78.0,59.0,1.0,39.0,0.2846715328467153,0.4512578544839046,0.0,1.0,38.0,1.0,,,0.0,0.0,0.0,0.0,38.0,0.0,40.0,20.0,0.0,0.0,0.0,39.0,0.0,0.0,0.0,,,,,,,,,,,,,
ham,20,qiskitaer,automatic,CPU,sync,2,8,7926.851749420166,20.0,61.0,20.0,20.0,137.0,137.0,0.0,1.0,20.0,99.0,38.0,0.0,0.0,1.0,1.0,137.0,40.0,1.0,1.0,0.0,0.0,0.0,137.0,235.0,63.0,,0.0,19.0,6.0,9.0,8.75,78.0,59.0,1.0,39.0,0.2846715328467153,0.4512578544839046,0.0,1.0,38.0,1.0,,,0.0,0.0,0.0,0.0,38.0,0.0,40.0,20.0,0.0,0.0,0.0,39.0,0.0,0.0,0.0,,,,,,,,,,,,,
ham,20,qiskitaer,automatic,CPU,sync,2,8,6533.492803573608,20.0,61.0,20.0,20.0,137.0,137.0,0.0,1.0,20.0,99.0,38.0,0.0,0.0,1.0,1.0,137.0,40.0,1.0,1.0,0.0,0.0,0.0,137.0,235.0,63.0,,0.0,19.0,6.0,9.0,8.75,78.0,59.0,1.0,39.0,0.2846715328467153,0.4512578544839046,0.0,1.0,38.0,1.0,,,0.0,0.0,0.0,0.0,38.0,0.0,40.0,20.0,0.0,0.0,0.0,39.0,0.0,0.0,0.0,,,,,,,,,,,,,
ham,20,qiskitaer,automatic,CPU,sync,2,8,7557.575225830078,20.0,61.0,20.0,20.0,137.0,137.0,0.0,1.0,20.0,99.0,38.0,0.0,0.0,1.0,1.0,137.0,40.0,1.0,1.0,0.0,0.0,0.0,137.0,235.0,63.0,,0.0,19.0,6.0,9.0,8.75,78.0,59.0,1.0,39.0,0.2846715328467153,0.4512578544839046,0.0,1.0,38.0,1.0,,,0.0,0.0,0.0,0.0,38.0,0.0,40.0,20.0,0.0,0.0,0.0,39.0,0.0,0.0,0.0,,,,,,,,,,,,,
ham,20,qiskitaer,automatic,CPU,sync,2,8,7926.851749420166,20.0,61.0,20.0,20.0,137.0,137.0,0.0,1.0,20.0,99.0,38.0,0.0,0.0,1.0,1.0,137.0,40.0,1.0,1.0,0.0,0.0,0.0,137.0,235.0,63.0,,0.0,19.0,6.0,9.0,8.75,78.0,59.0,1.0,39.0,0.2846715328467153,0.4512578544839046,0.0,1.0,38.0,1.0,,,0.0,0.0,0.0,0.0,38.0,0.0,40.0,20.0,0.0,0.0,0.0,39.0,0.0,0.0,0.0,,,,,,,,,,,,,
ham,20,qiskitaer,automatic,CPU,sync,2,8,6533.492803573608,20.0,61.0,20.0,20.0,137.0,137.0,0.0,1.0,20.0,99.0,38.0,0.0,0.0,1.0,1.0,137.0,40.0,1.0,1.0,0.0,0.0,0.0,137.0,235.0,63.0,,0.0,19.0,6.0,9.0,8.75,78.0,59.0,1.0,39.0,0.2846715328467153,0.4512578544839046,0.0,1.0,38.0,1.0,,,0.0,0.0,0.0,0.0,38.0,0.0,40.0,20.0,0.0,0.0,0.0,39.0,0.0,0.0,0.0,,,,,,,,,,,,,
ham,20,qiskitaer,automatic,CPU,sync,2,8,7557.575225830078,20.0,61.0,20.0,20.0,137.0,137.0,0.0,1.0,20.0,99.0,38.0,0.0,0.0,1.0,1.0,137.0,40.0,1.0,1.0,0.0,0.0,0.0,137.0,235.0,63.0,,0.0,19.0,6.0,9.0,8.75,78.0,59.0,1.0,39.0,0.2846715328467153,0.4512578544839046,0.0,1.0,38.0,1.0,,,0.0,0.0,0.0,0.0,38.0,0.0,40.0,20.0,0.0,0.0,0.0,39.0,0.0,0.0,0.0,,,,,,,,,,,,,
ham,20,ionq,simulator,CPU,sync,1,8,5126.427412033081,20.0,61.0,20.0,20.0,137.0,137.0,0.0,1.0,20.0,99.0,38.0,0.0,0.0,1.0,1.0,137.0,40.0,1.0,1.0,0.0,0.0,0.0,137.0,235.0,63.0,,0.0,19.0,6.0,9.0,8.75,78.0,59.0,1.0,39.0,0.2846715328467153,0.4512578544839046,0.0,1.0,38.0,1.0,,,0.0,0.0,0.0,0.0,38.0,0.0,40.0,20.0,0.0,0.0,0.0,39.0,0.0,0.0,0.0,,,,,,,,,,,,,
ham,20,ionq,simulator,CPU,sync,1,8,5139.648914337158,20.0,61.0,20.0,20.0,137.0,137.0,0.0,1.0,20.0,99.0,38.0,0.0,0.0,1.0,1.0,137.0,40.0,1.0,1.0,0.0,0.0,0.0,137.0,235.0,63.0,,0.0,19.0,6.0,9.0,8.75,78.0,59.0,1.0,39.0,0.2846715328467153,0.4512578544839046,0.0,1.0,38.0,1.0,,,0.0,0.0,0.0,0.0,38.0,0.0,40.0,20.0,0.0,0.0,0.0,39.0,0.0,0.0,0.0,,,,,,,,,,,,,
ham,20,ionq,simulator,CPU,sync,1,8,4981.040716171265,20.0,61.0,20.0,20.0,137.0,137.0,0.0,1.0,20.0,99.0,38.0,0.0,0.0,1.0,1.0,137.0,40.0,1.0,1.0,0.0,0.0,0.0,137.0,235.0,63.0,,0.0,19.0,6.0,9.0,8.75,78.0,59.0,1.0,39.0,0.2846715328467153,0.4512578544839046,0.0,1.0,38.0,1.0,,,0.0,0.0,0.0,0.0,38.0,0.0,40.0,20.0,0.0,0.0,0.0,39.0,0.0,0.0,0.0,,,,,,,,,,,,,
ham,20,ionq,simulator,CPU,sync,1,8,5126.427412033081,20.0,61.0,20.0,20.0,137.0,137.0,0.0,1.0,20.0,99.0,38.0,0.0,0.0,1.0,1.0,137.0,40.0,1.0,1.0,0.0,0.0,0.0,137.0,235.0,63.0,,0.0,19.0,6.0,9.0,8.75,78.0,59.0,1.0,39.0,0.2846715328467153,0.4512578544839046,0.0,1.0,38.0,1.0,,,0.0,0.0,0.0,0.0,38.0,0.0,40.0,20.0,0.0,0.0,0.0,39.0,0.0,0.0,0.0,,,,,,,,,,,,,
ham,20,ionq,simulator,CPU,sync,1,8,5139.648914337158,20.0,61.0,20.0,20.0,137.0,137.0,0.0,1.0,20.0,99.0,38.0,0.0,0.0,1.0,1.0,137.0,40.0,1.0,1.0,0.0,0.0,0.0,137.0,235.0,63.0,,0.0,19.0,6.0,9.0,8.75,78.0,59.0,1.0,39.0,0.2846715328467153,0.4512578544839046,0.0,1.0,38.0,1.0,,,0.0,0.0,0.0,0.0,38.0,0.0,40.0,20.0,0.0,0.0,0.0,39.0,0.0,0.0,0.0,,,,,,,,,,,,,
ham,20,ionq,simulator,CPU,sync,1,8,4981.040716171265,20.0,61.0,20.0,20.0,137.0,137.0,0.0,1.0,20.0,99.0,38.0,0.0,0.0,1.0,1.0,137.0,40.0,1.0,1.0,0.0,0.0,0.0,137.0,235.0,63.0,,0.0,19.0,6.0,9.0,8.75,78.0,59.0,1.0,39.0,0.2846715328467153,0.4512578544839046,0.0,1.0,38.0,1.0,,,0.0,0.0,0.0,0.0,38.0,0.0,40.0,20.0,0.0,0.0,0.0,39.0,0.0,0.0,0.0,,,,,,,,,,,,,
ham,20,qtensor,numpy,CPU,sync,2,8,23483.885288238525,20.0,61.0,20.0,20.0,137.0,137.0,0.0,1.0,20.0,99.0,38.0,0.0,0.0,1.0,1.0,137.0,40.0,1.0,1.0,0.0,0.0,0.0,137.0,235.0,63.0,,0.0,19.0,6.0,9.0,8.75,78.0,59.0,1.0,39.0,0.2846715328467153,0.4512578544839046,0.0,1.0,38.0,1.0,,,0.0,0.0,0.0,0.0,38.0,0.0,40.0,20.0,0.0,0.0,0.0,39.0,0.0,0.0,0.0,,,,,,,,,,,,,
ham,20,qtensor,numpy,CPU,sync,2,8,21663.217544555664,20.0,61.0,20.0,20.0,137.0,137.0,0.0,1.0,20.0,99.0,38.0,0.0,0.0,1.0,1.0,137.0,40.0,1.0,1.0,0.0,0.0,0.0,137.0,235.0,63.0,,0.0,19.0,6.0,9.0,8.75,78.0,59.0,1.0,39.0,0.2846715328467153,0.4512578544839046,0.0,1.0,38.0,1.0,,,0.0,0.0,0.0,0.0,38.0,0.0,40.0,20.0,0.0,0.0,0.0,39.0,0.0,0.0,0.0,,,,,,,,,,,,,
ham,20,qtensor,numpy,CPU,sync,2,8,21148.746728897095,20.0,61.0,20.0,20.0,137.0,137.0,0.0,1.0,20.0,99.0,38.0,0.0,0.0,1.0,1.0,137.0,40.0,1.0,1.0,0.0,0.0,0.0,137.0,235.0,63.0,,0.0,19.0,6.0,9.0,8.75,78.0,59.0,1.0,39.0,0.2846715328467153,0.4512578544839046,0.0,1.0,38.0,1.0,,,0.0,0.0,0.0,0.0,38.0,0.0,40.0,20.0,0.0,0.0,0.0,39.0,0.0,0.0,0.0,,,,,,,,,,,,,
ham,20,qtensor,numpy,CPU,sync,2,8,23483.885288238525,20.0,61.0,20.0,20.0,137.0,137.0,0.0,1.0,20.0,99.0,38.0,0.0,0.0,1.0,1.0,137.0,40.0,1.0,1.0,0.0,0.0,0.0,137.0,235.0,63.0,,0.0,19.0,6.0,9.0,8.75,78.0,59.0,1.0,39.0,0.2846715328467153,0.4512578544839046,0.0,1.0,38.0,1.0,,,0.0,0.0,0.0,0.0,38.0,0.0,40.0,20.0,0.0,0.0,0.0,39.0,0.0,0.0,0.0,,,,,,,,,,,,,
ham,20,qtensor,numpy,CPU,sync,2,8,21663.217544555664,20.0,61.0,20.0,20.0,137.0,137.0,0.0,1.0,20.0,99.0,38.0,0.0,0.0,1.0,1.0,137.0,40.0,1.0,1.0,0.0,0.0,0.0,137.0,235.0,63.0,,0.0,19.0,6.0,9.0,8.75,78.0,59.0,1.0,39.0,0.2846715328467153,0.4512578544839046,0.0,1.0,38.0,1.0,,,0.0,0.0,0.0,0.0,38.0,0.0,40.0,20.0,0.0,0.0,0.0,39.0,0.0,0.0,0.0,,,,,,,,,,,,,
ham,20,qtensor,numpy,CPU,sync,2,8,21148.746728897095,20.0,61.0,20.0,20.0,137.0,137.0,0.0,1.0,20.0,99.0,38.0,0.0,0.0,1.0,1.0,137.0,40.0,1.0,1.0,0.0,0.0,0.0,137.0,235.0,63.0,,0.0,19.0,6.0,9.0,8.75,78.0,59.0,1.0,39.0,0.2846715328467153,0.4512578544839046,0.0,1.0,38.0,1.0,,,0.0,0.0,0.0,0.0,38.0,0.0,40.0,20.0,0.0,0.0,0.0,39.0,0.0,0.0,0.0,,,,,,,,,,,,,
ham,20,qtensor,numpy,CPU,sync,1,8,24157.469749450684,20.0,61.0,20.0,20.0,137.0,137.0,0.0,1.0,20.0,99.0,38.0,0.0,0.0,1.0,1.0,137.0,40.0,1.0,1.0,0.0,0.0,0.0,137.0,235.0,63.0,,0.0,19.0,6.0,9.0,8.75,78.0,59.0,1.0,39.0,0.2846715328467153,0.4512578544839046,0.0,1.0,38.0,1.0,,,0.0,0.0,0.0,0.0,38.0,0.0,40.0,20.0,0.0,0.0,0.0,39.0,0.0,0.0,0.0,,,,,,,,,,,,,
ham,20,qtensor,numpy,CPU,sync,1,8,23240.11993408203,20.0,61.0,20.0,20.0,137.0,137.0,0.0,1.0,20.0,99.0,38.0,0.0,0.0,1.0,1.0,137.0,40.0,1.0,1.0,0.0,0.0,0.0,137.0,235.0,63.0,,0.0,19.0,6.0,9.0,8.75,78.0,59.0,1.0,39.0,0.2846715328467153,0.4512578544839046,0.0,1.0,38.0,1.0,,,0.0,0.0,0.0,0.0,38.0,0.0,40.0,20.0,0.0,0.0,0.0,39.0,0.0,0.0,0.0,,,,,,,,,,,,,
ham,20,qtensor,numpy,CPU,sync,1,8,24776.28779411316,20.0,61.0,20.0,20.0,137.0,137.0,0.0,1.0,20.0,99.0,38.0,0.0,0.0,1.0,1.0,137.0,40.0,1.0,1.0,0.0,0.0,0.0,137.0,235.0,63.0,,0.0,19.0,6.0,9.0,8.75,78.0,59.0,1.0,39.0,0.2846715328467153,0.4512578544839046,0.0,1.0,38.0,1.0,,,0.0,0.0,0.0,0.0,38.0,0.0,40.0,20.0,0.0,0.0,0.0,39.0,0.0,0.0,0.0,,,,,,,,,,,,,
ham,20,qtensor,numpy,CPU,sync,1,8,24157.469749450684,20.0,61.0,20.0,20.0,137.0,137.0,0.0,1.0,20.0,99.0,38.0,0.0,0.0,1.0,1.0,137.0,40.0,1.0,1.0,0.0,0.0,0.0,137.0,235.0,63.0,,0.0,19.0,6.0,9.0,8.75,78.0,59.0,1.0,39.0,0.2846715328467153,0.4512578544839046,0.0,1.0,38.0,1.0,,,0.0,0.0,0.0,0.0,38.0,0.0,40.0,20.0,0.0,0.0,0.0,39.0,0.0,0.0,0.0,,,,,,,,,,,,,
ham,20,qtensor,numpy,CPU,sync,1,8,23240.11993408203,20.0,61.0,20.0,20.0,137.0,137.0,0.0,1.0,20.0,99.0,38.0,0.0,0.0,1.0,1.0,137.0,40.0,1.0,1.0,0.0,0.0,0.0,137.0,235.0,63.0,,0.0,19.0,6.0,9.0,8.75,78.0,59.0,1.0,39.0,0.2846715328467153,0.4512578544839046,0.0,1.0,38.0,1.0,,,0.0,0.0,0.0,0.0,38.0,0.0,40.0,20.0,0.0,0.0,0.0,39.0,0.0,0.0,0.0,,,,,,,,,,,,,
ham,20,qtensor,numpy,CPU,sync,1,8,24776.28779411316,20.0,61.0,20.0,20.0,137.0,137.0,0.0,1.0,20.0,99.0,38.0,0.0,0.0,1.0,1.0,137.0,40.0,1.0,1.0,0.0,0.0,0.0,137.0,235.0,63.0,,0.0,19.0,6.0,9.0,8.75,78.0,59.0,1.0,39.0,0.2846715328467153,0.4512578544839046,0.0,1.0,38.0,1.0,,,0.0,0.0,0.0,0.0,38.0,0.0,40.0,20.0,0.0,0.0,0.0,39.0,0.0,0.0,0.0,,,,,,,,,,,,,
ham,20,nwqsim,MPI,CPU,sync,2,8,892.7037715911865,20.0,61.0,20.0,20.0,137.0,137.0,0.0,1.0,20.0,99.0,38.0,0.0,0.0,1.0,1.0,137.0,40.0,1.0,1.0,0.0,0.0,0.0,137.0,235.0,63.0,,0.0,19.0,6.0,9.0,8.75,78.0,59.0,1.0,39.0,0.2846715328467153,0.4512578544839046,0.0,1.0,38.0,1.0,,,0.0,0.0,0.0,0.0,38.0,0.0,40.0,20.0,0.0,0.0,0.0,39.0,0.0,0.0,0.0,,,,,,,,,,,,,
ham,20,nwqsim,MPI,CPU,sync,2,8,540.0099754333496,20.0,61.0,20.0,20.0,137.0,137.0,0.0,1.0,20.0,99.0,38.0,0.0,0.0,1.0,1.0,137.0,40.0,1.0,1.0,0.0,0.0,0.0,137.0,235.0,63.0,,0.0,19.0,6.0,9.0,8.75,78.0,59.0,1.0,39.0,0.2846715328467153,0.4512578544839046,0.0,1.0,38.0,1.0,,,0.0,0.0,0.0,0.0,38.0,0.0,40.0,20.0,0.0,0.0,0.0,39.0,0.0,0.0,0.0,,,,,,,,,,,,,
ham,20,nwqsim,MPI,CPU,sync,2,8,551.0838031768799,20.0,61.0,20.0,20.0,137.0,137.0,0.0,1.0,20.0,99.0,38.0,0.0,0.0,1.0,1.0,137.0,40.0,1.0,1.0,0.0,0.0,0.0,137.0,235.0,63.0,,0.0,19.0,6.0,9.0,8.75,78.0,59.0,1.0,39.0,0.2846715328467153,0.4512578544839046,0.0,1.0,38.0,1.0,,,0.0,0.0,0.0,0.0,38.0,0.0,40.0,20.0,0.0,0.0,0.0,39.0,0.0,0.0,0.0,,,,,,,,,,,,,
ham,20,nwqsim,MPI,CPU,sync,2,8,892.7037715911865,20.0,61.0,20.0,20.0,137.0,137.0,0.0,1.0,20.0,99.0,38.0,0.0,0.0,1.0,1.0,137.0,40.0,1.0,1.0,0.0,0.0,0.0,137.0,235.0,63.0,,0.0,19.0,6.0,9.0,8.75,78.0,59.0,1.0,39.0,0.2846715328467153,0.4512578544839046,0.0,1.0,38.0,1.0,,,0.0,0.0,0.0,0.0,38.0,0.0,40.0,20.0,0.0,0.0,0.0,39.0,0.0,0.0,0.0,,,,,,,,,,,,,
ham,20,nwqsim,MPI,CPU,sync,2,8,540.0099754333496,20.0,61.0,20.0,20.0,137.0,137.0,0.0,1.0,20.0,99.0,38.0,0.0,0.0,1.0,1.0,137.0,40.0,1.0,1.0,0.0,0.0,0.0,137.0,235.0,63.0,,0.0,19.0,6.0,9.0,8.75,78.0,59.0,1.0,39.0,0.2846715328467153,0.4512578544839046,0.0,1.0,38.0,1.0,,,0.0,0.0,0.0,0.0,38.0,0.0,40.0,20.0,0.0,0.0,0.0,39.0,0.0,0.0,0.0,,,,,,,,,,,,,
ham,20,nwqsim,MPI,CPU,sync,2,8,551.0838031768799,20.0,61.0,20.0,20.0,137.0,137.0,0.0,1.0,20.0,99.0,38.0,0.0,0.0,1.0,1.0,137.0,40.0,1.0,1.0,0.0,0.0,0.0,137.0,235.0,63.0,,0.0,19.0,6.0,9.0,8.75,78.0,59.0,1.0,39.0,0.2846715328467153,0.4512578544839046,0.0,1.0,38.0,1.0,,,0.0,0.0,0.0,0.0,38.0,0.0,40.0,20.0,0.0,0.0,0.0,39.0,0.0,0.0,0.0,,,,,,,,,,,,,
ham,20,ibmq,ibm_miami,CPU,sync,1,8,47.046661376953125,20.0,61.0,20.0,20.0,137.0,137.0,0.0,1.0,20.0,99.0,38.0,0.0,0.0,1.0,1.0,137.0,40.0,1.0,1.0,0.0,0.0,0.0,137.0,235.0,63.0,,0.0,19.0,6.0,9.0,8.75,78.0,59.0,1.0,39.0,0.2846715328467153,0.4512578544839046,0.0,1.0,38.0,1.0,,,0.0,0.0,0.0,0.0,38.0,0.0,40.0,20.0,0.0,0.0,0.0,39.0,0.0,0.0,0.0,,,,,,,,,,,,,
ham,20,ibmq,ibm_torino,CPU,sync,1,8,63.697099685668945,20.0,61.0,20.0,20.0,137.0,137.0,0.0,1.0,20.0,99.0,38.0,0.0,0.0,1.0,1.0,137.0,40.0,1.0,1.0,0.0,0.0,0.0,137.0,235.0,63.0,,0.0,19.0,6.0,9.0,8.75,78.0,59.0,1.0,39.0,0.2846715328467153,0.4512578544839046,0.0,1.0,38.0,1.0,,,0.0,0.0,0.0,0.0,38.0,0.0,40.0,20.0,0.0,0.0,0.0,39.0,0.0,0.0,0.0,,,,,,,,,,,,,
ham,32,qiskitaer,matrix_product_state,CPU,sync,2,8,7493.870496749878,,,,,,,,,,,,,,,,,,,,,,,,,,,,,,,,,,,,,,,,,,,,,,,,,,,,,,,,,,,,,,,,,,,,,,,
ham,32,qiskitaer,matrix_product_state,CPU,sync,2,8,7038.232803344727,,,,,,,,,,,,,,,,,,,,,,,,,,,,,,,,,,,,,,,,,,,,,,,,,,,,,,,,,,,,,,,,,,,,,,,
ham,32,qiskitaer,matrix_product_state,CPU,sync,2,8,6942.32439994812,,,,,,,,,,,,,,,,,,,,,,,,,,,,,,,,,,,,,,,,,,,,,,,,,,,,,,,,,,,,,,,,,,,,,,,
ham,32,qiskitaer,matrix_product_state,CPU,sync,2,8,7493.870496749878,,,,,,,,,,,,,,,,,,,,,,,,,,,,,,,,,,,,,,,,,,,,,,,,,,,,,,,,,,,,,,,,,,,,,,,
ham,32,qiskitaer,matrix_product_state,CPU,sync,2,8,7038.232803344727,,,,,,,,,,,,,,,,,,,,,,,,,,,,,,,,,,,,,,,,,,,,,,,,,,,,,,,,,,,,,,,,,,,,,,,
ham,32,qiskitaer,matrix_product_state,CPU,sync,2,8,6942.32439994812,,,,,,,,,,,,,,,,,,,,,,,,,,,,,,,,,,,,,,,,,,,,,,,,,,,,,,,,,,,,,,,,,,,,,,,
ham,12,nwqsim,MPI,CPU,sync,1,4,625.8566379547119,12.0,37.0,12.0,12.0,81.0,81.0,0.0,1.0,12.0,59.0,22.0,0.0,0.0,1.0,1.0,81.0,24.0,1.0,1.0,0.0,0.0,0.0,81.0,139.0,39.0,,0.0,11.0,6.0,9.0,8.583333333333334,46.0,35.0,1.0,23.0,0.2839506172839506,0.450913144882708,0.0,1.0,22.0,1.0,,,0.0,0.0,0.0,0.0,22.0,0.0,24.0,12.0,0.0,0.0,0.0,23.0,0.0,0.0,0.0,,,,,,,,,,,,,
ham,12,nwqsim,MPI,CPU,sync,1,4,381.62779808044434,12.0,37.0,12.0,12.0,81.0,81.0,0.0,1.0,12.0,59.0,22.0,0.0,0.0,1.0,1.0,81.0,24.0,1.0,1.0,0.0,0.0,0.0,81.0,139.0,39.0,,0.0,11.0,6.0,9.0,8.583333333333334,46.0,35.0,1.0,23.0,0.2839506172839506,0.450913144882708,0.0,1.0,22.0,1.0,,,0.0,0.0,0.0,0.0,22.0,0.0,24.0,12.0,0.0,0.0,0.0,23.0,0.0,0.0,0.0,,,,,,,,,,,,,
ham,12,nwqsim,MPI,CPU,sync,1,4,342.53501892089844,12.0,37.0,12.0,12.0,81.0,81.0,0.0,1.0,12.0,59.0,22.0,0.0,0.0,1.0,1.0,81.0,24.0,1.0,1.0,0.0,0.0,0.0,81.0,139.0,39.0,,0.0,11.0,6.0,9.0,8.583333333333334,46.0,35.0,1.0,23.0,0.2839506172839506,0.450913144882708,0.0,1.0,22.0,1.0,,,0.0,0.0,0.0,0.0,22.0,0.0,24.0,12.0,0.0,0.0,0.0,23.0,0.0,0.0,0.0,,,,,,,,,,,,,
ham,12,nwqsim,MPI,CPU,sync,1,4,625.8566379547119,12.0,37.0,12.0,12.0,81.0,81.0,0.0,1.0,12.0,59.0,22.0,0.0,0.0,1.0,1.0,81.0,24.0,1.0,1.0,0.0,0.0,0.0,81.0,139.0,39.0,,0.0,11.0,6.0,9.0,8.583333333333334,46.0,35.0,1.0,23.0,0.2839506172839506,0.450913144882708,0.0,1.0,22.0,1.0,,,0.0,0.0,0.0,0.0,22.0,0.0,24.0,12.0,0.0,0.0,0.0,23.0,0.0,0.0,0.0,,,,,,,,,,,,,
ham,12,nwqsim,MPI,CPU,sync,1,4,381.62779808044434,12.0,37.0,12.0,12.0,81.0,81.0,0.0,1.0,12.0,59.0,22.0,0.0,0.0,1.0,1.0,81.0,24.0,1.0,1.0,0.0,0.0,0.0,81.0,139.0,39.0,,0.0,11.0,6.0,9.0,8.583333333333334,46.0,35.0,1.0,23.0,0.2839506172839506,0.450913144882708,0.0,1.0,22.0,1.0,,,0.0,0.0,0.0,0.0,22.0,0.0,24.0,12.0,0.0,0.0,0.0,23.0,0.0,0.0,0.0,,,,,,,,,,,,,
ham,12,nwqsim,MPI,CPU,sync,1,4,342.53501892089844,12.0,37.0,12.0,12.0,81.0,81.0,0.0,1.0,12.0,59.0,22.0,0.0,0.0,1.0,1.0,81.0,24.0,1.0,1.0,0.0,0.0,0.0,81.0,139.0,39.0,,0.0,11.0,6.0,9.0,8.583333333333334,46.0,35.0,1.0,23.0,0.2839506172839506,0.450913144882708,0.0,1.0,22.0,1.0,,,0.0,0.0,0.0,0.0,22.0,0.0,24.0,12.0,0.0,0.0,0.0,23.0,0.0,0.0,0.0,,,,,,,,,,,,,
ham,12,qiskitaer,matrix_product_state,CPU,sync,1,4,6929.280757904053,12.0,37.0,12.0,12.0,81.0,81.0,0.0,1.0,12.0,59.0,22.0,0.0,0.0,1.0,1.0,81.0,24.0,1.0,1.0,0.0,0.0,0.0,81.0,139.0,39.0,,0.0,11.0,6.0,9.0,8.583333333333334,46.0,35.0,1.0,23.0,0.2839506172839506,0.450913144882708,0.0,1.0,22.0,1.0,,,0.0,0.0,0.0,0.0,22.0,0.0,24.0,12.0,0.0,0.0,0.0,23.0,0.0,0.0,0.0,,,,,,,,,,,,,
ham,12,qiskitaer,matrix_product_state,CPU,sync,1,4,6007.350921630859,12.0,37.0,12.0,12.0,81.0,81.0,0.0,1.0,12.0,59.0,22.0,0.0,0.0,1.0,1.0,81.0,24.0,1.0,1.0,0.0,0.0,0.0,81.0,139.0,39.0,,0.0,11.0,6.0,9.0,8.583333333333334,46.0,35.0,1.0,23.0,0.2839506172839506,0.450913144882708,0.0,1.0,22.0,1.0,,,0.0,0.0,0.0,0.0,22.0,0.0,24.0,12.0,0.0,0.0,0.0,23.0,0.0,0.0,0.0,,,,,,,,,,,,,
ham,12,qiskitaer,matrix_product_state,CPU,sync,1,4,6136.628150939941,12.0,37.0,12.0,12.0,81.0,81.0,0.0,1.0,12.0,59.0,22.0,0.0,0.0,1.0,1.0,81.0,24.0,1.0,1.0,0.0,0.0,0.0,81.0,139.0,39.0,,0.0,11.0,6.0,9.0,8.583333333333334,46.0,35.0,1.0,23.0,0.2839506172839506,0.450913144882708,0.0,1.0,22.0,1.0,,,0.0,0.0,0.0,0.0,22.0,0.0,24.0,12.0,0.0,0.0,0.0,23.0,0.0,0.0,0.0,,,,,,,,,,,,,
ham,12,qiskitaer,matrix_product_state,CPU,sync,1,4,6929.280757904053,12.0,37.0,12.0,12.0,81.0,81.0,0.0,1.0,12.0,59.0,22.0,0.0,0.0,1.0,1.0,81.0,24.0,1.0,1.0,0.0,0.0,0.0,81.0,139.0,39.0,,0.0,11.0,6.0,9.0,8.583333333333334,46.0,35.0,1.0,23.0,0.2839506172839506,0.450913144882708,0.0,1.0,22.0,1.0,,,0.0,0.0,0.0,0.0,22.0,0.0,24.0,12.0,0.0,0.0,0.0,23.0,0.0,0.0,0.0,,,,,,,,,,,,,
ham,12,qiskitaer,matrix_product_state,CPU,sync,1,4,6007.350921630859,12.0,37.0,12.0,12.0,81.0,81.0,0.0,1.0,12.0,59.0,22.0,0.0,0.0,1.0,1.0,81.0,24.0,1.0,1.0,0.0,0.0,0.0,81.0,139.0,39.0,,0.0,11.0,6.0,9.0,8.583333333333334,46.0,35.0,1.0,23.0,0.2839506172839506,0.450913144882708,0.0,1.0,22.0,1.0,,,0.0,0.0,0.0,0.0,22.0,0.0,24.0,12.0,0.0,0.0,0.0,23.0,0.0,0.0,0.0,,,,,,,,,,,,,
ham,12,qiskitaer,matrix_product_state,CPU,sync,1,4,6136.628150939941,12.0,37.0,12.0,12.0,81.0,81.0,0.0,1.0,12.0,59.0,22.0,0.0,0.0,1.0,1.0,81.0,24.0,1.0,1.0,0.0,0.0,0.0,81.0,139.0,39.0,,0.0,11.0,6.0,9.0,8.583333333333334,46.0,35.0,1.0,23.0,0.2839506172839506,0.450913144882708,0.0,1.0,22.0,1.0,,,0.0,0.0,0.0,0.0,22.0,0.0,24.0,12.0,0.0,0.0,0.0,23.0,0.0,0.0,0.0,,,,,,,,,,,,,
ham,12,qiskitaer,automatic,CPU,sync,1,4,7125.394582748413,12.0,37.0,12.0,12.0,81.0,81.0,0.0,1.0,12.0,59.0,22.0,0.0,0.0,1.0,1.0,81.0,24.0,1.0,1.0,0.0,0.0,0.0,81.0,139.0,39.0,,0.0,11.0,6.0,9.0,8.583333333333334,46.0,35.0,1.0,23.0,0.2839506172839506,0.450913144882708,0.0,1.0,22.0,1.0,,,0.0,0.0,0.0,0.0,22.0,0.0,24.0,12.0,0.0,0.0,0.0,23.0,0.0,0.0,0.0,,,,,,,,,,,,,
ham,12,qiskitaer,automatic,CPU,sync,1,4,5653.503894805908,12.0,37.0,12.0,12.0,81.0,81.0,0.0,1.0,12.0,59.0,22.0,0.0,0.0,1.0,1.0,81.0,24.0,1.0,1.0,0.0,0.0,0.0,81.0,139.0,39.0,,0.0,11.0,6.0,9.0,8.583333333333334,46.0,35.0,1.0,23.0,0.2839506172839506,0.450913144882708,0.0,1.0,22.0,1.0,,,0.0,0.0,0.0,0.0,22.0,0.0,24.0,12.0,0.0,0.0,0.0,23.0,0.0,0.0,0.0,,,,,,,,,,,,,
ham,12,qiskitaer,automatic,CPU,sync,1,4,6594.332456588745,12.0,37.0,12.0,12.0,81.0,81.0,0.0,1.0,12.0,59.0,22.0,0.0,0.0,1.0,1.0,81.0,24.0,1.0,1.0,0.0,0.0,0.0,81.0,139.0,39.0,,0.0,11.0,6.0,9.0,8.583333333333334,46.0,35.0,1.0,23.0,0.2839506172839506,0.450913144882708,0.0,1.0,22.0,1.0,,,0.0,0.0,0.0,0.0,22.0,0.0,24.0,12.0,0.0,0.0,0.0,23.0,0.0,0.0,0.0,,,,,,,,,,,,,
ham,12,qiskitaer,automatic,CPU,sync,1,4,7125.394582748413,12.0,37.0,12.0,12.0,81.0,81.0,0.0,1.0,12.0,59.0,22.0,0.0,0.0,1.0,1.0,81.0,24.0,1.0,1.0,0.0,0.0,0.0,81.0,139.0,39.0,,0.0,11.0,6.0,9.0,8.583333333333334,46.0,35.0,1.0,23.0,0.2839506172839506,0.450913144882708,0.0,1.0,22.0,1.0,,,0.0,0.0,0.0,0.0,22.0,0.0,24.0,12.0,0.0,0.0,0.0,23.0,0.0,0.0,0.0,,,,,,,,,,,,,
ham,12,qiskitaer,automatic,CPU,sync,1,4,5653.503894805908,12.0,37.0,12.0,12.0,81.0,81.0,0.0,1.0,12.0,59.0,22.0,0.0,0.0,1.0,1.0,81.0,24.0,1.0,1.0,0.0,0.0,0.0,81.0,139.0,39.0,,0.0,11.0,6.0,9.0,8.583333333333334,46.0,35.0,1.0,23.0,0.2839506172839506,0.450913144882708,0.0,1.0,22.0,1.0,,,0.0,0.0,0.0,0.0,22.0,0.0,24.0,12.0,0.0,0.0,0.0,23.0,0.0,0.0,0.0,,,,,,,,,,,,,
ham,12,qiskitaer,automatic,CPU,sync,1,4,6594.332456588745,12.0,37.0,12.0,12.0,81.0,81.0,0.0,1.0,12.0,59.0,22.0,0.0,0.0,1.0,1.0,81.0,24.0,1.0,1.0,0.0,0.0,0.0,81.0,139.0,39.0,,0.0,11.0,6.0,9.0,8.583333333333334,46.0,35.0,1.0,23.0,0.2839506172839506,0.450913144882708,0.0,1.0,22.0,1.0,,,0.0,0.0,0.0,0.0,22.0,0.0,24.0,12.0,0.0,0.0,0.0,23.0,0.0,0.0,0.0,,,,,,,,,,,,,
ham,12,qiskitaer,statevector,CPU,sync,1,4,6927.037477493286,12.0,37.0,12.0,12.0,81.0,81.0,0.0,1.0,12.0,59.0,22.0,0.0,0.0,1.0,1.0,81.0,24.0,1.0,1.0,0.0,0.0,0.0,81.0,139.0,39.0,,0.0,11.0,6.0,9.0,8.583333333333334,46.0,35.0,1.0,23.0,0.2839506172839506,0.450913144882708,0.0,1.0,22.0,1.0,,,0.0,0.0,0.0,0.0,22.0,0.0,24.0,12.0,0.0,0.0,0.0,23.0,0.0,0.0,0.0,,,,,,,,,,,,,
ham,12,qiskitaer,statevector,CPU,sync,1,4,6366.61696434021,12.0,37.0,12.0,12.0,81.0,81.0,0.0,1.0,12.0,59.0,22.0,0.0,0.0,1.0,1.0,81.0,24.0,1.0,1.0,0.0,0.0,0.0,81.0,139.0,39.0,,0.0,11.0,6.0,9.0,8.583333333333334,46.0,35.0,1.0,23.0,0.2839506172839506,0.450913144882708,0.0,1.0,22.0,1.0,,,0.0,0.0,0.0,0.0,22.0,0.0,24.0,12.0,0.0,0.0,0.0,23.0,0.0,0.0,0.0,,,,,,,,,,,,,
ham,12,qiskitaer,statevector,CPU,sync,1,4,6461.713790893555,12.0,37.0,12.0,12.0,81.0,81.0,0.0,1.0,12.0,59.0,22.0,0.0,0.0,1.0,1.0,81.0,24.0,1.0,1.0,0.0,0.0,0.0,81.0,139.0,39.0,,0.0,11.0,6.0,9.0,8.583333333333334,46.0,35.0,1.0,23.0,0.2839506172839506,0.450913144882708,0.0,1.0,22.0,1.0,,,0.0,0.0,0.0,0.0,22.0,0.0,24.0,12.0,0.0,0.0,0.0,23.0,0.0,0.0,0.0,,,,,,,,,,,,,
ham,12,qiskitaer,statevector,CPU,sync,1,4,6927.037477493286,12.0,37.0,12.0,12.0,81.0,81.0,0.0,1.0,12.0,59.0,22.0,0.0,0.0,1.0,1.0,81.0,24.0,1.0,1.0,0.0,0.0,0.0,81.0,139.0,39.0,,0.0,11.0,6.0,9.0,8.583333333333334,46.0,35.0,1.0,23.0,0.2839506172839506,0.450913144882708,0.0,1.0,22.0,1.0,,,0.0,0.0,0.0,0.0,22.0,0.0,24.0,12.0,0.0,0.0,0.0,23.0,0.0,0.0,0.0,,,,,,,,,,,,,
ham,12,qiskitaer,statevector,CPU,sync,1,4,6366.61696434021,12.0,37.0,12.0,12.0,81.0,81.0,0.0,1.0,12.0,59.0,22.0,0.0,0.0,1.0,1.0,81.0,24.0,1.0,1.0,0.0,0.0,0.0,81.0,139.0,39.0,,0.0,11.0,6.0,9.0,8.583333333333334,46.0,35.0,1.0,23.0,0.2839506172839506,0.450913144882708,0.0,1.0,22.0,1.0,,,0.0,0.0,0.0,0.0,22.0,0.0,24.0,12.0,0.0,0.0,0.0,23.0,0.0,0.0,0.0,,,,,,,,,,,,,
ham,12,qiskitaer,statevector,CPU,sync,1,4,6461.713790893555,12.0,37.0,12.0,12.0,81.0,81.0,0.0,1.0,12.0,59.0,22.0,0.0,0.0,1.0,1.0,81.0,24.0,1.0,1.0,0.0,0.0,0.0,81.0,139.0,39.0,,0.0,11.0,6.0,9.0,8.583333333333334,46.0,35.0,1.0,23.0,0.2839506172839506,0.450913144882708,0.0,1.0,22.0,1.0,,,0.0,0.0,0.0,0.0,22.0,0.0,24.0,12.0,0.0,0.0,0.0,23.0,0.0,0.0,0.0,,,,,,,,,,,,,
ham,12,ionq,simulator,CPU,sync,1,4,2017.0702934265137,12.0,37.0,12.0,12.0,81.0,81.0,0.0,1.0,12.0,59.0,22.0,0.0,0.0,1.0,1.0,81.0,24.0,1.0,1.0,0.0,0.0,0.0,81.0,139.0,39.0,,0.0,11.0,6.0,9.0,8.583333333333334,46.0,35.0,1.0,23.0,0.2839506172839506,0.450913144882708,0.0,1.0,22.0,1.0,,,0.0,0.0,0.0,0.0,22.0,0.0,24.0,12.0,0.0,0.0,0.0,23.0,0.0,0.0,0.0,,,,,,,,,,,,,
ham,12,ionq,simulator,CPU,sync,1,4,2026.8704891204834,12.0,37.0,12.0,12.0,81.0,81.0,0.0,1.0,12.0,59.0,22.0,0.0,0.0,1.0,1.0,81.0,24.0,1.0,1.0,0.0,0.0,0.0,81.0,139.0,39.0,,0.0,11.0,6.0,9.0,8.583333333333334,46.0,35.0,1.0,23.0,0.2839506172839506,0.450913144882708,0.0,1.0,22.0,1.0,,,0.0,0.0,0.0,0.0,22.0,0.0,24.0,12.0,0.0,0.0,0.0,23.0,0.0,0.0,0.0,,,,,,,,,,,,,
ham,12,ionq,simulator,CPU,sync,1,4,2017.0702934265137,12.0,37.0,12.0,12.0,81.0,81.0,0.0,1.0,12.0,59.0,22.0,0.0,0.0,1.0,1.0,81.0,24.0,1.0,1.0,0.0,0.0,0.0,81.0,139.0,39.0,,0.0,11.0,6.0,9.0,8.583333333333334,46.0,35.0,1.0,23.0,0.2839506172839506,0.450913144882708,0.0,1.0,22.0,1.0,,,0.0,0.0,0.0,0.0,22.0,0.0,24.0,12.0,0.0,0.0,0.0,23.0,0.0,0.0,0.0,,,,,,,,,,,,,
ham,12,ionq,simulator,CPU,sync,1,4,2026.8704891204834,12.0,37.0,12.0,12.0,81.0,81.0,0.0,1.0,12.0,59.0,22.0,0.0,0.0,1.0,1.0,81.0,24.0,1.0,1.0,0.0,0.0,0.0,81.0,139.0,39.0,,0.0,11.0,6.0,9.0,8.583333333333334,46.0,35.0,1.0,23.0,0.2839506172839506,0.450913144882708,0.0,1.0,22.0,1.0,,,0.0,0.0,0.0,0.0,22.0,0.0,24.0,12.0,0.0,0.0,0.0,23.0,0.0,0.0,0.0,,,,,,,,,,,,,
ham,12,qtensor,numpy,CPU,sync,1,4,20853.250980377197,12.0,37.0,12.0,12.0,81.0,81.0,0.0,1.0,12.0,59.0,22.0,0.0,0.0,1.0,1.0,81.0,24.0,1.0,1.0,0.0,0.0,0.0,81.0,139.0,39.0,,0.0,11.0,6.0,9.0,8.583333333333334,46.0,35.0,1.0,23.0,0.2839506172839506,0.450913144882708,0.0,1.0,22.0,1.0,,,0.0,0.0,0.0,0.0,22.0,0.0,24.0,12.0,0.0,0.0,0.0,23.0,0.0,0.0,0.0,,,,,,,,,,,,,
ham,12,qtensor,numpy,CPU,sync,1,4,20585.760831832886,12.0,37.0,12.0,12.0,81.0,81.0,0.0,1.0,12.0,59.0,22.0,0.0,0.0,1.0,1.0,81.0,24.0,1.0,1.0,0.0,0.0,0.0,81.0,139.0,39.0,,0.0,11.0,6.0,9.0,8.583333333333334,46.0,35.0,1.0,23.0,0.2839506172839506,0.450913144882708,0.0,1.0,22.0,1.0,,,0.0,0.0,0.0,0.0,22.0,0.0,24.0,12.0,0.0,0.0,0.0,23.0,0.0,0.0,0.0,,,,,,,,,,,,,
ham,12,qtensor,numpy,CPU,sync,1,4,21738.92641067505,12.0,37.0,12.0,12.0,81.0,81.0,0.0,1.0,12.0,59.0,22.0,0.0,0.0,1.0,1.0,81.0,24.0,1.0,1.0,0.0,0.0,0.0,81.0,139.0,39.0,,0.0,11.0,6.0,9.0,8.583333333333334,46.0,35.0,1.0,23.0,0.2839506172839506,0.450913144882708,0.0,1.0,22.0,1.0,,,0.0,0.0,0.0,0.0,22.0,0.0,24.0,12.0,0.0,0.0,0.0,23.0,0.0,0.0,0.0,,,,,,,,,,,,,
ham,12,qtensor,numpy,CPU,sync,1,4,20853.250980377197,12.0,37.0,12.0,12.0,81.0,81.0,0.0,1.0,12.0,59.0,22.0,0.0,0.0,1.0,1.0,81.0,24.0,1.0,1.0,0.0,0.0,0.0,81.0,139.0,39.0,,0.0,11.0,6.0,9.0,8.583333333333334,46.0,35.0,1.0,23.0,0.2839506172839506,0.450913144882708,0.0,1.0,22.0,1.0,,,0.0,0.0,0.0,0.0,22.0,0.0,24.0,12.0,0.0,0.0,0.0,23.0,0.0,0.0,0.0,,,,,,,,,,,,,
ham,12,qtensor,numpy,CPU,sync,1,4,20585.760831832886,12.0,37.0,12.0,12.0,81.0,81.0,0.0,1.0,12.0,59.0,22.0,0.0,0.0,1.0,1.0,81.0,24.0,1.0,1.0,0.0,0.0,0.0,81.0,139.0,39.0,,0.0,11.0,6.0,9.0,8.583333333333334,46.0,35.0,1.0,23.0,0.2839506172839506,0.450913144882708,0.0,1.0,22.0,1.0,,,0.0,0.0,0.0,0.0,22.0,0.0,24.0,12.0,0.0,0.0,0.0,23.0,0.0,0.0,0.0,,,,,,,,,,,,,
ham,12,qtensor,numpy,CPU,sync,1,4,21738.92641067505,12.0,37.0,12.0,12.0,81.0,81.0,0.0,1.0,12.0,59.0,22.0,0.0,0.0,1.0,1.0,81.0,24.0,1.0,1.0,0.0,0.0,0.0,81.0,139.0,39.0,,0.0,11.0,6.0,9.0,8.583333333333334,46.0,35.0,1.0,23.0,0.2839506172839506,0.450913144882708,0.0,1.0,22.0,1.0,,,0.0,0.0,0.0,0.0,22.0,0.0,24.0,12.0,0.0,0.0,0.0,23.0,0.0,0.0,0.0,,,,,,,,,,,,,
ham,12,tnqvm,exatn-mps,CPU,sync,1,4,7085.309982299805,12.0,37.0,12.0,12.0,81.0,81.0,0.0,1.0,12.0,59.0,22.0,0.0,0.0,1.0,1.0,81.0,24.0,1.0,1.0,0.0,0.0,0.0,81.0,139.0,39.0,,0.0,11.0,6.0,9.0,8.583333333333334,46.0,35.0,1.0,23.0,0.2839506172839506,0.450913144882708,0.0,1.0,22.0,1.0,,,0.0,0.0,0.0,0.0,22.0,0.0,24.0,12.0,0.0,0.0,0.0,23.0,0.0,0.0,0.0,,,,,,,,,,,,,
ham,12,tnqvm,exatn-mps,CPU,sync,1,4,3338.3889198303223,12.0,37.0,12.0,12.0,81.0,81.0,0.0,1.0,12.0,59.0,22.0,0.0,0.0,1.0,1.0,81.0,24.0,1.0,1.0,0.0,0.0,0.0,81.0,139.0,39.0,,0.0,11.0,6.0,9.0,8.583333333333334,46.0,35.0,1.0,23.0,0.2839506172839506,0.450913144882708,0.0,1.0,22.0,1.0,,,0.0,0.0,0.0,0.0,22.0,0.0,24.0,12.0,0.0,0.0,0.0,23.0,0.0,0.0,0.0,,,,,,,,,,,,,
ham,12,tnqvm,exatn-mps,CPU,sync,1,4,3335.644483566284,12.0,37.0,12.0,12.0,81.0,81.0,0.0,1.0,12.0,59.0,22.0,0.0,0.0,1.0,1.0,81.0,24.0,1.0,1.0,0.0,0.0,0.0,81.0,139.0,39.0,,0.0,11.0,6.0,9.0,8.583333333333334,46.0,35.0,1.0,23.0,0.2839506172839506,0.450913144882708,0.0,1.0,22.0,1.0,,,0.0,0.0,0.0,0.0,22.0,0.0,24.0,12.0,0.0,0.0,0.0,23.0,0.0,0.0,0.0,,,,,,,,,,,,,
ham,12,tnqvm,exatn-mps,CPU,sync,1,4,7085.309982299805,12.0,37.0,12.0,12.0,81.0,81.0,0.0,1.0,12.0,59.0,22.0,0.0,0.0,1.0,1.0,81.0,24.0,1.0,1.0,0.0,0.0,0.0,81.0,139.0,39.0,,0.0,11.0,6.0,9.0,8.583333333333334,46.0,35.0,1.0,23.0,0.2839506172839506,0.450913144882708,0.0,1.0,22.0,1.0,,,0.0,0.0,0.0,0.0,22.0,0.0,24.0,12.0,0.0,0.0,0.0,23.0,0.0,0.0,0.0,,,,,,,,,,,,,
ham,12,tnqvm,exatn-mps,CPU,sync,1,4,3338.3889198303223,12.0,37.0,12.0,12.0,81.0,81.0,0.0,1.0,12.0,59.0,22.0,0.0,0.0,1.0,1.0,81.0,24.0,1.0,1.0,0.0,0.0,0.0,81.0,139.0,39.0,,0.0,11.0,6.0,9.0,8.583333333333334,46.0,35.0,1.0,23.0,0.2839506172839506,0.450913144882708,0.0,1.0,22.0,1.0,,,0.0,0.0,0.0,0.0,22.0,0.0,24.0,12.0,0.0,0.0,0.0,23.0,0.0,0.0,0.0,,,,,,,,,,,,,
ham,12,tnqvm,exatn-mps,CPU,sync,1,4,3335.644483566284,12.0,37.0,12.0,12.0,81.0,81.0,0.0,1.0,12.0,59.0,22.0,0.0,0.0,1.0,1.0,81.0,24.0,1.0,1.0,0.0,0.0,0.0,81.0,139.0,39.0,,0.0,11.0,6.0,9.0,8.583333333333334,46.0,35.0,1.0,23.0,0.2839506172839506,0.450913144882708,0.0,1.0,22.0,1.0,,,0.0,0.0,0.0,0.0,22.0,0.0,24.0,12.0,0.0,0.0,0.0,23.0,0.0,0.0,0.0,,,,,,,,,,,,,
ham,8,tnqvm,exatn-mps,CPU,sync,1,4,6119.609594345093,8.0,25.0,8.0,8.0,53.0,53.0,0.0,1.0,8.0,39.0,14.0,0.0,0.0,1.0,1.0,53.0,16.0,1.0,1.0,0.0,0.0,0.0,53.0,91.0,27.0,,0.0,7.0,6.0,9.0,8.375,30.0,23.0,1.0,15.0,0.2830188679245283,0.4504655240118235,0.0,1.0,14.0,1.0,,,0.0,0.0,0.0,0.0,14.0,0.0,16.0,8.0,0.0,0.0,0.0,15.0,0.0,0.0,0.0,,,,,,,,,,,,,
ham,8,tnqvm,exatn-mps,CPU,sync,1,4,2552.351713180542,8.0,25.0,8.0,8.0,53.0,53.0,0.0,1.0,8.0,39.0,14.0,0.0,0.0,1.0,1.0,53.0,16.0,1.0,1.0,0.0,0.0,0.0,53.0,91.0,27.0,,0.0,7.0,6.0,9.0,8.375,30.0,23.0,1.0,15.0,0.2830188679245283,0.4504655240118235,0.0,1.0,14.0,1.0,,,0.0,0.0,0.0,0.0,14.0,0.0,16.0,8.0,0.0,0.0,0.0,15.0,0.0,0.0,0.0,,,,,,,,,,,,,
ham,8,tnqvm,exatn-mps,CPU,sync,1,4,1873.2633590698242,8.0,25.0,8.0,8.0,53.0,53.0,0.0,1.0,8.0,39.0,14.0,0.0,0.0,1.0,1.0,53.0,16.0,1.0,1.0,0.0,0.0,0.0,53.0,91.0,27.0,,0.0,7.0,6.0,9.0,8.375,30.0,23.0,1.0,15.0,0.2830188679245283,0.4504655240118235,0.0,1.0,14.0,1.0,,,0.0,0.0,0.0,0.0,14.0,0.0,16.0,8.0,0.0,0.0,0.0,15.0,0.0,0.0,0.0,,,,,,,,,,,,,
ham,8,tnqvm,exatn-mps,CPU,sync,1,4,6119.609594345093,8.0,25.0,8.0,8.0,53.0,53.0,0.0,1.0,8.0,39.0,14.0,0.0,0.0,1.0,1.0,53.0,16.0,1.0,1.0,0.0,0.0,0.0,53.0,91.0,27.0,,0.0,7.0,6.0,9.0,8.375,30.0,23.0,1.0,15.0,0.2830188679245283,0.4504655240118235,0.0,1.0,14.0,1.0,,,0.0,0.0,0.0,0.0,14.0,0.0,16.0,8.0,0.0,0.0,0.0,15.0,0.0,0.0,0.0,,,,,,,,,,,,,
ham,8,tnqvm,exatn-mps,CPU,sync,1,4,2552.351713180542,8.0,25.0,8.0,8.0,53.0,53.0,0.0,1.0,8.0,39.0,14.0,0.0,0.0,1.0,1.0,53.0,16.0,1.0,1.0,0.0,0.0,0.0,53.0,91.0,27.0,,0.0,7.0,6.0,9.0,8.375,30.0,23.0,1.0,15.0,0.2830188679245283,0.4504655240118235,0.0,1.0,14.0,1.0,,,0.0,0.0,0.0,0.0,14.0,0.0,16.0,8.0,0.0,0.0,0.0,15.0,0.0,0.0,0.0,,,,,,,,,,,,,
ham,8,tnqvm,exatn-mps,CPU,sync,1,4,1873.2633590698242,8.0,25.0,8.0,8.0,53.0,53.0,0.0,1.0,8.0,39.0,14.0,0.0,0.0,1.0,1.0,53.0,16.0,1.0,1.0,0.0,0.0,0.0,53.0,91.0,27.0,,0.0,7.0,6.0,9.0,8.375,30.0,23.0,1.0,15.0,0.2830188679245283,0.4504655240118235,0.0,1.0,14.0,1.0,,,0.0,0.0,0.0,0.0,14.0,0.0,16.0,8.0,0.0,0.0,0.0,15.0,0.0,0.0,0.0,,,,,,,,,,,,,
ham,8,qiskitaer,automatic,CPU,sync,1,4,7015.698432922363,8.0,25.0,8.0,8.0,53.0,53.0,0.0,1.0,8.0,39.0,14.0,0.0,0.0,1.0,1.0,53.0,16.0,1.0,1.0,0.0,0.0,0.0,53.0,91.0,27.0,,0.0,7.0,6.0,9.0,8.375,30.0,23.0,1.0,15.0,0.2830188679245283,0.4504655240118235,0.0,1.0,14.0,1.0,,,0.0,0.0,0.0,0.0,14.0,0.0,16.0,8.0,0.0,0.0,0.0,15.0,0.0,0.0,0.0,,,,,,,,,,,,,
ham,8,qiskitaer,automatic,CPU,sync,1,4,5886.350154876709,8.0,25.0,8.0,8.0,53.0,53.0,0.0,1.0,8.0,39.0,14.0,0.0,0.0,1.0,1.0,53.0,16.0,1.0,1.0,0.0,0.0,0.0,53.0,91.0,27.0,,0.0,7.0,6.0,9.0,8.375,30.0,23.0,1.0,15.0,0.2830188679245283,0.4504655240118235,0.0,1.0,14.0,1.0,,,0.0,0.0,0.0,0.0,14.0,0.0,16.0,8.0,0.0,0.0,0.0,15.0,0.0,0.0,0.0,,,,,,,,,,,,,
ham,8,qiskitaer,automatic,CPU,sync,1,4,5348.182678222656,8.0,25.0,8.0,8.0,53.0,53.0,0.0,1.0,8.0,39.0,14.0,0.0,0.0,1.0,1.0,53.0,16.0,1.0,1.0,0.0,0.0,0.0,53.0,91.0,27.0,,0.0,7.0,6.0,9.0,8.375,30.0,23.0,1.0,15.0,0.2830188679245283,0.4504655240118235,0.0,1.0,14.0,1.0,,,0.0,0.0,0.0,0.0,14.0,0.0,16.0,8.0,0.0,0.0,0.0,15.0,0.0,0.0,0.0,,,,,,,,,,,,,
ham,8,qiskitaer,automatic,CPU,sync,1,4,7015.698432922363,8.0,25.0,8.0,8.0,53.0,53.0,0.0,1.0,8.0,39.0,14.0,0.0,0.0,1.0,1.0,53.0,16.0,1.0,1.0,0.0,0.0,0.0,53.0,91.0,27.0,,0.0,7.0,6.0,9.0,8.375,30.0,23.0,1.0,15.0,0.2830188679245283,0.4504655240118235,0.0,1.0,14.0,1.0,,,0.0,0.0,0.0,0.0,14.0,0.0,16.0,8.0,0.0,0.0,0.0,15.0,0.0,0.0,0.0,,,,,,,,,,,,,
ham,8,qiskitaer,automatic,CPU,sync,1,4,5886.350154876709,8.0,25.0,8.0,8.0,53.0,53.0,0.0,1.0,8.0,39.0,14.0,0.0,0.0,1.0,1.0,53.0,16.0,1.0,1.0,0.0,0.0,0.0,53.0,91.0,27.0,,0.0,7.0,6.0,9.0,8.375,30.0,23.0,1.0,15.0,0.2830188679245283,0.4504655240118235,0.0,1.0,14.0,1.0,,,0.0,0.0,0.0,0.0,14.0,0.0,16.0,8.0,0.0,0.0,0.0,15.0,0.0,0.0,0.0,,,,,,,,,,,,,
ham,8,qiskitaer,automatic,CPU,sync,1,4,5348.182678222656,8.0,25.0,8.0,8.0,53.0,53.0,0.0,1.0,8.0,39.0,14.0,0.0,0.0,1.0,1.0,53.0,16.0,1.0,1.0,0.0,0.0,0.0,53.0,91.0,27.0,,0.0,7.0,6.0,9.0,8.375,30.0,23.0,1.0,15.0,0.2830188679245283,0.4504655240118235,0.0,1.0,14.0,1.0,,,0.0,0.0,0.0,0.0,14.0,0.0,16.0,8.0,0.0,0.0,0.0,15.0,0.0,0.0,0.0,,,,,,,,,,,,,
ham,8,qiskitaer,statevector,CPU,sync,1,4,6958.3580493927,8.0,25.0,8.0,8.0,53.0,53.0,0.0,1.0,8.0,39.0,14.0,0.0,0.0,1.0,1.0,53.0,16.0,1.0,1.0,0.0,0.0,0.0,53.0,91.0,27.0,,0.0,7.0,6.0,9.0,8.375,30.0,23.0,1.0,15.0,0.2830188679245283,0.4504655240118235,0.0,1.0,14.0,1.0,,,0.0,0.0,0.0,0.0,14.0,0.0,16.0,8.0,0.0,0.0,0.0,15.0,0.0,0.0,0.0,,,,,,,,,,,,,
ham,8,qiskitaer,statevector,CPU,sync,1,4,6218.970537185669,8.0,25.0,8.0,8.0,53.0,53.0,0.0,1.0,8.0,39.0,14.0,0.0,0.0,1.0,1.0,53.0,16.0,1.0,1.0,0.0,0.0,0.0,53.0,91.0,27.0,,0.0,7.0,6.0,9.0,8.375,30.0,23.0,1.0,15.0,0.2830188679245283,0.4504655240118235,0.0,1.0,14.0,1.0,,,0.0,0.0,0.0,0.0,14.0,0.0,16.0,8.0,0.0,0.0,0.0,15.0,0.0,0.0,0.0,,,,,,,,,,,,,
ham,8,qiskitaer,statevector,CPU,sync,1,4,5594.409465789795,8.0,25.0,8.0,8.0,53.0,53.0,0.0,1.0,8.0,39.0,14.0,0.0,0.0,1.0,1.0,53.0,16.0,1.0,1.0,0.0,0.0,0.0,53.0,91.0,27.0,,0.0,7.0,6.0,9.0,8.375,30.0,23.0,1.0,15.0,0.2830188679245283,0.4504655240118235,0.0,1.0,14.0,1.0,,,0.0,0.0,0.0,0.0,14.0,0.0,16.0,8.0,0.0,0.0,0.0,15.0,0.0,0.0,0.0,,,,,,,,,,,,,
ham,8,qiskitaer,statevector,CPU,sync,1,4,6958.3580493927,8.0,25.0,8.0,8.0,53.0,53.0,0.0,1.0,8.0,39.0,14.0,0.0,0.0,1.0,1.0,53.0,16.0,1.0,1.0,0.0,0.0,0.0,53.0,91.0,27.0,,0.0,7.0,6.0,9.0,8.375,30.0,23.0,1.0,15.0,0.2830188679245283,0.4504655240118235,0.0,1.0,14.0,1.0,,,0.0,0.0,0.0,0.0,14.0,0.0,16.0,8.0,0.0,0.0,0.0,15.0,0.0,0.0,0.0,,,,,,,,,,,,,
ham,8,qiskitaer,statevector,CPU,sync,1,4,6218.970537185669,8.0,25.0,8.0,8.0,53.0,53.0,0.0,1.0,8.0,39.0,14.0,0.0,0.0,1.0,1.0,53.0,16.0,1.0,1.0,0.0,0.0,0.0,53.0,91.0,27.0,,0.0,7.0,6.0,9.0,8.375,30.0,23.0,1.0,15.0,0.2830188679245283,0.4504655240118235,0.0,1.0,14.0,1.0,,,0.0,0.0,0.0,0.0,14.0,0.0,16.0,8.0,0.0,0.0,0.0,15.0,0.0,0.0,0.0,,,,,,,,,,,,,
ham,8,qiskitaer,statevector,CPU,sync,1,4,5594.409465789795,8.0,25.0,8.0,8.0,53.0,53.0,0.0,1.0,8.0,39.0,14.0,0.0,0.0,1.0,1.0,53.0,16.0,1.0,1.0,0.0,0.0,0.0,53.0,91.0,27.0,,0.0,7.0,6.0,9.0,8.375,30.0,23.0,1.0,15.0,0.2830188679245283,0.4504655240118235,0.0,1.0,14.0,1.0,,,0.0,0.0,0.0,0.0,14.0,0.0,16.0,8.0,0.0,0.0,0.0,15.0,0.0,0.0,0.0,,,,,,,,,,,,,
ham,8,qiskitaer,matrix_product_state,CPU,sync,1,4,7197.229862213135,8.0,25.0,8.0,8.0,53.0,53.0,0.0,1.0,8.0,39.0,14.0,0.0,0.0,1.0,1.0,53.0,16.0,1.0,1.0,0.0,0.0,0.0,53.0,91.0,27.0,,0.0,7.0,6.0,9.0,8.375,30.0,23.0,1.0,15.0,0.2830188679245283,0.4504655240118235,0.0,1.0,14.0,1.0,,,0.0,0.0,0.0,0.0,14.0,0.0,16.0,8.0,0.0,0.0,0.0,15.0,0.0,0.0,0.0,,,,,,,,,,,,,
ham,8,qiskitaer,matrix_product_state,CPU,sync,1,4,5835.70671081543,8.0,25.0,8.0,8.0,53.0,53.0,0.0,1.0,8.0,39.0,14.0,0.0,0.0,1.0,1.0,53.0,16.0,1.0,1.0,0.0,0.0,0.0,53.0,91.0,27.0,,0.0,7.0,6.0,9.0,8.375,30.0,23.0,1.0,15.0,0.2830188679245283,0.4504655240118235,0.0,1.0,14.0,1.0,,,0.0,0.0,0.0,0.0,14.0,0.0,16.0,8.0,0.0,0.0,0.0,15.0,0.0,0.0,0.0,,,,,,,,,,,,,
ham,8,qiskitaer,matrix_product_state,CPU,sync,1,4,6412.398815155029,8.0,25.0,8.0,8.0,53.0,53.0,0.0,1.0,8.0,39.0,14.0,0.0,0.0,1.0,1.0,53.0,16.0,1.0,1.0,0.0,0.0,0.0,53.0,91.0,27.0,,0.0,7.0,6.0,9.0,8.375,30.0,23.0,1.0,15.0,0.2830188679245283,0.4504655240118235,0.0,1.0,14.0,1.0,,,0.0,0.0,0.0,0.0,14.0,0.0,16.0,8.0,0.0,0.0,0.0,15.0,0.0,0.0,0.0,,,,,,,,,,,,,
ham,8,qiskitaer,matrix_product_state,CPU,sync,1,4,7197.229862213135,8.0,25.0,8.0,8.0,53.0,53.0,0.0,1.0,8.0,39.0,14.0,0.0,0.0,1.0,1.0,53.0,16.0,1.0,1.0,0.0,0.0,0.0,53.0,91.0,27.0,,0.0,7.0,6.0,9.0,8.375,30.0,23.0,1.0,15.0,0.2830188679245283,0.4504655240118235,0.0,1.0,14.0,1.0,,,0.0,0.0,0.0,0.0,14.0,0.0,16.0,8.0,0.0,0.0,0.0,15.0,0.0,0.0,0.0,,,,,,,,,,,,,
ham,8,qiskitaer,matrix_product_state,CPU,sync,1,4,5835.70671081543,8.0,25.0,8.0,8.0,53.0,53.0,0.0,1.0,8.0,39.0,14.0,0.0,0.0,1.0,1.0,53.0,16.0,1.0,1.0,0.0,0.0,0.0,53.0,91.0,27.0,,0.0,7.0,6.0,9.0,8.375,30.0,23.0,1.0,15.0,0.2830188679245283,0.4504655240118235,0.0,1.0,14.0,1.0,,,0.0,0.0,0.0,0.0,14.0,0.0,16.0,8.0,0.0,0.0,0.0,15.0,0.0,0.0,0.0,,,,,,,,,,,,,
ham,8,qiskitaer,matrix_product_state,CPU,sync,1,4,6412.398815155029,8.0,25.0,8.0,8.0,53.0,53.0,0.0,1.0,8.0,39.0,14.0,0.0,0.0,1.0,1.0,53.0,16.0,1.0,1.0,0.0,0.0,0.0,53.0,91.0,27.0,,0.0,7.0,6.0,9.0,8.375,30.0,23.0,1.0,15.0,0.2830188679245283,0.4504655240118235,0.0,1.0,14.0,1.0,,,0.0,0.0,0.0,0.0,14.0,0.0,16.0,8.0,0.0,0.0,0.0,15.0,0.0,0.0,0.0,,,,,,,,,,,,,
ham,8,qtensor,numpy,CPU,sync,1,4,21030.490398406982,8.0,25.0,8.0,8.0,53.0,53.0,0.0,1.0,8.0,39.0,14.0,0.0,0.0,1.0,1.0,53.0,16.0,1.0,1.0,0.0,0.0,0.0,53.0,91.0,27.0,,0.0,7.0,6.0,9.0,8.375,30.0,23.0,1.0,15.0,0.2830188679245283,0.4504655240118235,0.0,1.0,14.0,1.0,,,0.0,0.0,0.0,0.0,14.0,0.0,16.0,8.0,0.0,0.0,0.0,15.0,0.0,0.0,0.0,,,,,,,,,,,,,
ham,8,qtensor,numpy,CPU,sync,1,4,20031.420946121216,8.0,25.0,8.0,8.0,53.0,53.0,0.0,1.0,8.0,39.0,14.0,0.0,0.0,1.0,1.0,53.0,16.0,1.0,1.0,0.0,0.0,0.0,53.0,91.0,27.0,,0.0,7.0,6.0,9.0,8.375,30.0,23.0,1.0,15.0,0.2830188679245283,0.4504655240118235,0.0,1.0,14.0,1.0,,,0.0,0.0,0.0,0.0,14.0,0.0,16.0,8.0,0.0,0.0,0.0,15.0,0.0,0.0,0.0,,,,,,,,,,,,,
ham,8,qtensor,numpy,CPU,sync,1,4,20394.466400146484,8.0,25.0,8.0,8.0,53.0,53.0,0.0,1.0,8.0,39.0,14.0,0.0,0.0,1.0,1.0,53.0,16.0,1.0,1.0,0.0,0.0,0.0,53.0,91.0,27.0,,0.0,7.0,6.0,9.0,8.375,30.0,23.0,1.0,15.0,0.2830188679245283,0.4504655240118235,0.0,1.0,14.0,1.0,,,0.0,0.0,0.0,0.0,14.0,0.0,16.0,8.0,0.0,0.0,0.0,15.0,0.0,0.0,0.0,,,,,,,,,,,,,
ham,8,qtensor,numpy,CPU,sync,1,4,21030.490398406982,8.0,25.0,8.0,8.0,53.0,53.0,0.0,1.0,8.0,39.0,14.0,0.0,0.0,1.0,1.0,53.0,16.0,1.0,1.0,0.0,0.0,0.0,53.0,91.0,27.0,,0.0,7.0,6.0,9.0,8.375,30.0,23.0,1.0,15.0,0.2830188679245283,0.4504655240118235,0.0,1.0,14.0,1.0,,,0.0,0.0,0.0,0.0,14.0,0.0,16.0,8.0,0.0,0.0,0.0,15.0,0.0,0.0,0.0,,,,,,,,,,,,,
ham,8,qtensor,numpy,CPU,sync,1,4,20031.420946121216,8.0,25.0,8.0,8.0,53.0,53.0,0.0,1.0,8.0,39.0,14.0,0.0,0.0,1.0,1.0,53.0,16.0,1.0,1.0,0.0,0.0,0.0,53.0,91.0,27.0,,0.0,7.0,6.0,9.0,8.375,30.0,23.0,1.0,15.0,0.2830188679245283,0.4504655240118235,0.0,1.0,14.0,1.0,,,0.0,0.0,0.0,0.0,14.0,0.0,16.0,8.0,0.0,0.0,0.0,15.0,0.0,0.0,0.0,,,,,,,,,,,,,
ham,8,qtensor,numpy,CPU,sync,1,4,20394.466400146484,8.0,25.0,8.0,8.0,53.0,53.0,0.0,1.0,8.0,39.0,14.0,0.0,0.0,1.0,1.0,53.0,16.0,1.0,1.0,0.0,0.0,0.0,53.0,91.0,27.0,,0.0,7.0,6.0,9.0,8.375,30.0,23.0,1.0,15.0,0.2830188679245283,0.4504655240118235,0.0,1.0,14.0,1.0,,,0.0,0.0,0.0,0.0,14.0,0.0,16.0,8.0,0.0,0.0,0.0,15.0,0.0,0.0,0.0,,,,,,,,,,,,,
ham,8,ionq,simulator,CPU,sync,1,4,2293.2541370391846,8.0,25.0,8.0,8.0,53.0,53.0,0.0,1.0,8.0,39.0,14.0,0.0,0.0,1.0,1.0,53.0,16.0,1.0,1.0,0.0,0.0,0.0,53.0,91.0,27.0,,0.0,7.0,6.0,9.0,8.375,30.0,23.0,1.0,15.0,0.2830188679245283,0.4504655240118235,0.0,1.0,14.0,1.0,,,0.0,0.0,0.0,0.0,14.0,0.0,16.0,8.0,0.0,0.0,0.0,15.0,0.0,0.0,0.0,,,,,,,,,,,,,
ham,8,ionq,simulator,CPU,sync,1,4,2200.9925842285156,8.0,25.0,8.0,8.0,53.0,53.0,0.0,1.0,8.0,39.0,14.0,0.0,0.0,1.0,1.0,53.0,16.0,1.0,1.0,0.0,0.0,0.0,53.0,91.0,27.0,,0.0,7.0,6.0,9.0,8.375,30.0,23.0,1.0,15.0,0.2830188679245283,0.4504655240118235,0.0,1.0,14.0,1.0,,,0.0,0.0,0.0,0.0,14.0,0.0,16.0,8.0,0.0,0.0,0.0,15.0,0.0,0.0,0.0,,,,,,,,,,,,,
ham,8,ionq,simulator,CPU,sync,1,4,2371.1042404174805,8.0,25.0,8.0,8.0,53.0,53.0,0.0,1.0,8.0,39.0,14.0,0.0,0.0,1.0,1.0,53.0,16.0,1.0,1.0,0.0,0.0,0.0,53.0,91.0,27.0,,0.0,7.0,6.0,9.0,8.375,30.0,23.0,1.0,15.0,0.2830188679245283,0.4504655240118235,0.0,1.0,14.0,1.0,,,0.0,0.0,0.0,0.0,14.0,0.0,16.0,8.0,0.0,0.0,0.0,15.0,0.0,0.0,0.0,,,,,,,,,,,,,
ham,8,ionq,simulator,CPU,sync,1,4,2293.2541370391846,8.0,25.0,8.0,8.0,53.0,53.0,0.0,1.0,8.0,39.0,14.0,0.0,0.0,1.0,1.0,53.0,16.0,1.0,1.0,0.0,0.0,0.0,53.0,91.0,27.0,,0.0,7.0,6.0,9.0,8.375,30.0,23.0,1.0,15.0,0.2830188679245283,0.4504655240118235,0.0,1.0,14.0,1.0,,,0.0,0.0,0.0,0.0,14.0,0.0,16.0,8.0,0.0,0.0,0.0,15.0,0.0,0.0,0.0,,,,,,,,,,,,,
ham,8,ionq,simulator,CPU,sync,1,4,2200.9925842285156,8.0,25.0,8.0,8.0,53.0,53.0,0.0,1.0,8.0,39.0,14.0,0.0,0.0,1.0,1.0,53.0,16.0,1.0,1.0,0.0,0.0,0.0,53.0,91.0,27.0,,0.0,7.0,6.0,9.0,8.375,30.0,23.0,1.0,15.0,0.2830188679245283,0.4504655240118235,0.0,1.0,14.0,1.0,,,0.0,0.0,0.0,0.0,14.0,0.0,16.0,8.0,0.0,0.0,0.0,15.0,0.0,0.0,0.0,,,,,,,,,,,,,
ham,8,ionq,simulator,CPU,sync,1,4,2371.1042404174805,8.0,25.0,8.0,8.0,53.0,53.0,0.0,1.0,8.0,39.0,14.0,0.0,0.0,1.0,1.0,53.0,16.0,1.0,1.0,0.0,0.0,0.0,53.0,91.0,27.0,,0.0,7.0,6.0,9.0,8.375,30.0,23.0,1.0,15.0,0.2830188679245283,0.4504655240118235,0.0,1.0,14.0,1.0,,,0.0,0.0,0.0,0.0,14.0,0.0,16.0,8.0,0.0,0.0,0.0,15.0,0.0,0.0,0.0,,,,,,,,,,,,,
ham,8,nwqsim,MPI,CPU,sync,1,4,627.6969909667969,8.0,25.0,8.0,8.0,53.0,53.0,0.0,1.0,8.0,39.0,14.0,0.0,0.0,1.0,1.0,53.0,16.0,1.0,1.0,0.0,0.0,0.0,53.0,91.0,27.0,,0.0,7.0,6.0,9.0,8.375,30.0,23.0,1.0,15.0,0.2830188679245283,0.4504655240118235,0.0,1.0,14.0,1.0,,,0.0,0.0,0.0,0.0,14.0,0.0,16.0,8.0,0.0,0.0,0.0,15.0,0.0,0.0,0.0,,,,,,,,,,,,,
ham,8,nwqsim,MPI,CPU,sync,1,4,348.4079837799072,8.0,25.0,8.0,8.0,53.0,53.0,0.0,1.0,8.0,39.0,14.0,0.0,0.0,1.0,1.0,53.0,16.0,1.0,1.0,0.0,0.0,0.0,53.0,91.0,27.0,,0.0,7.0,6.0,9.0,8.375,30.0,23.0,1.0,15.0,0.2830188679245283,0.4504655240118235,0.0,1.0,14.0,1.0,,,0.0,0.0,0.0,0.0,14.0,0.0,16.0,8.0,0.0,0.0,0.0,15.0,0.0,0.0,0.0,,,,,,,,,,,,,
ham,8,nwqsim,MPI,CPU,sync,1,4,338.66143226623535,8.0,25.0,8.0,8.0,53.0,53.0,0.0,1.0,8.0,39.0,14.0,0.0,0.0,1.0,1.0,53.0,16.0,1.0,1.0,0.0,0.0,0.0,53.0,91.0,27.0,,0.0,7.0,6.0,9.0,8.375,30.0,23.0,1.0,15.0,0.2830188679245283,0.4504655240118235,0.0,1.0,14.0,1.0,,,0.0,0.0,0.0,0.0,14.0,0.0,16.0,8.0,0.0,0.0,0.0,15.0,0.0,0.0,0.0,,,,,,,,,,,,,
ham,8,nwqsim,MPI,CPU,sync,1,4,627.6969909667969,8.0,25.0,8.0,8.0,53.0,53.0,0.0,1.0,8.0,39.0,14.0,0.0,0.0,1.0,1.0,53.0,16.0,1.0,1.0,0.0,0.0,0.0,53.0,91.0,27.0,,0.0,7.0,6.0,9.0,8.375,30.0,23.0,1.0,15.0,0.2830188679245283,0.4504655240118235,0.0,1.0,14.0,1.0,,,0.0,0.0,0.0,0.0,14.0,0.0,16.0,8.0,0.0,0.0,0.0,15.0,0.0,0.0,0.0,,,,,,,,,,,,,
ham,8,nwqsim,MPI,CPU,sync,1,4,348.4079837799072,8.0,25.0,8.0,8.0,53.0,53.0,0.0,1.0,8.0,39.0,14.0,0.0,0.0,1.0,1.0,53.0,16.0,1.0,1.0,0.0,0.0,0.0,53.0,91.0,27.0,,0.0,7.0,6.0,9.0,8.375,30.0,23.0,1.0,15.0,0.2830188679245283,0.4504655240118235,0.0,1.0,14.0,1.0,,,0.0,0.0,0.0,0.0,14.0,0.0,16.0,8.0,0.0,0.0,0.0,15.0,0.0,0.0,0.0,,,,,,,,,,,,,
ham,8,nwqsim,MPI,CPU,sync,1,4,338.66143226623535,8.0,25.0,8.0,8.0,53.0,53.0,0.0,1.0,8.0,39.0,14.0,0.0,0.0,1.0,1.0,53.0,16.0,1.0,1.0,0.0,0.0,0.0,53.0,91.0,27.0,,0.0,7.0,6.0,9.0,8.375,30.0,23.0,1.0,15.0,0.2830188679245283,0.4504655240118235,0.0,1.0,14.0,1.0,,,0.0,0.0,0.0,0.0,14.0,0.0,16.0,8.0,0.0,0.0,0.0,15.0,0.0,0.0,0.0,,,,,,,,,,,,,
ham,8,ibmq,ibm_miami,CPU,sync,1,8,47.24454879760742,8.0,25.0,8.0,8.0,53.0,53.0,0.0,1.0,8.0,39.0,14.0,0.0,0.0,1.0,1.0,53.0,16.0,1.0,1.0,0.0,0.0,0.0,53.0,91.0,27.0,,0.0,7.0,6.0,9.0,8.375,30.0,23.0,1.0,15.0,0.2830188679245283,0.4504655240118235,0.0,1.0,14.0,1.0,,,0.0,0.0,0.0,0.0,14.0,0.0,16.0,8.0,0.0,0.0,0.0,15.0,0.0,0.0,0.0,,,,,,,,,,,,,
ham,8,ibmq,ibm_torino,CPU,sync,1,8,51.28073692321777,8.0,25.0,8.0,8.0,53.0,53.0,0.0,1.0,8.0,39.0,14.0,0.0,0.0,1.0,1.0,53.0,16.0,1.0,1.0,0.0,0.0,0.0,53.0,91.0,27.0,,0.0,7.0,6.0,9.0,8.375,30.0,23.0,1.0,15.0,0.2830188679245283,0.4504655240118235,0.0,1.0,14.0,1.0,,,0.0,0.0,0.0,0.0,14.0,0.0,16.0,8.0,0.0,0.0,0.0,15.0,0.0,0.0,0.0,,,,,,,,,,,,,
ham,24,qiskitaer,statevector,CPU,sync,1,8,26612.011432647705,,,,,,,,,,,,,,,,,,,,,,,,,,,,,,,,,,,,,,,,,,,,,,,,,,,,,,,,,,,,,,,,,,,,,,,
ham,24,qiskitaer,statevector,CPU,sync,1,8,25156.0275554657,,,,,,,,,,,,,,,,,,,,,,,,,,,,,,,,,,,,,,,,,,,,,,,,,,,,,,,,,,,,,,,,,,,,,,,
ham,24,qiskitaer,statevector,CPU,sync,1,8,25337.11004257202,,,,,,,,,,,,,,,,,,,,,,,,,,,,,,,,,,,,,,,,,,,,,,,,,,,,,,,,,,,,,,,,,,,,,,,
ham,24,qiskitaer,statevector,CPU,sync,1,8,26612.011432647705,,,,,,,,,,,,,,,,,,,,,,,,,,,,,,,,,,,,,,,,,,,,,,,,,,,,,,,,,,,,,,,,,,,,,,,
ham,24,qiskitaer,statevector,CPU,sync,1,8,25156.0275554657,,,,,,,,,,,,,,,,,,,,,,,,,,,,,,,,,,,,,,,,,,,,,,,,,,,,,,,,,,,,,,,,,,,,,,,
ham,24,qiskitaer,statevector,CPU,sync,1,8,25337.11004257202,,,,,,,,,,,,,,,,,,,,,,,,,,,,,,,,,,,,,,,,,,,,,,,,,,,,,,,,,,,,,,,,,,,,,,,
ham,24,qiskitaer,automatic,CPU,sync,1,8,26927.547693252563,,,,,,,,,,,,,,,,,,,,,,,,,,,,,,,,,,,,,,,,,,,,,,,,,,,,,,,,,,,,,,,,,,,,,,,
ham,24,qiskitaer,automatic,CPU,sync,1,8,25295.46308517456,,,,,,,,,,,,,,,,,,,,,,,,,,,,,,,,,,,,,,,,,,,,,,,,,,,,,,,,,,,,,,,,,,,,,,,
ham,24,qiskitaer,automatic,CPU,sync,1,8,25425.215482711792,,,,,,,,,,,,,,,,,,,,,,,,,,,,,,,,,,,,,,,,,,,,,,,,,,,,,,,,,,,,,,,,,,,,,,,
ham,24,qiskitaer,automatic,CPU,sync,1,8,26927.547693252563,,,,,,,,,,,,,,,,,,,,,,,,,,,,,,,,,,,,,,,,,,,,,,,,,,,,,,,,,,,,,,,,,,,,,,,
ham,24,qiskitaer,automatic,CPU,sync,1,8,25295.46308517456,,,,,,,,,,,,,,,,,,,,,,,,,,,,,,,,,,,,,,,,,,,,,,,,,,,,,,,,,,,,,,,,,,,,,,,
ham,24,qiskitaer,automatic,CPU,sync,1,8,25425.215482711792,,,,,,,,,,,,,,,,,,,,,,,,,,,,,,,,,,,,,,,,,,,,,,,,,,,,,,,,,,,,,,,,,,,,,,,
ham,24,qiskitaer,matrix_product_state,CPU,sync,2,8,7185.003280639648,,,,,,,,,,,,,,,,,,,,,,,,,,,,,,,,,,,,,,,,,,,,,,,,,,,,,,,,,,,,,,,,,,,,,,,
ham,24,qiskitaer,matrix_product_state,CPU,sync,2,8,5802.510499954224,,,,,,,,,,,,,,,,,,,,,,,,,,,,,,,,,,,,,,,,,,,,,,,,,,,,,,,,,,,,,,,,,,,,,,,
ham,24,qiskitaer,matrix_product_state,CPU,sync,2,8,6353.307485580444,,,,,,,,,,,,,,,,,,,,,,,,,,,,,,,,,,,,,,,,,,,,,,,,,,,,,,,,,,,,,,,,,,,,,,,
ham,24,qiskitaer,matrix_product_state,CPU,sync,2,8,7185.003280639648,,,,,,,,,,,,,,,,,,,,,,,,,,,,,,,,,,,,,,,,,,,,,,,,,,,,,,,,,,,,,,,,,,,,,,,
ham,24,qiskitaer,matrix_product_state,CPU,sync,2,8,5802.510499954224,,,,,,,,,,,,,,,,,,,,,,,,,,,,,,,,,,,,,,,,,,,,,,,,,,,,,,,,,,,,,,,,,,,,,,,
ham,24,qiskitaer,matrix_product_state,CPU,sync,2,8,6353.307485580444,,,,,,,,,,,,,,,,,,,,,,,,,,,,,,,,,,,,,,,,,,,,,,,,,,,,,,,,,,,,,,,,,,,,,,,
ham,24,qiskitaer,matrix_product_state,CPU,sync,1,8,9438.603639602661,,,,,,,,,,,,,,,,,,,,,,,,,,,,,,,,,,,,,,,,,,,,,,,,,,,,,,,,,,,,,,,,,,,,,,,
ham,24,qiskitaer,matrix_product_state,CPU,sync,1,8,7603.635549545288,,,,,,,,,,,,,,,,,,,,,,,,,,,,,,,,,,,,,,,,,,,,,,,,,,,,,,,,,,,,,,,,,,,,,,,
ham,24,qiskitaer,matrix_product_state,CPU,sync,1,8,7475.302934646606,,,,,,,,,,,,,,,,,,,,,,,,,,,,,,,,,,,,,,,,,,,,,,,,,,,,,,,,,,,,,,,,,,,,,,,
ham,24,qiskitaer,matrix_product_state,CPU,sync,1,8,9438.603639602661,,,,,,,,,,,,,,,,,,,,,,,,,,,,,,,,,,,,,,,,,,,,,,,,,,,,,,,,,,,,,,,,,,,,,,,
ham,24,qiskitaer,matrix_product_state,CPU,sync,1,8,7603.635549545288,,,,,,,,,,,,,,,,,,,,,,,,,,,,,,,,,,,,,,,,,,,,,,,,,,,,,,,,,,,,,,,,,,,,,,,
ham,24,qiskitaer,matrix_product_state,CPU,sync,1,8,7475.302934646606,,,,,,,,,,,,,,,,,,,,,,,,,,,,,,,,,,,,,,,,,,,,,,,,,,,,,,,,,,,,,,,,,,,,,,,
ham,24,qtensor,numpy,CPU,sync,2,8,38120.36371231079,,,,,,,,,,,,,,,,,,,,,,,,,,,,,,,,,,,,,,,,,,,,,,,,,,,,,,,,,,,,,,,,,,,,,,,
ham,24,qtensor,numpy,CPU,sync,2,8,36629.12559509277,,,,,,,,,,,,,,,,,,,,,,,,,,,,,,,,,,,,,,,,,,,,,,,,,,,,,,,,,,,,,,,,,,,,,,,
ham,24,qtensor,numpy,CPU,sync,2,8,36627.44760513306,,,,,,,,,,,,,,,,,,,,,,,,,,,,,,,,,,,,,,,,,,,,,,,,,,,,,,,,,,,,,,,,,,,,,,,
ham,24,qtensor,numpy,CPU,sync,2,8,38120.36371231079,,,,,,,,,,,,,,,,,,,,,,,,,,,,,,,,,,,,,,,,,,,,,,,,,,,,,,,,,,,,,,,,,,,,,,,
ham,24,qtensor,numpy,CPU,sync,2,8,36629.12559509277,,,,,,,,,,,,,,,,,,,,,,,,,,,,,,,,,,,,,,,,,,,,,,,,,,,,,,,,,,,,,,,,,,,,,,,
ham,24,qtensor,numpy,CPU,sync,2,8,36627.44760513306,,,,,,,,,,,,,,,,,,,,,,,,,,,,,,,,,,,,,,,,,,,,,,,,,,,,,,,,,,,,,,,,,,,,,,,
ham,24,qtensor,numpy,CPU,sync,1,8,43489.91084098816,,,,,,,,,,,,,,,,,,,,,,,,,,,,,,,,,,,,,,,,,,,,,,,,,,,,,,,,,,,,,,,,,,,,,,,
ham,24,qtensor,numpy,CPU,sync,1,8,36333.85109901428,,,,,,,,,,,,,,,,,,,,,,,,,,,,,,,,,,,,,,,,,,,,,,,,,,,,,,,,,,,,,,,,,,,,,,,
ham,24,qtensor,numpy,CPU,sync,1,8,38480.58366775513,,,,,,,,,,,,,,,,,,,,,,,,,,,,,,,,,,,,,,,,,,,,,,,,,,,,,,,,,,,,,,,,,,,,,,,
ham,24,qtensor,numpy,CPU,sync,1,8,43489.91084098816,,,,,,,,,,,,,,,,,,,,,,,,,,,,,,,,,,,,,,,,,,,,,,,,,,,,,,,,,,,,,,,,,,,,,,,
ham,24,qtensor,numpy,CPU,sync,1,8,36333.85109901428,,,,,,,,,,,,,,,,,,,,,,,,,,,,,,,,,,,,,,,,,,,,,,,,,,,,,,,,,,,,,,,,,,,,,,,
ham,24,qtensor,numpy,CPU,sync,1,8,38480.58366775513,,,,,,,,,,,,,,,,,,,,,,,,,,,,,,,,,,,,,,,,,,,,,,,,,,,,,,,,,,,,,,,,,,,,,,,
ham,24,ionq,simulator,CPU,sync,1,8,30005.8434009552,,,,,,,,,,,,,,,,,,,,,,,,,,,,,,,,,,,,,,,,,,,,,,,,,,,,,,,,,,,,,,,,,,,,,,,
ham,24,ionq,simulator,CPU,sync,1,8,28496.087789535522,,,,,,,,,,,,,,,,,,,,,,,,,,,,,,,,,,,,,,,,,,,,,,,,,,,,,,,,,,,,,,,,,,,,,,,
ham,24,ionq,simulator,CPU,sync,1,8,28403.825044631958,,,,,,,,,,,,,,,,,,,,,,,,,,,,,,,,,,,,,,,,,,,,,,,,,,,,,,,,,,,,,,,,,,,,,,,
ham,24,ionq,simulator,CPU,sync,1,8,30005.8434009552,,,,,,,,,,,,,,,,,,,,,,,,,,,,,,,,,,,,,,,,,,,,,,,,,,,,,,,,,,,,,,,,,,,,,,,
ham,24,ionq,simulator,CPU,sync,1,8,28496.087789535522,,,,,,,,,,,,,,,,,,,,,,,,,,,,,,,,,,,,,,,,,,,,,,,,,,,,,,,,,,,,,,,,,,,,,,,
ham,24,ionq,simulator,CPU,sync,1,8,28403.825044631958,,,,,,,,,,,,,,,,,,,,,,,,,,,,,,,,,,,,,,,,,,,,,,,,,,,,,,,,,,,,,,,,,,,,,,,
ham,24,ionq,simulator,CPU,sync,2,8,30005.8434009552,,,,,,,,,,,,,,,,,,,,,,,,,,,,,,,,,,,,,,,,,,,,,,,,,,,,,,,,,,,,,,,,,,,,,,,
ham,24,ionq,simulator,CPU,sync,2,8,28496.087789535522,,,,,,,,,,,,,,,,,,,,,,,,,,,,,,,,,,,,,,,,,,,,,,,,,,,,,,,,,,,,,,,,,,,,,,,
ham,24,ionq,simulator,CPU,sync,2,8,28403.825044631958,,,,,,,,,,,,,,,,,,,,,,,,,,,,,,,,,,,,,,,,,,,,,,,,,,,,,,,,,,,,,,,,,,,,,,,
ham,24,ionq,simulator,CPU,sync,2,8,30005.8434009552,,,,,,,,,,,,,,,,,,,,,,,,,,,,,,,,,,,,,,,,,,,,,,,,,,,,,,,,,,,,,,,,,,,,,,,
ham,24,ionq,simulator,CPU,sync,2,8,28496.087789535522,,,,,,,,,,,,,,,,,,,,,,,,,,,,,,,,,,,,,,,,,,,,,,,,,,,,,,,,,,,,,,,,,,,,,,,
ham,24,ionq,simulator,CPU,sync,2,8,28403.825044631958,,,,,,,,,,,,,,,,,,,,,,,,,,,,,,,,,,,,,,,,,,,,,,,,,,,,,,,,,,,,,,,,,,,,,,,
ham,24,nwqsim,MPI,CPU,sync,2,8,2189.234733581543,,,,,,,,,,,,,,,,,,,,,,,,,,,,,,,,,,,,,,,,,,,,,,,,,,,,,,,,,,,,,,,,,,,,,,,
ham,24,nwqsim,MPI,CPU,sync,2,8,1886.9988918304443,,,,,,,,,,,,,,,,,,,,,,,,,,,,,,,,,,,,,,,,,,,,,,,,,,,,,,,,,,,,,,,,,,,,,,,
ham,24,nwqsim,MPI,CPU,sync,2,8,1873.3446598052979,,,,,,,,,,,,,,,,,,,,,,,,,,,,,,,,,,,,,,,,,,,,,,,,,,,,,,,,,,,,,,,,,,,,,,,
ham,24,nwqsim,MPI,CPU,sync,2,8,2189.234733581543,,,,,,,,,,,,,,,,,,,,,,,,,,,,,,,,,,,,,,,,,,,,,,,,,,,,,,,,,,,,,,,,,,,,,,,
ham,24,nwqsim,MPI,CPU,sync,2,8,1886.9988918304443,,,,,,,,,,,,,,,,,,,,,,,,,,,,,,,,,,,,,,,,,,,,,,,,,,,,,,,,,,,,,,,,,,,,,,,
ham,24,nwqsim,MPI,CPU,sync,2,8,1873.3446598052979,,,,,,,,,,,,,,,,,,,,,,,,,,,,,,,,,,,,,,,,,,,,,,,,,,,,,,,,,,,,,,,,,,,,,,,
ham,24,nwqsim,MPI,CPU,sync,1,8,2814.378023147583,,,,,,,,,,,,,,,,,,,,,,,,,,,,,,,,,,,,,,,,,,,,,,,,,,,,,,,,,,,,,,,,,,,,,,,
ham,24,nwqsim,MPI,CPU,sync,1,8,2585.083484649658,,,,,,,,,,,,,,,,,,,,,,,,,,,,,,,,,,,,,,,,,,,,,,,,,,,,,,,,,,,,,,,,,,,,,,,
ham,24,nwqsim,MPI,CPU,sync,1,8,2510.0502967834473,,,,,,,,,,,,,,,,,,,,,,,,,,,,,,,,,,,,,,,,,,,,,,,,,,,,,,,,,,,,,,,,,,,,,,,
ham,24,nwqsim,MPI,CPU,sync,1,8,2814.378023147583,,,,,,,,,,,,,,,,,,,,,,,,,,,,,,,,,,,,,,,,,,,,,,,,,,,,,,,,,,,,,,,,,,,,,,,
ham,24,nwqsim,MPI,CPU,sync,1,8,2585.083484649658,,,,,,,,,,,,,,,,,,,,,,,,,,,,,,,,,,,,,,,,,,,,,,,,,,,,,,,,,,,,,,,,,,,,,,,
ham,24,nwqsim,MPI,CPU,sync,1,8,2510.0502967834473,,,,,,,,,,,,,,,,,,,,,,,,,,,,,,,,,,,,,,,,,,,,,,,,,,,,,,,,,,,,,,,,,,,,,,,
ham,30,qiskitaer,matrix_product_state,CPU,sync,2,16,8339.524745941162,,,,,,,,,,,,,,,,,,,,,,,,,,,,,,,,,,,,,,,,,,,,,,,,,,,,,,,,,,,,,,,,,,,,,,,
ham,30,qiskitaer,matrix_product_state,CPU,sync,2,16,7634.592771530151,,,,,,,,,,,,,,,,,,,,,,,,,,,,,,,,,,,,,,,,,,,,,,,,,,,,,,,,,,,,,,,,,,,,,,,
ham,30,qiskitaer,matrix_product_state,CPU,sync,2,16,7751.596689224243,,,,,,,,,,,,,,,,,,,,,,,,,,,,,,,,,,,,,,,,,,,,,,,,,,,,,,,,,,,,,,,,,,,,,,,
ham,30,qiskitaer,matrix_product_state,CPU,sync,2,16,8339.524745941162,,,,,,,,,,,,,,,,,,,,,,,,,,,,,,,,,,,,,,,,,,,,,,,,,,,,,,,,,,,,,,,,,,,,,,,
ham,30,qiskitaer,matrix_product_state,CPU,sync,2,16,7634.592771530151,,,,,,,,,,,,,,,,,,,,,,,,,,,,,,,,,,,,,,,,,,,,,,,,,,,,,,,,,,,,,,,,,,,,,,,
ham,30,qiskitaer,matrix_product_state,CPU,sync,2,16,7751.596689224243,,,,,,,,,,,,,,,,,,,,,,,,,,,,,,,,,,,,,,,,,,,,,,,,,,,,,,,,,,,,,,,,,,,,,,,
ham,30,qiskitaer,matrix_product_state,CPU,sync,2,8,7686.858654022217,,,,,,,,,,,,,,,,,,,,,,,,,,,,,,,,,,,,,,,,,,,,,,,,,,,,,,,,,,,,,,,,,,,,,,,
ham,30,qiskitaer,matrix_product_state,CPU,sync,2,8,7085.234880447388,,,,,,,,,,,,,,,,,,,,,,,,,,,,,,,,,,,,,,,,,,,,,,,,,,,,,,,,,,,,,,,,,,,,,,,
ham,30,qiskitaer,matrix_product_state,CPU,sync,2,8,6917.448997497559,,,,,,,,,,,,,,,,,,,,,,,,,,,,,,,,,,,,,,,,,,,,,,,,,,,,,,,,,,,,,,,,,,,,,,,
ham,30,qiskitaer,matrix_product_state,CPU,sync,2,8,7686.858654022217,,,,,,,,,,,,,,,,,,,,,,,,,,,,,,,,,,,,,,,,,,,,,,,,,,,,,,,,,,,,,,,,,,,,,,,
ham,30,qiskitaer,matrix_product_state,CPU,sync,2,8,7085.234880447388,,,,,,,,,,,,,,,,,,,,,,,,,,,,,,,,,,,,,,,,,,,,,,,,,,,,,,,,,,,,,,,,,,,,,,,
ham,30,qiskitaer,matrix_product_state,CPU,sync,2,8,6917.448997497559,,,,,,,,,,,,,,,,,,,,,,,,,,,,,,,,,,,,,,,,,,,,,,,,,,,,,,,,,,,,,,,,,,,,,,,
ham,30,nwqsim,MPI,CPU,sync,2,16,60404.72316741943,,,,,,,,,,,,,,,,,,,,,,,,,,,,,,,,,,,,,,,,,,,,,,,,,,,,,,,,,,,,,,,,,,,,,,,
ham,30,nwqsim,MPI,CPU,sync,2,16,60384.39106941223,,,,,,,,,,,,,,,,,,,,,,,,,,,,,,,,,,,,,,,,,,,,,,,,,,,,,,,,,,,,,,,,,,,,,,,
ham,30,nwqsim,MPI,CPU,sync,2,16,60270.784854888916,,,,,,,,,,,,,,,,,,,,,,,,,,,,,,,,,,,,,,,,,,,,,,,,,,,,,,,,,,,,,,,,,,,,,,,
ham,30,nwqsim,MPI,CPU,sync,2,16,60404.72316741943,,,,,,,,,,,,,,,,,,,,,,,,,,,,,,,,,,,,,,,,,,,,,,,,,,,,,,,,,,,,,,,,,,,,,,,
ham,30,nwqsim,MPI,CPU,sync,2,16,60384.39106941223,,,,,,,,,,,,,,,,,,,,,,,,,,,,,,,,,,,,,,,,,,,,,,,,,,,,,,,,,,,,,,,,,,,,,,,
ham,30,nwqsim,MPI,CPU,sync,2,16,60270.784854888916,,,,,,,,,,,,,,,,,,,,,,,,,,,,,,,,,,,,,,,,,,,,,,,,,,,,,,,,,,,,,,,,,,,,,,,
ham,30,nwqsim,MPI,CPU,sync,2,8,109941.89381599426,,,,,,,,,,,,,,,,,,,,,,,,,,,,,,,,,,,,,,,,,,,,,,,,,,,,,,,,,,,,,,,,,,,,,,,
ham,30,nwqsim,MPI,CPU,sync,2,8,109615.59295654297,,,,,,,,,,,,,,,,,,,,,,,,,,,,,,,,,,,,,,,,,,,,,,,,,,,,,,,,,,,,,,,,,,,,,,,
ham,30,nwqsim,MPI,CPU,sync,2,8,109571.8023777008,,,,,,,,,,,,,,,,,,,,,,,,,,,,,,,,,,,,,,,,,,,,,,,,,,,,,,,,,,,,,,,,,,,,,,,
ham,30,nwqsim,MPI,CPU,sync,2,8,109941.89381599426,,,,,,,,,,,,,,,,,,,,,,,,,,,,,,,,,,,,,,,,,,,,,,,,,,,,,,,,,,,,,,,,,,,,,,,
ham,30,nwqsim,MPI,CPU,sync,2,8,109615.59295654297,,,,,,,,,,,,,,,,,,,,,,,,,,,,,,,,,,,,,,,,,,,,,,,,,,,,,,,,,,,,,,,,,,,,,,,
ham,30,nwqsim,MPI,CPU,sync,2,8,109571.8023777008,,,,,,,,,,,,,,,,,,,,,,,,,,,,,,,,,,,,,,,,,,,,,,,,,,,,,,,,,,,,,,,,,,,,,,,
ham,28,ionq,simulator,CPU,sync,2,8,290533.8146686554,,,,,,,,,,,,,,,,,,,,,,,,,,,,,,,,,,,,,,,,,,,,,,,,,,,,,,,,,,,,,,,,,,,,,,,
ham,28,ionq,simulator,CPU,sync,2,8,278651.7698764801,,,,,,,,,,,,,,,,,,,,,,,,,,,,,,,,,,,,,,,,,,,,,,,,,,,,,,,,,,,,,,,,,,,,,,,
ham,28,ionq,simulator,CPU,sync,2,8,271114.11023139954,,,,,,,,,,,,,,,,,,,,,,,,,,,,,,,,,,,,,,,,,,,,,,,,,,,,,,,,,,,,,,,,,,,,,,,
ham,28,ionq,simulator,CPU,sync,2,8,290533.8146686554,,,,,,,,,,,,,,,,,,,,,,,,,,,,,,,,,,,,,,,,,,,,,,,,,,,,,,,,,,,,,,,,,,,,,,,
ham,28,ionq,simulator,CPU,sync,2,8,278651.7698764801,,,,,,,,,,,,,,,,,,,,,,,,,,,,,,,,,,,,,,,,,,,,,,,,,,,,,,,,,,,,,,,,,,,,,,,
ham,28,ionq,simulator,CPU,sync,2,8,271114.11023139954,,,,,,,,,,,,,,,,,,,,,,,,,,,,,,,,,,,,,,,,,,,,,,,,,,,,,,,,,,,,,,,,,,,,,,,
ham,28,qiskitaer,matrix_product_state,CPU,sync,2,8,7413.427114486694,,,,,,,,,,,,,,,,,,,,,,,,,,,,,,,,,,,,,,,,,,,,,,,,,,,,,,,,,,,,,,,,,,,,,,,
ham,28,qiskitaer,matrix_product_state,CPU,sync,2,8,6885.186433792114,,,,,,,,,,,,,,,,,,,,,,,,,,,,,,,,,,,,,,,,,,,,,,,,,,,,,,,,,,,,,,,,,,,,,,,
ham,28,qiskitaer,matrix_product_state,CPU,sync,2,8,7138.056516647339,,,,,,,,,,,,,,,,,,,,,,,,,,,,,,,,,,,,,,,,,,,,,,,,,,,,,,,,,,,,,,,,,,,,,,,
ham,28,qiskitaer,matrix_product_state,CPU,sync,2,8,7413.427114486694,,,,,,,,,,,,,,,,,,,,,,,,,,,,,,,,,,,,,,,,,,,,,,,,,,,,,,,,,,,,,,,,,,,,,,,
ham,28,qiskitaer,matrix_product_state,CPU,sync,2,8,6885.186433792114,,,,,,,,,,,,,,,,,,,,,,,,,,,,,,,,,,,,,,,,,,,,,,,,,,,,,,,,,,,,,,,,,,,,,,,
ham,28,qiskitaer,matrix_product_state,CPU,sync,2,8,7138.056516647339,,,,,,,,,,,,,,,,,,,,,,,,,,,,,,,,,,,,,,,,,,,,,,,,,,,,,,,,,,,,,,,,,,,,,,,
ham,28,nwqsim,MPI,CPU,sync,2,8,28072.71432876587,,,,,,,,,,,,,,,,,,,,,,,,,,,,,,,,,,,,,,,,,,,,,,,,,,,,,,,,,,,,,,,,,,,,,,,
ham,28,nwqsim,MPI,CPU,sync,2,8,27899.420022964478,,,,,,,,,,,,,,,,,,,,,,,,,,,,,,,,,,,,,,,,,,,,,,,,,,,,,,,,,,,,,,,,,,,,,,,
ham,28,nwqsim,MPI,CPU,sync,2,8,27898.946523666382,,,,,,,,,,,,,,,,,,,,,,,,,,,,,,,,,,,,,,,,,,,,,,,,,,,,,,,,,,,,,,,,,,,,,,,
ham,28,nwqsim,MPI,CPU,sync,2,8,28072.71432876587,,,,,,,,,,,,,,,,,,,,,,,,,,,,,,,,,,,,,,,,,,,,,,,,,,,,,,,,,,,,,,,,,,,,,,,
ham,28,nwqsim,MPI,CPU,sync,2,8,27899.420022964478,,,,,,,,,,,,,,,,,,,,,,,,,,,,,,,,,,,,,,,,,,,,,,,,,,,,,,,,,,,,,,,,,,,,,,,
ham,28,nwqsim,MPI,CPU,sync,2,8,27898.946523666382,,,,,,,,,,,,,,,,,,,,,,,,,,,,,,,,,,,,,,,,,,,,,,,,,,,,,,,,,,,,,,,,,,,,,,,
ham,15,ibmq,ibm_torino,CPU,sync,1,8,45.505523681640625,15.0,46.0,15.0,15.0,102.0,102.0,0.0,1.0,15.0,74.0,28.0,0.0,0.0,1.0,1.0,102.0,30.0,1.0,1.0,0.0,0.0,0.0,102.0,175.0,48.0,,0.0,14.0,6.0,9.0,8.666666666666666,58.0,44.0,1.0,29.0,0.284313725490196,0.4510869439344055,0.0,1.0,28.0,1.0,,,0.0,0.0,0.0,0.0,28.0,0.0,30.0,15.0,0.0,0.0,0.0,29.0,0.0,0.0,0.0,,,,,,,,,,,,,
ham,15,ibmq,ibm_miami,CPU,sync,1,8,53.43294143676758,15.0,46.0,15.0,15.0,102.0,102.0,0.0,1.0,15.0,74.0,28.0,0.0,0.0,1.0,1.0,102.0,30.0,1.0,1.0,0.0,0.0,0.0,102.0,175.0,48.0,,0.0,14.0,6.0,9.0,8.666666666666666,58.0,44.0,1.0,29.0,0.284313725490196,0.4510869439344055,0.0,1.0,28.0,1.0,,,0.0,0.0,0.0,0.0,28.0,0.0,30.0,15.0,0.0,0.0,0.0,29.0,0.0,0.0,0.0,,,,,,,,,,,,,
ham,15,nwqsim,MPI,CPU,sync,1,8,1138.8599872589111,15.0,46.0,15.0,15.0,102.0,102.0,0.0,1.0,15.0,74.0,28.0,0.0,0.0,1.0,1.0,102.0,30.0,1.0,1.0,0.0,0.0,0.0,102.0,175.0,48.0,,0.0,14.0,6.0,9.0,8.666666666666666,58.0,44.0,1.0,29.0,0.284313725490196,0.4510869439344055,0.0,1.0,28.0,1.0,,,0.0,0.0,0.0,0.0,28.0,0.0,30.0,15.0,0.0,0.0,0.0,29.0,0.0,0.0,0.0,,,,,,,,,,,,,
mermin_bell,4,ibmq,ibm_miami,CPU,sync,1,8,29.259204864501953,4.0,18.0,4.0,4.0,29.0,29.0,0.0,1.0,4.0,16.0,13.0,0.0,0.0,1.0,1.0,29.0,8.0,1.0,1.0,0.0,0.0,0.0,29.0,54.0,20.0,,0.0,6.0,9.0,11.0,10.5,24.0,5.0,1.0,1.0,0.0344827586206896,0.1824656076596269,0.0,1.0,12.0,1.0,,,0.0,0.0,0.0,0.0,9.0,3.0,7.0,4.0,0.0,1.0,0.0,0.0,4.0,1.0,0.0,,,,,,,,,,,,,
mermin_bell,4,ibmq,ibm_miami,CPU,sync,1,8,30.449867248535156,4.0,18.0,4.0,4.0,29.0,29.0,0.0,1.0,4.0,16.0,13.0,0.0,0.0,1.0,1.0,29.0,8.0,1.0,1.0,0.0,0.0,0.0,29.0,54.0,20.0,,0.0,6.0,9.0,11.0,10.5,24.0,5.0,1.0,1.0,0.0344827586206896,0.1824656076596269,0.0,1.0,12.0,1.0,,,0.0,0.0,0.0,0.0,9.0,3.0,7.0,4.0,0.0,1.0,0.0,0.0,4.0,1.0,0.0,,,,,,,,,,,,,
mermin_bell,4,ibmq,ibm_miami,CPU,sync,1,8,30.01546859741211,4.0,18.0,4.0,4.0,29.0,29.0,0.0,1.0,4.0,16.0,13.0,0.0,0.0,1.0,1.0,29.0,8.0,1.0,1.0,0.0,0.0,0.0,29.0,54.0,20.0,,0.0,6.0,9.0,11.0,10.5,24.0,5.0,1.0,1.0,0.0344827586206896,0.1824656076596269,0.0,1.0,12.0,1.0,,,0.0,0.0,0.0,0.0,9.0,3.0,7.0,4.0,0.0,1.0,0.0,0.0,4.0,1.0,0.0,,,,,,,,,,,,,
mermin_bell,4,ibmq,ibm_miami,CPU,sync,1,8,30.119895935058594,4.0,18.0,4.0,4.0,29.0,29.0,0.0,1.0,4.0,16.0,13.0,0.0,0.0,1.0,1.0,29.0,8.0,1.0,1.0,0.0,0.0,0.0,29.0,54.0,20.0,,0.0,6.0,9.0,11.0,10.5,24.0,5.0,1.0,1.0,0.0344827586206896,0.1824656076596269,0.0,1.0,12.0,1.0,,,0.0,0.0,0.0,0.0,9.0,3.0,7.0,4.0,0.0,1.0,0.0,0.0,4.0,1.0,0.0,,,,,,,,,,,,,
mermin_bell,4,ibmq,ibm_miami,CPU,sync,1,8,56.03647232055664,4.0,18.0,4.0,4.0,29.0,29.0,0.0,1.0,4.0,16.0,13.0,0.0,0.0,1.0,1.0,29.0,8.0,1.0,1.0,0.0,0.0,0.0,29.0,54.0,20.0,,0.0,6.0,9.0,11.0,10.5,24.0,5.0,1.0,1.0,0.0344827586206896,0.1824656076596269,0.0,1.0,12.0,1.0,,,0.0,0.0,0.0,0.0,9.0,3.0,7.0,4.0,0.0,1.0,0.0,0.0,4.0,1.0,0.0,,,,,,,,,,,,,
mermin_bell,4,ibmq,ibm_torino,CPU,sync,1,8,46.7221736907959,4.0,18.0,4.0,4.0,29.0,29.0,0.0,1.0,4.0,16.0,13.0,0.0,0.0,1.0,1.0,29.0,8.0,1.0,1.0,0.0,0.0,0.0,29.0,54.0,20.0,,0.0,6.0,9.0,11.0,10.5,24.0,5.0,1.0,1.0,0.0344827586206896,0.1824656076596269,0.0,1.0,12.0,1.0,,,0.0,0.0,0.0,0.0,9.0,3.0,7.0,4.0,0.0,1.0,0.0,0.0,4.0,1.0,0.0,,,,,,,,,,,,,
mermin_bell,9,ibmq,ibm_miami,CPU,sync,1,8,30.16948699951172,9.0,43.0,9.0,9.0,91.0,91.0,0.0,1.0,9.0,36.0,55.0,0.0,0.0,1.0,1.0,91.0,18.0,1.0,1.0,0.0,0.0,0.0,91.0,173.0,45.0,,0.0,36.0,14.0,21.0,16.22222222222222,81.0,10.0,1.0,1.0,0.0109890109890109,0.1042509118736828,0.0,1.0,52.0,1.0,,,0.0,0.0,0.0,0.0,24.0,28.0,17.0,9.0,0.0,1.0,0.0,0.0,9.0,3.0,0.0,,,,,,,,,,,,,
mermin_bell,9,ibmq,ibm_miami,CPU,sync,1,8,30.905485153198242,9.0,43.0,9.0,9.0,91.0,91.0,0.0,1.0,9.0,36.0,55.0,0.0,0.0,1.0,1.0,91.0,18.0,1.0,1.0,0.0,0.0,0.0,91.0,173.0,45.0,,0.0,36.0,14.0,21.0,16.22222222222222,81.0,10.0,1.0,1.0,0.0109890109890109,0.1042509118736828,0.0,1.0,52.0,1.0,,,0.0,0.0,0.0,0.0,24.0,28.0,17.0,9.0,0.0,1.0,0.0,0.0,9.0,3.0,0.0,,,,,,,,,,,,,
mermin_bell,9,ibmq,ibm_miami,CPU,sync,1,8,28.529882431030273,9.0,43.0,9.0,9.0,91.0,91.0,0.0,1.0,9.0,36.0,55.0,0.0,0.0,1.0,1.0,91.0,18.0,1.0,1.0,0.0,0.0,0.0,91.0,173.0,45.0,,0.0,36.0,14.0,21.0,16.22222222222222,81.0,10.0,1.0,1.0,0.0109890109890109,0.1042509118736828,0.0,1.0,52.0,1.0,,,0.0,0.0,0.0,0.0,24.0,28.0,17.0,9.0,0.0,1.0,0.0,0.0,9.0,3.0,0.0,,,,,,,,,,,,,
mermin_bell,9,ibmq,ibm_miami,CPU,sync,1,8,28.542041778564453,9.0,43.0,9.0,9.0,91.0,91.0,0.0,1.0,9.0,36.0,55.0,0.0,0.0,1.0,1.0,91.0,18.0,1.0,1.0,0.0,0.0,0.0,91.0,173.0,45.0,,0.0,36.0,14.0,21.0,16.22222222222222,81.0,10.0,1.0,1.0,0.0109890109890109,0.1042509118736828,0.0,1.0,52.0,1.0,,,0.0,0.0,0.0,0.0,24.0,28.0,17.0,9.0,0.0,1.0,0.0,0.0,9.0,3.0,0.0,,,,,,,,,,,,,
mermin_bell,9,ibmq,ibm_miami,CPU,sync,1,8,46.61369323730469,9.0,43.0,9.0,9.0,91.0,91.0,0.0,1.0,9.0,36.0,55.0,0.0,0.0,1.0,1.0,91.0,18.0,1.0,1.0,0.0,0.0,0.0,91.0,173.0,45.0,,0.0,36.0,14.0,21.0,16.22222222222222,81.0,10.0,1.0,1.0,0.0109890109890109,0.1042509118736828,0.0,1.0,52.0,1.0,,,0.0,0.0,0.0,0.0,24.0,28.0,17.0,9.0,0.0,1.0,0.0,0.0,9.0,3.0,0.0,,,,,,,,,,,,,
mermin_bell,9,ibmq,ibm_torino,CPU,sync,1,8,43.271541595458984,9.0,43.0,9.0,9.0,91.0,91.0,0.0,1.0,9.0,36.0,55.0,0.0,0.0,1.0,1.0,91.0,18.0,1.0,1.0,0.0,0.0,0.0,91.0,173.0,45.0,,0.0,36.0,14.0,21.0,16.22222222222222,81.0,10.0,1.0,1.0,0.0109890109890109,0.1042509118736828,0.0,1.0,52.0,1.0,,,0.0,0.0,0.0,0.0,24.0,28.0,17.0,9.0,0.0,1.0,0.0,0.0,9.0,3.0,0.0,,,,,,,,,,,,,
mermin_bell,15,ibmq,ibm_torino,CPU,sync,1,8,44.35372352600098,15.0,73.0,15.0,15.0,199.0,199.0,0.0,1.0,15.0,60.0,139.0,0.0,0.0,1.0,1.0,199.0,30.0,1.0,1.0,0.0,0.0,0.0,199.0,383.0,75.0,,0.0,105.0,20.0,33.0,22.53333333333333,183.0,16.0,1.0,1.0,0.0050251256281407,0.0707097853239713,0.0,1.0,133.0,1.0,,,0.0,0.0,0.0,0.0,42.0,91.0,29.0,15.0,0.0,1.0,0.0,0.0,15.0,6.0,0.0,,,,,,,,,,,,,
mermin_bell,15,ibmq,ibm_miami,CPU,sync,1,8,56.4117431640625,15.0,73.0,15.0,15.0,199.0,199.0,0.0,1.0,15.0,60.0,139.0,0.0,0.0,1.0,1.0,199.0,30.0,1.0,1.0,0.0,0.0,0.0,199.0,383.0,75.0,,0.0,105.0,20.0,33.0,22.53333333333333,183.0,16.0,1.0,1.0,0.0050251256281407,0.0707097853239713,0.0,1.0,133.0,1.0,,,0.0,0.0,0.0,0.0,42.0,91.0,29.0,15.0,0.0,1.0,0.0,0.0,15.0,6.0,0.0,,,,,,,,,,,,,
mermin_bell,15,nwqsim,MPI,CPU,sync,1,8,1171.186923980713,15.0,73.0,15.0,15.0,199.0,199.0,0.0,1.0,15.0,60.0,139.0,0.0,0.0,1.0,1.0,199.0,30.0,1.0,1.0,0.0,0.0,0.0,199.0,383.0,75.0,,0.0,105.0,20.0,33.0,22.53333333333333,183.0,16.0,1.0,1.0,0.0050251256281407,0.0707097853239713,0.0,1.0,133.0,1.0,,,0.0,0.0,0.0,0.0,42.0,91.0,29.0,15.0,0.0,1.0,0.0,0.0,15.0,6.0,0.0,,,,,,,,,,,,,
mermin_bell,16,nwqsim,MPI,CPU,sync,1,8,1629.4918060302734,16.0,78.0,16.0,16.0,221.0,221.0,0.0,1.0,16.0,64.0,157.0,0.0,0.0,1.0,1.0,221.0,32.0,1.0,1.0,0.0,0.0,0.0,221.0,426.0,80.0,,0.0,120.0,21.0,35.0,23.625,204.0,17.0,1.0,1.0,0.004524886877828,0.0671149184352548,0.0,1.0,150.0,1.0,,,0.0,0.0,0.0,0.0,45.0,105.0,31.0,16.0,0.0,1.0,0.0,0.0,16.0,7.0,0.0,,,,,,,,,,,,,
mermin_bell,16,ibmq,ibm_torino,CPU,sync,1,8,44.24285888671875,16.0,78.0,16.0,16.0,221.0,221.0,0.0,1.0,16.0,64.0,157.0,0.0,0.0,1.0,1.0,221.0,32.0,1.0,1.0,0.0,0.0,0.0,221.0,426.0,80.0,,0.0,120.0,21.0,35.0,23.625,204.0,17.0,1.0,1.0,0.004524886877828,0.0671149184352548,0.0,1.0,150.0,1.0,,,0.0,0.0,0.0,0.0,45.0,105.0,31.0,16.0,0.0,1.0,0.0,0.0,16.0,7.0,0.0,,,,,,,,,,,,,
mermin_bell,16,ibmq,ibm_miami,CPU,sync,1,8,45.51362991333008,16.0,78.0,16.0,16.0,221.0,221.0,0.0,1.0,16.0,64.0,157.0,0.0,0.0,1.0,1.0,221.0,32.0,1.0,1.0,0.0,0.0,0.0,221.0,426.0,80.0,,0.0,120.0,21.0,35.0,23.625,204.0,17.0,1.0,1.0,0.004524886877828,0.0671149184352548,0.0,1.0,150.0,1.0,,,0.0,0.0,0.0,0.0,45.0,105.0,31.0,16.0,0.0,1.0,0.0,0.0,16.0,7.0,0.0,,,,,,,,,,,,,
mermin_bell,20,ibmq,ibm_torino,CPU,sync,1,8,64.69464302062988,20.0,98.0,20.0,20.0,317.0,317.0,0.0,1.0,20.0,80.0,237.0,0.0,0.0,1.0,1.0,317.0,40.0,1.0,1.0,0.0,0.0,0.0,317.0,614.0,100.0,,0.0,190.0,25.0,43.0,27.7,296.0,21.0,1.0,1.0,0.0031545741324921,0.0560769363868491,0.0,1.0,228.0,1.0,,,0.0,0.0,0.0,0.0,57.0,171.0,39.0,20.0,0.0,1.0,0.0,0.0,20.0,9.0,0.0,,,,,,,,,,,,,
mermin_bell,23,ibmq,ibm_torino,CPU,sync,1,8,68.86863708496094,,,,,,,,,,,,,,,,,,,,,,,,,,,,,,,,,,,,,,,,,,,,,,,,,,,,,,,,,,,,,,,,,,,,,,,
mermin_bell,23,ibmq,ibm_miami,CPU,sync,1,8,64.94331359863281,,,,,,,,,,,,,,,,,,,,,,,,,,,,,,,,,,,,,,,,,,,,,,,,,,,,,,,,,,,,,,,,,,,,,,,
mermin_bell,8,ibmq,ibm_miami,CPU,sync,1,8,69.49424743652344,8.0,38.0,8.0,8.0,77.0,77.0,0.0,1.0,8.0,32.0,45.0,0.0,0.0,1.0,1.0,77.0,16.0,1.0,1.0,0.0,0.0,0.0,77.0,146.0,40.0,,0.0,28.0,13.0,19.0,15.25,68.0,9.0,1.0,1.0,0.0129870129870129,0.1132181543776798,0.0,1.0,42.0,1.0,,,0.0,0.0,0.0,0.0,21.0,21.0,15.0,8.0,0.0,1.0,0.0,0.0,8.0,3.0,0.0,,,,,,,,,,,,,
tfim,16,tnqvm,unknown,CPU,sync,2,8,13338.34,16.0,50.0,16.0,16.0,80.0,80.0,0.0,1.0,16.0,48.0,32.0,0.0,0.0,1.0,1.0,80.0,32.0,1.0,1.0,0.0,0.0,0.0,80.0,160.0,52.0,,0.0,16.0,7.0,7.0,7.0,32.0,48.0,1.0,32.0,0.4,0.4898979485566356,0.0,1.0,32.0,1.0,,,0.0,0.0,0.0,0.0,32.0,0.0,0.0,16.0,0.0,16.0,0.0,16.0,0.0,0.0,0.0,,,,,,,,,,,,,
tfim,16,tnqvm,unknown,CPU,sync,2,8,10732.12,16.0,50.0,16.0,16.0,80.0,80.0,0.0,1.0,16.0,48.0,32.0,0.0,0.0,1.0,1.0,80.0,32.0,1.0,1.0,0.0,0.0,0.0,80.0,160.0,52.0,,0.0,16.0,7.0,7.0,7.0,32.0,48.0,1.0,32.0,0.4,0.4898979485566356,0.0,1.0,32.0,1.0,,,0.0,0.0,0.0,0.0,32.0,0.0,0.0,16.0,0.0,16.0,0.0,16.0,0.0,0.0,0.0,,,,,,,,,,,,,
tfim,16,tnqvm,unknown,CPU,sync,2,8,11484.31,16.0,50.0,16.0,16.0,80.0,80.0,0.0,1.0,16.0,48.0,32.0,0.0,0.0,1.0,1.0,80.0,32.0,1.0,1.0,0.0,0.0,0.0,80.0,160.0,52.0,,0.0,16.0,7.0,7.0,7.0,32.0,48.0,1.0,32.0,0.4,0.4898979485566356,0.0,1.0,32.0,1.0,,,0.0,0.0,0.0,0.0,32.0,0.0,0.0,16.0,0.0,16.0,0.0,16.0,0.0,0.0,0.0,,,,,,,,,,,,,
tfim,16,tnqvm,unknown,CPU,sync,2,8,11466.77,16.0,50.0,16.0,16.0,80.0,80.0,0.0,1.0,16.0,48.0,32.0,0.0,0.0,1.0,1.0,80.0,32.0,1.0,1.0,0.0,0.0,0.0,80.0,160.0,52.0,,0.0,16.0,7.0,7.0,7.0,32.0,48.0,1.0,32.0,0.4,0.4898979485566356,0.0,1.0,32.0,1.0,,,0.0,0.0,0.0,0.0,32.0,0.0,0.0,16.0,0.0,16.0,0.0,16.0,0.0,0.0,0.0,,,,,,,,,,,,,
tfim,16,tnqvm,unknown,CPU,sync,2,8,12094.89,16.0,50.0,16.0,16.0,80.0,80.0,0.0,1.0,16.0,48.0,32.0,0.0,0.0,1.0,1.0,80.0,32.0,1.0,1.0,0.0,0.0,0.0,80.0,160.0,52.0,,0.0,16.0,7.0,7.0,7.0,32.0,48.0,1.0,32.0,0.4,0.4898979485566356,0.0,1.0,32.0,1.0,,,0.0,0.0,0.0,0.0,32.0,0.0,0.0,16.0,0.0,16.0,0.0,16.0,0.0,0.0,0.0,,,,,,,,,,,,,
tfim,16,tnqvm,unknown,CPU,sync,2,8,11018.83,16.0,50.0,16.0,16.0,80.0,80.0,0.0,1.0,16.0,48.0,32.0,0.0,0.0,1.0,1.0,80.0,32.0,1.0,1.0,0.0,0.0,0.0,80.0,160.0,52.0,,0.0,16.0,7.0,7.0,7.0,32.0,48.0,1.0,32.0,0.4,0.4898979485566356,0.0,1.0,32.0,1.0,,,0.0,0.0,0.0,0.0,32.0,0.0,0.0,16.0,0.0,16.0,0.0,16.0,0.0,0.0,0.0,,,,,,,,,,,,,
tfim,16,tnqvm,unknown,CPU,sync,2,8,10906.28,16.0,50.0,16.0,16.0,80.0,80.0,0.0,1.0,16.0,48.0,32.0,0.0,0.0,1.0,1.0,80.0,32.0,1.0,1.0,0.0,0.0,0.0,80.0,160.0,52.0,,0.0,16.0,7.0,7.0,7.0,32.0,48.0,1.0,32.0,0.4,0.4898979485566356,0.0,1.0,32.0,1.0,,,0.0,0.0,0.0,0.0,32.0,0.0,0.0,16.0,0.0,16.0,0.0,16.0,0.0,0.0,0.0,,,,,,,,,,,,,
tfim,16,tnqvm,unknown,CPU,sync,2,8,11217.1,16.0,50.0,16.0,16.0,80.0,80.0,0.0,1.0,16.0,48.0,32.0,0.0,0.0,1.0,1.0,80.0,32.0,1.0,1.0,0.0,0.0,0.0,80.0,160.0,52.0,,0.0,16.0,7.0,7.0,7.0,32.0,48.0,1.0,32.0,0.4,0.4898979485566356,0.0,1.0,32.0,1.0,,,0.0,0.0,0.0,0.0,32.0,0.0,0.0,16.0,0.0,16.0,0.0,16.0,0.0,0.0,0.0,,,,,,,,,,,,,
tfim,16,tnqvm,unknown,CPU,sync,2,8,12262.09,16.0,50.0,16.0,16.0,80.0,80.0,0.0,1.0,16.0,48.0,32.0,0.0,0.0,1.0,1.0,80.0,32.0,1.0,1.0,0.0,0.0,0.0,80.0,160.0,52.0,,0.0,16.0,7.0,7.0,7.0,32.0,48.0,1.0,32.0,0.4,0.4898979485566356,0.0,1.0,32.0,1.0,,,0.0,0.0,0.0,0.0,32.0,0.0,0.0,16.0,0.0,16.0,0.0,16.0,0.0,0.0,0.0,,,,,,,,,,,,,
tfim,16,tnqvm,unknown,CPU,sync,2,8,12097.97,16.0,50.0,16.0,16.0,80.0,80.0,0.0,1.0,16.0,48.0,32.0,0.0,0.0,1.0,1.0,80.0,32.0,1.0,1.0,0.0,0.0,0.0,80.0,160.0,52.0,,0.0,16.0,7.0,7.0,7.0,32.0,48.0,1.0,32.0,0.4,0.4898979485566356,0.0,1.0,32.0,1.0,,,0.0,0.0,0.0,0.0,32.0,0.0,0.0,16.0,0.0,16.0,0.0,16.0,0.0,0.0,0.0,,,,,,,,,,,,,
tfim,16,tnqvm,unknown,CPU,sync,2,2,12427.04,16.0,50.0,16.0,16.0,80.0,80.0,0.0,1.0,16.0,48.0,32.0,0.0,0.0,1.0,1.0,80.0,32.0,1.0,1.0,0.0,0.0,0.0,80.0,160.0,52.0,,0.0,16.0,7.0,7.0,7.0,32.0,48.0,1.0,32.0,0.4,0.4898979485566356,0.0,1.0,32.0,1.0,,,0.0,0.0,0.0,0.0,32.0,0.0,0.0,16.0,0.0,16.0,0.0,16.0,0.0,0.0,0.0,,,,,,,,,,,,,
tfim,16,tnqvm,unknown,CPU,sync,2,2,8203.86,16.0,50.0,16.0,16.0,80.0,80.0,0.0,1.0,16.0,48.0,32.0,0.0,0.0,1.0,1.0,80.0,32.0,1.0,1.0,0.0,0.0,0.0,80.0,160.0,52.0,,0.0,16.0,7.0,7.0,7.0,32.0,48.0,1.0,32.0,0.4,0.4898979485566356,0.0,1.0,32.0,1.0,,,0.0,0.0,0.0,0.0,32.0,0.0,0.0,16.0,0.0,16.0,0.0,16.0,0.0,0.0,0.0,,,,,,,,,,,,,
tfim,16,tnqvm,unknown,CPU,sync,2,2,7645.62,16.0,50.0,16.0,16.0,80.0,80.0,0.0,1.0,16.0,48.0,32.0,0.0,0.0,1.0,1.0,80.0,32.0,1.0,1.0,0.0,0.0,0.0,80.0,160.0,52.0,,0.0,16.0,7.0,7.0,7.0,32.0,48.0,1.0,32.0,0.4,0.4898979485566356,0.0,1.0,32.0,1.0,,,0.0,0.0,0.0,0.0,32.0,0.0,0.0,16.0,0.0,16.0,0.0,16.0,0.0,0.0,0.0,,,,,,,,,,,,,
tfim,16,tnqvm,unknown,CPU,sync,2,2,12427.04,16.0,50.0,16.0,16.0,80.0,80.0,0.0,1.0,16.0,48.0,32.0,0.0,0.0,1.0,1.0,80.0,32.0,1.0,1.0,0.0,0.0,0.0,80.0,160.0,52.0,,0.0,16.0,7.0,7.0,7.0,32.0,48.0,1.0,32.0,0.4,0.4898979485566356,0.0,1.0,32.0,1.0,,,0.0,0.0,0.0,0.0,32.0,0.0,0.0,16.0,0.0,16.0,0.0,16.0,0.0,0.0,0.0,,,,,,,,,,,,,
tfim,16,tnqvm,unknown,CPU,sync,2,2,8203.86,16.0,50.0,16.0,16.0,80.0,80.0,0.0,1.0,16.0,48.0,32.0,0.0,0.0,1.0,1.0,80.0,32.0,1.0,1.0,0.0,0.0,0.0,80.0,160.0,52.0,,0.0,16.0,7.0,7.0,7.0,32.0,48.0,1.0,32.0,0.4,0.4898979485566356,0.0,1.0,32.0,1.0,,,0.0,0.0,0.0,0.0,32.0,0.0,0.0,16.0,0.0,16.0,0.0,16.0,0.0,0.0,0.0,,,,,,,,,,,,,
tfim,16,tnqvm,unknown,CPU,sync,2,2,7645.62,16.0,50.0,16.0,16.0,80.0,80.0,0.0,1.0,16.0,48.0,32.0,0.0,0.0,1.0,1.0,80.0,32.0,1.0,1.0,0.0,0.0,0.0,80.0,160.0,52.0,,0.0,16.0,7.0,7.0,7.0,32.0,48.0,1.0,32.0,0.4,0.4898979485566356,0.0,1.0,32.0,1.0,,,0.0,0.0,0.0,0.0,32.0,0.0,0.0,16.0,0.0,16.0,0.0,16.0,0.0,0.0,0.0,,,,,,,,,,,,,
tfim,16,tnqvm,unknown,CPU,sync,2,4,11878.73,16.0,50.0,16.0,16.0,80.0,80.0,0.0,1.0,16.0,48.0,32.0,0.0,0.0,1.0,1.0,80.0,32.0,1.0,1.0,0.0,0.0,0.0,80.0,160.0,52.0,,0.0,16.0,7.0,7.0,7.0,32.0,48.0,1.0,32.0,0.4,0.4898979485566356,0.0,1.0,32.0,1.0,,,0.0,0.0,0.0,0.0,32.0,0.0,0.0,16.0,0.0,16.0,0.0,16.0,0.0,0.0,0.0,,,,,,,,,,,,,
tfim,16,tnqvm,unknown,CPU,sync,2,4,7808.92,16.0,50.0,16.0,16.0,80.0,80.0,0.0,1.0,16.0,48.0,32.0,0.0,0.0,1.0,1.0,80.0,32.0,1.0,1.0,0.0,0.0,0.0,80.0,160.0,52.0,,0.0,16.0,7.0,7.0,7.0,32.0,48.0,1.0,32.0,0.4,0.4898979485566356,0.0,1.0,32.0,1.0,,,0.0,0.0,0.0,0.0,32.0,0.0,0.0,16.0,0.0,16.0,0.0,16.0,0.0,0.0,0.0,,,,,,,,,,,,,
tfim,16,tnqvm,unknown,CPU,sync,2,4,7485.89,16.0,50.0,16.0,16.0,80.0,80.0,0.0,1.0,16.0,48.0,32.0,0.0,0.0,1.0,1.0,80.0,32.0,1.0,1.0,0.0,0.0,0.0,80.0,160.0,52.0,,0.0,16.0,7.0,7.0,7.0,32.0,48.0,1.0,32.0,0.4,0.4898979485566356,0.0,1.0,32.0,1.0,,,0.0,0.0,0.0,0.0,32.0,0.0,0.0,16.0,0.0,16.0,0.0,16.0,0.0,0.0,0.0,,,,,,,,,,,,,
tfim,16,tnqvm,unknown,CPU,sync,2,4,11878.73,16.0,50.0,16.0,16.0,80.0,80.0,0.0,1.0,16.0,48.0,32.0,0.0,0.0,1.0,1.0,80.0,32.0,1.0,1.0,0.0,0.0,0.0,80.0,160.0,52.0,,0.0,16.0,7.0,7.0,7.0,32.0,48.0,1.0,32.0,0.4,0.4898979485566356,0.0,1.0,32.0,1.0,,,0.0,0.0,0.0,0.0,32.0,0.0,0.0,16.0,0.0,16.0,0.0,16.0,0.0,0.0,0.0,,,,,,,,,,,,,
tfim,16,tnqvm,unknown,CPU,sync,2,4,7808.92,16.0,50.0,16.0,16.0,80.0,80.0,0.0,1.0,16.0,48.0,32.0,0.0,0.0,1.0,1.0,80.0,32.0,1.0,1.0,0.0,0.0,0.0,80.0,160.0,52.0,,0.0,16.0,7.0,7.0,7.0,32.0,48.0,1.0,32.0,0.4,0.4898979485566356,0.0,1.0,32.0,1.0,,,0.0,0.0,0.0,0.0,32.0,0.0,0.0,16.0,0.0,16.0,0.0,16.0,0.0,0.0,0.0,,,,,,,,,,,,,
tfim,16,tnqvm,unknown,CPU,sync,2,4,7485.89,16.0,50.0,16.0,16.0,80.0,80.0,0.0,1.0,16.0,48.0,32.0,0.0,0.0,1.0,1.0,80.0,32.0,1.0,1.0,0.0,0.0,0.0,80.0,160.0,52.0,,0.0,16.0,7.0,7.0,7.0,32.0,48.0,1.0,32.0,0.4,0.4898979485566356,0.0,1.0,32.0,1.0,,,0.0,0.0,0.0,0.0,32.0,0.0,0.0,16.0,0.0,16.0,0.0,16.0,0.0,0.0,0.0,,,,,,,,,,,,,
tfim,16,tnqvm,unknown,CPU,sync,1,4,11331.06,16.0,50.0,16.0,16.0,80.0,80.0,0.0,1.0,16.0,48.0,32.0,0.0,0.0,1.0,1.0,80.0,32.0,1.0,1.0,0.0,0.0,0.0,80.0,160.0,52.0,,0.0,16.0,7.0,7.0,7.0,32.0,48.0,1.0,32.0,0.4,0.4898979485566356,0.0,1.0,32.0,1.0,,,0.0,0.0,0.0,0.0,32.0,0.0,0.0,16.0,0.0,16.0,0.0,16.0,0.0,0.0,0.0,,,,,,,,,,,,,
tfim,16,tnqvm,unknown,CPU,sync,1,4,7652.8,16.0,50.0,16.0,16.0,80.0,80.0,0.0,1.0,16.0,48.0,32.0,0.0,0.0,1.0,1.0,80.0,32.0,1.0,1.0,0.0,0.0,0.0,80.0,160.0,52.0,,0.0,16.0,7.0,7.0,7.0,32.0,48.0,1.0,32.0,0.4,0.4898979485566356,0.0,1.0,32.0,1.0,,,0.0,0.0,0.0,0.0,32.0,0.0,0.0,16.0,0.0,16.0,0.0,16.0,0.0,0.0,0.0,,,,,,,,,,,,,
tfim,16,tnqvm,unknown,CPU,sync,1,4,7829.36,16.0,50.0,16.0,16.0,80.0,80.0,0.0,1.0,16.0,48.0,32.0,0.0,0.0,1.0,1.0,80.0,32.0,1.0,1.0,0.0,0.0,0.0,80.0,160.0,52.0,,0.0,16.0,7.0,7.0,7.0,32.0,48.0,1.0,32.0,0.4,0.4898979485566356,0.0,1.0,32.0,1.0,,,0.0,0.0,0.0,0.0,32.0,0.0,0.0,16.0,0.0,16.0,0.0,16.0,0.0,0.0,0.0,,,,,,,,,,,,,
tfim,16,tnqvm,unknown,CPU,sync,1,4,11331.06,16.0,50.0,16.0,16.0,80.0,80.0,0.0,1.0,16.0,48.0,32.0,0.0,0.0,1.0,1.0,80.0,32.0,1.0,1.0,0.0,0.0,0.0,80.0,160.0,52.0,,0.0,16.0,7.0,7.0,7.0,32.0,48.0,1.0,32.0,0.4,0.4898979485566356,0.0,1.0,32.0,1.0,,,0.0,0.0,0.0,0.0,32.0,0.0,0.0,16.0,0.0,16.0,0.0,16.0,0.0,0.0,0.0,,,,,,,,,,,,,
tfim,16,tnqvm,unknown,CPU,sync,1,4,7652.8,16.0,50.0,16.0,16.0,80.0,80.0,0.0,1.0,16.0,48.0,32.0,0.0,0.0,1.0,1.0,80.0,32.0,1.0,1.0,0.0,0.0,0.0,80.0,160.0,52.0,,0.0,16.0,7.0,7.0,7.0,32.0,48.0,1.0,32.0,0.4,0.4898979485566356,0.0,1.0,32.0,1.0,,,0.0,0.0,0.0,0.0,32.0,0.0,0.0,16.0,0.0,16.0,0.0,16.0,0.0,0.0,0.0,,,,,,,,,,,,,
tfim,16,tnqvm,unknown,CPU,sync,1,4,7829.36,16.0,50.0,16.0,16.0,80.0,80.0,0.0,1.0,16.0,48.0,32.0,0.0,0.0,1.0,1.0,80.0,32.0,1.0,1.0,0.0,0.0,0.0,80.0,160.0,52.0,,0.0,16.0,7.0,7.0,7.0,32.0,48.0,1.0,32.0,0.4,0.4898979485566356,0.0,1.0,32.0,1.0,,,0.0,0.0,0.0,0.0,32.0,0.0,0.0,16.0,0.0,16.0,0.0,16.0,0.0,0.0,0.0,,,,,,,,,,,,,
tfim,16,tnqvm,unknown,CPU,sync,1,16,15432.24,16.0,50.0,16.0,16.0,80.0,80.0,0.0,1.0,16.0,48.0,32.0,0.0,0.0,1.0,1.0,80.0,32.0,1.0,1.0,0.0,0.0,0.0,80.0,160.0,52.0,,0.0,16.0,7.0,7.0,7.0,32.0,48.0,1.0,32.0,0.4,0.4898979485566356,0.0,1.0,32.0,1.0,,,0.0,0.0,0.0,0.0,32.0,0.0,0.0,16.0,0.0,16.0,0.0,16.0,0.0,0.0,0.0,,,,,,,,,,,,,
tfim,16,tnqvm,unknown,CPU,sync,1,16,10617.46,16.0,50.0,16.0,16.0,80.0,80.0,0.0,1.0,16.0,48.0,32.0,0.0,0.0,1.0,1.0,80.0,32.0,1.0,1.0,0.0,0.0,0.0,80.0,160.0,52.0,,0.0,16.0,7.0,7.0,7.0,32.0,48.0,1.0,32.0,0.4,0.4898979485566356,0.0,1.0,32.0,1.0,,,0.0,0.0,0.0,0.0,32.0,0.0,0.0,16.0,0.0,16.0,0.0,16.0,0.0,0.0,0.0,,,,,,,,,,,,,
tfim,16,tnqvm,unknown,CPU,sync,1,16,10820.78,16.0,50.0,16.0,16.0,80.0,80.0,0.0,1.0,16.0,48.0,32.0,0.0,0.0,1.0,1.0,80.0,32.0,1.0,1.0,0.0,0.0,0.0,80.0,160.0,52.0,,0.0,16.0,7.0,7.0,7.0,32.0,48.0,1.0,32.0,0.4,0.4898979485566356,0.0,1.0,32.0,1.0,,,0.0,0.0,0.0,0.0,32.0,0.0,0.0,16.0,0.0,16.0,0.0,16.0,0.0,0.0,0.0,,,,,,,,,,,,,
tfim,16,tnqvm,unknown,CPU,sync,1,16,10572.48,16.0,50.0,16.0,16.0,80.0,80.0,0.0,1.0,16.0,48.0,32.0,0.0,0.0,1.0,1.0,80.0,32.0,1.0,1.0,0.0,0.0,0.0,80.0,160.0,52.0,,0.0,16.0,7.0,7.0,7.0,32.0,48.0,1.0,32.0,0.4,0.4898979485566356,0.0,1.0,32.0,1.0,,,0.0,0.0,0.0,0.0,32.0,0.0,0.0,16.0,0.0,16.0,0.0,16.0,0.0,0.0,0.0,,,,,,,,,,,,,
tfim,16,tnqvm,unknown,CPU,sync,1,16,10779.04,16.0,50.0,16.0,16.0,80.0,80.0,0.0,1.0,16.0,48.0,32.0,0.0,0.0,1.0,1.0,80.0,32.0,1.0,1.0,0.0,0.0,0.0,80.0,160.0,52.0,,0.0,16.0,7.0,7.0,7.0,32.0,48.0,1.0,32.0,0.4,0.4898979485566356,0.0,1.0,32.0,1.0,,,0.0,0.0,0.0,0.0,32.0,0.0,0.0,16.0,0.0,16.0,0.0,16.0,0.0,0.0,0.0,,,,,,,,,,,,,
tfim,16,qiskitaer,unknown,CPU,sync,2,8,3221.82,16.0,50.0,16.0,16.0,80.0,80.0,0.0,1.0,16.0,48.0,32.0,0.0,0.0,1.0,1.0,80.0,32.0,1.0,1.0,0.0,0.0,0.0,80.0,160.0,52.0,,0.0,16.0,7.0,7.0,7.0,32.0,48.0,1.0,32.0,0.4,0.4898979485566356,0.0,1.0,32.0,1.0,,,0.0,0.0,0.0,0.0,32.0,0.0,0.0,16.0,0.0,16.0,0.0,16.0,0.0,0.0,0.0,,,,,,,,,,,,,
tfim,16,qiskitaer,unknown,CPU,sync,2,8,3263.12,16.0,50.0,16.0,16.0,80.0,80.0,0.0,1.0,16.0,48.0,32.0,0.0,0.0,1.0,1.0,80.0,32.0,1.0,1.0,0.0,0.0,0.0,80.0,160.0,52.0,,0.0,16.0,7.0,7.0,7.0,32.0,48.0,1.0,32.0,0.4,0.4898979485566356,0.0,1.0,32.0,1.0,,,0.0,0.0,0.0,0.0,32.0,0.0,0.0,16.0,0.0,16.0,0.0,16.0,0.0,0.0,0.0,,,,,,,,,,,,,
tfim,16,qiskitaer,unknown,CPU,sync,2,8,3201.04,16.0,50.0,16.0,16.0,80.0,80.0,0.0,1.0,16.0,48.0,32.0,0.0,0.0,1.0,1.0,80.0,32.0,1.0,1.0,0.0,0.0,0.0,80.0,160.0,52.0,,0.0,16.0,7.0,7.0,7.0,32.0,48.0,1.0,32.0,0.4,0.4898979485566356,0.0,1.0,32.0,1.0,,,0.0,0.0,0.0,0.0,32.0,0.0,0.0,16.0,0.0,16.0,0.0,16.0,0.0,0.0,0.0,,,,,,,,,,,,,
tfim,16,qiskitaer,unknown,CPU,sync,2,8,3371.91,16.0,50.0,16.0,16.0,80.0,80.0,0.0,1.0,16.0,48.0,32.0,0.0,0.0,1.0,1.0,80.0,32.0,1.0,1.0,0.0,0.0,0.0,80.0,160.0,52.0,,0.0,16.0,7.0,7.0,7.0,32.0,48.0,1.0,32.0,0.4,0.4898979485566356,0.0,1.0,32.0,1.0,,,0.0,0.0,0.0,0.0,32.0,0.0,0.0,16.0,0.0,16.0,0.0,16.0,0.0,0.0,0.0,,,,,,,,,,,,,
tfim,16,qiskitaer,unknown,CPU,sync,2,8,3254.89,16.0,50.0,16.0,16.0,80.0,80.0,0.0,1.0,16.0,48.0,32.0,0.0,0.0,1.0,1.0,80.0,32.0,1.0,1.0,0.0,0.0,0.0,80.0,160.0,52.0,,0.0,16.0,7.0,7.0,7.0,32.0,48.0,1.0,32.0,0.4,0.4898979485566356,0.0,1.0,32.0,1.0,,,0.0,0.0,0.0,0.0,32.0,0.0,0.0,16.0,0.0,16.0,0.0,16.0,0.0,0.0,0.0,,,,,,,,,,,,,
tfim,16,qiskitaer,unknown,CPU,sync,2,8,3225.23,16.0,50.0,16.0,16.0,80.0,80.0,0.0,1.0,16.0,48.0,32.0,0.0,0.0,1.0,1.0,80.0,32.0,1.0,1.0,0.0,0.0,0.0,80.0,160.0,52.0,,0.0,16.0,7.0,7.0,7.0,32.0,48.0,1.0,32.0,0.4,0.4898979485566356,0.0,1.0,32.0,1.0,,,0.0,0.0,0.0,0.0,32.0,0.0,0.0,16.0,0.0,16.0,0.0,16.0,0.0,0.0,0.0,,,,,,,,,,,,,
tfim,16,qiskitaer,unknown,CPU,sync,2,8,3375.19,16.0,50.0,16.0,16.0,80.0,80.0,0.0,1.0,16.0,48.0,32.0,0.0,0.0,1.0,1.0,80.0,32.0,1.0,1.0,0.0,0.0,0.0,80.0,160.0,52.0,,0.0,16.0,7.0,7.0,7.0,32.0,48.0,1.0,32.0,0.4,0.4898979485566356,0.0,1.0,32.0,1.0,,,0.0,0.0,0.0,0.0,32.0,0.0,0.0,16.0,0.0,16.0,0.0,16.0,0.0,0.0,0.0,,,,,,,,,,,,,
tfim,16,qiskitaer,unknown,CPU,sync,2,8,3246.65,16.0,50.0,16.0,16.0,80.0,80.0,0.0,1.0,16.0,48.0,32.0,0.0,0.0,1.0,1.0,80.0,32.0,1.0,1.0,0.0,0.0,0.0,80.0,160.0,52.0,,0.0,16.0,7.0,7.0,7.0,32.0,48.0,1.0,32.0,0.4,0.4898979485566356,0.0,1.0,32.0,1.0,,,0.0,0.0,0.0,0.0,32.0,0.0,0.0,16.0,0.0,16.0,0.0,16.0,0.0,0.0,0.0,,,,,,,,,,,,,
tfim,16,qiskitaer,unknown,CPU,sync,2,8,3084.3,16.0,50.0,16.0,16.0,80.0,80.0,0.0,1.0,16.0,48.0,32.0,0.0,0.0,1.0,1.0,80.0,32.0,1.0,1.0,0.0,0.0,0.0,80.0,160.0,52.0,,0.0,16.0,7.0,7.0,7.0,32.0,48.0,1.0,32.0,0.4,0.4898979485566356,0.0,1.0,32.0,1.0,,,0.0,0.0,0.0,0.0,32.0,0.0,0.0,16.0,0.0,16.0,0.0,16.0,0.0,0.0,0.0,,,,,,,,,,,,,
tfim,16,qiskitaer,unknown,CPU,sync,2,8,3115.54,16.0,50.0,16.0,16.0,80.0,80.0,0.0,1.0,16.0,48.0,32.0,0.0,0.0,1.0,1.0,80.0,32.0,1.0,1.0,0.0,0.0,0.0,80.0,160.0,52.0,,0.0,16.0,7.0,7.0,7.0,32.0,48.0,1.0,32.0,0.4,0.4898979485566356,0.0,1.0,32.0,1.0,,,0.0,0.0,0.0,0.0,32.0,0.0,0.0,16.0,0.0,16.0,0.0,16.0,0.0,0.0,0.0,,,,,,,,,,,,,
tfim,16,qiskitaer,unknown,CPU,sync,2,8,3309.42,16.0,50.0,16.0,16.0,80.0,80.0,0.0,1.0,16.0,48.0,32.0,0.0,0.0,1.0,1.0,80.0,32.0,1.0,1.0,0.0,0.0,0.0,80.0,160.0,52.0,,0.0,16.0,7.0,7.0,7.0,32.0,48.0,1.0,32.0,0.4,0.4898979485566356,0.0,1.0,32.0,1.0,,,0.0,0.0,0.0,0.0,32.0,0.0,0.0,16.0,0.0,16.0,0.0,16.0,0.0,0.0,0.0,,,,,,,,,,,,,
tfim,16,qiskitaer,unknown,CPU,sync,2,8,3296.62,16.0,50.0,16.0,16.0,80.0,80.0,0.0,1.0,16.0,48.0,32.0,0.0,0.0,1.0,1.0,80.0,32.0,1.0,1.0,0.0,0.0,0.0,80.0,160.0,52.0,,0.0,16.0,7.0,7.0,7.0,32.0,48.0,1.0,32.0,0.4,0.4898979485566356,0.0,1.0,32.0,1.0,,,0.0,0.0,0.0,0.0,32.0,0.0,0.0,16.0,0.0,16.0,0.0,16.0,0.0,0.0,0.0,,,,,,,,,,,,,
tfim,16,qiskitaer,unknown,CPU,sync,2,8,3218.65,16.0,50.0,16.0,16.0,80.0,80.0,0.0,1.0,16.0,48.0,32.0,0.0,0.0,1.0,1.0,80.0,32.0,1.0,1.0,0.0,0.0,0.0,80.0,160.0,52.0,,0.0,16.0,7.0,7.0,7.0,32.0,48.0,1.0,32.0,0.4,0.4898979485566356,0.0,1.0,32.0,1.0,,,0.0,0.0,0.0,0.0,32.0,0.0,0.0,16.0,0.0,16.0,0.0,16.0,0.0,0.0,0.0,,,,,,,,,,,,,
tfim,16,qiskitaer,unknown,CPU,sync,2,8,3342.55,16.0,50.0,16.0,16.0,80.0,80.0,0.0,1.0,16.0,48.0,32.0,0.0,0.0,1.0,1.0,80.0,32.0,1.0,1.0,0.0,0.0,0.0,80.0,160.0,52.0,,0.0,16.0,7.0,7.0,7.0,32.0,48.0,1.0,32.0,0.4,0.4898979485566356,0.0,1.0,32.0,1.0,,,0.0,0.0,0.0,0.0,32.0,0.0,0.0,16.0,0.0,16.0,0.0,16.0,0.0,0.0,0.0,,,,,,,,,,,,,
tfim,16,qiskitaer,unknown,CPU,sync,2,8,3230.02,16.0,50.0,16.0,16.0,80.0,80.0,0.0,1.0,16.0,48.0,32.0,0.0,0.0,1.0,1.0,80.0,32.0,1.0,1.0,0.0,0.0,0.0,80.0,160.0,52.0,,0.0,16.0,7.0,7.0,7.0,32.0,48.0,1.0,32.0,0.4,0.4898979485566356,0.0,1.0,32.0,1.0,,,0.0,0.0,0.0,0.0,32.0,0.0,0.0,16.0,0.0,16.0,0.0,16.0,0.0,0.0,0.0,,,,,,,,,,,,,
tfim,16,qiskitaer,unknown,CPU,sync,2,8,3270.74,16.0,50.0,16.0,16.0,80.0,80.0,0.0,1.0,16.0,48.0,32.0,0.0,0.0,1.0,1.0,80.0,32.0,1.0,1.0,0.0,0.0,0.0,80.0,160.0,52.0,,0.0,16.0,7.0,7.0,7.0,32.0,48.0,1.0,32.0,0.4,0.4898979485566356,0.0,1.0,32.0,1.0,,,0.0,0.0,0.0,0.0,32.0,0.0,0.0,16.0,0.0,16.0,0.0,16.0,0.0,0.0,0.0,,,,,,,,,,,,,
tfim,16,qiskitaer,unknown,CPU,sync,2,8,3679.25,16.0,50.0,16.0,16.0,80.0,80.0,0.0,1.0,16.0,48.0,32.0,0.0,0.0,1.0,1.0,80.0,32.0,1.0,1.0,0.0,0.0,0.0,80.0,160.0,52.0,,0.0,16.0,7.0,7.0,7.0,32.0,48.0,1.0,32.0,0.4,0.4898979485566356,0.0,1.0,32.0,1.0,,,0.0,0.0,0.0,0.0,32.0,0.0,0.0,16.0,0.0,16.0,0.0,16.0,0.0,0.0,0.0,,,,,,,,,,,,,
tfim,16,qiskitaer,unknown,CPU,sync,2,8,3599.61,16.0,50.0,16.0,16.0,80.0,80.0,0.0,1.0,16.0,48.0,32.0,0.0,0.0,1.0,1.0,80.0,32.0,1.0,1.0,0.0,0.0,0.0,80.0,160.0,52.0,,0.0,16.0,7.0,7.0,7.0,32.0,48.0,1.0,32.0,0.4,0.4898979485566356,0.0,1.0,32.0,1.0,,,0.0,0.0,0.0,0.0,32.0,0.0,0.0,16.0,0.0,16.0,0.0,16.0,0.0,0.0,0.0,,,,,,,,,,,,,
tfim,16,qiskitaer,unknown,CPU,sync,2,8,3322.44,16.0,50.0,16.0,16.0,80.0,80.0,0.0,1.0,16.0,48.0,32.0,0.0,0.0,1.0,1.0,80.0,32.0,1.0,1.0,0.0,0.0,0.0,80.0,160.0,52.0,,0.0,16.0,7.0,7.0,7.0,32.0,48.0,1.0,32.0,0.4,0.4898979485566356,0.0,1.0,32.0,1.0,,,0.0,0.0,0.0,0.0,32.0,0.0,0.0,16.0,0.0,16.0,0.0,16.0,0.0,0.0,0.0,,,,,,,,,,,,,
tfim,16,qiskitaer,unknown,CPU,sync,2,8,3177.29,16.0,50.0,16.0,16.0,80.0,80.0,0.0,1.0,16.0,48.0,32.0,0.0,0.0,1.0,1.0,80.0,32.0,1.0,1.0,0.0,0.0,0.0,80.0,160.0,52.0,,0.0,16.0,7.0,7.0,7.0,32.0,48.0,1.0,32.0,0.4,0.4898979485566356,0.0,1.0,32.0,1.0,,,0.0,0.0,0.0,0.0,32.0,0.0,0.0,16.0,0.0,16.0,0.0,16.0,0.0,0.0,0.0,,,,,,,,,,,,,
tfim,16,qiskitaer,unknown,CPU,sync,2,8,3670.51,16.0,50.0,16.0,16.0,80.0,80.0,0.0,1.0,16.0,48.0,32.0,0.0,0.0,1.0,1.0,80.0,32.0,1.0,1.0,0.0,0.0,0.0,80.0,160.0,52.0,,0.0,16.0,7.0,7.0,7.0,32.0,48.0,1.0,32.0,0.4,0.4898979485566356,0.0,1.0,32.0,1.0,,,0.0,0.0,0.0,0.0,32.0,0.0,0.0,16.0,0.0,16.0,0.0,16.0,0.0,0.0,0.0,,,,,,,,,,,,,
tfim,16,qiskitaer,unknown,CPU,sync,2,8,3420.39,16.0,50.0,16.0,16.0,80.0,80.0,0.0,1.0,16.0,48.0,32.0,0.0,0.0,1.0,1.0,80.0,32.0,1.0,1.0,0.0,0.0,0.0,80.0,160.0,52.0,,0.0,16.0,7.0,7.0,7.0,32.0,48.0,1.0,32.0,0.4,0.4898979485566356,0.0,1.0,32.0,1.0,,,0.0,0.0,0.0,0.0,32.0,0.0,0.0,16.0,0.0,16.0,0.0,16.0,0.0,0.0,0.0,,,,,,,,,,,,,
tfim,16,qiskitaer,unknown,CPU,sync,2,8,3405.98,16.0,50.0,16.0,16.0,80.0,80.0,0.0,1.0,16.0,48.0,32.0,0.0,0.0,1.0,1.0,80.0,32.0,1.0,1.0,0.0,0.0,0.0,80.0,160.0,52.0,,0.0,16.0,7.0,7.0,7.0,32.0,48.0,1.0,32.0,0.4,0.4898979485566356,0.0,1.0,32.0,1.0,,,0.0,0.0,0.0,0.0,32.0,0.0,0.0,16.0,0.0,16.0,0.0,16.0,0.0,0.0,0.0,,,,,,,,,,,,,
tfim,16,qiskitaer,unknown,CPU,sync,2,8,3317.81,16.0,50.0,16.0,16.0,80.0,80.0,0.0,1.0,16.0,48.0,32.0,0.0,0.0,1.0,1.0,80.0,32.0,1.0,1.0,0.0,0.0,0.0,80.0,160.0,52.0,,0.0,16.0,7.0,7.0,7.0,32.0,48.0,1.0,32.0,0.4,0.4898979485566356,0.0,1.0,32.0,1.0,,,0.0,0.0,0.0,0.0,32.0,0.0,0.0,16.0,0.0,16.0,0.0,16.0,0.0,0.0,0.0,,,,,,,,,,,,,
tfim,16,qiskitaer,unknown,CPU,sync,2,8,3293.85,16.0,50.0,16.0,16.0,80.0,80.0,0.0,1.0,16.0,48.0,32.0,0.0,0.0,1.0,1.0,80.0,32.0,1.0,1.0,0.0,0.0,0.0,80.0,160.0,52.0,,0.0,16.0,7.0,7.0,7.0,32.0,48.0,1.0,32.0,0.4,0.4898979485566356,0.0,1.0,32.0,1.0,,,0.0,0.0,0.0,0.0,32.0,0.0,0.0,16.0,0.0,16.0,0.0,16.0,0.0,0.0,0.0,,,,,,,,,,,,,
tfim,16,qiskitaer,unknown,CPU,sync,2,8,3394.62,16.0,50.0,16.0,16.0,80.0,80.0,0.0,1.0,16.0,48.0,32.0,0.0,0.0,1.0,1.0,80.0,32.0,1.0,1.0,0.0,0.0,0.0,80.0,160.0,52.0,,0.0,16.0,7.0,7.0,7.0,32.0,48.0,1.0,32.0,0.4,0.4898979485566356,0.0,1.0,32.0,1.0,,,0.0,0.0,0.0,0.0,32.0,0.0,0.0,16.0,0.0,16.0,0.0,16.0,0.0,0.0,0.0,,,,,,,,,,,,,
tfim,16,qiskitaer,unknown,CPU,sync,2,8,3772.74,16.0,50.0,16.0,16.0,80.0,80.0,0.0,1.0,16.0,48.0,32.0,0.0,0.0,1.0,1.0,80.0,32.0,1.0,1.0,0.0,0.0,0.0,80.0,160.0,52.0,,0.0,16.0,7.0,7.0,7.0,32.0,48.0,1.0,32.0,0.4,0.4898979485566356,0.0,1.0,32.0,1.0,,,0.0,0.0,0.0,0.0,32.0,0.0,0.0,16.0,0.0,16.0,0.0,16.0,0.0,0.0,0.0,,,,,,,,,,,,,
tfim,16,qiskitaer,unknown,CPU,sync,2,8,3621.51,16.0,50.0,16.0,16.0,80.0,80.0,0.0,1.0,16.0,48.0,32.0,0.0,0.0,1.0,1.0,80.0,32.0,1.0,1.0,0.0,0.0,0.0,80.0,160.0,52.0,,0.0,16.0,7.0,7.0,7.0,32.0,48.0,1.0,32.0,0.4,0.4898979485566356,0.0,1.0,32.0,1.0,,,0.0,0.0,0.0,0.0,32.0,0.0,0.0,16.0,0.0,16.0,0.0,16.0,0.0,0.0,0.0,,,,,,,,,,,,,
tfim,16,qiskitaer,unknown,CPU,sync,2,8,3454.68,16.0,50.0,16.0,16.0,80.0,80.0,0.0,1.0,16.0,48.0,32.0,0.0,0.0,1.0,1.0,80.0,32.0,1.0,1.0,0.0,0.0,0.0,80.0,160.0,52.0,,0.0,16.0,7.0,7.0,7.0,32.0,48.0,1.0,32.0,0.4,0.4898979485566356,0.0,1.0,32.0,1.0,,,0.0,0.0,0.0,0.0,32.0,0.0,0.0,16.0,0.0,16.0,0.0,16.0,0.0,0.0,0.0,,,,,,,,,,,,,
tfim,16,qiskitaer,unknown,CPU,sync,2,8,3439.65,16.0,50.0,16.0,16.0,80.0,80.0,0.0,1.0,16.0,48.0,32.0,0.0,0.0,1.0,1.0,80.0,32.0,1.0,1.0,0.0,0.0,0.0,80.0,160.0,52.0,,0.0,16.0,7.0,7.0,7.0,32.0,48.0,1.0,32.0,0.4,0.4898979485566356,0.0,1.0,32.0,1.0,,,0.0,0.0,0.0,0.0,32.0,0.0,0.0,16.0,0.0,16.0,0.0,16.0,0.0,0.0,0.0,,,,,,,,,,,,,
tfim,16,qiskitaer,unknown,CPU,sync,2,4,7291.84,16.0,50.0,16.0,16.0,80.0,80.0,0.0,1.0,16.0,48.0,32.0,0.0,0.0,1.0,1.0,80.0,32.0,1.0,1.0,0.0,0.0,0.0,80.0,160.0,52.0,,0.0,16.0,7.0,7.0,7.0,32.0,48.0,1.0,32.0,0.4,0.4898979485566356,0.0,1.0,32.0,1.0,,,0.0,0.0,0.0,0.0,32.0,0.0,0.0,16.0,0.0,16.0,0.0,16.0,0.0,0.0,0.0,,,,,,,,,,,,,
tfim,16,qiskitaer,unknown,CPU,sync,2,4,6861.64,16.0,50.0,16.0,16.0,80.0,80.0,0.0,1.0,16.0,48.0,32.0,0.0,0.0,1.0,1.0,80.0,32.0,1.0,1.0,0.0,0.0,0.0,80.0,160.0,52.0,,0.0,16.0,7.0,7.0,7.0,32.0,48.0,1.0,32.0,0.4,0.4898979485566356,0.0,1.0,32.0,1.0,,,0.0,0.0,0.0,0.0,32.0,0.0,0.0,16.0,0.0,16.0,0.0,16.0,0.0,0.0,0.0,,,,,,,,,,,,,
tfim,16,qiskitaer,unknown,CPU,sync,2,4,7053.62,16.0,50.0,16.0,16.0,80.0,80.0,0.0,1.0,16.0,48.0,32.0,0.0,0.0,1.0,1.0,80.0,32.0,1.0,1.0,0.0,0.0,0.0,80.0,160.0,52.0,,0.0,16.0,7.0,7.0,7.0,32.0,48.0,1.0,32.0,0.4,0.4898979485566356,0.0,1.0,32.0,1.0,,,0.0,0.0,0.0,0.0,32.0,0.0,0.0,16.0,0.0,16.0,0.0,16.0,0.0,0.0,0.0,,,,,,,,,,,,,
tfim,16,qiskitaer,unknown,CPU,sync,2,4,7291.84,16.0,50.0,16.0,16.0,80.0,80.0,0.0,1.0,16.0,48.0,32.0,0.0,0.0,1.0,1.0,80.0,32.0,1.0,1.0,0.0,0.0,0.0,80.0,160.0,52.0,,0.0,16.0,7.0,7.0,7.0,32.0,48.0,1.0,32.0,0.4,0.4898979485566356,0.0,1.0,32.0,1.0,,,0.0,0.0,0.0,0.0,32.0,0.0,0.0,16.0,0.0,16.0,0.0,16.0,0.0,0.0,0.0,,,,,,,,,,,,,
tfim,16,qiskitaer,unknown,CPU,sync,2,4,6861.64,16.0,50.0,16.0,16.0,80.0,80.0,0.0,1.0,16.0,48.0,32.0,0.0,0.0,1.0,1.0,80.0,32.0,1.0,1.0,0.0,0.0,0.0,80.0,160.0,52.0,,0.0,16.0,7.0,7.0,7.0,32.0,48.0,1.0,32.0,0.4,0.4898979485566356,0.0,1.0,32.0,1.0,,,0.0,0.0,0.0,0.0,32.0,0.0,0.0,16.0,0.0,16.0,0.0,16.0,0.0,0.0,0.0,,,,,,,,,,,,,
tfim,16,qiskitaer,unknown,CPU,sync,2,4,7053.62,16.0,50.0,16.0,16.0,80.0,80.0,0.0,1.0,16.0,48.0,32.0,0.0,0.0,1.0,1.0,80.0,32.0,1.0,1.0,0.0,0.0,0.0,80.0,160.0,52.0,,0.0,16.0,7.0,7.0,7.0,32.0,48.0,1.0,32.0,0.4,0.4898979485566356,0.0,1.0,32.0,1.0,,,0.0,0.0,0.0,0.0,32.0,0.0,0.0,16.0,0.0,16.0,0.0,16.0,0.0,0.0,0.0,,,,,,,,,,,,,
tfim,16,qiskitaer,unknown,CPU,sync,2,2,0.0,16.0,50.0,16.0,16.0,80.0,80.0,0.0,1.0,16.0,48.0,32.0,0.0,0.0,1.0,1.0,80.0,32.0,1.0,1.0,0.0,0.0,0.0,80.0,160.0,52.0,,0.0,16.0,7.0,7.0,7.0,32.0,48.0,1.0,32.0,0.4,0.4898979485566356,0.0,1.0,32.0,1.0,,,0.0,0.0,0.0,0.0,32.0,0.0,0.0,16.0,0.0,16.0,0.0,16.0,0.0,0.0,0.0,,,,,,,,,,,,,
tfim,16,qiskitaer,unknown,CPU,sync,2,2,0.0,16.0,50.0,16.0,16.0,80.0,80.0,0.0,1.0,16.0,48.0,32.0,0.0,0.0,1.0,1.0,80.0,32.0,1.0,1.0,0.0,0.0,0.0,80.0,160.0,52.0,,0.0,16.0,7.0,7.0,7.0,32.0,48.0,1.0,32.0,0.4,0.4898979485566356,0.0,1.0,32.0,1.0,,,0.0,0.0,0.0,0.0,32.0,0.0,0.0,16.0,0.0,16.0,0.0,16.0,0.0,0.0,0.0,,,,,,,,,,,,,
tfim,16,qiskitaer,unknown,CPU,sync,2,2,0.0,16.0,50.0,16.0,16.0,80.0,80.0,0.0,1.0,16.0,48.0,32.0,0.0,0.0,1.0,1.0,80.0,32.0,1.0,1.0,0.0,0.0,0.0,80.0,160.0,52.0,,0.0,16.0,7.0,7.0,7.0,32.0,48.0,1.0,32.0,0.4,0.4898979485566356,0.0,1.0,32.0,1.0,,,0.0,0.0,0.0,0.0,32.0,0.0,0.0,16.0,0.0,16.0,0.0,16.0,0.0,0.0,0.0,,,,,,,,,,,,,
tfim,16,qiskitaer,unknown,CPU,sync,2,2,8140.94,16.0,50.0,16.0,16.0,80.0,80.0,0.0,1.0,16.0,48.0,32.0,0.0,0.0,1.0,1.0,80.0,32.0,1.0,1.0,0.0,0.0,0.0,80.0,160.0,52.0,,0.0,16.0,7.0,7.0,7.0,32.0,48.0,1.0,32.0,0.4,0.4898979485566356,0.0,1.0,32.0,1.0,,,0.0,0.0,0.0,0.0,32.0,0.0,0.0,16.0,0.0,16.0,0.0,16.0,0.0,0.0,0.0,,,,,,,,,,,,,
tfim,16,qiskitaer,unknown,CPU,sync,2,2,7890.5,16.0,50.0,16.0,16.0,80.0,80.0,0.0,1.0,16.0,48.0,32.0,0.0,0.0,1.0,1.0,80.0,32.0,1.0,1.0,0.0,0.0,0.0,80.0,160.0,52.0,,0.0,16.0,7.0,7.0,7.0,32.0,48.0,1.0,32.0,0.4,0.4898979485566356,0.0,1.0,32.0,1.0,,,0.0,0.0,0.0,0.0,32.0,0.0,0.0,16.0,0.0,16.0,0.0,16.0,0.0,0.0,0.0,,,,,,,,,,,,,
tfim,16,qiskitaer,unknown,CPU,sync,2,2,8223.32,16.0,50.0,16.0,16.0,80.0,80.0,0.0,1.0,16.0,48.0,32.0,0.0,0.0,1.0,1.0,80.0,32.0,1.0,1.0,0.0,0.0,0.0,80.0,160.0,52.0,,0.0,16.0,7.0,7.0,7.0,32.0,48.0,1.0,32.0,0.4,0.4898979485566356,0.0,1.0,32.0,1.0,,,0.0,0.0,0.0,0.0,32.0,0.0,0.0,16.0,0.0,16.0,0.0,16.0,0.0,0.0,0.0,,,,,,,,,,,,,
tfim,16,qiskitaer,unknown,CPU,sync,2,2,0.0,16.0,50.0,16.0,16.0,80.0,80.0,0.0,1.0,16.0,48.0,32.0,0.0,0.0,1.0,1.0,80.0,32.0,1.0,1.0,0.0,0.0,0.0,80.0,160.0,52.0,,0.0,16.0,7.0,7.0,7.0,32.0,48.0,1.0,32.0,0.4,0.4898979485566356,0.0,1.0,32.0,1.0,,,0.0,0.0,0.0,0.0,32.0,0.0,0.0,16.0,0.0,16.0,0.0,16.0,0.0,0.0,0.0,,,,,,,,,,,,,
tfim,16,qiskitaer,unknown,CPU,sync,2,2,0.0,16.0,50.0,16.0,16.0,80.0,80.0,0.0,1.0,16.0,48.0,32.0,0.0,0.0,1.0,1.0,80.0,32.0,1.0,1.0,0.0,0.0,0.0,80.0,160.0,52.0,,0.0,16.0,7.0,7.0,7.0,32.0,48.0,1.0,32.0,0.4,0.4898979485566356,0.0,1.0,32.0,1.0,,,0.0,0.0,0.0,0.0,32.0,0.0,0.0,16.0,0.0,16.0,0.0,16.0,0.0,0.0,0.0,,,,,,,,,,,,,
tfim,16,qiskitaer,unknown,CPU,sync,2,2,0.0,16.0,50.0,16.0,16.0,80.0,80.0,0.0,1.0,16.0,48.0,32.0,0.0,0.0,1.0,1.0,80.0,32.0,1.0,1.0,0.0,0.0,0.0,80.0,160.0,52.0,,0.0,16.0,7.0,7.0,7.0,32.0,48.0,1.0,32.0,0.4,0.4898979485566356,0.0,1.0,32.0,1.0,,,0.0,0.0,0.0,0.0,32.0,0.0,0.0,16.0,0.0,16.0,0.0,16.0,0.0,0.0,0.0,,,,,,,,,,,,,
tfim,16,qiskitaer,unknown,CPU,sync,2,2,0.0,16.0,50.0,16.0,16.0,80.0,80.0,0.0,1.0,16.0,48.0,32.0,0.0,0.0,1.0,1.0,80.0,32.0,1.0,1.0,0.0,0.0,0.0,80.0,160.0,52.0,,0.0,16.0,7.0,7.0,7.0,32.0,48.0,1.0,32.0,0.4,0.4898979485566356,0.0,1.0,32.0,1.0,,,0.0,0.0,0.0,0.0,32.0,0.0,0.0,16.0,0.0,16.0,0.0,16.0,0.0,0.0,0.0,,,,,,,,,,,,,
tfim,16,qiskitaer,unknown,CPU,sync,2,2,0.0,16.0,50.0,16.0,16.0,80.0,80.0,0.0,1.0,16.0,48.0,32.0,0.0,0.0,1.0,1.0,80.0,32.0,1.0,1.0,0.0,0.0,0.0,80.0,160.0,52.0,,0.0,16.0,7.0,7.0,7.0,32.0,48.0,1.0,32.0,0.4,0.4898979485566356,0.0,1.0,32.0,1.0,,,0.0,0.0,0.0,0.0,32.0,0.0,0.0,16.0,0.0,16.0,0.0,16.0,0.0,0.0,0.0,,,,,,,,,,,,,
tfim,16,qiskitaer,unknown,CPU,sync,2,2,0.0,16.0,50.0,16.0,16.0,80.0,80.0,0.0,1.0,16.0,48.0,32.0,0.0,0.0,1.0,1.0,80.0,32.0,1.0,1.0,0.0,0.0,0.0,80.0,160.0,52.0,,0.0,16.0,7.0,7.0,7.0,32.0,48.0,1.0,32.0,0.4,0.4898979485566356,0.0,1.0,32.0,1.0,,,0.0,0.0,0.0,0.0,32.0,0.0,0.0,16.0,0.0,16.0,0.0,16.0,0.0,0.0,0.0,,,,,,,,,,,,,
tfim,16,qiskitaer,unknown,CPU,sync,2,2,8140.94,16.0,50.0,16.0,16.0,80.0,80.0,0.0,1.0,16.0,48.0,32.0,0.0,0.0,1.0,1.0,80.0,32.0,1.0,1.0,0.0,0.0,0.0,80.0,160.0,52.0,,0.0,16.0,7.0,7.0,7.0,32.0,48.0,1.0,32.0,0.4,0.4898979485566356,0.0,1.0,32.0,1.0,,,0.0,0.0,0.0,0.0,32.0,0.0,0.0,16.0,0.0,16.0,0.0,16.0,0.0,0.0,0.0,,,,,,,,,,,,,
tfim,16,qiskitaer,unknown,CPU,sync,2,2,7890.5,16.0,50.0,16.0,16.0,80.0,80.0,0.0,1.0,16.0,48.0,32.0,0.0,0.0,1.0,1.0,80.0,32.0,1.0,1.0,0.0,0.0,0.0,80.0,160.0,52.0,,0.0,16.0,7.0,7.0,7.0,32.0,48.0,1.0,32.0,0.4,0.4898979485566356,0.0,1.0,32.0,1.0,,,0.0,0.0,0.0,0.0,32.0,0.0,0.0,16.0,0.0,16.0,0.0,16.0,0.0,0.0,0.0,,,,,,,,,,,,,
tfim,16,qiskitaer,unknown,CPU,sync,2,2,8223.32,16.0,50.0,16.0,16.0,80.0,80.0,0.0,1.0,16.0,48.0,32.0,0.0,0.0,1.0,1.0,80.0,32.0,1.0,1.0,0.0,0.0,0.0,80.0,160.0,52.0,,0.0,16.0,7.0,7.0,7.0,32.0,48.0,1.0,32.0,0.4,0.4898979485566356,0.0,1.0,32.0,1.0,,,0.0,0.0,0.0,0.0,32.0,0.0,0.0,16.0,0.0,16.0,0.0,16.0,0.0,0.0,0.0,,,,,,,,,,,,,
tfim,16,qiskitaer,unknown,CPU,sync,2,2,0.0,16.0,50.0,16.0,16.0,80.0,80.0,0.0,1.0,16.0,48.0,32.0,0.0,0.0,1.0,1.0,80.0,32.0,1.0,1.0,0.0,0.0,0.0,80.0,160.0,52.0,,0.0,16.0,7.0,7.0,7.0,32.0,48.0,1.0,32.0,0.4,0.4898979485566356,0.0,1.0,32.0,1.0,,,0.0,0.0,0.0,0.0,32.0,0.0,0.0,16.0,0.0,16.0,0.0,16.0,0.0,0.0,0.0,,,,,,,,,,,,,
tfim,16,qiskitaer,unknown,CPU,sync,2,2,0.0,16.0,50.0,16.0,16.0,80.0,80.0,0.0,1.0,16.0,48.0,32.0,0.0,0.0,1.0,1.0,80.0,32.0,1.0,1.0,0.0,0.0,0.0,80.0,160.0,52.0,,0.0,16.0,7.0,7.0,7.0,32.0,48.0,1.0,32.0,0.4,0.4898979485566356,0.0,1.0,32.0,1.0,,,0.0,0.0,0.0,0.0,32.0,0.0,0.0,16.0,0.0,16.0,0.0,16.0,0.0,0.0,0.0,,,,,,,,,,,,,
tfim,16,qiskitaer,unknown,CPU,sync,2,2,0.0,16.0,50.0,16.0,16.0,80.0,80.0,0.0,1.0,16.0,48.0,32.0,0.0,0.0,1.0,1.0,80.0,32.0,1.0,1.0,0.0,0.0,0.0,80.0,160.0,52.0,,0.0,16.0,7.0,7.0,7.0,32.0,48.0,1.0,32.0,0.4,0.4898979485566356,0.0,1.0,32.0,1.0,,,0.0,0.0,0.0,0.0,32.0,0.0,0.0,16.0,0.0,16.0,0.0,16.0,0.0,0.0,0.0,,,,,,,,,,,,,
tfim,16,qiskitaer,unknown,CPU,sync,1,4,7172.17,16.0,50.0,16.0,16.0,80.0,80.0,0.0,1.0,16.0,48.0,32.0,0.0,0.0,1.0,1.0,80.0,32.0,1.0,1.0,0.0,0.0,0.0,80.0,160.0,52.0,,0.0,16.0,7.0,7.0,7.0,32.0,48.0,1.0,32.0,0.4,0.4898979485566356,0.0,1.0,32.0,1.0,,,0.0,0.0,0.0,0.0,32.0,0.0,0.0,16.0,0.0,16.0,0.0,16.0,0.0,0.0,0.0,,,,,,,,,,,,,
tfim,16,qiskitaer,unknown,CPU,sync,1,4,6218.12,16.0,50.0,16.0,16.0,80.0,80.0,0.0,1.0,16.0,48.0,32.0,0.0,0.0,1.0,1.0,80.0,32.0,1.0,1.0,0.0,0.0,0.0,80.0,160.0,52.0,,0.0,16.0,7.0,7.0,7.0,32.0,48.0,1.0,32.0,0.4,0.4898979485566356,0.0,1.0,32.0,1.0,,,0.0,0.0,0.0,0.0,32.0,0.0,0.0,16.0,0.0,16.0,0.0,16.0,0.0,0.0,0.0,,,,,,,,,,,,,
tfim,16,qiskitaer,unknown,CPU,sync,1,4,5819.59,16.0,50.0,16.0,16.0,80.0,80.0,0.0,1.0,16.0,48.0,32.0,0.0,0.0,1.0,1.0,80.0,32.0,1.0,1.0,0.0,0.0,0.0,80.0,160.0,52.0,,0.0,16.0,7.0,7.0,7.0,32.0,48.0,1.0,32.0,0.4,0.4898979485566356,0.0,1.0,32.0,1.0,,,0.0,0.0,0.0,0.0,32.0,0.0,0.0,16.0,0.0,16.0,0.0,16.0,0.0,0.0,0.0,,,,,,,,,,,,,
tfim,16,qiskitaer,unknown,CPU,sync,1,4,0.0,16.0,50.0,16.0,16.0,80.0,80.0,0.0,1.0,16.0,48.0,32.0,0.0,0.0,1.0,1.0,80.0,32.0,1.0,1.0,0.0,0.0,0.0,80.0,160.0,52.0,,0.0,16.0,7.0,7.0,7.0,32.0,48.0,1.0,32.0,0.4,0.4898979485566356,0.0,1.0,32.0,1.0,,,0.0,0.0,0.0,0.0,32.0,0.0,0.0,16.0,0.0,16.0,0.0,16.0,0.0,0.0,0.0,,,,,,,,,,,,,
tfim,16,qiskitaer,unknown,CPU,sync,1,4,0.0,16.0,50.0,16.0,16.0,80.0,80.0,0.0,1.0,16.0,48.0,32.0,0.0,0.0,1.0,1.0,80.0,32.0,1.0,1.0,0.0,0.0,0.0,80.0,160.0,52.0,,0.0,16.0,7.0,7.0,7.0,32.0,48.0,1.0,32.0,0.4,0.4898979485566356,0.0,1.0,32.0,1.0,,,0.0,0.0,0.0,0.0,32.0,0.0,0.0,16.0,0.0,16.0,0.0,16.0,0.0,0.0,0.0,,,,,,,,,,,,,
tfim,16,qiskitaer,unknown,CPU,sync,1,4,0.0,16.0,50.0,16.0,16.0,80.0,80.0,0.0,1.0,16.0,48.0,32.0,0.0,0.0,1.0,1.0,80.0,32.0,1.0,1.0,0.0,0.0,0.0,80.0,160.0,52.0,,0.0,16.0,7.0,7.0,7.0,32.0,48.0,1.0,32.0,0.4,0.4898979485566356,0.0,1.0,32.0,1.0,,,0.0,0.0,0.0,0.0,32.0,0.0,0.0,16.0,0.0,16.0,0.0,16.0,0.0,0.0,0.0,,,,,,,,,,,,,
tfim,16,qiskitaer,unknown,CPU,sync,1,4,0.0,16.0,50.0,16.0,16.0,80.0,80.0,0.0,1.0,16.0,48.0,32.0,0.0,0.0,1.0,1.0,80.0,32.0,1.0,1.0,0.0,0.0,0.0,80.0,160.0,52.0,,0.0,16.0,7.0,7.0,7.0,32.0,48.0,1.0,32.0,0.4,0.4898979485566356,0.0,1.0,32.0,1.0,,,0.0,0.0,0.0,0.0,32.0,0.0,0.0,16.0,0.0,16.0,0.0,16.0,0.0,0.0,0.0,,,,,,,,,,,,,
tfim,16,qiskitaer,unknown,CPU,sync,1,4,0.0,16.0,50.0,16.0,16.0,80.0,80.0,0.0,1.0,16.0,48.0,32.0,0.0,0.0,1.0,1.0,80.0,32.0,1.0,1.0,0.0,0.0,0.0,80.0,160.0,52.0,,0.0,16.0,7.0,7.0,7.0,32.0,48.0,1.0,32.0,0.4,0.4898979485566356,0.0,1.0,32.0,1.0,,,0.0,0.0,0.0,0.0,32.0,0.0,0.0,16.0,0.0,16.0,0.0,16.0,0.0,0.0,0.0,,,,,,,,,,,,,
tfim,16,qiskitaer,unknown,CPU,sync,1,4,0.0,16.0,50.0,16.0,16.0,80.0,80.0,0.0,1.0,16.0,48.0,32.0,0.0,0.0,1.0,1.0,80.0,32.0,1.0,1.0,0.0,0.0,0.0,80.0,160.0,52.0,,0.0,16.0,7.0,7.0,7.0,32.0,48.0,1.0,32.0,0.4,0.4898979485566356,0.0,1.0,32.0,1.0,,,0.0,0.0,0.0,0.0,32.0,0.0,0.0,16.0,0.0,16.0,0.0,16.0,0.0,0.0,0.0,,,,,,,,,,,,,
tfim,16,qiskitaer,unknown,CPU,sync,1,4,7172.17,16.0,50.0,16.0,16.0,80.0,80.0,0.0,1.0,16.0,48.0,32.0,0.0,0.0,1.0,1.0,80.0,32.0,1.0,1.0,0.0,0.0,0.0,80.0,160.0,52.0,,0.0,16.0,7.0,7.0,7.0,32.0,48.0,1.0,32.0,0.4,0.4898979485566356,0.0,1.0,32.0,1.0,,,0.0,0.0,0.0,0.0,32.0,0.0,0.0,16.0,0.0,16.0,0.0,16.0,0.0,0.0,0.0,,,,,,,,,,,,,
tfim,16,qiskitaer,unknown,CPU,sync,1,4,6218.12,16.0,50.0,16.0,16.0,80.0,80.0,0.0,1.0,16.0,48.0,32.0,0.0,0.0,1.0,1.0,80.0,32.0,1.0,1.0,0.0,0.0,0.0,80.0,160.0,52.0,,0.0,16.0,7.0,7.0,7.0,32.0,48.0,1.0,32.0,0.4,0.4898979485566356,0.0,1.0,32.0,1.0,,,0.0,0.0,0.0,0.0,32.0,0.0,0.0,16.0,0.0,16.0,0.0,16.0,0.0,0.0,0.0,,,,,,,,,,,,,
tfim,16,qiskitaer,unknown,CPU,sync,1,4,5819.59,16.0,50.0,16.0,16.0,80.0,80.0,0.0,1.0,16.0,48.0,32.0,0.0,0.0,1.0,1.0,80.0,32.0,1.0,1.0,0.0,0.0,0.0,80.0,160.0,52.0,,0.0,16.0,7.0,7.0,7.0,32.0,48.0,1.0,32.0,0.4,0.4898979485566356,0.0,1.0,32.0,1.0,,,0.0,0.0,0.0,0.0,32.0,0.0,0.0,16.0,0.0,16.0,0.0,16.0,0.0,0.0,0.0,,,,,,,,,,,,,
tfim,16,qiskitaer,unknown,CPU,sync,1,4,0.0,16.0,50.0,16.0,16.0,80.0,80.0,0.0,1.0,16.0,48.0,32.0,0.0,0.0,1.0,1.0,80.0,32.0,1.0,1.0,0.0,0.0,0.0,80.0,160.0,52.0,,0.0,16.0,7.0,7.0,7.0,32.0,48.0,1.0,32.0,0.4,0.4898979485566356,0.0,1.0,32.0,1.0,,,0.0,0.0,0.0,0.0,32.0,0.0,0.0,16.0,0.0,16.0,0.0,16.0,0.0,0.0,0.0,,,,,,,,,,,,,
tfim,16,qiskitaer,unknown,CPU,sync,1,4,0.0,16.0,50.0,16.0,16.0,80.0,80.0,0.0,1.0,16.0,48.0,32.0,0.0,0.0,1.0,1.0,80.0,32.0,1.0,1.0,0.0,0.0,0.0,80.0,160.0,52.0,,0.0,16.0,7.0,7.0,7.0,32.0,48.0,1.0,32.0,0.4,0.4898979485566356,0.0,1.0,32.0,1.0,,,0.0,0.0,0.0,0.0,32.0,0.0,0.0,16.0,0.0,16.0,0.0,16.0,0.0,0.0,0.0,,,,,,,,,,,,,
tfim,16,qiskitaer,unknown,CPU,sync,1,4,0.0,16.0,50.0,16.0,16.0,80.0,80.0,0.0,1.0,16.0,48.0,32.0,0.0,0.0,1.0,1.0,80.0,32.0,1.0,1.0,0.0,0.0,0.0,80.0,160.0,52.0,,0.0,16.0,7.0,7.0,7.0,32.0,48.0,1.0,32.0,0.4,0.4898979485566356,0.0,1.0,32.0,1.0,,,0.0,0.0,0.0,0.0,32.0,0.0,0.0,16.0,0.0,16.0,0.0,16.0,0.0,0.0,0.0,,,,,,,,,,,,,
tfim,16,qiskitaer,unknown,CPU,sync,1,4,0.0,16.0,50.0,16.0,16.0,80.0,80.0,0.0,1.0,16.0,48.0,32.0,0.0,0.0,1.0,1.0,80.0,32.0,1.0,1.0,0.0,0.0,0.0,80.0,160.0,52.0,,0.0,16.0,7.0,7.0,7.0,32.0,48.0,1.0,32.0,0.4,0.4898979485566356,0.0,1.0,32.0,1.0,,,0.0,0.0,0.0,0.0,32.0,0.0,0.0,16.0,0.0,16.0,0.0,16.0,0.0,0.0,0.0,,,,,,,,,,,,,
tfim,16,qiskitaer,unknown,CPU,sync,1,4,0.0,16.0,50.0,16.0,16.0,80.0,80.0,0.0,1.0,16.0,48.0,32.0,0.0,0.0,1.0,1.0,80.0,32.0,1.0,1.0,0.0,0.0,0.0,80.0,160.0,52.0,,0.0,16.0,7.0,7.0,7.0,32.0,48.0,1.0,32.0,0.4,0.4898979485566356,0.0,1.0,32.0,1.0,,,0.0,0.0,0.0,0.0,32.0,0.0,0.0,16.0,0.0,16.0,0.0,16.0,0.0,0.0,0.0,,,,,,,,,,,,,
tfim,16,qiskitaer,unknown,CPU,sync,1,4,0.0,16.0,50.0,16.0,16.0,80.0,80.0,0.0,1.0,16.0,48.0,32.0,0.0,0.0,1.0,1.0,80.0,32.0,1.0,1.0,0.0,0.0,0.0,80.0,160.0,52.0,,0.0,16.0,7.0,7.0,7.0,32.0,48.0,1.0,32.0,0.4,0.4898979485566356,0.0,1.0,32.0,1.0,,,0.0,0.0,0.0,0.0,32.0,0.0,0.0,16.0,0.0,16.0,0.0,16.0,0.0,0.0,0.0,,,,,,,,,,,,,
tfim,16,qiskitaer,unknown,CPU,sync,1,16,41635.72,16.0,50.0,16.0,16.0,80.0,80.0,0.0,1.0,16.0,48.0,32.0,0.0,0.0,1.0,1.0,80.0,32.0,1.0,1.0,0.0,0.0,0.0,80.0,160.0,52.0,,0.0,16.0,7.0,7.0,7.0,32.0,48.0,1.0,32.0,0.4,0.4898979485566356,0.0,1.0,32.0,1.0,,,0.0,0.0,0.0,0.0,32.0,0.0,0.0,16.0,0.0,16.0,0.0,16.0,0.0,0.0,0.0,,,,,,,,,,,,,
tfim,16,qiskitaer,unknown,CPU,sync,1,16,5364.0,16.0,50.0,16.0,16.0,80.0,80.0,0.0,1.0,16.0,48.0,32.0,0.0,0.0,1.0,1.0,80.0,32.0,1.0,1.0,0.0,0.0,0.0,80.0,160.0,52.0,,0.0,16.0,7.0,7.0,7.0,32.0,48.0,1.0,32.0,0.4,0.4898979485566356,0.0,1.0,32.0,1.0,,,0.0,0.0,0.0,0.0,32.0,0.0,0.0,16.0,0.0,16.0,0.0,16.0,0.0,0.0,0.0,,,,,,,,,,,,,
tfim,16,qiskitaer,unknown,CPU,sync,1,16,7533.09,16.0,50.0,16.0,16.0,80.0,80.0,0.0,1.0,16.0,48.0,32.0,0.0,0.0,1.0,1.0,80.0,32.0,1.0,1.0,0.0,0.0,0.0,80.0,160.0,52.0,,0.0,16.0,7.0,7.0,7.0,32.0,48.0,1.0,32.0,0.4,0.4898979485566356,0.0,1.0,32.0,1.0,,,0.0,0.0,0.0,0.0,32.0,0.0,0.0,16.0,0.0,16.0,0.0,16.0,0.0,0.0,0.0,,,,,,,,,,,,,
tfim,16,qiskitaer,unknown,CPU,sync,1,16,6291.83,16.0,50.0,16.0,16.0,80.0,80.0,0.0,1.0,16.0,48.0,32.0,0.0,0.0,1.0,1.0,80.0,32.0,1.0,1.0,0.0,0.0,0.0,80.0,160.0,52.0,,0.0,16.0,7.0,7.0,7.0,32.0,48.0,1.0,32.0,0.4,0.4898979485566356,0.0,1.0,32.0,1.0,,,0.0,0.0,0.0,0.0,32.0,0.0,0.0,16.0,0.0,16.0,0.0,16.0,0.0,0.0,0.0,,,,,,,,,,,,,
tfim,16,qiskitaer,unknown,CPU,sync,1,16,6234.52,16.0,50.0,16.0,16.0,80.0,80.0,0.0,1.0,16.0,48.0,32.0,0.0,0.0,1.0,1.0,80.0,32.0,1.0,1.0,0.0,0.0,0.0,80.0,160.0,52.0,,0.0,16.0,7.0,7.0,7.0,32.0,48.0,1.0,32.0,0.4,0.4898979485566356,0.0,1.0,32.0,1.0,,,0.0,0.0,0.0,0.0,32.0,0.0,0.0,16.0,0.0,16.0,0.0,16.0,0.0,0.0,0.0,,,,,,,,,,,,,
tfim,16,qiskitaer,unknown,CPU,sync,1,16,39886.07,16.0,50.0,16.0,16.0,80.0,80.0,0.0,1.0,16.0,48.0,32.0,0.0,0.0,1.0,1.0,80.0,32.0,1.0,1.0,0.0,0.0,0.0,80.0,160.0,52.0,,0.0,16.0,7.0,7.0,7.0,32.0,48.0,1.0,32.0,0.4,0.4898979485566356,0.0,1.0,32.0,1.0,,,0.0,0.0,0.0,0.0,32.0,0.0,0.0,16.0,0.0,16.0,0.0,16.0,0.0,0.0,0.0,,,,,,,,,,,,,
tfim,16,qiskitaer,unknown,CPU,sync,1,16,5114.64,16.0,50.0,16.0,16.0,80.0,80.0,0.0,1.0,16.0,48.0,32.0,0.0,0.0,1.0,1.0,80.0,32.0,1.0,1.0,0.0,0.0,0.0,80.0,160.0,52.0,,0.0,16.0,7.0,7.0,7.0,32.0,48.0,1.0,32.0,0.4,0.4898979485566356,0.0,1.0,32.0,1.0,,,0.0,0.0,0.0,0.0,32.0,0.0,0.0,16.0,0.0,16.0,0.0,16.0,0.0,0.0,0.0,,,,,,,,,,,,,
tfim,16,qiskitaer,unknown,CPU,sync,1,16,6979.56,16.0,50.0,16.0,16.0,80.0,80.0,0.0,1.0,16.0,48.0,32.0,0.0,0.0,1.0,1.0,80.0,32.0,1.0,1.0,0.0,0.0,0.0,80.0,160.0,52.0,,0.0,16.0,7.0,7.0,7.0,32.0,48.0,1.0,32.0,0.4,0.4898979485566356,0.0,1.0,32.0,1.0,,,0.0,0.0,0.0,0.0,32.0,0.0,0.0,16.0,0.0,16.0,0.0,16.0,0.0,0.0,0.0,,,,,,,,,,,,,
tfim,16,qiskitaer,unknown,CPU,sync,1,16,5556.84,16.0,50.0,16.0,16.0,80.0,80.0,0.0,1.0,16.0,48.0,32.0,0.0,0.0,1.0,1.0,80.0,32.0,1.0,1.0,0.0,0.0,0.0,80.0,160.0,52.0,,0.0,16.0,7.0,7.0,7.0,32.0,48.0,1.0,32.0,0.4,0.4898979485566356,0.0,1.0,32.0,1.0,,,0.0,0.0,0.0,0.0,32.0,0.0,0.0,16.0,0.0,16.0,0.0,16.0,0.0,0.0,0.0,,,,,,,,,,,,,
tfim,16,qiskitaer,unknown,CPU,sync,1,16,5720.32,16.0,50.0,16.0,16.0,80.0,80.0,0.0,1.0,16.0,48.0,32.0,0.0,0.0,1.0,1.0,80.0,32.0,1.0,1.0,0.0,0.0,0.0,80.0,160.0,52.0,,0.0,16.0,7.0,7.0,7.0,32.0,48.0,1.0,32.0,0.4,0.4898979485566356,0.0,1.0,32.0,1.0,,,0.0,0.0,0.0,0.0,32.0,0.0,0.0,16.0,0.0,16.0,0.0,16.0,0.0,0.0,0.0,,,,,,,,,,,,,
tfim,16,qiskitaer,unknown,CPU,sync,1,16,30436.89,16.0,50.0,16.0,16.0,80.0,80.0,0.0,1.0,16.0,48.0,32.0,0.0,0.0,1.0,1.0,80.0,32.0,1.0,1.0,0.0,0.0,0.0,80.0,160.0,52.0,,0.0,16.0,7.0,7.0,7.0,32.0,48.0,1.0,32.0,0.4,0.4898979485566356,0.0,1.0,32.0,1.0,,,0.0,0.0,0.0,0.0,32.0,0.0,0.0,16.0,0.0,16.0,0.0,16.0,0.0,0.0,0.0,,,,,,,,,,,,,
tfim,16,qiskitaer,unknown,CPU,sync,1,16,7583.72,16.0,50.0,16.0,16.0,80.0,80.0,0.0,1.0,16.0,48.0,32.0,0.0,0.0,1.0,1.0,80.0,32.0,1.0,1.0,0.0,0.0,0.0,80.0,160.0,52.0,,0.0,16.0,7.0,7.0,7.0,32.0,48.0,1.0,32.0,0.4,0.4898979485566356,0.0,1.0,32.0,1.0,,,0.0,0.0,0.0,0.0,32.0,0.0,0.0,16.0,0.0,16.0,0.0,16.0,0.0,0.0,0.0,,,,,,,,,,,,,
tfim,16,qiskitaer,unknown,CPU,sync,1,16,5399.39,16.0,50.0,16.0,16.0,80.0,80.0,0.0,1.0,16.0,48.0,32.0,0.0,0.0,1.0,1.0,80.0,32.0,1.0,1.0,0.0,0.0,0.0,80.0,160.0,52.0,,0.0,16.0,7.0,7.0,7.0,32.0,48.0,1.0,32.0,0.4,0.4898979485566356,0.0,1.0,32.0,1.0,,,0.0,0.0,0.0,0.0,32.0,0.0,0.0,16.0,0.0,16.0,0.0,16.0,0.0,0.0,0.0,,,,,,,,,,,,,
tfim,16,qiskitaer,unknown,CPU,sync,1,16,6982.41,16.0,50.0,16.0,16.0,80.0,80.0,0.0,1.0,16.0,48.0,32.0,0.0,0.0,1.0,1.0,80.0,32.0,1.0,1.0,0.0,0.0,0.0,80.0,160.0,52.0,,0.0,16.0,7.0,7.0,7.0,32.0,48.0,1.0,32.0,0.4,0.4898979485566356,0.0,1.0,32.0,1.0,,,0.0,0.0,0.0,0.0,32.0,0.0,0.0,16.0,0.0,16.0,0.0,16.0,0.0,0.0,0.0,,,,,,,,,,,,,
tfim,16,qiskitaer,unknown,CPU,sync,1,16,5914.95,16.0,50.0,16.0,16.0,80.0,80.0,0.0,1.0,16.0,48.0,32.0,0.0,0.0,1.0,1.0,80.0,32.0,1.0,1.0,0.0,0.0,0.0,80.0,160.0,52.0,,0.0,16.0,7.0,7.0,7.0,32.0,48.0,1.0,32.0,0.4,0.4898979485566356,0.0,1.0,32.0,1.0,,,0.0,0.0,0.0,0.0,32.0,0.0,0.0,16.0,0.0,16.0,0.0,16.0,0.0,0.0,0.0,,,,,,,,,,,,,
tfim,16,nwqsim,unknown,CPU,sync,2,8,781.01,16.0,50.0,16.0,16.0,80.0,80.0,0.0,1.0,16.0,48.0,32.0,0.0,0.0,1.0,1.0,80.0,32.0,1.0,1.0,0.0,0.0,0.0,80.0,160.0,52.0,,0.0,16.0,7.0,7.0,7.0,32.0,48.0,1.0,32.0,0.4,0.4898979485566356,0.0,1.0,32.0,1.0,,,0.0,0.0,0.0,0.0,32.0,0.0,0.0,16.0,0.0,16.0,0.0,16.0,0.0,0.0,0.0,,,,,,,,,,,,,
tfim,16,nwqsim,unknown,CPU,sync,2,8,495.6,16.0,50.0,16.0,16.0,80.0,80.0,0.0,1.0,16.0,48.0,32.0,0.0,0.0,1.0,1.0,80.0,32.0,1.0,1.0,0.0,0.0,0.0,80.0,160.0,52.0,,0.0,16.0,7.0,7.0,7.0,32.0,48.0,1.0,32.0,0.4,0.4898979485566356,0.0,1.0,32.0,1.0,,,0.0,0.0,0.0,0.0,32.0,0.0,0.0,16.0,0.0,16.0,0.0,16.0,0.0,0.0,0.0,,,,,,,,,,,,,
tfim,16,nwqsim,unknown,CPU,sync,2,8,503.23,16.0,50.0,16.0,16.0,80.0,80.0,0.0,1.0,16.0,48.0,32.0,0.0,0.0,1.0,1.0,80.0,32.0,1.0,1.0,0.0,0.0,0.0,80.0,160.0,52.0,,0.0,16.0,7.0,7.0,7.0,32.0,48.0,1.0,32.0,0.4,0.4898979485566356,0.0,1.0,32.0,1.0,,,0.0,0.0,0.0,0.0,32.0,0.0,0.0,16.0,0.0,16.0,0.0,16.0,0.0,0.0,0.0,,,,,,,,,,,,,
tfim,16,nwqsim,unknown,CPU,sync,2,8,470.75,16.0,50.0,16.0,16.0,80.0,80.0,0.0,1.0,16.0,48.0,32.0,0.0,0.0,1.0,1.0,80.0,32.0,1.0,1.0,0.0,0.0,0.0,80.0,160.0,52.0,,0.0,16.0,7.0,7.0,7.0,32.0,48.0,1.0,32.0,0.4,0.4898979485566356,0.0,1.0,32.0,1.0,,,0.0,0.0,0.0,0.0,32.0,0.0,0.0,16.0,0.0,16.0,0.0,16.0,0.0,0.0,0.0,,,,,,,,,,,,,
tfim,16,nwqsim,unknown,CPU,sync,2,8,506.9,16.0,50.0,16.0,16.0,80.0,80.0,0.0,1.0,16.0,48.0,32.0,0.0,0.0,1.0,1.0,80.0,32.0,1.0,1.0,0.0,0.0,0.0,80.0,160.0,52.0,,0.0,16.0,7.0,7.0,7.0,32.0,48.0,1.0,32.0,0.4,0.4898979485566356,0.0,1.0,32.0,1.0,,,0.0,0.0,0.0,0.0,32.0,0.0,0.0,16.0,0.0,16.0,0.0,16.0,0.0,0.0,0.0,,,,,,,,,,,,,
tfim,16,nwqsim,unknown,CPU,sync,2,8,469.4,16.0,50.0,16.0,16.0,80.0,80.0,0.0,1.0,16.0,48.0,32.0,0.0,0.0,1.0,1.0,80.0,32.0,1.0,1.0,0.0,0.0,0.0,80.0,160.0,52.0,,0.0,16.0,7.0,7.0,7.0,32.0,48.0,1.0,32.0,0.4,0.4898979485566356,0.0,1.0,32.0,1.0,,,0.0,0.0,0.0,0.0,32.0,0.0,0.0,16.0,0.0,16.0,0.0,16.0,0.0,0.0,0.0,,,,,,,,,,,,,
tfim,16,nwqsim,unknown,CPU,sync,2,8,488.68,16.0,50.0,16.0,16.0,80.0,80.0,0.0,1.0,16.0,48.0,32.0,0.0,0.0,1.0,1.0,80.0,32.0,1.0,1.0,0.0,0.0,0.0,80.0,160.0,52.0,,0.0,16.0,7.0,7.0,7.0,32.0,48.0,1.0,32.0,0.4,0.4898979485566356,0.0,1.0,32.0,1.0,,,0.0,0.0,0.0,0.0,32.0,0.0,0.0,16.0,0.0,16.0,0.0,16.0,0.0,0.0,0.0,,,,,,,,,,,,,
tfim,16,nwqsim,unknown,CPU,sync,2,8,489.05,16.0,50.0,16.0,16.0,80.0,80.0,0.0,1.0,16.0,48.0,32.0,0.0,0.0,1.0,1.0,80.0,32.0,1.0,1.0,0.0,0.0,0.0,80.0,160.0,52.0,,0.0,16.0,7.0,7.0,7.0,32.0,48.0,1.0,32.0,0.4,0.4898979485566356,0.0,1.0,32.0,1.0,,,0.0,0.0,0.0,0.0,32.0,0.0,0.0,16.0,0.0,16.0,0.0,16.0,0.0,0.0,0.0,,,,,,,,,,,,,
tfim,16,nwqsim,unknown,CPU,sync,2,8,479.32,16.0,50.0,16.0,16.0,80.0,80.0,0.0,1.0,16.0,48.0,32.0,0.0,0.0,1.0,1.0,80.0,32.0,1.0,1.0,0.0,0.0,0.0,80.0,160.0,52.0,,0.0,16.0,7.0,7.0,7.0,32.0,48.0,1.0,32.0,0.4,0.4898979485566356,0.0,1.0,32.0,1.0,,,0.0,0.0,0.0,0.0,32.0,0.0,0.0,16.0,0.0,16.0,0.0,16.0,0.0,0.0,0.0,,,,,,,,,,,,,
tfim,16,nwqsim,unknown,CPU,sync,2,8,488.14,16.0,50.0,16.0,16.0,80.0,80.0,0.0,1.0,16.0,48.0,32.0,0.0,0.0,1.0,1.0,80.0,32.0,1.0,1.0,0.0,0.0,0.0,80.0,160.0,52.0,,0.0,16.0,7.0,7.0,7.0,32.0,48.0,1.0,32.0,0.4,0.4898979485566356,0.0,1.0,32.0,1.0,,,0.0,0.0,0.0,0.0,32.0,0.0,0.0,16.0,0.0,16.0,0.0,16.0,0.0,0.0,0.0,,,,,,,,,,,,,
tfim,16,nwqsim,unknown,CPU,sync,2,4,754.63,16.0,50.0,16.0,16.0,80.0,80.0,0.0,1.0,16.0,48.0,32.0,0.0,0.0,1.0,1.0,80.0,32.0,1.0,1.0,0.0,0.0,0.0,80.0,160.0,52.0,,0.0,16.0,7.0,7.0,7.0,32.0,48.0,1.0,32.0,0.4,0.4898979485566356,0.0,1.0,32.0,1.0,,,0.0,0.0,0.0,0.0,32.0,0.0,0.0,16.0,0.0,16.0,0.0,16.0,0.0,0.0,0.0,,,,,,,,,,,,,
tfim,16,nwqsim,unknown,CPU,sync,2,4,441.63,16.0,50.0,16.0,16.0,80.0,80.0,0.0,1.0,16.0,48.0,32.0,0.0,0.0,1.0,1.0,80.0,32.0,1.0,1.0,0.0,0.0,0.0,80.0,160.0,52.0,,0.0,16.0,7.0,7.0,7.0,32.0,48.0,1.0,32.0,0.4,0.4898979485566356,0.0,1.0,32.0,1.0,,,0.0,0.0,0.0,0.0,32.0,0.0,0.0,16.0,0.0,16.0,0.0,16.0,0.0,0.0,0.0,,,,,,,,,,,,,
tfim,16,nwqsim,unknown,CPU,sync,2,4,398.52,16.0,50.0,16.0,16.0,80.0,80.0,0.0,1.0,16.0,48.0,32.0,0.0,0.0,1.0,1.0,80.0,32.0,1.0,1.0,0.0,0.0,0.0,80.0,160.0,52.0,,0.0,16.0,7.0,7.0,7.0,32.0,48.0,1.0,32.0,0.4,0.4898979485566356,0.0,1.0,32.0,1.0,,,0.0,0.0,0.0,0.0,32.0,0.0,0.0,16.0,0.0,16.0,0.0,16.0,0.0,0.0,0.0,,,,,,,,,,,,,
tfim,16,nwqsim,unknown,CPU,sync,2,4,754.63,16.0,50.0,16.0,16.0,80.0,80.0,0.0,1.0,16.0,48.0,32.0,0.0,0.0,1.0,1.0,80.0,32.0,1.0,1.0,0.0,0.0,0.0,80.0,160.0,52.0,,0.0,16.0,7.0,7.0,7.0,32.0,48.0,1.0,32.0,0.4,0.4898979485566356,0.0,1.0,32.0,1.0,,,0.0,0.0,0.0,0.0,32.0,0.0,0.0,16.0,0.0,16.0,0.0,16.0,0.0,0.0,0.0,,,,,,,,,,,,,
tfim,16,nwqsim,unknown,CPU,sync,2,4,441.63,16.0,50.0,16.0,16.0,80.0,80.0,0.0,1.0,16.0,48.0,32.0,0.0,0.0,1.0,1.0,80.0,32.0,1.0,1.0,0.0,0.0,0.0,80.0,160.0,52.0,,0.0,16.0,7.0,7.0,7.0,32.0,48.0,1.0,32.0,0.4,0.4898979485566356,0.0,1.0,32.0,1.0,,,0.0,0.0,0.0,0.0,32.0,0.0,0.0,16.0,0.0,16.0,0.0,16.0,0.0,0.0,0.0,,,,,,,,,,,,,
tfim,16,nwqsim,unknown,CPU,sync,2,4,398.52,16.0,50.0,16.0,16.0,80.0,80.0,0.0,1.0,16.0,48.0,32.0,0.0,0.0,1.0,1.0,80.0,32.0,1.0,1.0,0.0,0.0,0.0,80.0,160.0,52.0,,0.0,16.0,7.0,7.0,7.0,32.0,48.0,1.0,32.0,0.4,0.4898979485566356,0.0,1.0,32.0,1.0,,,0.0,0.0,0.0,0.0,32.0,0.0,0.0,16.0,0.0,16.0,0.0,16.0,0.0,0.0,0.0,,,,,,,,,,,,,
tfim,16,nwqsim,unknown,CPU,sync,2,2,676.12,16.0,50.0,16.0,16.0,80.0,80.0,0.0,1.0,16.0,48.0,32.0,0.0,0.0,1.0,1.0,80.0,32.0,1.0,1.0,0.0,0.0,0.0,80.0,160.0,52.0,,0.0,16.0,7.0,7.0,7.0,32.0,48.0,1.0,32.0,0.4,0.4898979485566356,0.0,1.0,32.0,1.0,,,0.0,0.0,0.0,0.0,32.0,0.0,0.0,16.0,0.0,16.0,0.0,16.0,0.0,0.0,0.0,,,,,,,,,,,,,
tfim,16,nwqsim,unknown,CPU,sync,2,2,373.1,16.0,50.0,16.0,16.0,80.0,80.0,0.0,1.0,16.0,48.0,32.0,0.0,0.0,1.0,1.0,80.0,32.0,1.0,1.0,0.0,0.0,0.0,80.0,160.0,52.0,,0.0,16.0,7.0,7.0,7.0,32.0,48.0,1.0,32.0,0.4,0.4898979485566356,0.0,1.0,32.0,1.0,,,0.0,0.0,0.0,0.0,32.0,0.0,0.0,16.0,0.0,16.0,0.0,16.0,0.0,0.0,0.0,,,,,,,,,,,,,
tfim,16,nwqsim,unknown,CPU,sync,2,2,346.63,16.0,50.0,16.0,16.0,80.0,80.0,0.0,1.0,16.0,48.0,32.0,0.0,0.0,1.0,1.0,80.0,32.0,1.0,1.0,0.0,0.0,0.0,80.0,160.0,52.0,,0.0,16.0,7.0,7.0,7.0,32.0,48.0,1.0,32.0,0.4,0.4898979485566356,0.0,1.0,32.0,1.0,,,0.0,0.0,0.0,0.0,32.0,0.0,0.0,16.0,0.0,16.0,0.0,16.0,0.0,0.0,0.0,,,,,,,,,,,,,
tfim,16,nwqsim,unknown,CPU,sync,2,2,676.12,16.0,50.0,16.0,16.0,80.0,80.0,0.0,1.0,16.0,48.0,32.0,0.0,0.0,1.0,1.0,80.0,32.0,1.0,1.0,0.0,0.0,0.0,80.0,160.0,52.0,,0.0,16.0,7.0,7.0,7.0,32.0,48.0,1.0,32.0,0.4,0.4898979485566356,0.0,1.0,32.0,1.0,,,0.0,0.0,0.0,0.0,32.0,0.0,0.0,16.0,0.0,16.0,0.0,16.0,0.0,0.0,0.0,,,,,,,,,,,,,
tfim,16,nwqsim,unknown,CPU,sync,2,2,373.1,16.0,50.0,16.0,16.0,80.0,80.0,0.0,1.0,16.0,48.0,32.0,0.0,0.0,1.0,1.0,80.0,32.0,1.0,1.0,0.0,0.0,0.0,80.0,160.0,52.0,,0.0,16.0,7.0,7.0,7.0,32.0,48.0,1.0,32.0,0.4,0.4898979485566356,0.0,1.0,32.0,1.0,,,0.0,0.0,0.0,0.0,32.0,0.0,0.0,16.0,0.0,16.0,0.0,16.0,0.0,0.0,0.0,,,,,,,,,,,,,
tfim,16,nwqsim,unknown,CPU,sync,2,2,346.63,16.0,50.0,16.0,16.0,80.0,80.0,0.0,1.0,16.0,48.0,32.0,0.0,0.0,1.0,1.0,80.0,32.0,1.0,1.0,0.0,0.0,0.0,80.0,160.0,52.0,,0.0,16.0,7.0,7.0,7.0,32.0,48.0,1.0,32.0,0.4,0.4898979485566356,0.0,1.0,32.0,1.0,,,0.0,0.0,0.0,0.0,32.0,0.0,0.0,16.0,0.0,16.0,0.0,16.0,0.0,0.0,0.0,,,,,,,,,,,,,
tfim,16,nwqsim,unknown,CPU,sync,1,4,664.89,16.0,50.0,16.0,16.0,80.0,80.0,0.0,1.0,16.0,48.0,32.0,0.0,0.0,1.0,1.0,80.0,32.0,1.0,1.0,0.0,0.0,0.0,80.0,160.0,52.0,,0.0,16.0,7.0,7.0,7.0,32.0,48.0,1.0,32.0,0.4,0.4898979485566356,0.0,1.0,32.0,1.0,,,0.0,0.0,0.0,0.0,32.0,0.0,0.0,16.0,0.0,16.0,0.0,16.0,0.0,0.0,0.0,,,,,,,,,,,,,
tfim,16,nwqsim,unknown,CPU,sync,1,4,447.88,16.0,50.0,16.0,16.0,80.0,80.0,0.0,1.0,16.0,48.0,32.0,0.0,0.0,1.0,1.0,80.0,32.0,1.0,1.0,0.0,0.0,0.0,80.0,160.0,52.0,,0.0,16.0,7.0,7.0,7.0,32.0,48.0,1.0,32.0,0.4,0.4898979485566356,0.0,1.0,32.0,1.0,,,0.0,0.0,0.0,0.0,32.0,0.0,0.0,16.0,0.0,16.0,0.0,16.0,0.0,0.0,0.0,,,,,,,,,,,,,
tfim,16,nwqsim,unknown,CPU,sync,1,4,365.68,16.0,50.0,16.0,16.0,80.0,80.0,0.0,1.0,16.0,48.0,32.0,0.0,0.0,1.0,1.0,80.0,32.0,1.0,1.0,0.0,0.0,0.0,80.0,160.0,52.0,,0.0,16.0,7.0,7.0,7.0,32.0,48.0,1.0,32.0,0.4,0.4898979485566356,0.0,1.0,32.0,1.0,,,0.0,0.0,0.0,0.0,32.0,0.0,0.0,16.0,0.0,16.0,0.0,16.0,0.0,0.0,0.0,,,,,,,,,,,,,
tfim,16,nwqsim,unknown,CPU,sync,1,4,664.89,16.0,50.0,16.0,16.0,80.0,80.0,0.0,1.0,16.0,48.0,32.0,0.0,0.0,1.0,1.0,80.0,32.0,1.0,1.0,0.0,0.0,0.0,80.0,160.0,52.0,,0.0,16.0,7.0,7.0,7.0,32.0,48.0,1.0,32.0,0.4,0.4898979485566356,0.0,1.0,32.0,1.0,,,0.0,0.0,0.0,0.0,32.0,0.0,0.0,16.0,0.0,16.0,0.0,16.0,0.0,0.0,0.0,,,,,,,,,,,,,
tfim,16,nwqsim,unknown,CPU,sync,1,4,447.88,16.0,50.0,16.0,16.0,80.0,80.0,0.0,1.0,16.0,48.0,32.0,0.0,0.0,1.0,1.0,80.0,32.0,1.0,1.0,0.0,0.0,0.0,80.0,160.0,52.0,,0.0,16.0,7.0,7.0,7.0,32.0,48.0,1.0,32.0,0.4,0.4898979485566356,0.0,1.0,32.0,1.0,,,0.0,0.0,0.0,0.0,32.0,0.0,0.0,16.0,0.0,16.0,0.0,16.0,0.0,0.0,0.0,,,,,,,,,,,,,
tfim,16,nwqsim,unknown,CPU,sync,1,4,365.68,16.0,50.0,16.0,16.0,80.0,80.0,0.0,1.0,16.0,48.0,32.0,0.0,0.0,1.0,1.0,80.0,32.0,1.0,1.0,0.0,0.0,0.0,80.0,160.0,52.0,,0.0,16.0,7.0,7.0,7.0,32.0,48.0,1.0,32.0,0.4,0.4898979485566356,0.0,1.0,32.0,1.0,,,0.0,0.0,0.0,0.0,32.0,0.0,0.0,16.0,0.0,16.0,0.0,16.0,0.0,0.0,0.0,,,,,,,,,,,,,
tfim,16,nwqsim,unknown,CPU,sync,1,16,874.72,16.0,50.0,16.0,16.0,80.0,80.0,0.0,1.0,16.0,48.0,32.0,0.0,0.0,1.0,1.0,80.0,32.0,1.0,1.0,0.0,0.0,0.0,80.0,160.0,52.0,,0.0,16.0,7.0,7.0,7.0,32.0,48.0,1.0,32.0,0.4,0.4898979485566356,0.0,1.0,32.0,1.0,,,0.0,0.0,0.0,0.0,32.0,0.0,0.0,16.0,0.0,16.0,0.0,16.0,0.0,0.0,0.0,,,,,,,,,,,,,
tfim,16,nwqsim,unknown,CPU,sync,1,16,488.94,16.0,50.0,16.0,16.0,80.0,80.0,0.0,1.0,16.0,48.0,32.0,0.0,0.0,1.0,1.0,80.0,32.0,1.0,1.0,0.0,0.0,0.0,80.0,160.0,52.0,,0.0,16.0,7.0,7.0,7.0,32.0,48.0,1.0,32.0,0.4,0.4898979485566356,0.0,1.0,32.0,1.0,,,0.0,0.0,0.0,0.0,32.0,0.0,0.0,16.0,0.0,16.0,0.0,16.0,0.0,0.0,0.0,,,,,,,,,,,,,
tfim,16,nwqsim,unknown,CPU,sync,1,16,477.33,16.0,50.0,16.0,16.0,80.0,80.0,0.0,1.0,16.0,48.0,32.0,0.0,0.0,1.0,1.0,80.0,32.0,1.0,1.0,0.0,0.0,0.0,80.0,160.0,52.0,,0.0,16.0,7.0,7.0,7.0,32.0,48.0,1.0,32.0,0.4,0.4898979485566356,0.0,1.0,32.0,1.0,,,0.0,0.0,0.0,0.0,32.0,0.0,0.0,16.0,0.0,16.0,0.0,16.0,0.0,0.0,0.0,,,,,,,,,,,,,
tfim,16,nwqsim,unknown,CPU,sync,1,16,472.51,16.0,50.0,16.0,16.0,80.0,80.0,0.0,1.0,16.0,48.0,32.0,0.0,0.0,1.0,1.0,80.0,32.0,1.0,1.0,0.0,0.0,0.0,80.0,160.0,52.0,,0.0,16.0,7.0,7.0,7.0,32.0,48.0,1.0,32.0,0.4,0.4898979485566356,0.0,1.0,32.0,1.0,,,0.0,0.0,0.0,0.0,32.0,0.0,0.0,16.0,0.0,16.0,0.0,16.0,0.0,0.0,0.0,,,,,,,,,,,,,
tfim,16,nwqsim,unknown,CPU,sync,1,16,486.14,16.0,50.0,16.0,16.0,80.0,80.0,0.0,1.0,16.0,48.0,32.0,0.0,0.0,1.0,1.0,80.0,32.0,1.0,1.0,0.0,0.0,0.0,80.0,160.0,52.0,,0.0,16.0,7.0,7.0,7.0,32.0,48.0,1.0,32.0,0.4,0.4898979485566356,0.0,1.0,32.0,1.0,,,0.0,0.0,0.0,0.0,32.0,0.0,0.0,16.0,0.0,16.0,0.0,16.0,0.0,0.0,0.0,,,,,,,,,,,,,
tfim,16,nwqsim,MPI,CPU,sync,1,8,1302.3362159729004,16.0,50.0,16.0,16.0,80.0,80.0,0.0,1.0,16.0,48.0,32.0,0.0,0.0,1.0,1.0,80.0,32.0,1.0,1.0,0.0,0.0,0.0,80.0,160.0,52.0,,0.0,16.0,7.0,7.0,7.0,32.0,48.0,1.0,32.0,0.4,0.4898979485566356,0.0,1.0,32.0,1.0,,,0.0,0.0,0.0,0.0,32.0,0.0,0.0,16.0,0.0,16.0,0.0,16.0,0.0,0.0,0.0,,,,,,,,,,,,,
tfim,16,qtensor,unknown,CPU,sync,2,8,24328.47,16.0,50.0,16.0,16.0,80.0,80.0,0.0,1.0,16.0,48.0,32.0,0.0,0.0,1.0,1.0,80.0,32.0,1.0,1.0,0.0,0.0,0.0,80.0,160.0,52.0,,0.0,16.0,7.0,7.0,7.0,32.0,48.0,1.0,32.0,0.4,0.4898979485566356,0.0,1.0,32.0,1.0,,,0.0,0.0,0.0,0.0,32.0,0.0,0.0,16.0,0.0,16.0,0.0,16.0,0.0,0.0,0.0,,,,,,,,,,,,,
tfim,16,qtensor,unknown,CPU,sync,2,8,9536.98,16.0,50.0,16.0,16.0,80.0,80.0,0.0,1.0,16.0,48.0,32.0,0.0,0.0,1.0,1.0,80.0,32.0,1.0,1.0,0.0,0.0,0.0,80.0,160.0,52.0,,0.0,16.0,7.0,7.0,7.0,32.0,48.0,1.0,32.0,0.4,0.4898979485566356,0.0,1.0,32.0,1.0,,,0.0,0.0,0.0,0.0,32.0,0.0,0.0,16.0,0.0,16.0,0.0,16.0,0.0,0.0,0.0,,,,,,,,,,,,,
tfim,16,qtensor,unknown,CPU,sync,2,8,10077.2,16.0,50.0,16.0,16.0,80.0,80.0,0.0,1.0,16.0,48.0,32.0,0.0,0.0,1.0,1.0,80.0,32.0,1.0,1.0,0.0,0.0,0.0,80.0,160.0,52.0,,0.0,16.0,7.0,7.0,7.0,32.0,48.0,1.0,32.0,0.4,0.4898979485566356,0.0,1.0,32.0,1.0,,,0.0,0.0,0.0,0.0,32.0,0.0,0.0,16.0,0.0,16.0,0.0,16.0,0.0,0.0,0.0,,,,,,,,,,,,,
tfim,16,qtensor,unknown,CPU,sync,2,8,9481.14,16.0,50.0,16.0,16.0,80.0,80.0,0.0,1.0,16.0,48.0,32.0,0.0,0.0,1.0,1.0,80.0,32.0,1.0,1.0,0.0,0.0,0.0,80.0,160.0,52.0,,0.0,16.0,7.0,7.0,7.0,32.0,48.0,1.0,32.0,0.4,0.4898979485566356,0.0,1.0,32.0,1.0,,,0.0,0.0,0.0,0.0,32.0,0.0,0.0,16.0,0.0,16.0,0.0,16.0,0.0,0.0,0.0,,,,,,,,,,,,,
tfim,16,qtensor,unknown,CPU,sync,2,8,10165.44,16.0,50.0,16.0,16.0,80.0,80.0,0.0,1.0,16.0,48.0,32.0,0.0,0.0,1.0,1.0,80.0,32.0,1.0,1.0,0.0,0.0,0.0,80.0,160.0,52.0,,0.0,16.0,7.0,7.0,7.0,32.0,48.0,1.0,32.0,0.4,0.4898979485566356,0.0,1.0,32.0,1.0,,,0.0,0.0,0.0,0.0,32.0,0.0,0.0,16.0,0.0,16.0,0.0,16.0,0.0,0.0,0.0,,,,,,,,,,,,,
tfim,16,qtensor,unknown,CPU,sync,2,8,9843.63,16.0,50.0,16.0,16.0,80.0,80.0,0.0,1.0,16.0,48.0,32.0,0.0,0.0,1.0,1.0,80.0,32.0,1.0,1.0,0.0,0.0,0.0,80.0,160.0,52.0,,0.0,16.0,7.0,7.0,7.0,32.0,48.0,1.0,32.0,0.4,0.4898979485566356,0.0,1.0,32.0,1.0,,,0.0,0.0,0.0,0.0,32.0,0.0,0.0,16.0,0.0,16.0,0.0,16.0,0.0,0.0,0.0,,,,,,,,,,,,,
tfim,16,qtensor,unknown,CPU,sync,2,8,9358.08,16.0,50.0,16.0,16.0,80.0,80.0,0.0,1.0,16.0,48.0,32.0,0.0,0.0,1.0,1.0,80.0,32.0,1.0,1.0,0.0,0.0,0.0,80.0,160.0,52.0,,0.0,16.0,7.0,7.0,7.0,32.0,48.0,1.0,32.0,0.4,0.4898979485566356,0.0,1.0,32.0,1.0,,,0.0,0.0,0.0,0.0,32.0,0.0,0.0,16.0,0.0,16.0,0.0,16.0,0.0,0.0,0.0,,,,,,,,,,,,,
tfim,16,qtensor,unknown,CPU,sync,2,8,10693.28,16.0,50.0,16.0,16.0,80.0,80.0,0.0,1.0,16.0,48.0,32.0,0.0,0.0,1.0,1.0,80.0,32.0,1.0,1.0,0.0,0.0,0.0,80.0,160.0,52.0,,0.0,16.0,7.0,7.0,7.0,32.0,48.0,1.0,32.0,0.4,0.4898979485566356,0.0,1.0,32.0,1.0,,,0.0,0.0,0.0,0.0,32.0,0.0,0.0,16.0,0.0,16.0,0.0,16.0,0.0,0.0,0.0,,,,,,,,,,,,,
tfim,16,qtensor,unknown,CPU,sync,2,8,9485.58,16.0,50.0,16.0,16.0,80.0,80.0,0.0,1.0,16.0,48.0,32.0,0.0,0.0,1.0,1.0,80.0,32.0,1.0,1.0,0.0,0.0,0.0,80.0,160.0,52.0,,0.0,16.0,7.0,7.0,7.0,32.0,48.0,1.0,32.0,0.4,0.4898979485566356,0.0,1.0,32.0,1.0,,,0.0,0.0,0.0,0.0,32.0,0.0,0.0,16.0,0.0,16.0,0.0,16.0,0.0,0.0,0.0,,,,,,,,,,,,,
tfim,16,qtensor,unknown,CPU,sync,2,8,9166.06,16.0,50.0,16.0,16.0,80.0,80.0,0.0,1.0,16.0,48.0,32.0,0.0,0.0,1.0,1.0,80.0,32.0,1.0,1.0,0.0,0.0,0.0,80.0,160.0,52.0,,0.0,16.0,7.0,7.0,7.0,32.0,48.0,1.0,32.0,0.4,0.4898979485566356,0.0,1.0,32.0,1.0,,,0.0,0.0,0.0,0.0,32.0,0.0,0.0,16.0,0.0,16.0,0.0,16.0,0.0,0.0,0.0,,,,,,,,,,,,,
tfim,16,qtensor,unknown,CPU,sync,2,4,22964.02,16.0,50.0,16.0,16.0,80.0,80.0,0.0,1.0,16.0,48.0,32.0,0.0,0.0,1.0,1.0,80.0,32.0,1.0,1.0,0.0,0.0,0.0,80.0,160.0,52.0,,0.0,16.0,7.0,7.0,7.0,32.0,48.0,1.0,32.0,0.4,0.4898979485566356,0.0,1.0,32.0,1.0,,,0.0,0.0,0.0,0.0,32.0,0.0,0.0,16.0,0.0,16.0,0.0,16.0,0.0,0.0,0.0,,,,,,,,,,,,,
tfim,16,qtensor,unknown,CPU,sync,2,4,21341.37,16.0,50.0,16.0,16.0,80.0,80.0,0.0,1.0,16.0,48.0,32.0,0.0,0.0,1.0,1.0,80.0,32.0,1.0,1.0,0.0,0.0,0.0,80.0,160.0,52.0,,0.0,16.0,7.0,7.0,7.0,32.0,48.0,1.0,32.0,0.4,0.4898979485566356,0.0,1.0,32.0,1.0,,,0.0,0.0,0.0,0.0,32.0,0.0,0.0,16.0,0.0,16.0,0.0,16.0,0.0,0.0,0.0,,,,,,,,,,,,,
tfim,16,qtensor,unknown,CPU,sync,2,4,19946.13,16.0,50.0,16.0,16.0,80.0,80.0,0.0,1.0,16.0,48.0,32.0,0.0,0.0,1.0,1.0,80.0,32.0,1.0,1.0,0.0,0.0,0.0,80.0,160.0,52.0,,0.0,16.0,7.0,7.0,7.0,32.0,48.0,1.0,32.0,0.4,0.4898979485566356,0.0,1.0,32.0,1.0,,,0.0,0.0,0.0,0.0,32.0,0.0,0.0,16.0,0.0,16.0,0.0,16.0,0.0,0.0,0.0,,,,,,,,,,,,,
tfim,16,qtensor,unknown,CPU,sync,2,4,22964.02,16.0,50.0,16.0,16.0,80.0,80.0,0.0,1.0,16.0,48.0,32.0,0.0,0.0,1.0,1.0,80.0,32.0,1.0,1.0,0.0,0.0,0.0,80.0,160.0,52.0,,0.0,16.0,7.0,7.0,7.0,32.0,48.0,1.0,32.0,0.4,0.4898979485566356,0.0,1.0,32.0,1.0,,,0.0,0.0,0.0,0.0,32.0,0.0,0.0,16.0,0.0,16.0,0.0,16.0,0.0,0.0,0.0,,,,,,,,,,,,,
tfim,16,qtensor,unknown,CPU,sync,2,4,21341.37,16.0,50.0,16.0,16.0,80.0,80.0,0.0,1.0,16.0,48.0,32.0,0.0,0.0,1.0,1.0,80.0,32.0,1.0,1.0,0.0,0.0,0.0,80.0,160.0,52.0,,0.0,16.0,7.0,7.0,7.0,32.0,48.0,1.0,32.0,0.4,0.4898979485566356,0.0,1.0,32.0,1.0,,,0.0,0.0,0.0,0.0,32.0,0.0,0.0,16.0,0.0,16.0,0.0,16.0,0.0,0.0,0.0,,,,,,,,,,,,,
tfim,16,qtensor,unknown,CPU,sync,2,4,19946.13,16.0,50.0,16.0,16.0,80.0,80.0,0.0,1.0,16.0,48.0,32.0,0.0,0.0,1.0,1.0,80.0,32.0,1.0,1.0,0.0,0.0,0.0,80.0,160.0,52.0,,0.0,16.0,7.0,7.0,7.0,32.0,48.0,1.0,32.0,0.4,0.4898979485566356,0.0,1.0,32.0,1.0,,,0.0,0.0,0.0,0.0,32.0,0.0,0.0,16.0,0.0,16.0,0.0,16.0,0.0,0.0,0.0,,,,,,,,,,,,,
tfim,16,qtensor,unknown,CPU,sync,2,2,27463.53,16.0,50.0,16.0,16.0,80.0,80.0,0.0,1.0,16.0,48.0,32.0,0.0,0.0,1.0,1.0,80.0,32.0,1.0,1.0,0.0,0.0,0.0,80.0,160.0,52.0,,0.0,16.0,7.0,7.0,7.0,32.0,48.0,1.0,32.0,0.4,0.4898979485566356,0.0,1.0,32.0,1.0,,,0.0,0.0,0.0,0.0,32.0,0.0,0.0,16.0,0.0,16.0,0.0,16.0,0.0,0.0,0.0,,,,,,,,,,,,,
tfim,16,qtensor,unknown,CPU,sync,2,2,21908.12,16.0,50.0,16.0,16.0,80.0,80.0,0.0,1.0,16.0,48.0,32.0,0.0,0.0,1.0,1.0,80.0,32.0,1.0,1.0,0.0,0.0,0.0,80.0,160.0,52.0,,0.0,16.0,7.0,7.0,7.0,32.0,48.0,1.0,32.0,0.4,0.4898979485566356,0.0,1.0,32.0,1.0,,,0.0,0.0,0.0,0.0,32.0,0.0,0.0,16.0,0.0,16.0,0.0,16.0,0.0,0.0,0.0,,,,,,,,,,,,,
tfim,16,qtensor,unknown,CPU,sync,2,2,18057.48,16.0,50.0,16.0,16.0,80.0,80.0,0.0,1.0,16.0,48.0,32.0,0.0,0.0,1.0,1.0,80.0,32.0,1.0,1.0,0.0,0.0,0.0,80.0,160.0,52.0,,0.0,16.0,7.0,7.0,7.0,32.0,48.0,1.0,32.0,0.4,0.4898979485566356,0.0,1.0,32.0,1.0,,,0.0,0.0,0.0,0.0,32.0,0.0,0.0,16.0,0.0,16.0,0.0,16.0,0.0,0.0,0.0,,,,,,,,,,,,,
tfim,16,qtensor,unknown,CPU,sync,2,2,27463.53,16.0,50.0,16.0,16.0,80.0,80.0,0.0,1.0,16.0,48.0,32.0,0.0,0.0,1.0,1.0,80.0,32.0,1.0,1.0,0.0,0.0,0.0,80.0,160.0,52.0,,0.0,16.0,7.0,7.0,7.0,32.0,48.0,1.0,32.0,0.4,0.4898979485566356,0.0,1.0,32.0,1.0,,,0.0,0.0,0.0,0.0,32.0,0.0,0.0,16.0,0.0,16.0,0.0,16.0,0.0,0.0,0.0,,,,,,,,,,,,,
tfim,16,qtensor,unknown,CPU,sync,2,2,21908.12,16.0,50.0,16.0,16.0,80.0,80.0,0.0,1.0,16.0,48.0,32.0,0.0,0.0,1.0,1.0,80.0,32.0,1.0,1.0,0.0,0.0,0.0,80.0,160.0,52.0,,0.0,16.0,7.0,7.0,7.0,32.0,48.0,1.0,32.0,0.4,0.4898979485566356,0.0,1.0,32.0,1.0,,,0.0,0.0,0.0,0.0,32.0,0.0,0.0,16.0,0.0,16.0,0.0,16.0,0.0,0.0,0.0,,,,,,,,,,,,,
tfim,16,qtensor,unknown,CPU,sync,2,2,18057.48,16.0,50.0,16.0,16.0,80.0,80.0,0.0,1.0,16.0,48.0,32.0,0.0,0.0,1.0,1.0,80.0,32.0,1.0,1.0,0.0,0.0,0.0,80.0,160.0,52.0,,0.0,16.0,7.0,7.0,7.0,32.0,48.0,1.0,32.0,0.4,0.4898979485566356,0.0,1.0,32.0,1.0,,,0.0,0.0,0.0,0.0,32.0,0.0,0.0,16.0,0.0,16.0,0.0,16.0,0.0,0.0,0.0,,,,,,,,,,,,,
tfim,16,qtensor,unknown,CPU,sync,1,4,20523.2,16.0,50.0,16.0,16.0,80.0,80.0,0.0,1.0,16.0,48.0,32.0,0.0,0.0,1.0,1.0,80.0,32.0,1.0,1.0,0.0,0.0,0.0,80.0,160.0,52.0,,0.0,16.0,7.0,7.0,7.0,32.0,48.0,1.0,32.0,0.4,0.4898979485566356,0.0,1.0,32.0,1.0,,,0.0,0.0,0.0,0.0,32.0,0.0,0.0,16.0,0.0,16.0,0.0,16.0,0.0,0.0,0.0,,,,,,,,,,,,,
tfim,16,qtensor,unknown,CPU,sync,1,4,19875.77,16.0,50.0,16.0,16.0,80.0,80.0,0.0,1.0,16.0,48.0,32.0,0.0,0.0,1.0,1.0,80.0,32.0,1.0,1.0,0.0,0.0,0.0,80.0,160.0,52.0,,0.0,16.0,7.0,7.0,7.0,32.0,48.0,1.0,32.0,0.4,0.4898979485566356,0.0,1.0,32.0,1.0,,,0.0,0.0,0.0,0.0,32.0,0.0,0.0,16.0,0.0,16.0,0.0,16.0,0.0,0.0,0.0,,,,,,,,,,,,,
tfim,16,qtensor,unknown,CPU,sync,1,4,20609.55,16.0,50.0,16.0,16.0,80.0,80.0,0.0,1.0,16.0,48.0,32.0,0.0,0.0,1.0,1.0,80.0,32.0,1.0,1.0,0.0,0.0,0.0,80.0,160.0,52.0,,0.0,16.0,7.0,7.0,7.0,32.0,48.0,1.0,32.0,0.4,0.4898979485566356,0.0,1.0,32.0,1.0,,,0.0,0.0,0.0,0.0,32.0,0.0,0.0,16.0,0.0,16.0,0.0,16.0,0.0,0.0,0.0,,,,,,,,,,,,,
tfim,16,qtensor,unknown,CPU,sync,1,4,20523.2,16.0,50.0,16.0,16.0,80.0,80.0,0.0,1.0,16.0,48.0,32.0,0.0,0.0,1.0,1.0,80.0,32.0,1.0,1.0,0.0,0.0,0.0,80.0,160.0,52.0,,0.0,16.0,7.0,7.0,7.0,32.0,48.0,1.0,32.0,0.4,0.4898979485566356,0.0,1.0,32.0,1.0,,,0.0,0.0,0.0,0.0,32.0,0.0,0.0,16.0,0.0,16.0,0.0,16.0,0.0,0.0,0.0,,,,,,,,,,,,,
tfim,16,qtensor,unknown,CPU,sync,1,4,19875.77,16.0,50.0,16.0,16.0,80.0,80.0,0.0,1.0,16.0,48.0,32.0,0.0,0.0,1.0,1.0,80.0,32.0,1.0,1.0,0.0,0.0,0.0,80.0,160.0,52.0,,0.0,16.0,7.0,7.0,7.0,32.0,48.0,1.0,32.0,0.4,0.4898979485566356,0.0,1.0,32.0,1.0,,,0.0,0.0,0.0,0.0,32.0,0.0,0.0,16.0,0.0,16.0,0.0,16.0,0.0,0.0,0.0,,,,,,,,,,,,,
tfim,16,qtensor,unknown,CPU,sync,1,4,20609.55,16.0,50.0,16.0,16.0,80.0,80.0,0.0,1.0,16.0,48.0,32.0,0.0,0.0,1.0,1.0,80.0,32.0,1.0,1.0,0.0,0.0,0.0,80.0,160.0,52.0,,0.0,16.0,7.0,7.0,7.0,32.0,48.0,1.0,32.0,0.4,0.4898979485566356,0.0,1.0,32.0,1.0,,,0.0,0.0,0.0,0.0,32.0,0.0,0.0,16.0,0.0,16.0,0.0,16.0,0.0,0.0,0.0,,,,,,,,,,,,,
tfim,16,qtensor,unknown,CPU,sync,1,16,54884.55,16.0,50.0,16.0,16.0,80.0,80.0,0.0,1.0,16.0,48.0,32.0,0.0,0.0,1.0,1.0,80.0,32.0,1.0,1.0,0.0,0.0,0.0,80.0,160.0,52.0,,0.0,16.0,7.0,7.0,7.0,32.0,48.0,1.0,32.0,0.4,0.4898979485566356,0.0,1.0,32.0,1.0,,,0.0,0.0,0.0,0.0,32.0,0.0,0.0,16.0,0.0,16.0,0.0,16.0,0.0,0.0,0.0,,,,,,,,,,,,,
tfim,16,qtensor,unknown,CPU,sync,1,16,19218.1,16.0,50.0,16.0,16.0,80.0,80.0,0.0,1.0,16.0,48.0,32.0,0.0,0.0,1.0,1.0,80.0,32.0,1.0,1.0,0.0,0.0,0.0,80.0,160.0,52.0,,0.0,16.0,7.0,7.0,7.0,32.0,48.0,1.0,32.0,0.4,0.4898979485566356,0.0,1.0,32.0,1.0,,,0.0,0.0,0.0,0.0,32.0,0.0,0.0,16.0,0.0,16.0,0.0,16.0,0.0,0.0,0.0,,,,,,,,,,,,,
tfim,16,qtensor,unknown,CPU,sync,1,16,19734.49,16.0,50.0,16.0,16.0,80.0,80.0,0.0,1.0,16.0,48.0,32.0,0.0,0.0,1.0,1.0,80.0,32.0,1.0,1.0,0.0,0.0,0.0,80.0,160.0,52.0,,0.0,16.0,7.0,7.0,7.0,32.0,48.0,1.0,32.0,0.4,0.4898979485566356,0.0,1.0,32.0,1.0,,,0.0,0.0,0.0,0.0,32.0,0.0,0.0,16.0,0.0,16.0,0.0,16.0,0.0,0.0,0.0,,,,,,,,,,,,,
tfim,16,qtensor,unknown,CPU,sync,1,16,20599.92,16.0,50.0,16.0,16.0,80.0,80.0,0.0,1.0,16.0,48.0,32.0,0.0,0.0,1.0,1.0,80.0,32.0,1.0,1.0,0.0,0.0,0.0,80.0,160.0,52.0,,0.0,16.0,7.0,7.0,7.0,32.0,48.0,1.0,32.0,0.4,0.4898979485566356,0.0,1.0,32.0,1.0,,,0.0,0.0,0.0,0.0,32.0,0.0,0.0,16.0,0.0,16.0,0.0,16.0,0.0,0.0,0.0,,,,,,,,,,,,,
tfim,16,qtensor,unknown,CPU,sync,1,16,25305.29,16.0,50.0,16.0,16.0,80.0,80.0,0.0,1.0,16.0,48.0,32.0,0.0,0.0,1.0,1.0,80.0,32.0,1.0,1.0,0.0,0.0,0.0,80.0,160.0,52.0,,0.0,16.0,7.0,7.0,7.0,32.0,48.0,1.0,32.0,0.4,0.4898979485566356,0.0,1.0,32.0,1.0,,,0.0,0.0,0.0,0.0,32.0,0.0,0.0,16.0,0.0,16.0,0.0,16.0,0.0,0.0,0.0,,,,,,,,,,,,,
tfim,16,ionq,unknown,CPU,sync,1,4,3383.83,16.0,50.0,16.0,16.0,80.0,80.0,0.0,1.0,16.0,48.0,32.0,0.0,0.0,1.0,1.0,80.0,32.0,1.0,1.0,0.0,0.0,0.0,80.0,160.0,52.0,,0.0,16.0,7.0,7.0,7.0,32.0,48.0,1.0,32.0,0.4,0.4898979485566356,0.0,1.0,32.0,1.0,,,0.0,0.0,0.0,0.0,32.0,0.0,0.0,16.0,0.0,16.0,0.0,16.0,0.0,0.0,0.0,,,,,,,,,,,,,
tfim,16,ionq,unknown,CPU,sync,1,4,6910.28,16.0,50.0,16.0,16.0,80.0,80.0,0.0,1.0,16.0,48.0,32.0,0.0,0.0,1.0,1.0,80.0,32.0,1.0,1.0,0.0,0.0,0.0,80.0,160.0,52.0,,0.0,16.0,7.0,7.0,7.0,32.0,48.0,1.0,32.0,0.4,0.4898979485566356,0.0,1.0,32.0,1.0,,,0.0,0.0,0.0,0.0,32.0,0.0,0.0,16.0,0.0,16.0,0.0,16.0,0.0,0.0,0.0,,,,,,,,,,,,,
tfim,16,ionq,unknown,CPU,sync,1,4,4138.15,16.0,50.0,16.0,16.0,80.0,80.0,0.0,1.0,16.0,48.0,32.0,0.0,0.0,1.0,1.0,80.0,32.0,1.0,1.0,0.0,0.0,0.0,80.0,160.0,52.0,,0.0,16.0,7.0,7.0,7.0,32.0,48.0,1.0,32.0,0.4,0.4898979485566356,0.0,1.0,32.0,1.0,,,0.0,0.0,0.0,0.0,32.0,0.0,0.0,16.0,0.0,16.0,0.0,16.0,0.0,0.0,0.0,,,,,,,,,,,,,
tfim,16,ionq,unknown,CPU,sync,1,4,3383.83,16.0,50.0,16.0,16.0,80.0,80.0,0.0,1.0,16.0,48.0,32.0,0.0,0.0,1.0,1.0,80.0,32.0,1.0,1.0,0.0,0.0,0.0,80.0,160.0,52.0,,0.0,16.0,7.0,7.0,7.0,32.0,48.0,1.0,32.0,0.4,0.4898979485566356,0.0,1.0,32.0,1.0,,,0.0,0.0,0.0,0.0,32.0,0.0,0.0,16.0,0.0,16.0,0.0,16.0,0.0,0.0,0.0,,,,,,,,,,,,,
tfim,16,ionq,unknown,CPU,sync,1,4,6910.28,16.0,50.0,16.0,16.0,80.0,80.0,0.0,1.0,16.0,48.0,32.0,0.0,0.0,1.0,1.0,80.0,32.0,1.0,1.0,0.0,0.0,0.0,80.0,160.0,52.0,,0.0,16.0,7.0,7.0,7.0,32.0,48.0,1.0,32.0,0.4,0.4898979485566356,0.0,1.0,32.0,1.0,,,0.0,0.0,0.0,0.0,32.0,0.0,0.0,16.0,0.0,16.0,0.0,16.0,0.0,0.0,0.0,,,,,,,,,,,,,
tfim,16,ionq,unknown,CPU,sync,1,4,4138.15,16.0,50.0,16.0,16.0,80.0,80.0,0.0,1.0,16.0,48.0,32.0,0.0,0.0,1.0,1.0,80.0,32.0,1.0,1.0,0.0,0.0,0.0,80.0,160.0,52.0,,0.0,16.0,7.0,7.0,7.0,32.0,48.0,1.0,32.0,0.4,0.4898979485566356,0.0,1.0,32.0,1.0,,,0.0,0.0,0.0,0.0,32.0,0.0,0.0,16.0,0.0,16.0,0.0,16.0,0.0,0.0,0.0,,,,,,,,,,,,,
tfim,16,ionq,simulator,CPU,sync,1,8,2473.808526992798,16.0,50.0,16.0,16.0,80.0,80.0,0.0,1.0,16.0,48.0,32.0,0.0,0.0,1.0,1.0,80.0,32.0,1.0,1.0,0.0,0.0,0.0,80.0,160.0,52.0,,0.0,16.0,7.0,7.0,7.0,32.0,48.0,1.0,32.0,0.4,0.4898979485566356,0.0,1.0,32.0,1.0,,,0.0,0.0,0.0,0.0,32.0,0.0,0.0,16.0,0.0,16.0,0.0,16.0,0.0,0.0,0.0,,,,,,,,,,,,,
tfim,16,ibmq,ibm_torino,CPU,sync,1,8,100.85821151733398,16.0,50.0,16.0,16.0,80.0,80.0,0.0,1.0,16.0,48.0,32.0,0.0,0.0,1.0,1.0,80.0,32.0,1.0,1.0,0.0,0.0,0.0,80.0,160.0,52.0,,0.0,16.0,7.0,7.0,7.0,32.0,48.0,1.0,32.0,0.4,0.4898979485566356,0.0,1.0,32.0,1.0,,,0.0,0.0,0.0,0.0,32.0,0.0,0.0,16.0,0.0,16.0,0.0,16.0,0.0,0.0,0.0,,,,,,,,,,,,,
tfim,16,ibmq,ibm_miami,CPU,sync,1,8,88.40465545654297,16.0,50.0,16.0,16.0,80.0,80.0,0.0,1.0,16.0,48.0,32.0,0.0,0.0,1.0,1.0,80.0,32.0,1.0,1.0,0.0,0.0,0.0,80.0,160.0,52.0,,0.0,16.0,7.0,7.0,7.0,32.0,48.0,1.0,32.0,0.4,0.4898979485566356,0.0,1.0,32.0,1.0,,,0.0,0.0,0.0,0.0,32.0,0.0,0.0,16.0,0.0,16.0,0.0,16.0,0.0,0.0,0.0,,,,,,,,,,,,,
tfim,28,qiskitaer,unknown,CPU,sync,4,8,72391.94,,,,,,,,,,,,,,,,,,,,,,,,,,,,,,,,,,,,,,,,,,,,,,,,,,,,,,,,,,,,,,,,,,,,,,,
tfim,28,qiskitaer,unknown,CPU,sync,4,8,65719.2,,,,,,,,,,,,,,,,,,,,,,,,,,,,,,,,,,,,,,,,,,,,,,,,,,,,,,,,,,,,,,,,,,,,,,,
tfim,28,qiskitaer,unknown,CPU,sync,4,8,70610.73,,,,,,,,,,,,,,,,,,,,,,,,,,,,,,,,,,,,,,,,,,,,,,,,,,,,,,,,,,,,,,,,,,,,,,,
tfim,28,qiskitaer,unknown,CPU,sync,4,8,66419.18,,,,,,,,,,,,,,,,,,,,,,,,,,,,,,,,,,,,,,,,,,,,,,,,,,,,,,,,,,,,,,,,,,,,,,,
tfim,28,qiskitaer,unknown,CPU,sync,4,8,65774.99,,,,,,,,,,,,,,,,,,,,,,,,,,,,,,,,,,,,,,,,,,,,,,,,,,,,,,,,,,,,,,,,,,,,,,,
tfim,28,qiskitaer,unknown,CPU,sync,4,8,12310.63,,,,,,,,,,,,,,,,,,,,,,,,,,,,,,,,,,,,,,,,,,,,,,,,,,,,,,,,,,,,,,,,,,,,,,,
tfim,28,qiskitaer,unknown,CPU,sync,4,8,5400.18,,,,,,,,,,,,,,,,,,,,,,,,,,,,,,,,,,,,,,,,,,,,,,,,,,,,,,,,,,,,,,,,,,,,,,,
tfim,28,qiskitaer,unknown,CPU,sync,4,8,5079.61,,,,,,,,,,,,,,,,,,,,,,,,,,,,,,,,,,,,,,,,,,,,,,,,,,,,,,,,,,,,,,,,,,,,,,,
tfim,28,qiskitaer,unknown,CPU,sync,4,8,5036.76,,,,,,,,,,,,,,,,,,,,,,,,,,,,,,,,,,,,,,,,,,,,,,,,,,,,,,,,,,,,,,,,,,,,,,,
tfim,28,qiskitaer,unknown,CPU,sync,4,8,4992.52,,,,,,,,,,,,,,,,,,,,,,,,,,,,,,,,,,,,,,,,,,,,,,,,,,,,,,,,,,,,,,,,,,,,,,,
tfim,28,qiskitaer,unknown,CPU,sync,4,8,65991.53,,,,,,,,,,,,,,,,,,,,,,,,,,,,,,,,,,,,,,,,,,,,,,,,,,,,,,,,,,,,,,,,,,,,,,,
tfim,28,qiskitaer,unknown,CPU,sync,4,8,67883.65,,,,,,,,,,,,,,,,,,,,,,,,,,,,,,,,,,,,,,,,,,,,,,,,,,,,,,,,,,,,,,,,,,,,,,,
tfim,28,qiskitaer,unknown,CPU,sync,4,8,67779.74,,,,,,,,,,,,,,,,,,,,,,,,,,,,,,,,,,,,,,,,,,,,,,,,,,,,,,,,,,,,,,,,,,,,,,,
tfim,28,qiskitaer,unknown,CPU,sync,4,8,67807.71,,,,,,,,,,,,,,,,,,,,,,,,,,,,,,,,,,,,,,,,,,,,,,,,,,,,,,,,,,,,,,,,,,,,,,,
tfim,28,qiskitaer,unknown,CPU,sync,4,8,67668.91,,,,,,,,,,,,,,,,,,,,,,,,,,,,,,,,,,,,,,,,,,,,,,,,,,,,,,,,,,,,,,,,,,,,,,,
tfim,28,qiskitaer,unknown,CPU,sync,2,4,6833.72,,,,,,,,,,,,,,,,,,,,,,,,,,,,,,,,,,,,,,,,,,,,,,,,,,,,,,,,,,,,,,,,,,,,,,,
tfim,28,qiskitaer,unknown,CPU,sync,2,4,5732.5,,,,,,,,,,,,,,,,,,,,,,,,,,,,,,,,,,,,,,,,,,,,,,,,,,,,,,,,,,,,,,,,,,,,,,,
tfim,28,qiskitaer,unknown,CPU,sync,2,4,6330.25,,,,,,,,,,,,,,,,,,,,,,,,,,,,,,,,,,,,,,,,,,,,,,,,,,,,,,,,,,,,,,,,,,,,,,,
tfim,28,qiskitaer,unknown,CPU,sync,2,4,6833.72,,,,,,,,,,,,,,,,,,,,,,,,,,,,,,,,,,,,,,,,,,,,,,,,,,,,,,,,,,,,,,,,,,,,,,,
tfim,28,qiskitaer,unknown,CPU,sync,2,4,5732.5,,,,,,,,,,,,,,,,,,,,,,,,,,,,,,,,,,,,,,,,,,,,,,,,,,,,,,,,,,,,,,,,,,,,,,,
tfim,28,qiskitaer,unknown,CPU,sync,2,4,6330.25,,,,,,,,,,,,,,,,,,,,,,,,,,,,,,,,,,,,,,,,,,,,,,,,,,,,,,,,,,,,,,,,,,,,,,,
tfim,28,qiskitaer,unknown,CPU,sync,1,32,8673.79,,,,,,,,,,,,,,,,,,,,,,,,,,,,,,,,,,,,,,,,,,,,,,,,,,,,,,,,,,,,,,,,,,,,,,,
tfim,28,qiskitaer,unknown,CPU,sync,1,32,6240.84,,,,,,,,,,,,,,,,,,,,,,,,,,,,,,,,,,,,,,,,,,,,,,,,,,,,,,,,,,,,,,,,,,,,,,,
tfim,28,qiskitaer,unknown,CPU,sync,1,32,6168.94,,,,,,,,,,,,,,,,,,,,,,,,,,,,,,,,,,,,,,,,,,,,,,,,,,,,,,,,,,,,,,,,,,,,,,,
tfim,28,qiskitaer,unknown,CPU,sync,1,32,6130.36,,,,,,,,,,,,,,,,,,,,,,,,,,,,,,,,,,,,,,,,,,,,,,,,,,,,,,,,,,,,,,,,,,,,,,,
tfim,28,qiskitaer,unknown,CPU,sync,1,32,5882.31,,,,,,,,,,,,,,,,,,,,,,,,,,,,,,,,,,,,,,,,,,,,,,,,,,,,,,,,,,,,,,,,,,,,,,,
tfim,28,nwqsim,unknown,CPU,sync,4,8,15674.13,,,,,,,,,,,,,,,,,,,,,,,,,,,,,,,,,,,,,,,,,,,,,,,,,,,,,,,,,,,,,,,,,,,,,,,
tfim,28,nwqsim,unknown,CPU,sync,4,8,15491.01,,,,,,,,,,,,,,,,,,,,,,,,,,,,,,,,,,,,,,,,,,,,,,,,,,,,,,,,,,,,,,,,,,,,,,,
tfim,28,nwqsim,unknown,CPU,sync,4,8,15472.84,,,,,,,,,,,,,,,,,,,,,,,,,,,,,,,,,,,,,,,,,,,,,,,,,,,,,,,,,,,,,,,,,,,,,,,
tfim,28,nwqsim,unknown,CPU,sync,4,8,15525.27,,,,,,,,,,,,,,,,,,,,,,,,,,,,,,,,,,,,,,,,,,,,,,,,,,,,,,,,,,,,,,,,,,,,,,,
tfim,28,nwqsim,unknown,CPU,sync,4,8,15498.3,,,,,,,,,,,,,,,,,,,,,,,,,,,,,,,,,,,,,,,,,,,,,,,,,,,,,,,,,,,,,,,,,,,,,,,
tfim,28,nwqsim,unknown,CPU,sync,4,8,15981.33,,,,,,,,,,,,,,,,,,,,,,,,,,,,,,,,,,,,,,,,,,,,,,,,,,,,,,,,,,,,,,,,,,,,,,,
tfim,28,nwqsim,unknown,CPU,sync,4,8,15578.41,,,,,,,,,,,,,,,,,,,,,,,,,,,,,,,,,,,,,,,,,,,,,,,,,,,,,,,,,,,,,,,,,,,,,,,
tfim,28,nwqsim,unknown,CPU,sync,4,8,15495.67,,,,,,,,,,,,,,,,,,,,,,,,,,,,,,,,,,,,,,,,,,,,,,,,,,,,,,,,,,,,,,,,,,,,,,,
tfim,28,nwqsim,unknown,CPU,sync,4,8,15488.56,,,,,,,,,,,,,,,,,,,,,,,,,,,,,,,,,,,,,,,,,,,,,,,,,,,,,,,,,,,,,,,,,,,,,,,
tfim,28,nwqsim,unknown,CPU,sync,4,8,15492.4,,,,,,,,,,,,,,,,,,,,,,,,,,,,,,,,,,,,,,,,,,,,,,,,,,,,,,,,,,,,,,,,,,,,,,,
tfim,28,nwqsim,unknown,CPU,sync,4,8,16091.86,,,,,,,,,,,,,,,,,,,,,,,,,,,,,,,,,,,,,,,,,,,,,,,,,,,,,,,,,,,,,,,,,,,,,,,
tfim,28,nwqsim,unknown,CPU,sync,4,8,15612.89,,,,,,,,,,,,,,,,,,,,,,,,,,,,,,,,,,,,,,,,,,,,,,,,,,,,,,,,,,,,,,,,,,,,,,,
tfim,28,nwqsim,unknown,CPU,sync,4,8,15582.61,,,,,,,,,,,,,,,,,,,,,,,,,,,,,,,,,,,,,,,,,,,,,,,,,,,,,,,,,,,,,,,,,,,,,,,
tfim,28,nwqsim,unknown,CPU,sync,4,8,15589.37,,,,,,,,,,,,,,,,,,,,,,,,,,,,,,,,,,,,,,,,,,,,,,,,,,,,,,,,,,,,,,,,,,,,,,,
tfim,28,nwqsim,unknown,CPU,sync,4,8,15535.47,,,,,,,,,,,,,,,,,,,,,,,,,,,,,,,,,,,,,,,,,,,,,,,,,,,,,,,,,,,,,,,,,,,,,,,
tfim,28,nwqsim,unknown,CPU,sync,4,2,38876.93,,,,,,,,,,,,,,,,,,,,,,,,,,,,,,,,,,,,,,,,,,,,,,,,,,,,,,,,,,,,,,,,,,,,,,,
tfim,28,nwqsim,unknown,CPU,sync,4,2,38750.77,,,,,,,,,,,,,,,,,,,,,,,,,,,,,,,,,,,,,,,,,,,,,,,,,,,,,,,,,,,,,,,,,,,,,,,
tfim,28,nwqsim,unknown,CPU,sync,4,2,38679.87,,,,,,,,,,,,,,,,,,,,,,,,,,,,,,,,,,,,,,,,,,,,,,,,,,,,,,,,,,,,,,,,,,,,,,,
tfim,28,nwqsim,unknown,CPU,sync,4,2,38675.44,,,,,,,,,,,,,,,,,,,,,,,,,,,,,,,,,,,,,,,,,,,,,,,,,,,,,,,,,,,,,,,,,,,,,,,
tfim,28,nwqsim,unknown,CPU,sync,4,2,38734.73,,,,,,,,,,,,,,,,,,,,,,,,,,,,,,,,,,,,,,,,,,,,,,,,,,,,,,,,,,,,,,,,,,,,,,,
tfim,28,nwqsim,unknown,CPU,sync,4,4,28990.54,,,,,,,,,,,,,,,,,,,,,,,,,,,,,,,,,,,,,,,,,,,,,,,,,,,,,,,,,,,,,,,,,,,,,,,
tfim,28,nwqsim,unknown,CPU,sync,4,4,28476.44,,,,,,,,,,,,,,,,,,,,,,,,,,,,,,,,,,,,,,,,,,,,,,,,,,,,,,,,,,,,,,,,,,,,,,,
tfim,28,nwqsim,unknown,CPU,sync,4,4,28510.49,,,,,,,,,,,,,,,,,,,,,,,,,,,,,,,,,,,,,,,,,,,,,,,,,,,,,,,,,,,,,,,,,,,,,,,
tfim,28,nwqsim,unknown,CPU,sync,4,4,28412.58,,,,,,,,,,,,,,,,,,,,,,,,,,,,,,,,,,,,,,,,,,,,,,,,,,,,,,,,,,,,,,,,,,,,,,,
tfim,28,nwqsim,unknown,CPU,sync,4,4,28491.84,,,,,,,,,,,,,,,,,,,,,,,,,,,,,,,,,,,,,,,,,,,,,,,,,,,,,,,,,,,,,,,,,,,,,,,
tfim,28,nwqsim,unknown,CPU,sync,2,4,38900.34,,,,,,,,,,,,,,,,,,,,,,,,,,,,,,,,,,,,,,,,,,,,,,,,,,,,,,,,,,,,,,,,,,,,,,,
tfim,28,nwqsim,unknown,CPU,sync,2,4,38844.19,,,,,,,,,,,,,,,,,,,,,,,,,,,,,,,,,,,,,,,,,,,,,,,,,,,,,,,,,,,,,,,,,,,,,,,
tfim,28,nwqsim,unknown,CPU,sync,2,4,38655.58,,,,,,,,,,,,,,,,,,,,,,,,,,,,,,,,,,,,,,,,,,,,,,,,,,,,,,,,,,,,,,,,,,,,,,,
tfim,28,nwqsim,unknown,CPU,sync,2,4,38983.82,,,,,,,,,,,,,,,,,,,,,,,,,,,,,,,,,,,,,,,,,,,,,,,,,,,,,,,,,,,,,,,,,,,,,,,
tfim,28,nwqsim,unknown,CPU,sync,2,4,38790.33,,,,,,,,,,,,,,,,,,,,,,,,,,,,,,,,,,,,,,,,,,,,,,,,,,,,,,,,,,,,,,,,,,,,,,,
tfim,28,nwqsim,unknown,CPU,sync,2,4,38735.52,,,,,,,,,,,,,,,,,,,,,,,,,,,,,,,,,,,,,,,,,,,,,,,,,,,,,,,,,,,,,,,,,,,,,,,
tfim,28,nwqsim,unknown,CPU,sync,2,4,38779.13,,,,,,,,,,,,,,,,,,,,,,,,,,,,,,,,,,,,,,,,,,,,,,,,,,,,,,,,,,,,,,,,,,,,,,,
tfim,28,nwqsim,unknown,CPU,sync,2,4,38753.32,,,,,,,,,,,,,,,,,,,,,,,,,,,,,,,,,,,,,,,,,,,,,,,,,,,,,,,,,,,,,,,,,,,,,,,
tfim,28,nwqsim,unknown,CPU,sync,2,4,38900.34,,,,,,,,,,,,,,,,,,,,,,,,,,,,,,,,,,,,,,,,,,,,,,,,,,,,,,,,,,,,,,,,,,,,,,,
tfim,28,nwqsim,unknown,CPU,sync,2,4,38844.19,,,,,,,,,,,,,,,,,,,,,,,,,,,,,,,,,,,,,,,,,,,,,,,,,,,,,,,,,,,,,,,,,,,,,,,
tfim,28,nwqsim,unknown,CPU,sync,2,4,38655.58,,,,,,,,,,,,,,,,,,,,,,,,,,,,,,,,,,,,,,,,,,,,,,,,,,,,,,,,,,,,,,,,,,,,,,,
tfim,28,nwqsim,unknown,CPU,sync,2,16,15921.45,,,,,,,,,,,,,,,,,,,,,,,,,,,,,,,,,,,,,,,,,,,,,,,,,,,,,,,,,,,,,,,,,,,,,,,
tfim,28,nwqsim,unknown,CPU,sync,2,16,15600.82,,,,,,,,,,,,,,,,,,,,,,,,,,,,,,,,,,,,,,,,,,,,,,,,,,,,,,,,,,,,,,,,,,,,,,,
tfim,28,nwqsim,unknown,CPU,sync,2,16,15596.61,,,,,,,,,,,,,,,,,,,,,,,,,,,,,,,,,,,,,,,,,,,,,,,,,,,,,,,,,,,,,,,,,,,,,,,
tfim,28,nwqsim,unknown,CPU,sync,2,16,15527.23,,,,,,,,,,,,,,,,,,,,,,,,,,,,,,,,,,,,,,,,,,,,,,,,,,,,,,,,,,,,,,,,,,,,,,,
tfim,28,nwqsim,unknown,CPU,sync,2,16,15519.84,,,,,,,,,,,,,,,,,,,,,,,,,,,,,,,,,,,,,,,,,,,,,,,,,,,,,,,,,,,,,,,,,,,,,,,
tfim,28,nwqsim,unknown,CPU,sync,2,8,28712.21,,,,,,,,,,,,,,,,,,,,,,,,,,,,,,,,,,,,,,,,,,,,,,,,,,,,,,,,,,,,,,,,,,,,,,,
tfim,28,nwqsim,unknown,CPU,sync,2,8,28524.69,,,,,,,,,,,,,,,,,,,,,,,,,,,,,,,,,,,,,,,,,,,,,,,,,,,,,,,,,,,,,,,,,,,,,,,
tfim,28,nwqsim,unknown,CPU,sync,2,8,28476.35,,,,,,,,,,,,,,,,,,,,,,,,,,,,,,,,,,,,,,,,,,,,,,,,,,,,,,,,,,,,,,,,,,,,,,,
tfim,28,nwqsim,unknown,CPU,sync,2,8,28479.83,,,,,,,,,,,,,,,,,,,,,,,,,,,,,,,,,,,,,,,,,,,,,,,,,,,,,,,,,,,,,,,,,,,,,,,
tfim,28,nwqsim,unknown,CPU,sync,2,8,28495.19,,,,,,,,,,,,,,,,,,,,,,,,,,,,,,,,,,,,,,,,,,,,,,,,,,,,,,,,,,,,,,,,,,,,,,,
tfim,28,nwqsim,unknown,CPU,sync,8,8,10741.79,,,,,,,,,,,,,,,,,,,,,,,,,,,,,,,,,,,,,,,,,,,,,,,,,,,,,,,,,,,,,,,,,,,,,,,
tfim,28,nwqsim,unknown,CPU,sync,8,8,9755.84,,,,,,,,,,,,,,,,,,,,,,,,,,,,,,,,,,,,,,,,,,,,,,,,,,,,,,,,,,,,,,,,,,,,,,,
tfim,28,nwqsim,unknown,CPU,sync,8,8,9728.34,,,,,,,,,,,,,,,,,,,,,,,,,,,,,,,,,,,,,,,,,,,,,,,,,,,,,,,,,,,,,,,,,,,,,,,
tfim,28,nwqsim,unknown,CPU,sync,8,8,9740.0,,,,,,,,,,,,,,,,,,,,,,,,,,,,,,,,,,,,,,,,,,,,,,,,,,,,,,,,,,,,,,,,,,,,,,,
tfim,28,nwqsim,unknown,CPU,sync,8,8,9746.47,,,,,,,,,,,,,,,,,,,,,,,,,,,,,,,,,,,,,,,,,,,,,,,,,,,,,,,,,,,,,,,,,,,,,,,
tfim,28,nwqsim,unknown,CPU,sync,8,2,28652.08,,,,,,,,,,,,,,,,,,,,,,,,,,,,,,,,,,,,,,,,,,,,,,,,,,,,,,,,,,,,,,,,,,,,,,,
tfim,28,nwqsim,unknown,CPU,sync,8,2,28262.57,,,,,,,,,,,,,,,,,,,,,,,,,,,,,,,,,,,,,,,,,,,,,,,,,,,,,,,,,,,,,,,,,,,,,,,
tfim,28,nwqsim,unknown,CPU,sync,8,2,28194.71,,,,,,,,,,,,,,,,,,,,,,,,,,,,,,,,,,,,,,,,,,,,,,,,,,,,,,,,,,,,,,,,,,,,,,,
tfim,28,nwqsim,unknown,CPU,sync,8,2,28204.55,,,,,,,,,,,,,,,,,,,,,,,,,,,,,,,,,,,,,,,,,,,,,,,,,,,,,,,,,,,,,,,,,,,,,,,
tfim,28,nwqsim,unknown,CPU,sync,8,2,28232.54,,,,,,,,,,,,,,,,,,,,,,,,,,,,,,,,,,,,,,,,,,,,,,,,,,,,,,,,,,,,,,,,,,,,,,,
tfim,28,nwqsim,unknown,CPU,sync,8,4,16091.4,,,,,,,,,,,,,,,,,,,,,,,,,,,,,,,,,,,,,,,,,,,,,,,,,,,,,,,,,,,,,,,,,,,,,,,
tfim,28,nwqsim,unknown,CPU,sync,8,4,15583.37,,,,,,,,,,,,,,,,,,,,,,,,,,,,,,,,,,,,,,,,,,,,,,,,,,,,,,,,,,,,,,,,,,,,,,,
tfim,28,nwqsim,unknown,CPU,sync,8,4,15567.47,,,,,,,,,,,,,,,,,,,,,,,,,,,,,,,,,,,,,,,,,,,,,,,,,,,,,,,,,,,,,,,,,,,,,,,
tfim,28,nwqsim,unknown,CPU,sync,8,4,15561.13,,,,,,,,,,,,,,,,,,,,,,,,,,,,,,,,,,,,,,,,,,,,,,,,,,,,,,,,,,,,,,,,,,,,,,,
tfim,28,nwqsim,unknown,CPU,sync,8,4,15488.57,,,,,,,,,,,,,,,,,,,,,,,,,,,,,,,,,,,,,,,,,,,,,,,,,,,,,,,,,,,,,,,,,,,,,,,
tfim,28,nwqsim,unknown,CPU,sync,1,16,28781.14,,,,,,,,,,,,,,,,,,,,,,,,,,,,,,,,,,,,,,,,,,,,,,,,,,,,,,,,,,,,,,,,,,,,,,,
tfim,28,nwqsim,unknown,CPU,sync,1,16,28504.66,,,,,,,,,,,,,,,,,,,,,,,,,,,,,,,,,,,,,,,,,,,,,,,,,,,,,,,,,,,,,,,,,,,,,,,
tfim,28,nwqsim,unknown,CPU,sync,1,16,28520.33,,,,,,,,,,,,,,,,,,,,,,,,,,,,,,,,,,,,,,,,,,,,,,,,,,,,,,,,,,,,,,,,,,,,,,,
tfim,28,nwqsim,unknown,CPU,sync,1,16,28518.82,,,,,,,,,,,,,,,,,,,,,,,,,,,,,,,,,,,,,,,,,,,,,,,,,,,,,,,,,,,,,,,,,,,,,,,
tfim,28,nwqsim,unknown,CPU,sync,1,16,28490.97,,,,,,,,,,,,,,,,,,,,,,,,,,,,,,,,,,,,,,,,,,,,,,,,,,,,,,,,,,,,,,,,,,,,,,,
tfim,28,nwqsim,unknown,CPU,sync,1,8,38963.04,,,,,,,,,,,,,,,,,,,,,,,,,,,,,,,,,,,,,,,,,,,,,,,,,,,,,,,,,,,,,,,,,,,,,,,
tfim,28,nwqsim,unknown,CPU,sync,1,8,38847.34,,,,,,,,,,,,,,,,,,,,,,,,,,,,,,,,,,,,,,,,,,,,,,,,,,,,,,,,,,,,,,,,,,,,,,,
tfim,28,nwqsim,unknown,CPU,sync,1,8,38609.2,,,,,,,,,,,,,,,,,,,,,,,,,,,,,,,,,,,,,,,,,,,,,,,,,,,,,,,,,,,,,,,,,,,,,,,
tfim,28,nwqsim,unknown,CPU,sync,1,8,38701.6,,,,,,,,,,,,,,,,,,,,,,,,,,,,,,,,,,,,,,,,,,,,,,,,,,,,,,,,,,,,,,,,,,,,,,,
tfim,28,nwqsim,unknown,CPU,sync,1,8,38781.7,,,,,,,,,,,,,,,,,,,,,,,,,,,,,,,,,,,,,,,,,,,,,,,,,,,,,,,,,,,,,,,,,,,,,,,
tfim,28,nwqsim,unknown,CPU,sync,1,32,15750.76,,,,,,,,,,,,,,,,,,,,,,,,,,,,,,,,,,,,,,,,,,,,,,,,,,,,,,,,,,,,,,,,,,,,,,,
tfim,28,nwqsim,unknown,CPU,sync,1,32,15489.35,,,,,,,,,,,,,,,,,,,,,,,,,,,,,,,,,,,,,,,,,,,,,,,,,,,,,,,,,,,,,,,,,,,,,,,
tfim,28,nwqsim,unknown,CPU,sync,1,32,15478.54,,,,,,,,,,,,,,,,,,,,,,,,,,,,,,,,,,,,,,,,,,,,,,,,,,,,,,,,,,,,,,,,,,,,,,,
tfim,28,nwqsim,unknown,CPU,sync,1,32,15485.16,,,,,,,,,,,,,,,,,,,,,,,,,,,,,,,,,,,,,,,,,,,,,,,,,,,,,,,,,,,,,,,,,,,,,,,
tfim,28,nwqsim,unknown,CPU,sync,1,32,15405.27,,,,,,,,,,,,,,,,,,,,,,,,,,,,,,,,,,,,,,,,,,,,,,,,,,,,,,,,,,,,,,,,,,,,,,,
tfim,28,qtensor,unknown,CPU,sync,4,8,97711.92,,,,,,,,,,,,,,,,,,,,,,,,,,,,,,,,,,,,,,,,,,,,,,,,,,,,,,,,,,,,,,,,,,,,,,,
tfim,28,qtensor,unknown,CPU,sync,4,8,92371.07,,,,,,,,,,,,,,,,,,,,,,,,,,,,,,,,,,,,,,,,,,,,,,,,,,,,,,,,,,,,,,,,,,,,,,,
tfim,28,qtensor,unknown,CPU,sync,4,8,92236.11,,,,,,,,,,,,,,,,,,,,,,,,,,,,,,,,,,,,,,,,,,,,,,,,,,,,,,,,,,,,,,,,,,,,,,,
tfim,28,qtensor,unknown,CPU,sync,4,8,90416.9,,,,,,,,,,,,,,,,,,,,,,,,,,,,,,,,,,,,,,,,,,,,,,,,,,,,,,,,,,,,,,,,,,,,,,,
tfim,28,qtensor,unknown,CPU,sync,4,8,92719.42,,,,,,,,,,,,,,,,,,,,,,,,,,,,,,,,,,,,,,,,,,,,,,,,,,,,,,,,,,,,,,,,,,,,,,,
tfim,28,qtensor,unknown,CPU,sync,1,32,94244.25,,,,,,,,,,,,,,,,,,,,,,,,,,,,,,,,,,,,,,,,,,,,,,,,,,,,,,,,,,,,,,,,,,,,,,,
tfim,28,qtensor,unknown,CPU,sync,1,32,111337.06,,,,,,,,,,,,,,,,,,,,,,,,,,,,,,,,,,,,,,,,,,,,,,,,,,,,,,,,,,,,,,,,,,,,,,,
tfim,28,qtensor,unknown,CPU,sync,1,32,108771.26,,,,,,,,,,,,,,,,,,,,,,,,,,,,,,,,,,,,,,,,,,,,,,,,,,,,,,,,,,,,,,,,,,,,,,,
tfim,28,qtensor,unknown,CPU,sync,1,32,122790.19,,,,,,,,,,,,,,,,,,,,,,,,,,,,,,,,,,,,,,,,,,,,,,,,,,,,,,,,,,,,,,,,,,,,,,,
tfim,28,qtensor,unknown,CPU,sync,1,32,106606.31,,,,,,,,,,,,,,,,,,,,,,,,,,,,,,,,,,,,,,,,,,,,,,,,,,,,,,,,,,,,,,,,,,,,,,,
tfim,28,ionq,unknown,CPU,sync,2,4,37657.47,,,,,,,,,,,,,,,,,,,,,,,,,,,,,,,,,,,,,,,,,,,,,,,,,,,,,,,,,,,,,,,,,,,,,,,
tfim,28,ionq,unknown,CPU,sync,2,4,31676.94,,,,,,,,,,,,,,,,,,,,,,,,,,,,,,,,,,,,,,,,,,,,,,,,,,,,,,,,,,,,,,,,,,,,,,,
tfim,28,ionq,unknown,CPU,sync,2,4,32002.94,,,,,,,,,,,,,,,,,,,,,,,,,,,,,,,,,,,,,,,,,,,,,,,,,,,,,,,,,,,,,,,,,,,,,,,
tfim,28,ionq,unknown,CPU,sync,2,4,37657.47,,,,,,,,,,,,,,,,,,,,,,,,,,,,,,,,,,,,,,,,,,,,,,,,,,,,,,,,,,,,,,,,,,,,,,,
tfim,28,ionq,unknown,CPU,sync,2,4,31676.94,,,,,,,,,,,,,,,,,,,,,,,,,,,,,,,,,,,,,,,,,,,,,,,,,,,,,,,,,,,,,,,,,,,,,,,
tfim,28,ionq,unknown,CPU,sync,2,4,32002.94,,,,,,,,,,,,,,,,,,,,,,,,,,,,,,,,,,,,,,,,,,,,,,,,,,,,,,,,,,,,,,,,,,,,,,,
tfim,28,ionq,unknown,CPU,sync,1,4,37657.47,,,,,,,,,,,,,,,,,,,,,,,,,,,,,,,,,,,,,,,,,,,,,,,,,,,,,,,,,,,,,,,,,,,,,,,
tfim,28,ionq,unknown,CPU,sync,1,4,31676.94,,,,,,,,,,,,,,,,,,,,,,,,,,,,,,,,,,,,,,,,,,,,,,,,,,,,,,,,,,,,,,,,,,,,,,,
tfim,28,ionq,unknown,CPU,sync,1,4,32002.94,,,,,,,,,,,,,,,,,,,,,,,,,,,,,,,,,,,,,,,,,,,,,,,,,,,,,,,,,,,,,,,,,,,,,,,
tfim,28,ionq,unknown,CPU,sync,1,4,37657.47,,,,,,,,,,,,,,,,,,,,,,,,,,,,,,,,,,,,,,,,,,,,,,,,,,,,,,,,,,,,,,,,,,,,,,,
tfim,28,ionq,unknown,CPU,sync,1,4,31676.94,,,,,,,,,,,,,,,,,,,,,,,,,,,,,,,,,,,,,,,,,,,,,,,,,,,,,,,,,,,,,,,,,,,,,,,
tfim,28,ionq,unknown,CPU,sync,1,4,32002.94,,,,,,,,,,,,,,,,,,,,,,,,,,,,,,,,,,,,,,,,,,,,,,,,,,,,,,,,,,,,,,,,,,,,,,,
tfim,28,ionq,unknown,CPU,sync,1,8,35871.5,,,,,,,,,,,,,,,,,,,,,,,,,,,,,,,,,,,,,,,,,,,,,,,,,,,,,,,,,,,,,,,,,,,,,,,
tfim,28,ionq,unknown,CPU,sync,1,8,39195.67,,,,,,,,,,,,,,,,,,,,,,,,,,,,,,,,,,,,,,,,,,,,,,,,,,,,,,,,,,,,,,,,,,,,,,,
tfim,28,ionq,unknown,CPU,sync,1,8,36109.49,,,,,,,,,,,,,,,,,,,,,,,,,,,,,,,,,,,,,,,,,,,,,,,,,,,,,,,,,,,,,,,,,,,,,,,
tfim,28,ionq,unknown,CPU,sync,1,8,32795.57,,,,,,,,,,,,,,,,,,,,,,,,,,,,,,,,,,,,,,,,,,,,,,,,,,,,,,,,,,,,,,,,,,,,,,,
tfim,28,ionq,unknown,CPU,sync,1,8,35733.08,,,,,,,,,,,,,,,,,,,,,,,,,,,,,,,,,,,,,,,,,,,,,,,,,,,,,,,,,,,,,,,,,,,,,,,
tfim,32,nwqsim,unknown,CPU,sync,4,8,253922.4,,,,,,,,,,,,,,,,,,,,,,,,,,,,,,,,,,,,,,,,,,,,,,,,,,,,,,,,,,,,,,,,,,,,,,,
tfim,32,nwqsim,unknown,CPU,sync,4,8,254423.9,,,,,,,,,,,,,,,,,,,,,,,,,,,,,,,,,,,,,,,,,,,,,,,,,,,,,,,,,,,,,,,,,,,,,,,
tfim,32,nwqsim,unknown,CPU,sync,4,8,254520.6,,,,,,,,,,,,,,,,,,,,,,,,,,,,,,,,,,,,,,,,,,,,,,,,,,,,,,,,,,,,,,,,,,,,,,,
tfim,32,nwqsim,unknown,CPU,sync,4,8,253184.67,,,,,,,,,,,,,,,,,,,,,,,,,,,,,,,,,,,,,,,,,,,,,,,,,,,,,,,,,,,,,,,,,,,,,,,
tfim,32,nwqsim,unknown,CPU,sync,4,8,253097.67,,,,,,,,,,,,,,,,,,,,,,,,,,,,,,,,,,,,,,,,,,,,,,,,,,,,,,,,,,,,,,,,,,,,,,,
tfim,32,nwqsim,unknown,CPU,sync,2,16,252723.39,,,,,,,,,,,,,,,,,,,,,,,,,,,,,,,,,,,,,,,,,,,,,,,,,,,,,,,,,,,,,,,,,,,,,,,
tfim,32,nwqsim,unknown,CPU,sync,2,16,252334.6,,,,,,,,,,,,,,,,,,,,,,,,,,,,,,,,,,,,,,,,,,,,,,,,,,,,,,,,,,,,,,,,,,,,,,,
tfim,32,nwqsim,unknown,CPU,sync,2,16,252516.91,,,,,,,,,,,,,,,,,,,,,,,,,,,,,,,,,,,,,,,,,,,,,,,,,,,,,,,,,,,,,,,,,,,,,,,
tfim,32,nwqsim,unknown,CPU,sync,2,16,252583.05,,,,,,,,,,,,,,,,,,,,,,,,,,,,,,,,,,,,,,,,,,,,,,,,,,,,,,,,,,,,,,,,,,,,,,,
tfim,32,nwqsim,unknown,CPU,sync,2,16,253560.1,,,,,,,,,,,,,,,,,,,,,,,,,,,,,,,,,,,,,,,,,,,,,,,,,,,,,,,,,,,,,,,,,,,,,,,
tfim,32,nwqsim,unknown,CPU,sync,1,32,253414.65,,,,,,,,,,,,,,,,,,,,,,,,,,,,,,,,,,,,,,,,,,,,,,,,,,,,,,,,,,,,,,,,,,,,,,,
tfim,32,nwqsim,unknown,CPU,sync,1,32,254618.78,,,,,,,,,,,,,,,,,,,,,,,,,,,,,,,,,,,,,,,,,,,,,,,,,,,,,,,,,,,,,,,,,,,,,,,
tfim,32,qiskitaer,unknown,CPU,sync,4,8,13362.28,,,,,,,,,,,,,,,,,,,,,,,,,,,,,,,,,,,,,,,,,,,,,,,,,,,,,,,,,,,,,,,,,,,,,,,
tfim,32,qiskitaer,unknown,CPU,sync,4,8,4565.69,,,,,,,,,,,,,,,,,,,,,,,,,,,,,,,,,,,,,,,,,,,,,,,,,,,,,,,,,,,,,,,,,,,,,,,
tfim,32,qiskitaer,unknown,CPU,sync,4,8,4595.16,,,,,,,,,,,,,,,,,,,,,,,,,,,,,,,,,,,,,,,,,,,,,,,,,,,,,,,,,,,,,,,,,,,,,,,
tfim,32,qiskitaer,unknown,CPU,sync,4,8,4621.04,,,,,,,,,,,,,,,,,,,,,,,,,,,,,,,,,,,,,,,,,,,,,,,,,,,,,,,,,,,,,,,,,,,,,,,
tfim,32,qiskitaer,unknown,CPU,sync,4,8,4532.92,,,,,,,,,,,,,,,,,,,,,,,,,,,,,,,,,,,,,,,,,,,,,,,,,,,,,,,,,,,,,,,,,,,,,,,
tfim,32,qiskitaer,unknown,CPU,sync,2,8,9975.98,,,,,,,,,,,,,,,,,,,,,,,,,,,,,,,,,,,,,,,,,,,,,,,,,,,,,,,,,,,,,,,,,,,,,,,
tfim,32,qiskitaer,unknown,CPU,sync,2,8,9120.44,,,,,,,,,,,,,,,,,,,,,,,,,,,,,,,,,,,,,,,,,,,,,,,,,,,,,,,,,,,,,,,,,,,,,,,
tfim,32,qiskitaer,unknown,CPU,sync,2,8,8753.32,,,,,,,,,,,,,,,,,,,,,,,,,,,,,,,,,,,,,,,,,,,,,,,,,,,,,,,,,,,,,,,,,,,,,,,
tfim,32,qiskitaer,unknown,CPU,sync,2,8,9975.98,,,,,,,,,,,,,,,,,,,,,,,,,,,,,,,,,,,,,,,,,,,,,,,,,,,,,,,,,,,,,,,,,,,,,,,
tfim,32,qiskitaer,unknown,CPU,sync,2,8,9120.44,,,,,,,,,,,,,,,,,,,,,,,,,,,,,,,,,,,,,,,,,,,,,,,,,,,,,,,,,,,,,,,,,,,,,,,
tfim,32,qiskitaer,unknown,CPU,sync,2,8,8753.32,,,,,,,,,,,,,,,,,,,,,,,,,,,,,,,,,,,,,,,,,,,,,,,,,,,,,,,,,,,,,,,,,,,,,,,
tfim,32,qiskitaer,unknown,CPU,sync,2,16,8728.66,,,,,,,,,,,,,,,,,,,,,,,,,,,,,,,,,,,,,,,,,,,,,,,,,,,,,,,,,,,,,,,,,,,,,,,
tfim,32,qiskitaer,unknown,CPU,sync,2,16,6579.85,,,,,,,,,,,,,,,,,,,,,,,,,,,,,,,,,,,,,,,,,,,,,,,,,,,,,,,,,,,,,,,,,,,,,,,
tfim,32,qiskitaer,unknown,CPU,sync,2,16,6506.6,,,,,,,,,,,,,,,,,,,,,,,,,,,,,,,,,,,,,,,,,,,,,,,,,,,,,,,,,,,,,,,,,,,,,,,
tfim,32,qiskitaer,unknown,CPU,sync,2,16,6588.5,,,,,,,,,,,,,,,,,,,,,,,,,,,,,,,,,,,,,,,,,,,,,,,,,,,,,,,,,,,,,,,,,,,,,,,
tfim,32,qiskitaer,unknown,CPU,sync,2,16,6771.26,,,,,,,,,,,,,,,,,,,,,,,,,,,,,,,,,,,,,,,,,,,,,,,,,,,,,,,,,,,,,,,,,,,,,,,
tfim,32,qiskitaer,unknown,CPU,sync,1,32,13564.45,,,,,,,,,,,,,,,,,,,,,,,,,,,,,,,,,,,,,,,,,,,,,,,,,,,,,,,,,,,,,,,,,,,,,,,
tfim,32,qiskitaer,unknown,CPU,sync,1,32,6784.48,,,,,,,,,,,,,,,,,,,,,,,,,,,,,,,,,,,,,,,,,,,,,,,,,,,,,,,,,,,,,,,,,,,,,,,
tfim,32,qiskitaer,unknown,CPU,sync,1,32,6907.11,,,,,,,,,,,,,,,,,,,,,,,,,,,,,,,,,,,,,,,,,,,,,,,,,,,,,,,,,,,,,,,,,,,,,,,
tfim,32,qiskitaer,unknown,CPU,sync,1,32,6773.62,,,,,,,,,,,,,,,,,,,,,,,,,,,,,,,,,,,,,,,,,,,,,,,,,,,,,,,,,,,,,,,,,,,,,,,
tfim,32,qiskitaer,unknown,CPU,sync,1,32,6641.83,,,,,,,,,,,,,,,,,,,,,,,,,,,,,,,,,,,,,,,,,,,,,,,,,,,,,,,,,,,,,,,,,,,,,,,
tfim,8,tnqvm,unknown,CPU,sync,1,4,6706.61,8.0,26.0,8.0,8.0,40.0,40.0,0.0,1.0,8.0,24.0,16.0,0.0,0.0,1.0,1.0,40.0,16.0,1.0,1.0,0.0,0.0,0.0,40.0,80.0,28.0,,0.0,8.0,7.0,7.0,7.0,16.0,24.0,1.0,16.0,0.4,0.4898979485566356,0.0,1.0,16.0,1.0,,,0.0,0.0,0.0,0.0,16.0,0.0,0.0,8.0,0.0,8.0,0.0,8.0,0.0,0.0,0.0,,,,,,,,,,,,,
tfim,8,tnqvm,unknown,CPU,sync,1,4,4134.33,8.0,26.0,8.0,8.0,40.0,40.0,0.0,1.0,8.0,24.0,16.0,0.0,0.0,1.0,1.0,40.0,16.0,1.0,1.0,0.0,0.0,0.0,40.0,80.0,28.0,,0.0,8.0,7.0,7.0,7.0,16.0,24.0,1.0,16.0,0.4,0.4898979485566356,0.0,1.0,16.0,1.0,,,0.0,0.0,0.0,0.0,16.0,0.0,0.0,8.0,0.0,8.0,0.0,8.0,0.0,0.0,0.0,,,,,,,,,,,,,
tfim,8,tnqvm,unknown,CPU,sync,1,4,4034.37,8.0,26.0,8.0,8.0,40.0,40.0,0.0,1.0,8.0,24.0,16.0,0.0,0.0,1.0,1.0,40.0,16.0,1.0,1.0,0.0,0.0,0.0,40.0,80.0,28.0,,0.0,8.0,7.0,7.0,7.0,16.0,24.0,1.0,16.0,0.4,0.4898979485566356,0.0,1.0,16.0,1.0,,,0.0,0.0,0.0,0.0,16.0,0.0,0.0,8.0,0.0,8.0,0.0,8.0,0.0,0.0,0.0,,,,,,,,,,,,,
tfim,8,tnqvm,unknown,CPU,sync,1,4,6706.61,8.0,26.0,8.0,8.0,40.0,40.0,0.0,1.0,8.0,24.0,16.0,0.0,0.0,1.0,1.0,40.0,16.0,1.0,1.0,0.0,0.0,0.0,40.0,80.0,28.0,,0.0,8.0,7.0,7.0,7.0,16.0,24.0,1.0,16.0,0.4,0.4898979485566356,0.0,1.0,16.0,1.0,,,0.0,0.0,0.0,0.0,16.0,0.0,0.0,8.0,0.0,8.0,0.0,8.0,0.0,0.0,0.0,,,,,,,,,,,,,
tfim,8,tnqvm,unknown,CPU,sync,1,4,4134.33,8.0,26.0,8.0,8.0,40.0,40.0,0.0,1.0,8.0,24.0,16.0,0.0,0.0,1.0,1.0,40.0,16.0,1.0,1.0,0.0,0.0,0.0,40.0,80.0,28.0,,0.0,8.0,7.0,7.0,7.0,16.0,24.0,1.0,16.0,0.4,0.4898979485566356,0.0,1.0,16.0,1.0,,,0.0,0.0,0.0,0.0,16.0,0.0,0.0,8.0,0.0,8.0,0.0,8.0,0.0,0.0,0.0,,,,,,,,,,,,,
tfim,8,tnqvm,unknown,CPU,sync,1,4,4034.37,8.0,26.0,8.0,8.0,40.0,40.0,0.0,1.0,8.0,24.0,16.0,0.0,0.0,1.0,1.0,40.0,16.0,1.0,1.0,0.0,0.0,0.0,40.0,80.0,28.0,,0.0,8.0,7.0,7.0,7.0,16.0,24.0,1.0,16.0,0.4,0.4898979485566356,0.0,1.0,16.0,1.0,,,0.0,0.0,0.0,0.0,16.0,0.0,0.0,8.0,0.0,8.0,0.0,8.0,0.0,0.0,0.0,,,,,,,,,,,,,
tfim,8,tnqvm,unknown,CPU,sync,1,8,8419.46,8.0,26.0,8.0,8.0,40.0,40.0,0.0,1.0,8.0,24.0,16.0,0.0,0.0,1.0,1.0,40.0,16.0,1.0,1.0,0.0,0.0,0.0,40.0,80.0,28.0,,0.0,8.0,7.0,7.0,7.0,16.0,24.0,1.0,16.0,0.4,0.4898979485566356,0.0,1.0,16.0,1.0,,,0.0,0.0,0.0,0.0,16.0,0.0,0.0,8.0,0.0,8.0,0.0,8.0,0.0,0.0,0.0,,,,,,,,,,,,,
tfim,8,tnqvm,unknown,CPU,sync,1,8,4047.66,8.0,26.0,8.0,8.0,40.0,40.0,0.0,1.0,8.0,24.0,16.0,0.0,0.0,1.0,1.0,40.0,16.0,1.0,1.0,0.0,0.0,0.0,40.0,80.0,28.0,,0.0,8.0,7.0,7.0,7.0,16.0,24.0,1.0,16.0,0.4,0.4898979485566356,0.0,1.0,16.0,1.0,,,0.0,0.0,0.0,0.0,16.0,0.0,0.0,8.0,0.0,8.0,0.0,8.0,0.0,0.0,0.0,,,,,,,,,,,,,
tfim,8,tnqvm,unknown,CPU,sync,1,8,3986.28,8.0,26.0,8.0,8.0,40.0,40.0,0.0,1.0,8.0,24.0,16.0,0.0,0.0,1.0,1.0,40.0,16.0,1.0,1.0,0.0,0.0,0.0,40.0,80.0,28.0,,0.0,8.0,7.0,7.0,7.0,16.0,24.0,1.0,16.0,0.4,0.4898979485566356,0.0,1.0,16.0,1.0,,,0.0,0.0,0.0,0.0,16.0,0.0,0.0,8.0,0.0,8.0,0.0,8.0,0.0,0.0,0.0,,,,,,,,,,,,,
tfim,8,tnqvm,unknown,CPU,sync,1,8,3942.31,8.0,26.0,8.0,8.0,40.0,40.0,0.0,1.0,8.0,24.0,16.0,0.0,0.0,1.0,1.0,40.0,16.0,1.0,1.0,0.0,0.0,0.0,40.0,80.0,28.0,,0.0,8.0,7.0,7.0,7.0,16.0,24.0,1.0,16.0,0.4,0.4898979485566356,0.0,1.0,16.0,1.0,,,0.0,0.0,0.0,0.0,16.0,0.0,0.0,8.0,0.0,8.0,0.0,8.0,0.0,0.0,0.0,,,,,,,,,,,,,
tfim,8,tnqvm,unknown,CPU,sync,1,8,3851.3,8.0,26.0,8.0,8.0,40.0,40.0,0.0,1.0,8.0,24.0,16.0,0.0,0.0,1.0,1.0,40.0,16.0,1.0,1.0,0.0,0.0,0.0,40.0,80.0,28.0,,0.0,8.0,7.0,7.0,7.0,16.0,24.0,1.0,16.0,0.4,0.4898979485566356,0.0,1.0,16.0,1.0,,,0.0,0.0,0.0,0.0,16.0,0.0,0.0,8.0,0.0,8.0,0.0,8.0,0.0,0.0,0.0,,,,,,,,,,,,,
tfim,8,qiskitaer,unknown,CPU,sync,1,4,7400.7,8.0,26.0,8.0,8.0,40.0,40.0,0.0,1.0,8.0,24.0,16.0,0.0,0.0,1.0,1.0,40.0,16.0,1.0,1.0,0.0,0.0,0.0,40.0,80.0,28.0,,0.0,8.0,7.0,7.0,7.0,16.0,24.0,1.0,16.0,0.4,0.4898979485566356,0.0,1.0,16.0,1.0,,,0.0,0.0,0.0,0.0,16.0,0.0,0.0,8.0,0.0,8.0,0.0,8.0,0.0,0.0,0.0,,,,,,,,,,,,,
tfim,8,qiskitaer,unknown,CPU,sync,1,4,6612.56,8.0,26.0,8.0,8.0,40.0,40.0,0.0,1.0,8.0,24.0,16.0,0.0,0.0,1.0,1.0,40.0,16.0,1.0,1.0,0.0,0.0,0.0,40.0,80.0,28.0,,0.0,8.0,7.0,7.0,7.0,16.0,24.0,1.0,16.0,0.4,0.4898979485566356,0.0,1.0,16.0,1.0,,,0.0,0.0,0.0,0.0,16.0,0.0,0.0,8.0,0.0,8.0,0.0,8.0,0.0,0.0,0.0,,,,,,,,,,,,,
tfim,8,qiskitaer,unknown,CPU,sync,1,4,6550.17,8.0,26.0,8.0,8.0,40.0,40.0,0.0,1.0,8.0,24.0,16.0,0.0,0.0,1.0,1.0,40.0,16.0,1.0,1.0,0.0,0.0,0.0,40.0,80.0,28.0,,0.0,8.0,7.0,7.0,7.0,16.0,24.0,1.0,16.0,0.4,0.4898979485566356,0.0,1.0,16.0,1.0,,,0.0,0.0,0.0,0.0,16.0,0.0,0.0,8.0,0.0,8.0,0.0,8.0,0.0,0.0,0.0,,,,,,,,,,,,,
tfim,8,qiskitaer,unknown,CPU,sync,1,4,7331.89,8.0,26.0,8.0,8.0,40.0,40.0,0.0,1.0,8.0,24.0,16.0,0.0,0.0,1.0,1.0,40.0,16.0,1.0,1.0,0.0,0.0,0.0,40.0,80.0,28.0,,0.0,8.0,7.0,7.0,7.0,16.0,24.0,1.0,16.0,0.4,0.4898979485566356,0.0,1.0,16.0,1.0,,,0.0,0.0,0.0,0.0,16.0,0.0,0.0,8.0,0.0,8.0,0.0,8.0,0.0,0.0,0.0,,,,,,,,,,,,,
tfim,8,qiskitaer,unknown,CPU,sync,1,4,6477.56,8.0,26.0,8.0,8.0,40.0,40.0,0.0,1.0,8.0,24.0,16.0,0.0,0.0,1.0,1.0,40.0,16.0,1.0,1.0,0.0,0.0,0.0,40.0,80.0,28.0,,0.0,8.0,7.0,7.0,7.0,16.0,24.0,1.0,16.0,0.4,0.4898979485566356,0.0,1.0,16.0,1.0,,,0.0,0.0,0.0,0.0,16.0,0.0,0.0,8.0,0.0,8.0,0.0,8.0,0.0,0.0,0.0,,,,,,,,,,,,,
tfim,8,qiskitaer,unknown,CPU,sync,1,4,6286.5,8.0,26.0,8.0,8.0,40.0,40.0,0.0,1.0,8.0,24.0,16.0,0.0,0.0,1.0,1.0,40.0,16.0,1.0,1.0,0.0,0.0,0.0,40.0,80.0,28.0,,0.0,8.0,7.0,7.0,7.0,16.0,24.0,1.0,16.0,0.4,0.4898979485566356,0.0,1.0,16.0,1.0,,,0.0,0.0,0.0,0.0,16.0,0.0,0.0,8.0,0.0,8.0,0.0,8.0,0.0,0.0,0.0,,,,,,,,,,,,,
tfim,8,qiskitaer,unknown,CPU,sync,1,4,7326.18,8.0,26.0,8.0,8.0,40.0,40.0,0.0,1.0,8.0,24.0,16.0,0.0,0.0,1.0,1.0,40.0,16.0,1.0,1.0,0.0,0.0,0.0,40.0,80.0,28.0,,0.0,8.0,7.0,7.0,7.0,16.0,24.0,1.0,16.0,0.4,0.4898979485566356,0.0,1.0,16.0,1.0,,,0.0,0.0,0.0,0.0,16.0,0.0,0.0,8.0,0.0,8.0,0.0,8.0,0.0,0.0,0.0,,,,,,,,,,,,,
tfim,8,qiskitaer,unknown,CPU,sync,1,4,6651.15,8.0,26.0,8.0,8.0,40.0,40.0,0.0,1.0,8.0,24.0,16.0,0.0,0.0,1.0,1.0,40.0,16.0,1.0,1.0,0.0,0.0,0.0,40.0,80.0,28.0,,0.0,8.0,7.0,7.0,7.0,16.0,24.0,1.0,16.0,0.4,0.4898979485566356,0.0,1.0,16.0,1.0,,,0.0,0.0,0.0,0.0,16.0,0.0,0.0,8.0,0.0,8.0,0.0,8.0,0.0,0.0,0.0,,,,,,,,,,,,,
tfim,8,qiskitaer,unknown,CPU,sync,1,4,6520.03,8.0,26.0,8.0,8.0,40.0,40.0,0.0,1.0,8.0,24.0,16.0,0.0,0.0,1.0,1.0,40.0,16.0,1.0,1.0,0.0,0.0,0.0,40.0,80.0,28.0,,0.0,8.0,7.0,7.0,7.0,16.0,24.0,1.0,16.0,0.4,0.4898979485566356,0.0,1.0,16.0,1.0,,,0.0,0.0,0.0,0.0,16.0,0.0,0.0,8.0,0.0,8.0,0.0,8.0,0.0,0.0,0.0,,,,,,,,,,,,,
tfim,8,qiskitaer,unknown,CPU,sync,1,4,7331.89,8.0,26.0,8.0,8.0,40.0,40.0,0.0,1.0,8.0,24.0,16.0,0.0,0.0,1.0,1.0,40.0,16.0,1.0,1.0,0.0,0.0,0.0,40.0,80.0,28.0,,0.0,8.0,7.0,7.0,7.0,16.0,24.0,1.0,16.0,0.4,0.4898979485566356,0.0,1.0,16.0,1.0,,,0.0,0.0,0.0,0.0,16.0,0.0,0.0,8.0,0.0,8.0,0.0,8.0,0.0,0.0,0.0,,,,,,,,,,,,,
tfim,8,qiskitaer,unknown,CPU,sync,1,4,6477.56,8.0,26.0,8.0,8.0,40.0,40.0,0.0,1.0,8.0,24.0,16.0,0.0,0.0,1.0,1.0,40.0,16.0,1.0,1.0,0.0,0.0,0.0,40.0,80.0,28.0,,0.0,8.0,7.0,7.0,7.0,16.0,24.0,1.0,16.0,0.4,0.4898979485566356,0.0,1.0,16.0,1.0,,,0.0,0.0,0.0,0.0,16.0,0.0,0.0,8.0,0.0,8.0,0.0,8.0,0.0,0.0,0.0,,,,,,,,,,,,,
tfim,8,qiskitaer,unknown,CPU,sync,1,4,6286.5,8.0,26.0,8.0,8.0,40.0,40.0,0.0,1.0,8.0,24.0,16.0,0.0,0.0,1.0,1.0,40.0,16.0,1.0,1.0,0.0,0.0,0.0,40.0,80.0,28.0,,0.0,8.0,7.0,7.0,7.0,16.0,24.0,1.0,16.0,0.4,0.4898979485566356,0.0,1.0,16.0,1.0,,,0.0,0.0,0.0,0.0,16.0,0.0,0.0,8.0,0.0,8.0,0.0,8.0,0.0,0.0,0.0,,,,,,,,,,,,,
tfim,8,qiskitaer,unknown,CPU,sync,1,4,7326.18,8.0,26.0,8.0,8.0,40.0,40.0,0.0,1.0,8.0,24.0,16.0,0.0,0.0,1.0,1.0,40.0,16.0,1.0,1.0,0.0,0.0,0.0,40.0,80.0,28.0,,0.0,8.0,7.0,7.0,7.0,16.0,24.0,1.0,16.0,0.4,0.4898979485566356,0.0,1.0,16.0,1.0,,,0.0,0.0,0.0,0.0,16.0,0.0,0.0,8.0,0.0,8.0,0.0,8.0,0.0,0.0,0.0,,,,,,,,,,,,,
tfim,8,qiskitaer,unknown,CPU,sync,1,4,6651.15,8.0,26.0,8.0,8.0,40.0,40.0,0.0,1.0,8.0,24.0,16.0,0.0,0.0,1.0,1.0,40.0,16.0,1.0,1.0,0.0,0.0,0.0,40.0,80.0,28.0,,0.0,8.0,7.0,7.0,7.0,16.0,24.0,1.0,16.0,0.4,0.4898979485566356,0.0,1.0,16.0,1.0,,,0.0,0.0,0.0,0.0,16.0,0.0,0.0,8.0,0.0,8.0,0.0,8.0,0.0,0.0,0.0,,,,,,,,,,,,,
tfim,8,qiskitaer,unknown,CPU,sync,1,4,6520.03,8.0,26.0,8.0,8.0,40.0,40.0,0.0,1.0,8.0,24.0,16.0,0.0,0.0,1.0,1.0,40.0,16.0,1.0,1.0,0.0,0.0,0.0,40.0,80.0,28.0,,0.0,8.0,7.0,7.0,7.0,16.0,24.0,1.0,16.0,0.4,0.4898979485566356,0.0,1.0,16.0,1.0,,,0.0,0.0,0.0,0.0,16.0,0.0,0.0,8.0,0.0,8.0,0.0,8.0,0.0,0.0,0.0,,,,,,,,,,,,,
tfim,8,qiskitaer,unknown,CPU,sync,1,4,7400.7,8.0,26.0,8.0,8.0,40.0,40.0,0.0,1.0,8.0,24.0,16.0,0.0,0.0,1.0,1.0,40.0,16.0,1.0,1.0,0.0,0.0,0.0,40.0,80.0,28.0,,0.0,8.0,7.0,7.0,7.0,16.0,24.0,1.0,16.0,0.4,0.4898979485566356,0.0,1.0,16.0,1.0,,,0.0,0.0,0.0,0.0,16.0,0.0,0.0,8.0,0.0,8.0,0.0,8.0,0.0,0.0,0.0,,,,,,,,,,,,,
tfim,8,qiskitaer,unknown,CPU,sync,1,4,6612.56,8.0,26.0,8.0,8.0,40.0,40.0,0.0,1.0,8.0,24.0,16.0,0.0,0.0,1.0,1.0,40.0,16.0,1.0,1.0,0.0,0.0,0.0,40.0,80.0,28.0,,0.0,8.0,7.0,7.0,7.0,16.0,24.0,1.0,16.0,0.4,0.4898979485566356,0.0,1.0,16.0,1.0,,,0.0,0.0,0.0,0.0,16.0,0.0,0.0,8.0,0.0,8.0,0.0,8.0,0.0,0.0,0.0,,,,,,,,,,,,,
tfim,8,qiskitaer,unknown,CPU,sync,1,4,6550.17,8.0,26.0,8.0,8.0,40.0,40.0,0.0,1.0,8.0,24.0,16.0,0.0,0.0,1.0,1.0,40.0,16.0,1.0,1.0,0.0,0.0,0.0,40.0,80.0,28.0,,0.0,8.0,7.0,7.0,7.0,16.0,24.0,1.0,16.0,0.4,0.4898979485566356,0.0,1.0,16.0,1.0,,,0.0,0.0,0.0,0.0,16.0,0.0,0.0,8.0,0.0,8.0,0.0,8.0,0.0,0.0,0.0,,,,,,,,,,,,,
tfim,8,qiskitaer,unknown,CPU,sync,1,8,9738.82,8.0,26.0,8.0,8.0,40.0,40.0,0.0,1.0,8.0,24.0,16.0,0.0,0.0,1.0,1.0,40.0,16.0,1.0,1.0,0.0,0.0,0.0,40.0,80.0,28.0,,0.0,8.0,7.0,7.0,7.0,16.0,24.0,1.0,16.0,0.4,0.4898979485566356,0.0,1.0,16.0,1.0,,,0.0,0.0,0.0,0.0,16.0,0.0,0.0,8.0,0.0,8.0,0.0,8.0,0.0,0.0,0.0,,,,,,,,,,,,,
tfim,8,qiskitaer,unknown,CPU,sync,1,8,4754.0,8.0,26.0,8.0,8.0,40.0,40.0,0.0,1.0,8.0,24.0,16.0,0.0,0.0,1.0,1.0,40.0,16.0,1.0,1.0,0.0,0.0,0.0,40.0,80.0,28.0,,0.0,8.0,7.0,7.0,7.0,16.0,24.0,1.0,16.0,0.4,0.4898979485566356,0.0,1.0,16.0,1.0,,,0.0,0.0,0.0,0.0,16.0,0.0,0.0,8.0,0.0,8.0,0.0,8.0,0.0,0.0,0.0,,,,,,,,,,,,,
tfim,8,qiskitaer,unknown,CPU,sync,1,8,6397.53,8.0,26.0,8.0,8.0,40.0,40.0,0.0,1.0,8.0,24.0,16.0,0.0,0.0,1.0,1.0,40.0,16.0,1.0,1.0,0.0,0.0,0.0,40.0,80.0,28.0,,0.0,8.0,7.0,7.0,7.0,16.0,24.0,1.0,16.0,0.4,0.4898979485566356,0.0,1.0,16.0,1.0,,,0.0,0.0,0.0,0.0,16.0,0.0,0.0,8.0,0.0,8.0,0.0,8.0,0.0,0.0,0.0,,,,,,,,,,,,,
tfim,8,qiskitaer,unknown,CPU,sync,1,8,5191.61,8.0,26.0,8.0,8.0,40.0,40.0,0.0,1.0,8.0,24.0,16.0,0.0,0.0,1.0,1.0,40.0,16.0,1.0,1.0,0.0,0.0,0.0,40.0,80.0,28.0,,0.0,8.0,7.0,7.0,7.0,16.0,24.0,1.0,16.0,0.4,0.4898979485566356,0.0,1.0,16.0,1.0,,,0.0,0.0,0.0,0.0,16.0,0.0,0.0,8.0,0.0,8.0,0.0,8.0,0.0,0.0,0.0,,,,,,,,,,,,,
tfim,8,qiskitaer,unknown,CPU,sync,1,8,5077.96,8.0,26.0,8.0,8.0,40.0,40.0,0.0,1.0,8.0,24.0,16.0,0.0,0.0,1.0,1.0,40.0,16.0,1.0,1.0,0.0,0.0,0.0,40.0,80.0,28.0,,0.0,8.0,7.0,7.0,7.0,16.0,24.0,1.0,16.0,0.4,0.4898979485566356,0.0,1.0,16.0,1.0,,,0.0,0.0,0.0,0.0,16.0,0.0,0.0,8.0,0.0,8.0,0.0,8.0,0.0,0.0,0.0,,,,,,,,,,,,,
tfim,8,qiskitaer,unknown,CPU,sync,1,8,7572.61,8.0,26.0,8.0,8.0,40.0,40.0,0.0,1.0,8.0,24.0,16.0,0.0,0.0,1.0,1.0,40.0,16.0,1.0,1.0,0.0,0.0,0.0,40.0,80.0,28.0,,0.0,8.0,7.0,7.0,7.0,16.0,24.0,1.0,16.0,0.4,0.4898979485566356,0.0,1.0,16.0,1.0,,,0.0,0.0,0.0,0.0,16.0,0.0,0.0,8.0,0.0,8.0,0.0,8.0,0.0,0.0,0.0,,,,,,,,,,,,,
tfim,8,qiskitaer,unknown,CPU,sync,1,8,5984.55,8.0,26.0,8.0,8.0,40.0,40.0,0.0,1.0,8.0,24.0,16.0,0.0,0.0,1.0,1.0,40.0,16.0,1.0,1.0,0.0,0.0,0.0,40.0,80.0,28.0,,0.0,8.0,7.0,7.0,7.0,16.0,24.0,1.0,16.0,0.4,0.4898979485566356,0.0,1.0,16.0,1.0,,,0.0,0.0,0.0,0.0,16.0,0.0,0.0,8.0,0.0,8.0,0.0,8.0,0.0,0.0,0.0,,,,,,,,,,,,,
tfim,8,qiskitaer,unknown,CPU,sync,1,8,5484.57,8.0,26.0,8.0,8.0,40.0,40.0,0.0,1.0,8.0,24.0,16.0,0.0,0.0,1.0,1.0,40.0,16.0,1.0,1.0,0.0,0.0,0.0,40.0,80.0,28.0,,0.0,8.0,7.0,7.0,7.0,16.0,24.0,1.0,16.0,0.4,0.4898979485566356,0.0,1.0,16.0,1.0,,,0.0,0.0,0.0,0.0,16.0,0.0,0.0,8.0,0.0,8.0,0.0,8.0,0.0,0.0,0.0,,,,,,,,,,,,,
tfim,8,qiskitaer,unknown,CPU,sync,1,8,5342.78,8.0,26.0,8.0,8.0,40.0,40.0,0.0,1.0,8.0,24.0,16.0,0.0,0.0,1.0,1.0,40.0,16.0,1.0,1.0,0.0,0.0,0.0,40.0,80.0,28.0,,0.0,8.0,7.0,7.0,7.0,16.0,24.0,1.0,16.0,0.4,0.4898979485566356,0.0,1.0,16.0,1.0,,,0.0,0.0,0.0,0.0,16.0,0.0,0.0,8.0,0.0,8.0,0.0,8.0,0.0,0.0,0.0,,,,,,,,,,,,,
tfim,8,qiskitaer,unknown,CPU,sync,1,8,5559.58,8.0,26.0,8.0,8.0,40.0,40.0,0.0,1.0,8.0,24.0,16.0,0.0,0.0,1.0,1.0,40.0,16.0,1.0,1.0,0.0,0.0,0.0,40.0,80.0,28.0,,0.0,8.0,7.0,7.0,7.0,16.0,24.0,1.0,16.0,0.4,0.4898979485566356,0.0,1.0,16.0,1.0,,,0.0,0.0,0.0,0.0,16.0,0.0,0.0,8.0,0.0,8.0,0.0,8.0,0.0,0.0,0.0,,,,,,,,,,,,,
tfim,8,qiskitaer,unknown,CPU,sync,1,8,9250.71,8.0,26.0,8.0,8.0,40.0,40.0,0.0,1.0,8.0,24.0,16.0,0.0,0.0,1.0,1.0,40.0,16.0,1.0,1.0,0.0,0.0,0.0,40.0,80.0,28.0,,0.0,8.0,7.0,7.0,7.0,16.0,24.0,1.0,16.0,0.4,0.4898979485566356,0.0,1.0,16.0,1.0,,,0.0,0.0,0.0,0.0,16.0,0.0,0.0,8.0,0.0,8.0,0.0,8.0,0.0,0.0,0.0,,,,,,,,,,,,,
tfim,8,qiskitaer,unknown,CPU,sync,1,8,4798.36,8.0,26.0,8.0,8.0,40.0,40.0,0.0,1.0,8.0,24.0,16.0,0.0,0.0,1.0,1.0,40.0,16.0,1.0,1.0,0.0,0.0,0.0,40.0,80.0,28.0,,0.0,8.0,7.0,7.0,7.0,16.0,24.0,1.0,16.0,0.4,0.4898979485566356,0.0,1.0,16.0,1.0,,,0.0,0.0,0.0,0.0,16.0,0.0,0.0,8.0,0.0,8.0,0.0,8.0,0.0,0.0,0.0,,,,,,,,,,,,,
tfim,8,qiskitaer,unknown,CPU,sync,1,8,6324.56,8.0,26.0,8.0,8.0,40.0,40.0,0.0,1.0,8.0,24.0,16.0,0.0,0.0,1.0,1.0,40.0,16.0,1.0,1.0,0.0,0.0,0.0,40.0,80.0,28.0,,0.0,8.0,7.0,7.0,7.0,16.0,24.0,1.0,16.0,0.4,0.4898979485566356,0.0,1.0,16.0,1.0,,,0.0,0.0,0.0,0.0,16.0,0.0,0.0,8.0,0.0,8.0,0.0,8.0,0.0,0.0,0.0,,,,,,,,,,,,,
tfim,8,qiskitaer,unknown,CPU,sync,1,8,5229.75,8.0,26.0,8.0,8.0,40.0,40.0,0.0,1.0,8.0,24.0,16.0,0.0,0.0,1.0,1.0,40.0,16.0,1.0,1.0,0.0,0.0,0.0,40.0,80.0,28.0,,0.0,8.0,7.0,7.0,7.0,16.0,24.0,1.0,16.0,0.4,0.4898979485566356,0.0,1.0,16.0,1.0,,,0.0,0.0,0.0,0.0,16.0,0.0,0.0,8.0,0.0,8.0,0.0,8.0,0.0,0.0,0.0,,,,,,,,,,,,,
tfim,8,qiskitaer,unknown,CPU,sync,1,8,5108.96,8.0,26.0,8.0,8.0,40.0,40.0,0.0,1.0,8.0,24.0,16.0,0.0,0.0,1.0,1.0,40.0,16.0,1.0,1.0,0.0,0.0,0.0,40.0,80.0,28.0,,0.0,8.0,7.0,7.0,7.0,16.0,24.0,1.0,16.0,0.4,0.4898979485566356,0.0,1.0,16.0,1.0,,,0.0,0.0,0.0,0.0,16.0,0.0,0.0,8.0,0.0,8.0,0.0,8.0,0.0,0.0,0.0,,,,,,,,,,,,,
tfim,8,nwqsim,unknown,CPU,sync,1,4,652.98,8.0,26.0,8.0,8.0,40.0,40.0,0.0,1.0,8.0,24.0,16.0,0.0,0.0,1.0,1.0,40.0,16.0,1.0,1.0,0.0,0.0,0.0,40.0,80.0,28.0,,0.0,8.0,7.0,7.0,7.0,16.0,24.0,1.0,16.0,0.4,0.4898979485566356,0.0,1.0,16.0,1.0,,,0.0,0.0,0.0,0.0,16.0,0.0,0.0,8.0,0.0,8.0,0.0,8.0,0.0,0.0,0.0,,,,,,,,,,,,,
tfim,8,nwqsim,unknown,CPU,sync,1,4,390.27,8.0,26.0,8.0,8.0,40.0,40.0,0.0,1.0,8.0,24.0,16.0,0.0,0.0,1.0,1.0,40.0,16.0,1.0,1.0,0.0,0.0,0.0,40.0,80.0,28.0,,0.0,8.0,7.0,7.0,7.0,16.0,24.0,1.0,16.0,0.4,0.4898979485566356,0.0,1.0,16.0,1.0,,,0.0,0.0,0.0,0.0,16.0,0.0,0.0,8.0,0.0,8.0,0.0,8.0,0.0,0.0,0.0,,,,,,,,,,,,,
tfim,8,nwqsim,unknown,CPU,sync,1,4,328.28,8.0,26.0,8.0,8.0,40.0,40.0,0.0,1.0,8.0,24.0,16.0,0.0,0.0,1.0,1.0,40.0,16.0,1.0,1.0,0.0,0.0,0.0,40.0,80.0,28.0,,0.0,8.0,7.0,7.0,7.0,16.0,24.0,1.0,16.0,0.4,0.4898979485566356,0.0,1.0,16.0,1.0,,,0.0,0.0,0.0,0.0,16.0,0.0,0.0,8.0,0.0,8.0,0.0,8.0,0.0,0.0,0.0,,,,,,,,,,,,,
tfim,8,nwqsim,unknown,CPU,sync,1,4,652.98,8.0,26.0,8.0,8.0,40.0,40.0,0.0,1.0,8.0,24.0,16.0,0.0,0.0,1.0,1.0,40.0,16.0,1.0,1.0,0.0,0.0,0.0,40.0,80.0,28.0,,0.0,8.0,7.0,7.0,7.0,16.0,24.0,1.0,16.0,0.4,0.4898979485566356,0.0,1.0,16.0,1.0,,,0.0,0.0,0.0,0.0,16.0,0.0,0.0,8.0,0.0,8.0,0.0,8.0,0.0,0.0,0.0,,,,,,,,,,,,,
tfim,8,nwqsim,unknown,CPU,sync,1,4,390.27,8.0,26.0,8.0,8.0,40.0,40.0,0.0,1.0,8.0,24.0,16.0,0.0,0.0,1.0,1.0,40.0,16.0,1.0,1.0,0.0,0.0,0.0,40.0,80.0,28.0,,0.0,8.0,7.0,7.0,7.0,16.0,24.0,1.0,16.0,0.4,0.4898979485566356,0.0,1.0,16.0,1.0,,,0.0,0.0,0.0,0.0,16.0,0.0,0.0,8.0,0.0,8.0,0.0,8.0,0.0,0.0,0.0,,,,,,,,,,,,,
tfim,8,nwqsim,unknown,CPU,sync,1,4,328.28,8.0,26.0,8.0,8.0,40.0,40.0,0.0,1.0,8.0,24.0,16.0,0.0,0.0,1.0,1.0,40.0,16.0,1.0,1.0,0.0,0.0,0.0,40.0,80.0,28.0,,0.0,8.0,7.0,7.0,7.0,16.0,24.0,1.0,16.0,0.4,0.4898979485566356,0.0,1.0,16.0,1.0,,,0.0,0.0,0.0,0.0,16.0,0.0,0.0,8.0,0.0,8.0,0.0,8.0,0.0,0.0,0.0,,,,,,,,,,,,,
tfim,8,nwqsim,unknown,CPU,sync,1,8,687.95,8.0,26.0,8.0,8.0,40.0,40.0,0.0,1.0,8.0,24.0,16.0,0.0,0.0,1.0,1.0,40.0,16.0,1.0,1.0,0.0,0.0,0.0,40.0,80.0,28.0,,0.0,8.0,7.0,7.0,7.0,16.0,24.0,1.0,16.0,0.4,0.4898979485566356,0.0,1.0,16.0,1.0,,,0.0,0.0,0.0,0.0,16.0,0.0,0.0,8.0,0.0,8.0,0.0,8.0,0.0,0.0,0.0,,,,,,,,,,,,,
tfim,8,nwqsim,unknown,CPU,sync,1,8,433.98,8.0,26.0,8.0,8.0,40.0,40.0,0.0,1.0,8.0,24.0,16.0,0.0,0.0,1.0,1.0,40.0,16.0,1.0,1.0,0.0,0.0,0.0,40.0,80.0,28.0,,0.0,8.0,7.0,7.0,7.0,16.0,24.0,1.0,16.0,0.4,0.4898979485566356,0.0,1.0,16.0,1.0,,,0.0,0.0,0.0,0.0,16.0,0.0,0.0,8.0,0.0,8.0,0.0,8.0,0.0,0.0,0.0,,,,,,,,,,,,,
tfim,8,nwqsim,unknown,CPU,sync,1,8,400.96,8.0,26.0,8.0,8.0,40.0,40.0,0.0,1.0,8.0,24.0,16.0,0.0,0.0,1.0,1.0,40.0,16.0,1.0,1.0,0.0,0.0,0.0,40.0,80.0,28.0,,0.0,8.0,7.0,7.0,7.0,16.0,24.0,1.0,16.0,0.4,0.4898979485566356,0.0,1.0,16.0,1.0,,,0.0,0.0,0.0,0.0,16.0,0.0,0.0,8.0,0.0,8.0,0.0,8.0,0.0,0.0,0.0,,,,,,,,,,,,,
tfim,8,nwqsim,unknown,CPU,sync,1,8,383.71,8.0,26.0,8.0,8.0,40.0,40.0,0.0,1.0,8.0,24.0,16.0,0.0,0.0,1.0,1.0,40.0,16.0,1.0,1.0,0.0,0.0,0.0,40.0,80.0,28.0,,0.0,8.0,7.0,7.0,7.0,16.0,24.0,1.0,16.0,0.4,0.4898979485566356,0.0,1.0,16.0,1.0,,,0.0,0.0,0.0,0.0,16.0,0.0,0.0,8.0,0.0,8.0,0.0,8.0,0.0,0.0,0.0,,,,,,,,,,,,,
tfim,8,nwqsim,unknown,CPU,sync,1,8,390.65,8.0,26.0,8.0,8.0,40.0,40.0,0.0,1.0,8.0,24.0,16.0,0.0,0.0,1.0,1.0,40.0,16.0,1.0,1.0,0.0,0.0,0.0,40.0,80.0,28.0,,0.0,8.0,7.0,7.0,7.0,16.0,24.0,1.0,16.0,0.4,0.4898979485566356,0.0,1.0,16.0,1.0,,,0.0,0.0,0.0,0.0,16.0,0.0,0.0,8.0,0.0,8.0,0.0,8.0,0.0,0.0,0.0,,,,,,,,,,,,,
tfim,8,ionq,unknown,CPU,sync,1,4,2135.57,8.0,26.0,8.0,8.0,40.0,40.0,0.0,1.0,8.0,24.0,16.0,0.0,0.0,1.0,1.0,40.0,16.0,1.0,1.0,0.0,0.0,0.0,40.0,80.0,28.0,,0.0,8.0,7.0,7.0,7.0,16.0,24.0,1.0,16.0,0.4,0.4898979485566356,0.0,1.0,16.0,1.0,,,0.0,0.0,0.0,0.0,16.0,0.0,0.0,8.0,0.0,8.0,0.0,8.0,0.0,0.0,0.0,,,,,,,,,,,,,
tfim,8,ionq,unknown,CPU,sync,1,4,2168.6,8.0,26.0,8.0,8.0,40.0,40.0,0.0,1.0,8.0,24.0,16.0,0.0,0.0,1.0,1.0,40.0,16.0,1.0,1.0,0.0,0.0,0.0,40.0,80.0,28.0,,0.0,8.0,7.0,7.0,7.0,16.0,24.0,1.0,16.0,0.4,0.4898979485566356,0.0,1.0,16.0,1.0,,,0.0,0.0,0.0,0.0,16.0,0.0,0.0,8.0,0.0,8.0,0.0,8.0,0.0,0.0,0.0,,,,,,,,,,,,,
tfim,8,ionq,unknown,CPU,sync,1,4,2015.09,8.0,26.0,8.0,8.0,40.0,40.0,0.0,1.0,8.0,24.0,16.0,0.0,0.0,1.0,1.0,40.0,16.0,1.0,1.0,0.0,0.0,0.0,40.0,80.0,28.0,,0.0,8.0,7.0,7.0,7.0,16.0,24.0,1.0,16.0,0.4,0.4898979485566356,0.0,1.0,16.0,1.0,,,0.0,0.0,0.0,0.0,16.0,0.0,0.0,8.0,0.0,8.0,0.0,8.0,0.0,0.0,0.0,,,,,,,,,,,,,
tfim,8,ionq,unknown,CPU,sync,1,4,2135.57,8.0,26.0,8.0,8.0,40.0,40.0,0.0,1.0,8.0,24.0,16.0,0.0,0.0,1.0,1.0,40.0,16.0,1.0,1.0,0.0,0.0,0.0,40.0,80.0,28.0,,0.0,8.0,7.0,7.0,7.0,16.0,24.0,1.0,16.0,0.4,0.4898979485566356,0.0,1.0,16.0,1.0,,,0.0,0.0,0.0,0.0,16.0,0.0,0.0,8.0,0.0,8.0,0.0,8.0,0.0,0.0,0.0,,,,,,,,,,,,,
tfim,8,ionq,unknown,CPU,sync,1,4,2168.6,8.0,26.0,8.0,8.0,40.0,40.0,0.0,1.0,8.0,24.0,16.0,0.0,0.0,1.0,1.0,40.0,16.0,1.0,1.0,0.0,0.0,0.0,40.0,80.0,28.0,,0.0,8.0,7.0,7.0,7.0,16.0,24.0,1.0,16.0,0.4,0.4898979485566356,0.0,1.0,16.0,1.0,,,0.0,0.0,0.0,0.0,16.0,0.0,0.0,8.0,0.0,8.0,0.0,8.0,0.0,0.0,0.0,,,,,,,,,,,,,
tfim,8,ionq,unknown,CPU,sync,1,4,2015.09,8.0,26.0,8.0,8.0,40.0,40.0,0.0,1.0,8.0,24.0,16.0,0.0,0.0,1.0,1.0,40.0,16.0,1.0,1.0,0.0,0.0,0.0,40.0,80.0,28.0,,0.0,8.0,7.0,7.0,7.0,16.0,24.0,1.0,16.0,0.4,0.4898979485566356,0.0,1.0,16.0,1.0,,,0.0,0.0,0.0,0.0,16.0,0.0,0.0,8.0,0.0,8.0,0.0,8.0,0.0,0.0,0.0,,,,,,,,,,,,,
tfim,8,ionq,simulator,CPU,sync,1,8,69490.15831947327,8.0,26.0,8.0,8.0,40.0,40.0,0.0,1.0,8.0,24.0,16.0,0.0,0.0,1.0,1.0,40.0,16.0,1.0,1.0,0.0,0.0,0.0,40.0,80.0,28.0,,0.0,8.0,7.0,7.0,7.0,16.0,24.0,1.0,16.0,0.4,0.4898979485566356,0.0,1.0,16.0,1.0,,,0.0,0.0,0.0,0.0,16.0,0.0,0.0,8.0,0.0,8.0,0.0,8.0,0.0,0.0,0.0,,,,,,,,,,,,,
tfim,8,qtensor,unknown,CPU,sync,1,4,22608.49,8.0,26.0,8.0,8.0,40.0,40.0,0.0,1.0,8.0,24.0,16.0,0.0,0.0,1.0,1.0,40.0,16.0,1.0,1.0,0.0,0.0,0.0,40.0,80.0,28.0,,0.0,8.0,7.0,7.0,7.0,16.0,24.0,1.0,16.0,0.4,0.4898979485566356,0.0,1.0,16.0,1.0,,,0.0,0.0,0.0,0.0,16.0,0.0,0.0,8.0,0.0,8.0,0.0,8.0,0.0,0.0,0.0,,,,,,,,,,,,,
tfim,8,qtensor,unknown,CPU,sync,1,4,22882.89,8.0,26.0,8.0,8.0,40.0,40.0,0.0,1.0,8.0,24.0,16.0,0.0,0.0,1.0,1.0,40.0,16.0,1.0,1.0,0.0,0.0,0.0,40.0,80.0,28.0,,0.0,8.0,7.0,7.0,7.0,16.0,24.0,1.0,16.0,0.4,0.4898979485566356,0.0,1.0,16.0,1.0,,,0.0,0.0,0.0,0.0,16.0,0.0,0.0,8.0,0.0,8.0,0.0,8.0,0.0,0.0,0.0,,,,,,,,,,,,,
tfim,8,qtensor,unknown,CPU,sync,1,4,21490.76,8.0,26.0,8.0,8.0,40.0,40.0,0.0,1.0,8.0,24.0,16.0,0.0,0.0,1.0,1.0,40.0,16.0,1.0,1.0,0.0,0.0,0.0,40.0,80.0,28.0,,0.0,8.0,7.0,7.0,7.0,16.0,24.0,1.0,16.0,0.4,0.4898979485566356,0.0,1.0,16.0,1.0,,,0.0,0.0,0.0,0.0,16.0,0.0,0.0,8.0,0.0,8.0,0.0,8.0,0.0,0.0,0.0,,,,,,,,,,,,,
tfim,8,qtensor,unknown,CPU,sync,1,4,22608.49,8.0,26.0,8.0,8.0,40.0,40.0,0.0,1.0,8.0,24.0,16.0,0.0,0.0,1.0,1.0,40.0,16.0,1.0,1.0,0.0,0.0,0.0,40.0,80.0,28.0,,0.0,8.0,7.0,7.0,7.0,16.0,24.0,1.0,16.0,0.4,0.4898979485566356,0.0,1.0,16.0,1.0,,,0.0,0.0,0.0,0.0,16.0,0.0,0.0,8.0,0.0,8.0,0.0,8.0,0.0,0.0,0.0,,,,,,,,,,,,,
tfim,8,qtensor,unknown,CPU,sync,1,4,22882.89,8.0,26.0,8.0,8.0,40.0,40.0,0.0,1.0,8.0,24.0,16.0,0.0,0.0,1.0,1.0,40.0,16.0,1.0,1.0,0.0,0.0,0.0,40.0,80.0,28.0,,0.0,8.0,7.0,7.0,7.0,16.0,24.0,1.0,16.0,0.4,0.4898979485566356,0.0,1.0,16.0,1.0,,,0.0,0.0,0.0,0.0,16.0,0.0,0.0,8.0,0.0,8.0,0.0,8.0,0.0,0.0,0.0,,,,,,,,,,,,,
tfim,8,qtensor,unknown,CPU,sync,1,4,21490.76,8.0,26.0,8.0,8.0,40.0,40.0,0.0,1.0,8.0,24.0,16.0,0.0,0.0,1.0,1.0,40.0,16.0,1.0,1.0,0.0,0.0,0.0,40.0,80.0,28.0,,0.0,8.0,7.0,7.0,7.0,16.0,24.0,1.0,16.0,0.4,0.4898979485566356,0.0,1.0,16.0,1.0,,,0.0,0.0,0.0,0.0,16.0,0.0,0.0,8.0,0.0,8.0,0.0,8.0,0.0,0.0,0.0,,,,,,,,,,,,,
tfim,8,qtensor,unknown,CPU,sync,1,8,22750.68,8.0,26.0,8.0,8.0,40.0,40.0,0.0,1.0,8.0,24.0,16.0,0.0,0.0,1.0,1.0,40.0,16.0,1.0,1.0,0.0,0.0,0.0,40.0,80.0,28.0,,0.0,8.0,7.0,7.0,7.0,16.0,24.0,1.0,16.0,0.4,0.4898979485566356,0.0,1.0,16.0,1.0,,,0.0,0.0,0.0,0.0,16.0,0.0,0.0,8.0,0.0,8.0,0.0,8.0,0.0,0.0,0.0,,,,,,,,,,,,,
tfim,8,qtensor,unknown,CPU,sync,1,8,17202.75,8.0,26.0,8.0,8.0,40.0,40.0,0.0,1.0,8.0,24.0,16.0,0.0,0.0,1.0,1.0,40.0,16.0,1.0,1.0,0.0,0.0,0.0,40.0,80.0,28.0,,0.0,8.0,7.0,7.0,7.0,16.0,24.0,1.0,16.0,0.4,0.4898979485566356,0.0,1.0,16.0,1.0,,,0.0,0.0,0.0,0.0,16.0,0.0,0.0,8.0,0.0,8.0,0.0,8.0,0.0,0.0,0.0,,,,,,,,,,,,,
tfim,8,qtensor,unknown,CPU,sync,1,8,18029.93,8.0,26.0,8.0,8.0,40.0,40.0,0.0,1.0,8.0,24.0,16.0,0.0,0.0,1.0,1.0,40.0,16.0,1.0,1.0,0.0,0.0,0.0,40.0,80.0,28.0,,0.0,8.0,7.0,7.0,7.0,16.0,24.0,1.0,16.0,0.4,0.4898979485566356,0.0,1.0,16.0,1.0,,,0.0,0.0,0.0,0.0,16.0,0.0,0.0,8.0,0.0,8.0,0.0,8.0,0.0,0.0,0.0,,,,,,,,,,,,,
tfim,8,qtensor,unknown,CPU,sync,1,8,18619.77,8.0,26.0,8.0,8.0,40.0,40.0,0.0,1.0,8.0,24.0,16.0,0.0,0.0,1.0,1.0,40.0,16.0,1.0,1.0,0.0,0.0,0.0,40.0,80.0,28.0,,0.0,8.0,7.0,7.0,7.0,16.0,24.0,1.0,16.0,0.4,0.4898979485566356,0.0,1.0,16.0,1.0,,,0.0,0.0,0.0,0.0,16.0,0.0,0.0,8.0,0.0,8.0,0.0,8.0,0.0,0.0,0.0,,,,,,,,,,,,,
tfim,8,qtensor,unknown,CPU,sync,1,8,17315.1,8.0,26.0,8.0,8.0,40.0,40.0,0.0,1.0,8.0,24.0,16.0,0.0,0.0,1.0,1.0,40.0,16.0,1.0,1.0,0.0,0.0,0.0,40.0,80.0,28.0,,0.0,8.0,7.0,7.0,7.0,16.0,24.0,1.0,16.0,0.4,0.4898979485566356,0.0,1.0,16.0,1.0,,,0.0,0.0,0.0,0.0,16.0,0.0,0.0,8.0,0.0,8.0,0.0,8.0,0.0,0.0,0.0,,,,,,,,,,,,,
tfim,8,ibmq,ibm_miami,CPU,sync,1,8,58.603525161743164,8.0,26.0,8.0,8.0,40.0,40.0,0.0,1.0,8.0,24.0,16.0,0.0,0.0,1.0,1.0,40.0,16.0,1.0,1.0,0.0,0.0,0.0,40.0,80.0,28.0,,0.0,8.0,7.0,7.0,7.0,16.0,24.0,1.0,16.0,0.4,0.4898979485566356,0.0,1.0,16.0,1.0,,,0.0,0.0,0.0,0.0,16.0,0.0,0.0,8.0,0.0,8.0,0.0,8.0,0.0,0.0,0.0,,,,,,,,,,,,,
tfim,8,ibmq,ibm_torino,CPU,sync,1,8,47.89471626281738,8.0,26.0,8.0,8.0,40.0,40.0,0.0,1.0,8.0,24.0,16.0,0.0,0.0,1.0,1.0,40.0,16.0,1.0,1.0,0.0,0.0,0.0,40.0,80.0,28.0,,0.0,8.0,7.0,7.0,7.0,16.0,24.0,1.0,16.0,0.4,0.4898979485566356,0.0,1.0,16.0,1.0,,,0.0,0.0,0.0,0.0,16.0,0.0,0.0,8.0,0.0,8.0,0.0,8.0,0.0,0.0,0.0,,,,,,,,,,,,,
tfim,20,nwqsim,unknown,CPU,sync,2,4,804.76,20.0,62.0,20.0,20.0,100.0,100.0,0.0,1.0,20.0,60.0,40.0,0.0,0.0,1.0,1.0,100.0,40.0,1.0,1.0,0.0,0.0,0.0,100.0,200.0,64.0,,0.0,20.0,7.0,7.0,7.0,40.0,60.0,1.0,40.0,0.4,0.4898979485566356,0.0,1.0,40.0,1.0,,,0.0,0.0,0.0,0.0,40.0,0.0,0.0,20.0,0.0,20.0,0.0,20.0,0.0,0.0,0.0,,,,,,,,,,,,,
tfim,20,nwqsim,unknown,CPU,sync,2,4,515.31,20.0,62.0,20.0,20.0,100.0,100.0,0.0,1.0,20.0,60.0,40.0,0.0,0.0,1.0,1.0,100.0,40.0,1.0,1.0,0.0,0.0,0.0,100.0,200.0,64.0,,0.0,20.0,7.0,7.0,7.0,40.0,60.0,1.0,40.0,0.4,0.4898979485566356,0.0,1.0,40.0,1.0,,,0.0,0.0,0.0,0.0,40.0,0.0,0.0,20.0,0.0,20.0,0.0,20.0,0.0,0.0,0.0,,,,,,,,,,,,,
tfim,20,nwqsim,unknown,CPU,sync,2,4,506.18,20.0,62.0,20.0,20.0,100.0,100.0,0.0,1.0,20.0,60.0,40.0,0.0,0.0,1.0,1.0,100.0,40.0,1.0,1.0,0.0,0.0,0.0,100.0,200.0,64.0,,0.0,20.0,7.0,7.0,7.0,40.0,60.0,1.0,40.0,0.4,0.4898979485566356,0.0,1.0,40.0,1.0,,,0.0,0.0,0.0,0.0,40.0,0.0,0.0,20.0,0.0,20.0,0.0,20.0,0.0,0.0,0.0,,,,,,,,,,,,,
tfim,20,nwqsim,unknown,CPU,sync,2,4,804.76,20.0,62.0,20.0,20.0,100.0,100.0,0.0,1.0,20.0,60.0,40.0,0.0,0.0,1.0,1.0,100.0,40.0,1.0,1.0,0.0,0.0,0.0,100.0,200.0,64.0,,0.0,20.0,7.0,7.0,7.0,40.0,60.0,1.0,40.0,0.4,0.4898979485566356,0.0,1.0,40.0,1.0,,,0.0,0.0,0.0,0.0,40.0,0.0,0.0,20.0,0.0,20.0,0.0,20.0,0.0,0.0,0.0,,,,,,,,,,,,,
tfim,20,nwqsim,unknown,CPU,sync,2,4,515.31,20.0,62.0,20.0,20.0,100.0,100.0,0.0,1.0,20.0,60.0,40.0,0.0,0.0,1.0,1.0,100.0,40.0,1.0,1.0,0.0,0.0,0.0,100.0,200.0,64.0,,0.0,20.0,7.0,7.0,7.0,40.0,60.0,1.0,40.0,0.4,0.4898979485566356,0.0,1.0,40.0,1.0,,,0.0,0.0,0.0,0.0,40.0,0.0,0.0,20.0,0.0,20.0,0.0,20.0,0.0,0.0,0.0,,,,,,,,,,,,,
tfim,20,nwqsim,unknown,CPU,sync,2,4,506.18,20.0,62.0,20.0,20.0,100.0,100.0,0.0,1.0,20.0,60.0,40.0,0.0,0.0,1.0,1.0,100.0,40.0,1.0,1.0,0.0,0.0,0.0,100.0,200.0,64.0,,0.0,20.0,7.0,7.0,7.0,40.0,60.0,1.0,40.0,0.4,0.4898979485566356,0.0,1.0,40.0,1.0,,,0.0,0.0,0.0,0.0,40.0,0.0,0.0,20.0,0.0,20.0,0.0,20.0,0.0,0.0,0.0,,,,,,,,,,,,,
tfim,20,nwqsim,unknown,CPU,sync,1,8,820.62,20.0,62.0,20.0,20.0,100.0,100.0,0.0,1.0,20.0,60.0,40.0,0.0,0.0,1.0,1.0,100.0,40.0,1.0,1.0,0.0,0.0,0.0,100.0,200.0,64.0,,0.0,20.0,7.0,7.0,7.0,40.0,60.0,1.0,40.0,0.4,0.4898979485566356,0.0,1.0,40.0,1.0,,,0.0,0.0,0.0,0.0,40.0,0.0,0.0,20.0,0.0,20.0,0.0,20.0,0.0,0.0,0.0,,,,,,,,,,,,,
tfim,20,nwqsim,unknown,CPU,sync,1,8,530.89,20.0,62.0,20.0,20.0,100.0,100.0,0.0,1.0,20.0,60.0,40.0,0.0,0.0,1.0,1.0,100.0,40.0,1.0,1.0,0.0,0.0,0.0,100.0,200.0,64.0,,0.0,20.0,7.0,7.0,7.0,40.0,60.0,1.0,40.0,0.4,0.4898979485566356,0.0,1.0,40.0,1.0,,,0.0,0.0,0.0,0.0,40.0,0.0,0.0,20.0,0.0,20.0,0.0,20.0,0.0,0.0,0.0,,,,,,,,,,,,,
tfim,20,nwqsim,unknown,CPU,sync,1,8,505.15,20.0,62.0,20.0,20.0,100.0,100.0,0.0,1.0,20.0,60.0,40.0,0.0,0.0,1.0,1.0,100.0,40.0,1.0,1.0,0.0,0.0,0.0,100.0,200.0,64.0,,0.0,20.0,7.0,7.0,7.0,40.0,60.0,1.0,40.0,0.4,0.4898979485566356,0.0,1.0,40.0,1.0,,,0.0,0.0,0.0,0.0,40.0,0.0,0.0,20.0,0.0,20.0,0.0,20.0,0.0,0.0,0.0,,,,,,,,,,,,,
tfim,20,nwqsim,unknown,CPU,sync,1,8,820.62,20.0,62.0,20.0,20.0,100.0,100.0,0.0,1.0,20.0,60.0,40.0,0.0,0.0,1.0,1.0,100.0,40.0,1.0,1.0,0.0,0.0,0.0,100.0,200.0,64.0,,0.0,20.0,7.0,7.0,7.0,40.0,60.0,1.0,40.0,0.4,0.4898979485566356,0.0,1.0,40.0,1.0,,,0.0,0.0,0.0,0.0,40.0,0.0,0.0,20.0,0.0,20.0,0.0,20.0,0.0,0.0,0.0,,,,,,,,,,,,,
tfim,20,nwqsim,unknown,CPU,sync,1,8,530.89,20.0,62.0,20.0,20.0,100.0,100.0,0.0,1.0,20.0,60.0,40.0,0.0,0.0,1.0,1.0,100.0,40.0,1.0,1.0,0.0,0.0,0.0,100.0,200.0,64.0,,0.0,20.0,7.0,7.0,7.0,40.0,60.0,1.0,40.0,0.4,0.4898979485566356,0.0,1.0,40.0,1.0,,,0.0,0.0,0.0,0.0,40.0,0.0,0.0,20.0,0.0,20.0,0.0,20.0,0.0,0.0,0.0,,,,,,,,,,,,,
tfim,20,nwqsim,unknown,CPU,sync,1,8,505.15,20.0,62.0,20.0,20.0,100.0,100.0,0.0,1.0,20.0,60.0,40.0,0.0,0.0,1.0,1.0,100.0,40.0,1.0,1.0,0.0,0.0,0.0,100.0,200.0,64.0,,0.0,20.0,7.0,7.0,7.0,40.0,60.0,1.0,40.0,0.4,0.4898979485566356,0.0,1.0,40.0,1.0,,,0.0,0.0,0.0,0.0,40.0,0.0,0.0,20.0,0.0,20.0,0.0,20.0,0.0,0.0,0.0,,,,,,,,,,,,,
tfim,20,nwqsim,unknown,CPU,sync,1,32,1010.49,20.0,62.0,20.0,20.0,100.0,100.0,0.0,1.0,20.0,60.0,40.0,0.0,0.0,1.0,1.0,100.0,40.0,1.0,1.0,0.0,0.0,0.0,100.0,200.0,64.0,,0.0,20.0,7.0,7.0,7.0,40.0,60.0,1.0,40.0,0.4,0.4898979485566356,0.0,1.0,40.0,1.0,,,0.0,0.0,0.0,0.0,40.0,0.0,0.0,20.0,0.0,20.0,0.0,20.0,0.0,0.0,0.0,,,,,,,,,,,,,
tfim,20,nwqsim,unknown,CPU,sync,1,32,744.41,20.0,62.0,20.0,20.0,100.0,100.0,0.0,1.0,20.0,60.0,40.0,0.0,0.0,1.0,1.0,100.0,40.0,1.0,1.0,0.0,0.0,0.0,100.0,200.0,64.0,,0.0,20.0,7.0,7.0,7.0,40.0,60.0,1.0,40.0,0.4,0.4898979485566356,0.0,1.0,40.0,1.0,,,0.0,0.0,0.0,0.0,40.0,0.0,0.0,20.0,0.0,20.0,0.0,20.0,0.0,0.0,0.0,,,,,,,,,,,,,
tfim,20,nwqsim,unknown,CPU,sync,1,32,714.17,20.0,62.0,20.0,20.0,100.0,100.0,0.0,1.0,20.0,60.0,40.0,0.0,0.0,1.0,1.0,100.0,40.0,1.0,1.0,0.0,0.0,0.0,100.0,200.0,64.0,,0.0,20.0,7.0,7.0,7.0,40.0,60.0,1.0,40.0,0.4,0.4898979485566356,0.0,1.0,40.0,1.0,,,0.0,0.0,0.0,0.0,40.0,0.0,0.0,20.0,0.0,20.0,0.0,20.0,0.0,0.0,0.0,,,,,,,,,,,,,
tfim,20,nwqsim,unknown,CPU,sync,1,32,710.92,20.0,62.0,20.0,20.0,100.0,100.0,0.0,1.0,20.0,60.0,40.0,0.0,0.0,1.0,1.0,100.0,40.0,1.0,1.0,0.0,0.0,0.0,100.0,200.0,64.0,,0.0,20.0,7.0,7.0,7.0,40.0,60.0,1.0,40.0,0.4,0.4898979485566356,0.0,1.0,40.0,1.0,,,0.0,0.0,0.0,0.0,40.0,0.0,0.0,20.0,0.0,20.0,0.0,20.0,0.0,0.0,0.0,,,,,,,,,,,,,
tfim,20,nwqsim,unknown,CPU,sync,1,32,693.77,20.0,62.0,20.0,20.0,100.0,100.0,0.0,1.0,20.0,60.0,40.0,0.0,0.0,1.0,1.0,100.0,40.0,1.0,1.0,0.0,0.0,0.0,100.0,200.0,64.0,,0.0,20.0,7.0,7.0,7.0,40.0,60.0,1.0,40.0,0.4,0.4898979485566356,0.0,1.0,40.0,1.0,,,0.0,0.0,0.0,0.0,40.0,0.0,0.0,20.0,0.0,20.0,0.0,20.0,0.0,0.0,0.0,,,,,,,,,,,,,
tfim,20,nwqsim,unknown,CPU,sync,1,32,1059.8,20.0,62.0,20.0,20.0,100.0,100.0,0.0,1.0,20.0,60.0,40.0,0.0,0.0,1.0,1.0,100.0,40.0,1.0,1.0,0.0,0.0,0.0,100.0,200.0,64.0,,0.0,20.0,7.0,7.0,7.0,40.0,60.0,1.0,40.0,0.4,0.4898979485566356,0.0,1.0,40.0,1.0,,,0.0,0.0,0.0,0.0,40.0,0.0,0.0,20.0,0.0,20.0,0.0,20.0,0.0,0.0,0.0,,,,,,,,,,,,,
tfim,20,nwqsim,unknown,CPU,sync,1,32,728.84,20.0,62.0,20.0,20.0,100.0,100.0,0.0,1.0,20.0,60.0,40.0,0.0,0.0,1.0,1.0,100.0,40.0,1.0,1.0,0.0,0.0,0.0,100.0,200.0,64.0,,0.0,20.0,7.0,7.0,7.0,40.0,60.0,1.0,40.0,0.4,0.4898979485566356,0.0,1.0,40.0,1.0,,,0.0,0.0,0.0,0.0,40.0,0.0,0.0,20.0,0.0,20.0,0.0,20.0,0.0,0.0,0.0,,,,,,,,,,,,,
tfim,20,nwqsim,unknown,CPU,sync,1,32,720.22,20.0,62.0,20.0,20.0,100.0,100.0,0.0,1.0,20.0,60.0,40.0,0.0,0.0,1.0,1.0,100.0,40.0,1.0,1.0,0.0,0.0,0.0,100.0,200.0,64.0,,0.0,20.0,7.0,7.0,7.0,40.0,60.0,1.0,40.0,0.4,0.4898979485566356,0.0,1.0,40.0,1.0,,,0.0,0.0,0.0,0.0,40.0,0.0,0.0,20.0,0.0,20.0,0.0,20.0,0.0,0.0,0.0,,,,,,,,,,,,,
tfim,20,nwqsim,unknown,CPU,sync,1,32,737.54,20.0,62.0,20.0,20.0,100.0,100.0,0.0,1.0,20.0,60.0,40.0,0.0,0.0,1.0,1.0,100.0,40.0,1.0,1.0,0.0,0.0,0.0,100.0,200.0,64.0,,0.0,20.0,7.0,7.0,7.0,40.0,60.0,1.0,40.0,0.4,0.4898979485566356,0.0,1.0,40.0,1.0,,,0.0,0.0,0.0,0.0,40.0,0.0,0.0,20.0,0.0,20.0,0.0,20.0,0.0,0.0,0.0,,,,,,,,,,,,,
tfim,20,nwqsim,unknown,CPU,sync,1,32,704.13,20.0,62.0,20.0,20.0,100.0,100.0,0.0,1.0,20.0,60.0,40.0,0.0,0.0,1.0,1.0,100.0,40.0,1.0,1.0,0.0,0.0,0.0,100.0,200.0,64.0,,0.0,20.0,7.0,7.0,7.0,40.0,60.0,1.0,40.0,0.4,0.4898979485566356,0.0,1.0,40.0,1.0,,,0.0,0.0,0.0,0.0,40.0,0.0,0.0,20.0,0.0,20.0,0.0,20.0,0.0,0.0,0.0,,,,,,,,,,,,,
tfim,20,qiskitaer,unknown,CPU,sync,1,8,8321.84,20.0,62.0,20.0,20.0,100.0,100.0,0.0,1.0,20.0,60.0,40.0,0.0,0.0,1.0,1.0,100.0,40.0,1.0,1.0,0.0,0.0,0.0,100.0,200.0,64.0,,0.0,20.0,7.0,7.0,7.0,40.0,60.0,1.0,40.0,0.4,0.4898979485566356,0.0,1.0,40.0,1.0,,,0.0,0.0,0.0,0.0,40.0,0.0,0.0,20.0,0.0,20.0,0.0,20.0,0.0,0.0,0.0,,,,,,,,,,,,,
tfim,20,qiskitaer,unknown,CPU,sync,1,8,7560.99,20.0,62.0,20.0,20.0,100.0,100.0,0.0,1.0,20.0,60.0,40.0,0.0,0.0,1.0,1.0,100.0,40.0,1.0,1.0,0.0,0.0,0.0,100.0,200.0,64.0,,0.0,20.0,7.0,7.0,7.0,40.0,60.0,1.0,40.0,0.4,0.4898979485566356,0.0,1.0,40.0,1.0,,,0.0,0.0,0.0,0.0,40.0,0.0,0.0,20.0,0.0,20.0,0.0,20.0,0.0,0.0,0.0,,,,,,,,,,,,,
tfim,20,qiskitaer,unknown,CPU,sync,1,8,7344.51,20.0,62.0,20.0,20.0,100.0,100.0,0.0,1.0,20.0,60.0,40.0,0.0,0.0,1.0,1.0,100.0,40.0,1.0,1.0,0.0,0.0,0.0,100.0,200.0,64.0,,0.0,20.0,7.0,7.0,7.0,40.0,60.0,1.0,40.0,0.4,0.4898979485566356,0.0,1.0,40.0,1.0,,,0.0,0.0,0.0,0.0,40.0,0.0,0.0,20.0,0.0,20.0,0.0,20.0,0.0,0.0,0.0,,,,,,,,,,,,,
tfim,20,qiskitaer,unknown,CPU,sync,1,8,8186.96,20.0,62.0,20.0,20.0,100.0,100.0,0.0,1.0,20.0,60.0,40.0,0.0,0.0,1.0,1.0,100.0,40.0,1.0,1.0,0.0,0.0,0.0,100.0,200.0,64.0,,0.0,20.0,7.0,7.0,7.0,40.0,60.0,1.0,40.0,0.4,0.4898979485566356,0.0,1.0,40.0,1.0,,,0.0,0.0,0.0,0.0,40.0,0.0,0.0,20.0,0.0,20.0,0.0,20.0,0.0,0.0,0.0,,,,,,,,,,,,,
tfim,20,qiskitaer,unknown,CPU,sync,1,8,7087.12,20.0,62.0,20.0,20.0,100.0,100.0,0.0,1.0,20.0,60.0,40.0,0.0,0.0,1.0,1.0,100.0,40.0,1.0,1.0,0.0,0.0,0.0,100.0,200.0,64.0,,0.0,20.0,7.0,7.0,7.0,40.0,60.0,1.0,40.0,0.4,0.4898979485566356,0.0,1.0,40.0,1.0,,,0.0,0.0,0.0,0.0,40.0,0.0,0.0,20.0,0.0,20.0,0.0,20.0,0.0,0.0,0.0,,,,,,,,,,,,,
tfim,20,qiskitaer,unknown,CPU,sync,1,8,7532.31,20.0,62.0,20.0,20.0,100.0,100.0,0.0,1.0,20.0,60.0,40.0,0.0,0.0,1.0,1.0,100.0,40.0,1.0,1.0,0.0,0.0,0.0,100.0,200.0,64.0,,0.0,20.0,7.0,7.0,7.0,40.0,60.0,1.0,40.0,0.4,0.4898979485566356,0.0,1.0,40.0,1.0,,,0.0,0.0,0.0,0.0,40.0,0.0,0.0,20.0,0.0,20.0,0.0,20.0,0.0,0.0,0.0,,,,,,,,,,,,,
tfim,20,qiskitaer,unknown,CPU,sync,1,8,7104.24,20.0,62.0,20.0,20.0,100.0,100.0,0.0,1.0,20.0,60.0,40.0,0.0,0.0,1.0,1.0,100.0,40.0,1.0,1.0,0.0,0.0,0.0,100.0,200.0,64.0,,0.0,20.0,7.0,7.0,7.0,40.0,60.0,1.0,40.0,0.4,0.4898979485566356,0.0,1.0,40.0,1.0,,,0.0,0.0,0.0,0.0,40.0,0.0,0.0,20.0,0.0,20.0,0.0,20.0,0.0,0.0,0.0,,,,,,,,,,,,,
tfim,20,qiskitaer,unknown,CPU,sync,1,8,6838.07,20.0,62.0,20.0,20.0,100.0,100.0,0.0,1.0,20.0,60.0,40.0,0.0,0.0,1.0,1.0,100.0,40.0,1.0,1.0,0.0,0.0,0.0,100.0,200.0,64.0,,0.0,20.0,7.0,7.0,7.0,40.0,60.0,1.0,40.0,0.4,0.4898979485566356,0.0,1.0,40.0,1.0,,,0.0,0.0,0.0,0.0,40.0,0.0,0.0,20.0,0.0,20.0,0.0,20.0,0.0,0.0,0.0,,,,,,,,,,,,,
tfim,20,qiskitaer,unknown,CPU,sync,1,8,6173.12,20.0,62.0,20.0,20.0,100.0,100.0,0.0,1.0,20.0,60.0,40.0,0.0,0.0,1.0,1.0,100.0,40.0,1.0,1.0,0.0,0.0,0.0,100.0,200.0,64.0,,0.0,20.0,7.0,7.0,7.0,40.0,60.0,1.0,40.0,0.4,0.4898979485566356,0.0,1.0,40.0,1.0,,,0.0,0.0,0.0,0.0,40.0,0.0,0.0,20.0,0.0,20.0,0.0,20.0,0.0,0.0,0.0,,,,,,,,,,,,,
tfim,20,qiskitaer,unknown,CPU,sync,1,8,7104.24,20.0,62.0,20.0,20.0,100.0,100.0,0.0,1.0,20.0,60.0,40.0,0.0,0.0,1.0,1.0,100.0,40.0,1.0,1.0,0.0,0.0,0.0,100.0,200.0,64.0,,0.0,20.0,7.0,7.0,7.0,40.0,60.0,1.0,40.0,0.4,0.4898979485566356,0.0,1.0,40.0,1.0,,,0.0,0.0,0.0,0.0,40.0,0.0,0.0,20.0,0.0,20.0,0.0,20.0,0.0,0.0,0.0,,,,,,,,,,,,,
tfim,20,qiskitaer,unknown,CPU,sync,1,8,6838.07,20.0,62.0,20.0,20.0,100.0,100.0,0.0,1.0,20.0,60.0,40.0,0.0,0.0,1.0,1.0,100.0,40.0,1.0,1.0,0.0,0.0,0.0,100.0,200.0,64.0,,0.0,20.0,7.0,7.0,7.0,40.0,60.0,1.0,40.0,0.4,0.4898979485566356,0.0,1.0,40.0,1.0,,,0.0,0.0,0.0,0.0,40.0,0.0,0.0,20.0,0.0,20.0,0.0,20.0,0.0,0.0,0.0,,,,,,,,,,,,,
tfim,20,qiskitaer,unknown,CPU,sync,1,8,6173.12,20.0,62.0,20.0,20.0,100.0,100.0,0.0,1.0,20.0,60.0,40.0,0.0,0.0,1.0,1.0,100.0,40.0,1.0,1.0,0.0,0.0,0.0,100.0,200.0,64.0,,0.0,20.0,7.0,7.0,7.0,40.0,60.0,1.0,40.0,0.4,0.4898979485566356,0.0,1.0,40.0,1.0,,,0.0,0.0,0.0,0.0,40.0,0.0,0.0,20.0,0.0,20.0,0.0,20.0,0.0,0.0,0.0,,,,,,,,,,,,,
tfim,20,qiskitaer,unknown,CPU,sync,1,8,8186.96,20.0,62.0,20.0,20.0,100.0,100.0,0.0,1.0,20.0,60.0,40.0,0.0,0.0,1.0,1.0,100.0,40.0,1.0,1.0,0.0,0.0,0.0,100.0,200.0,64.0,,0.0,20.0,7.0,7.0,7.0,40.0,60.0,1.0,40.0,0.4,0.4898979485566356,0.0,1.0,40.0,1.0,,,0.0,0.0,0.0,0.0,40.0,0.0,0.0,20.0,0.0,20.0,0.0,20.0,0.0,0.0,0.0,,,,,,,,,,,,,
tfim,20,qiskitaer,unknown,CPU,sync,1,8,7087.12,20.0,62.0,20.0,20.0,100.0,100.0,0.0,1.0,20.0,60.0,40.0,0.0,0.0,1.0,1.0,100.0,40.0,1.0,1.0,0.0,0.0,0.0,100.0,200.0,64.0,,0.0,20.0,7.0,7.0,7.0,40.0,60.0,1.0,40.0,0.4,0.4898979485566356,0.0,1.0,40.0,1.0,,,0.0,0.0,0.0,0.0,40.0,0.0,0.0,20.0,0.0,20.0,0.0,20.0,0.0,0.0,0.0,,,,,,,,,,,,,
tfim,20,qiskitaer,unknown,CPU,sync,1,8,7532.31,20.0,62.0,20.0,20.0,100.0,100.0,0.0,1.0,20.0,60.0,40.0,0.0,0.0,1.0,1.0,100.0,40.0,1.0,1.0,0.0,0.0,0.0,100.0,200.0,64.0,,0.0,20.0,7.0,7.0,7.0,40.0,60.0,1.0,40.0,0.4,0.4898979485566356,0.0,1.0,40.0,1.0,,,0.0,0.0,0.0,0.0,40.0,0.0,0.0,20.0,0.0,20.0,0.0,20.0,0.0,0.0,0.0,,,,,,,,,,,,,
tfim,20,qiskitaer,unknown,CPU,sync,1,8,8321.84,20.0,62.0,20.0,20.0,100.0,100.0,0.0,1.0,20.0,60.0,40.0,0.0,0.0,1.0,1.0,100.0,40.0,1.0,1.0,0.0,0.0,0.0,100.0,200.0,64.0,,0.0,20.0,7.0,7.0,7.0,40.0,60.0,1.0,40.0,0.4,0.4898979485566356,0.0,1.0,40.0,1.0,,,0.0,0.0,0.0,0.0,40.0,0.0,0.0,20.0,0.0,20.0,0.0,20.0,0.0,0.0,0.0,,,,,,,,,,,,,
tfim,20,qiskitaer,unknown,CPU,sync,1,8,7560.99,20.0,62.0,20.0,20.0,100.0,100.0,0.0,1.0,20.0,60.0,40.0,0.0,0.0,1.0,1.0,100.0,40.0,1.0,1.0,0.0,0.0,0.0,100.0,200.0,64.0,,0.0,20.0,7.0,7.0,7.0,40.0,60.0,1.0,40.0,0.4,0.4898979485566356,0.0,1.0,40.0,1.0,,,0.0,0.0,0.0,0.0,40.0,0.0,0.0,20.0,0.0,20.0,0.0,20.0,0.0,0.0,0.0,,,,,,,,,,,,,
tfim,20,qiskitaer,unknown,CPU,sync,1,8,7344.51,20.0,62.0,20.0,20.0,100.0,100.0,0.0,1.0,20.0,60.0,40.0,0.0,0.0,1.0,1.0,100.0,40.0,1.0,1.0,0.0,0.0,0.0,100.0,200.0,64.0,,0.0,20.0,7.0,7.0,7.0,40.0,60.0,1.0,40.0,0.4,0.4898979485566356,0.0,1.0,40.0,1.0,,,0.0,0.0,0.0,0.0,40.0,0.0,0.0,20.0,0.0,20.0,0.0,20.0,0.0,0.0,0.0,,,,,,,,,,,,,
tfim,20,qiskitaer,unknown,CPU,sync,1,32,11631.46,20.0,62.0,20.0,20.0,100.0,100.0,0.0,1.0,20.0,60.0,40.0,0.0,0.0,1.0,1.0,100.0,40.0,1.0,1.0,0.0,0.0,0.0,100.0,200.0,64.0,,0.0,20.0,7.0,7.0,7.0,40.0,60.0,1.0,40.0,0.4,0.4898979485566356,0.0,1.0,40.0,1.0,,,0.0,0.0,0.0,0.0,40.0,0.0,0.0,20.0,0.0,20.0,0.0,20.0,0.0,0.0,0.0,,,,,,,,,,,,,
tfim,20,qiskitaer,unknown,CPU,sync,1,32,9048.43,20.0,62.0,20.0,20.0,100.0,100.0,0.0,1.0,20.0,60.0,40.0,0.0,0.0,1.0,1.0,100.0,40.0,1.0,1.0,0.0,0.0,0.0,100.0,200.0,64.0,,0.0,20.0,7.0,7.0,7.0,40.0,60.0,1.0,40.0,0.4,0.4898979485566356,0.0,1.0,40.0,1.0,,,0.0,0.0,0.0,0.0,40.0,0.0,0.0,20.0,0.0,20.0,0.0,20.0,0.0,0.0,0.0,,,,,,,,,,,,,
tfim,20,qiskitaer,unknown,CPU,sync,1,32,7509.73,20.0,62.0,20.0,20.0,100.0,100.0,0.0,1.0,20.0,60.0,40.0,0.0,0.0,1.0,1.0,100.0,40.0,1.0,1.0,0.0,0.0,0.0,100.0,200.0,64.0,,0.0,20.0,7.0,7.0,7.0,40.0,60.0,1.0,40.0,0.4,0.4898979485566356,0.0,1.0,40.0,1.0,,,0.0,0.0,0.0,0.0,40.0,0.0,0.0,20.0,0.0,20.0,0.0,20.0,0.0,0.0,0.0,,,,,,,,,,,,,
tfim,20,qiskitaer,unknown,CPU,sync,1,32,6747.01,20.0,62.0,20.0,20.0,100.0,100.0,0.0,1.0,20.0,60.0,40.0,0.0,0.0,1.0,1.0,100.0,40.0,1.0,1.0,0.0,0.0,0.0,100.0,200.0,64.0,,0.0,20.0,7.0,7.0,7.0,40.0,60.0,1.0,40.0,0.4,0.4898979485566356,0.0,1.0,40.0,1.0,,,0.0,0.0,0.0,0.0,40.0,0.0,0.0,20.0,0.0,20.0,0.0,20.0,0.0,0.0,0.0,,,,,,,,,,,,,
tfim,20,qiskitaer,unknown,CPU,sync,1,32,7419.15,20.0,62.0,20.0,20.0,100.0,100.0,0.0,1.0,20.0,60.0,40.0,0.0,0.0,1.0,1.0,100.0,40.0,1.0,1.0,0.0,0.0,0.0,100.0,200.0,64.0,,0.0,20.0,7.0,7.0,7.0,40.0,60.0,1.0,40.0,0.4,0.4898979485566356,0.0,1.0,40.0,1.0,,,0.0,0.0,0.0,0.0,40.0,0.0,0.0,20.0,0.0,20.0,0.0,20.0,0.0,0.0,0.0,,,,,,,,,,,,,
tfim,20,qiskitaer,unknown,CPU,sync,1,32,10155.63,20.0,62.0,20.0,20.0,100.0,100.0,0.0,1.0,20.0,60.0,40.0,0.0,0.0,1.0,1.0,100.0,40.0,1.0,1.0,0.0,0.0,0.0,100.0,200.0,64.0,,0.0,20.0,7.0,7.0,7.0,40.0,60.0,1.0,40.0,0.4,0.4898979485566356,0.0,1.0,40.0,1.0,,,0.0,0.0,0.0,0.0,40.0,0.0,0.0,20.0,0.0,20.0,0.0,20.0,0.0,0.0,0.0,,,,,,,,,,,,,
tfim,20,qiskitaer,unknown,CPU,sync,1,32,7489.05,20.0,62.0,20.0,20.0,100.0,100.0,0.0,1.0,20.0,60.0,40.0,0.0,0.0,1.0,1.0,100.0,40.0,1.0,1.0,0.0,0.0,0.0,100.0,200.0,64.0,,0.0,20.0,7.0,7.0,7.0,40.0,60.0,1.0,40.0,0.4,0.4898979485566356,0.0,1.0,40.0,1.0,,,0.0,0.0,0.0,0.0,40.0,0.0,0.0,20.0,0.0,20.0,0.0,20.0,0.0,0.0,0.0,,,,,,,,,,,,,
tfim,20,qiskitaer,unknown,CPU,sync,1,32,10802.54,20.0,62.0,20.0,20.0,100.0,100.0,0.0,1.0,20.0,60.0,40.0,0.0,0.0,1.0,1.0,100.0,40.0,1.0,1.0,0.0,0.0,0.0,100.0,200.0,64.0,,0.0,20.0,7.0,7.0,7.0,40.0,60.0,1.0,40.0,0.4,0.4898979485566356,0.0,1.0,40.0,1.0,,,0.0,0.0,0.0,0.0,40.0,0.0,0.0,20.0,0.0,20.0,0.0,20.0,0.0,0.0,0.0,,,,,,,,,,,,,
tfim,20,qiskitaer,unknown,CPU,sync,1,32,6658.12,20.0,62.0,20.0,20.0,100.0,100.0,0.0,1.0,20.0,60.0,40.0,0.0,0.0,1.0,1.0,100.0,40.0,1.0,1.0,0.0,0.0,0.0,100.0,200.0,64.0,,0.0,20.0,7.0,7.0,7.0,40.0,60.0,1.0,40.0,0.4,0.4898979485566356,0.0,1.0,40.0,1.0,,,0.0,0.0,0.0,0.0,40.0,0.0,0.0,20.0,0.0,20.0,0.0,20.0,0.0,0.0,0.0,,,,,,,,,,,,,
tfim,20,qiskitaer,unknown,CPU,sync,1,32,7165.33,20.0,62.0,20.0,20.0,100.0,100.0,0.0,1.0,20.0,60.0,40.0,0.0,0.0,1.0,1.0,100.0,40.0,1.0,1.0,0.0,0.0,0.0,100.0,200.0,64.0,,0.0,20.0,7.0,7.0,7.0,40.0,60.0,1.0,40.0,0.4,0.4898979485566356,0.0,1.0,40.0,1.0,,,0.0,0.0,0.0,0.0,40.0,0.0,0.0,20.0,0.0,20.0,0.0,20.0,0.0,0.0,0.0,,,,,,,,,,,,,
tfim,20,qiskitaer,unknown,CPU,sync,1,32,10262.53,20.0,62.0,20.0,20.0,100.0,100.0,0.0,1.0,20.0,60.0,40.0,0.0,0.0,1.0,1.0,100.0,40.0,1.0,1.0,0.0,0.0,0.0,100.0,200.0,64.0,,0.0,20.0,7.0,7.0,7.0,40.0,60.0,1.0,40.0,0.4,0.4898979485566356,0.0,1.0,40.0,1.0,,,0.0,0.0,0.0,0.0,40.0,0.0,0.0,20.0,0.0,20.0,0.0,20.0,0.0,0.0,0.0,,,,,,,,,,,,,
tfim,20,qiskitaer,unknown,CPU,sync,2,4,8484.43,20.0,62.0,20.0,20.0,100.0,100.0,0.0,1.0,20.0,60.0,40.0,0.0,0.0,1.0,1.0,100.0,40.0,1.0,1.0,0.0,0.0,0.0,100.0,200.0,64.0,,0.0,20.0,7.0,7.0,7.0,40.0,60.0,1.0,40.0,0.4,0.4898979485566356,0.0,1.0,40.0,1.0,,,0.0,0.0,0.0,0.0,40.0,0.0,0.0,20.0,0.0,20.0,0.0,20.0,0.0,0.0,0.0,,,,,,,,,,,,,
tfim,20,qiskitaer,unknown,CPU,sync,2,4,7702.87,20.0,62.0,20.0,20.0,100.0,100.0,0.0,1.0,20.0,60.0,40.0,0.0,0.0,1.0,1.0,100.0,40.0,1.0,1.0,0.0,0.0,0.0,100.0,200.0,64.0,,0.0,20.0,7.0,7.0,7.0,40.0,60.0,1.0,40.0,0.4,0.4898979485566356,0.0,1.0,40.0,1.0,,,0.0,0.0,0.0,0.0,40.0,0.0,0.0,20.0,0.0,20.0,0.0,20.0,0.0,0.0,0.0,,,,,,,,,,,,,
tfim,20,qiskitaer,unknown,CPU,sync,2,4,7771.66,20.0,62.0,20.0,20.0,100.0,100.0,0.0,1.0,20.0,60.0,40.0,0.0,0.0,1.0,1.0,100.0,40.0,1.0,1.0,0.0,0.0,0.0,100.0,200.0,64.0,,0.0,20.0,7.0,7.0,7.0,40.0,60.0,1.0,40.0,0.4,0.4898979485566356,0.0,1.0,40.0,1.0,,,0.0,0.0,0.0,0.0,40.0,0.0,0.0,20.0,0.0,20.0,0.0,20.0,0.0,0.0,0.0,,,,,,,,,,,,,
tfim,20,qiskitaer,unknown,CPU,sync,2,4,8513.77,20.0,62.0,20.0,20.0,100.0,100.0,0.0,1.0,20.0,60.0,40.0,0.0,0.0,1.0,1.0,100.0,40.0,1.0,1.0,0.0,0.0,0.0,100.0,200.0,64.0,,0.0,20.0,7.0,7.0,7.0,40.0,60.0,1.0,40.0,0.4,0.4898979485566356,0.0,1.0,40.0,1.0,,,0.0,0.0,0.0,0.0,40.0,0.0,0.0,20.0,0.0,20.0,0.0,20.0,0.0,0.0,0.0,,,,,,,,,,,,,
tfim,20,qiskitaer,unknown,CPU,sync,2,4,7860.57,20.0,62.0,20.0,20.0,100.0,100.0,0.0,1.0,20.0,60.0,40.0,0.0,0.0,1.0,1.0,100.0,40.0,1.0,1.0,0.0,0.0,0.0,100.0,200.0,64.0,,0.0,20.0,7.0,7.0,7.0,40.0,60.0,1.0,40.0,0.4,0.4898979485566356,0.0,1.0,40.0,1.0,,,0.0,0.0,0.0,0.0,40.0,0.0,0.0,20.0,0.0,20.0,0.0,20.0,0.0,0.0,0.0,,,,,,,,,,,,,
tfim,20,qiskitaer,unknown,CPU,sync,2,4,7783.38,20.0,62.0,20.0,20.0,100.0,100.0,0.0,1.0,20.0,60.0,40.0,0.0,0.0,1.0,1.0,100.0,40.0,1.0,1.0,0.0,0.0,0.0,100.0,200.0,64.0,,0.0,20.0,7.0,7.0,7.0,40.0,60.0,1.0,40.0,0.4,0.4898979485566356,0.0,1.0,40.0,1.0,,,0.0,0.0,0.0,0.0,40.0,0.0,0.0,20.0,0.0,20.0,0.0,20.0,0.0,0.0,0.0,,,,,,,,,,,,,
tfim,20,qiskitaer,unknown,CPU,sync,2,4,7418.93,20.0,62.0,20.0,20.0,100.0,100.0,0.0,1.0,20.0,60.0,40.0,0.0,0.0,1.0,1.0,100.0,40.0,1.0,1.0,0.0,0.0,0.0,100.0,200.0,64.0,,0.0,20.0,7.0,7.0,7.0,40.0,60.0,1.0,40.0,0.4,0.4898979485566356,0.0,1.0,40.0,1.0,,,0.0,0.0,0.0,0.0,40.0,0.0,0.0,20.0,0.0,20.0,0.0,20.0,0.0,0.0,0.0,,,,,,,,,,,,,
tfim,20,qiskitaer,unknown,CPU,sync,2,4,6564.92,20.0,62.0,20.0,20.0,100.0,100.0,0.0,1.0,20.0,60.0,40.0,0.0,0.0,1.0,1.0,100.0,40.0,1.0,1.0,0.0,0.0,0.0,100.0,200.0,64.0,,0.0,20.0,7.0,7.0,7.0,40.0,60.0,1.0,40.0,0.4,0.4898979485566356,0.0,1.0,40.0,1.0,,,0.0,0.0,0.0,0.0,40.0,0.0,0.0,20.0,0.0,20.0,0.0,20.0,0.0,0.0,0.0,,,,,,,,,,,,,
tfim,20,qiskitaer,unknown,CPU,sync,2,4,6657.99,20.0,62.0,20.0,20.0,100.0,100.0,0.0,1.0,20.0,60.0,40.0,0.0,0.0,1.0,1.0,100.0,40.0,1.0,1.0,0.0,0.0,0.0,100.0,200.0,64.0,,0.0,20.0,7.0,7.0,7.0,40.0,60.0,1.0,40.0,0.4,0.4898979485566356,0.0,1.0,40.0,1.0,,,0.0,0.0,0.0,0.0,40.0,0.0,0.0,20.0,0.0,20.0,0.0,20.0,0.0,0.0,0.0,,,,,,,,,,,,,
tfim,20,qiskitaer,unknown,CPU,sync,2,4,7418.93,20.0,62.0,20.0,20.0,100.0,100.0,0.0,1.0,20.0,60.0,40.0,0.0,0.0,1.0,1.0,100.0,40.0,1.0,1.0,0.0,0.0,0.0,100.0,200.0,64.0,,0.0,20.0,7.0,7.0,7.0,40.0,60.0,1.0,40.0,0.4,0.4898979485566356,0.0,1.0,40.0,1.0,,,0.0,0.0,0.0,0.0,40.0,0.0,0.0,20.0,0.0,20.0,0.0,20.0,0.0,0.0,0.0,,,,,,,,,,,,,
tfim,20,qiskitaer,unknown,CPU,sync,2,4,6564.92,20.0,62.0,20.0,20.0,100.0,100.0,0.0,1.0,20.0,60.0,40.0,0.0,0.0,1.0,1.0,100.0,40.0,1.0,1.0,0.0,0.0,0.0,100.0,200.0,64.0,,0.0,20.0,7.0,7.0,7.0,40.0,60.0,1.0,40.0,0.4,0.4898979485566356,0.0,1.0,40.0,1.0,,,0.0,0.0,0.0,0.0,40.0,0.0,0.0,20.0,0.0,20.0,0.0,20.0,0.0,0.0,0.0,,,,,,,,,,,,,
tfim,20,qiskitaer,unknown,CPU,sync,2,4,6657.99,20.0,62.0,20.0,20.0,100.0,100.0,0.0,1.0,20.0,60.0,40.0,0.0,0.0,1.0,1.0,100.0,40.0,1.0,1.0,0.0,0.0,0.0,100.0,200.0,64.0,,0.0,20.0,7.0,7.0,7.0,40.0,60.0,1.0,40.0,0.4,0.4898979485566356,0.0,1.0,40.0,1.0,,,0.0,0.0,0.0,0.0,40.0,0.0,0.0,20.0,0.0,20.0,0.0,20.0,0.0,0.0,0.0,,,,,,,,,,,,,
tfim,20,qiskitaer,unknown,CPU,sync,2,4,8513.77,20.0,62.0,20.0,20.0,100.0,100.0,0.0,1.0,20.0,60.0,40.0,0.0,0.0,1.0,1.0,100.0,40.0,1.0,1.0,0.0,0.0,0.0,100.0,200.0,64.0,,0.0,20.0,7.0,7.0,7.0,40.0,60.0,1.0,40.0,0.4,0.4898979485566356,0.0,1.0,40.0,1.0,,,0.0,0.0,0.0,0.0,40.0,0.0,0.0,20.0,0.0,20.0,0.0,20.0,0.0,0.0,0.0,,,,,,,,,,,,,
tfim,20,qiskitaer,unknown,CPU,sync,2,4,7860.57,20.0,62.0,20.0,20.0,100.0,100.0,0.0,1.0,20.0,60.0,40.0,0.0,0.0,1.0,1.0,100.0,40.0,1.0,1.0,0.0,0.0,0.0,100.0,200.0,64.0,,0.0,20.0,7.0,7.0,7.0,40.0,60.0,1.0,40.0,0.4,0.4898979485566356,0.0,1.0,40.0,1.0,,,0.0,0.0,0.0,0.0,40.0,0.0,0.0,20.0,0.0,20.0,0.0,20.0,0.0,0.0,0.0,,,,,,,,,,,,,
tfim,20,qiskitaer,unknown,CPU,sync,2,4,7783.38,20.0,62.0,20.0,20.0,100.0,100.0,0.0,1.0,20.0,60.0,40.0,0.0,0.0,1.0,1.0,100.0,40.0,1.0,1.0,0.0,0.0,0.0,100.0,200.0,64.0,,0.0,20.0,7.0,7.0,7.0,40.0,60.0,1.0,40.0,0.4,0.4898979485566356,0.0,1.0,40.0,1.0,,,0.0,0.0,0.0,0.0,40.0,0.0,0.0,20.0,0.0,20.0,0.0,20.0,0.0,0.0,0.0,,,,,,,,,,,,,
tfim,20,qiskitaer,unknown,CPU,sync,2,4,8484.43,20.0,62.0,20.0,20.0,100.0,100.0,0.0,1.0,20.0,60.0,40.0,0.0,0.0,1.0,1.0,100.0,40.0,1.0,1.0,0.0,0.0,0.0,100.0,200.0,64.0,,0.0,20.0,7.0,7.0,7.0,40.0,60.0,1.0,40.0,0.4,0.4898979485566356,0.0,1.0,40.0,1.0,,,0.0,0.0,0.0,0.0,40.0,0.0,0.0,20.0,0.0,20.0,0.0,20.0,0.0,0.0,0.0,,,,,,,,,,,,,
tfim,20,qiskitaer,unknown,CPU,sync,2,4,7702.87,20.0,62.0,20.0,20.0,100.0,100.0,0.0,1.0,20.0,60.0,40.0,0.0,0.0,1.0,1.0,100.0,40.0,1.0,1.0,0.0,0.0,0.0,100.0,200.0,64.0,,0.0,20.0,7.0,7.0,7.0,40.0,60.0,1.0,40.0,0.4,0.4898979485566356,0.0,1.0,40.0,1.0,,,0.0,0.0,0.0,0.0,40.0,0.0,0.0,20.0,0.0,20.0,0.0,20.0,0.0,0.0,0.0,,,,,,,,,,,,,
tfim,20,qiskitaer,unknown,CPU,sync,2,4,7771.66,20.0,62.0,20.0,20.0,100.0,100.0,0.0,1.0,20.0,60.0,40.0,0.0,0.0,1.0,1.0,100.0,40.0,1.0,1.0,0.0,0.0,0.0,100.0,200.0,64.0,,0.0,20.0,7.0,7.0,7.0,40.0,60.0,1.0,40.0,0.4,0.4898979485566356,0.0,1.0,40.0,1.0,,,0.0,0.0,0.0,0.0,40.0,0.0,0.0,20.0,0.0,20.0,0.0,20.0,0.0,0.0,0.0,,,,,,,,,,,,,
tfim,20,qtensor,unknown,CPU,sync,2,4,22278.42,20.0,62.0,20.0,20.0,100.0,100.0,0.0,1.0,20.0,60.0,40.0,0.0,0.0,1.0,1.0,100.0,40.0,1.0,1.0,0.0,0.0,0.0,100.0,200.0,64.0,,0.0,20.0,7.0,7.0,7.0,40.0,60.0,1.0,40.0,0.4,0.4898979485566356,0.0,1.0,40.0,1.0,,,0.0,0.0,0.0,0.0,40.0,0.0,0.0,20.0,0.0,20.0,0.0,20.0,0.0,0.0,0.0,,,,,,,,,,,,,
tfim,20,qtensor,unknown,CPU,sync,2,4,20202.53,20.0,62.0,20.0,20.0,100.0,100.0,0.0,1.0,20.0,60.0,40.0,0.0,0.0,1.0,1.0,100.0,40.0,1.0,1.0,0.0,0.0,0.0,100.0,200.0,64.0,,0.0,20.0,7.0,7.0,7.0,40.0,60.0,1.0,40.0,0.4,0.4898979485566356,0.0,1.0,40.0,1.0,,,0.0,0.0,0.0,0.0,40.0,0.0,0.0,20.0,0.0,20.0,0.0,20.0,0.0,0.0,0.0,,,,,,,,,,,,,
tfim,20,qtensor,unknown,CPU,sync,2,4,21300.22,20.0,62.0,20.0,20.0,100.0,100.0,0.0,1.0,20.0,60.0,40.0,0.0,0.0,1.0,1.0,100.0,40.0,1.0,1.0,0.0,0.0,0.0,100.0,200.0,64.0,,0.0,20.0,7.0,7.0,7.0,40.0,60.0,1.0,40.0,0.4,0.4898979485566356,0.0,1.0,40.0,1.0,,,0.0,0.0,0.0,0.0,40.0,0.0,0.0,20.0,0.0,20.0,0.0,20.0,0.0,0.0,0.0,,,,,,,,,,,,,
tfim,20,qtensor,unknown,CPU,sync,2,4,22278.42,20.0,62.0,20.0,20.0,100.0,100.0,0.0,1.0,20.0,60.0,40.0,0.0,0.0,1.0,1.0,100.0,40.0,1.0,1.0,0.0,0.0,0.0,100.0,200.0,64.0,,0.0,20.0,7.0,7.0,7.0,40.0,60.0,1.0,40.0,0.4,0.4898979485566356,0.0,1.0,40.0,1.0,,,0.0,0.0,0.0,0.0,40.0,0.0,0.0,20.0,0.0,20.0,0.0,20.0,0.0,0.0,0.0,,,,,,,,,,,,,
tfim,20,qtensor,unknown,CPU,sync,2,4,20202.53,20.0,62.0,20.0,20.0,100.0,100.0,0.0,1.0,20.0,60.0,40.0,0.0,0.0,1.0,1.0,100.0,40.0,1.0,1.0,0.0,0.0,0.0,100.0,200.0,64.0,,0.0,20.0,7.0,7.0,7.0,40.0,60.0,1.0,40.0,0.4,0.4898979485566356,0.0,1.0,40.0,1.0,,,0.0,0.0,0.0,0.0,40.0,0.0,0.0,20.0,0.0,20.0,0.0,20.0,0.0,0.0,0.0,,,,,,,,,,,,,
tfim,20,qtensor,unknown,CPU,sync,2,4,21300.22,20.0,62.0,20.0,20.0,100.0,100.0,0.0,1.0,20.0,60.0,40.0,0.0,0.0,1.0,1.0,100.0,40.0,1.0,1.0,0.0,0.0,0.0,100.0,200.0,64.0,,0.0,20.0,7.0,7.0,7.0,40.0,60.0,1.0,40.0,0.4,0.4898979485566356,0.0,1.0,40.0,1.0,,,0.0,0.0,0.0,0.0,40.0,0.0,0.0,20.0,0.0,20.0,0.0,20.0,0.0,0.0,0.0,,,,,,,,,,,,,
tfim,20,qtensor,unknown,CPU,sync,1,8,21892.33,20.0,62.0,20.0,20.0,100.0,100.0,0.0,1.0,20.0,60.0,40.0,0.0,0.0,1.0,1.0,100.0,40.0,1.0,1.0,0.0,0.0,0.0,100.0,200.0,64.0,,0.0,20.0,7.0,7.0,7.0,40.0,60.0,1.0,40.0,0.4,0.4898979485566356,0.0,1.0,40.0,1.0,,,0.0,0.0,0.0,0.0,40.0,0.0,0.0,20.0,0.0,20.0,0.0,20.0,0.0,0.0,0.0,,,,,,,,,,,,,
tfim,20,qtensor,unknown,CPU,sync,1,8,18881.16,20.0,62.0,20.0,20.0,100.0,100.0,0.0,1.0,20.0,60.0,40.0,0.0,0.0,1.0,1.0,100.0,40.0,1.0,1.0,0.0,0.0,0.0,100.0,200.0,64.0,,0.0,20.0,7.0,7.0,7.0,40.0,60.0,1.0,40.0,0.4,0.4898979485566356,0.0,1.0,40.0,1.0,,,0.0,0.0,0.0,0.0,40.0,0.0,0.0,20.0,0.0,20.0,0.0,20.0,0.0,0.0,0.0,,,,,,,,,,,,,
tfim,20,qtensor,unknown,CPU,sync,1,8,19675.95,20.0,62.0,20.0,20.0,100.0,100.0,0.0,1.0,20.0,60.0,40.0,0.0,0.0,1.0,1.0,100.0,40.0,1.0,1.0,0.0,0.0,0.0,100.0,200.0,64.0,,0.0,20.0,7.0,7.0,7.0,40.0,60.0,1.0,40.0,0.4,0.4898979485566356,0.0,1.0,40.0,1.0,,,0.0,0.0,0.0,0.0,40.0,0.0,0.0,20.0,0.0,20.0,0.0,20.0,0.0,0.0,0.0,,,,,,,,,,,,,
tfim,20,qtensor,unknown,CPU,sync,1,8,21892.33,20.0,62.0,20.0,20.0,100.0,100.0,0.0,1.0,20.0,60.0,40.0,0.0,0.0,1.0,1.0,100.0,40.0,1.0,1.0,0.0,0.0,0.0,100.0,200.0,64.0,,0.0,20.0,7.0,7.0,7.0,40.0,60.0,1.0,40.0,0.4,0.4898979485566356,0.0,1.0,40.0,1.0,,,0.0,0.0,0.0,0.0,40.0,0.0,0.0,20.0,0.0,20.0,0.0,20.0,0.0,0.0,0.0,,,,,,,,,,,,,
tfim,20,qtensor,unknown,CPU,sync,1,8,18881.16,20.0,62.0,20.0,20.0,100.0,100.0,0.0,1.0,20.0,60.0,40.0,0.0,0.0,1.0,1.0,100.0,40.0,1.0,1.0,0.0,0.0,0.0,100.0,200.0,64.0,,0.0,20.0,7.0,7.0,7.0,40.0,60.0,1.0,40.0,0.4,0.4898979485566356,0.0,1.0,40.0,1.0,,,0.0,0.0,0.0,0.0,40.0,0.0,0.0,20.0,0.0,20.0,0.0,20.0,0.0,0.0,0.0,,,,,,,,,,,,,
tfim,20,qtensor,unknown,CPU,sync,1,8,19675.95,20.0,62.0,20.0,20.0,100.0,100.0,0.0,1.0,20.0,60.0,40.0,0.0,0.0,1.0,1.0,100.0,40.0,1.0,1.0,0.0,0.0,0.0,100.0,200.0,64.0,,0.0,20.0,7.0,7.0,7.0,40.0,60.0,1.0,40.0,0.4,0.4898979485566356,0.0,1.0,40.0,1.0,,,0.0,0.0,0.0,0.0,40.0,0.0,0.0,20.0,0.0,20.0,0.0,20.0,0.0,0.0,0.0,,,,,,,,,,,,,
tfim,20,qtensor,unknown,CPU,sync,1,32,27478.29,20.0,62.0,20.0,20.0,100.0,100.0,0.0,1.0,20.0,60.0,40.0,0.0,0.0,1.0,1.0,100.0,40.0,1.0,1.0,0.0,0.0,0.0,100.0,200.0,64.0,,0.0,20.0,7.0,7.0,7.0,40.0,60.0,1.0,40.0,0.4,0.4898979485566356,0.0,1.0,40.0,1.0,,,0.0,0.0,0.0,0.0,40.0,0.0,0.0,20.0,0.0,20.0,0.0,20.0,0.0,0.0,0.0,,,,,,,,,,,,,
tfim,20,ionq,unknown,CPU,sync,2,4,2595.66,20.0,62.0,20.0,20.0,100.0,100.0,0.0,1.0,20.0,60.0,40.0,0.0,0.0,1.0,1.0,100.0,40.0,1.0,1.0,0.0,0.0,0.0,100.0,200.0,64.0,,0.0,20.0,7.0,7.0,7.0,40.0,60.0,1.0,40.0,0.4,0.4898979485566356,0.0,1.0,40.0,1.0,,,0.0,0.0,0.0,0.0,40.0,0.0,0.0,20.0,0.0,20.0,0.0,20.0,0.0,0.0,0.0,,,,,,,,,,,,,
tfim,20,ionq,unknown,CPU,sync,2,4,2341.24,20.0,62.0,20.0,20.0,100.0,100.0,0.0,1.0,20.0,60.0,40.0,0.0,0.0,1.0,1.0,100.0,40.0,1.0,1.0,0.0,0.0,0.0,100.0,200.0,64.0,,0.0,20.0,7.0,7.0,7.0,40.0,60.0,1.0,40.0,0.4,0.4898979485566356,0.0,1.0,40.0,1.0,,,0.0,0.0,0.0,0.0,40.0,0.0,0.0,20.0,0.0,20.0,0.0,20.0,0.0,0.0,0.0,,,,,,,,,,,,,
tfim,20,ionq,unknown,CPU,sync,2,4,2560.67,20.0,62.0,20.0,20.0,100.0,100.0,0.0,1.0,20.0,60.0,40.0,0.0,0.0,1.0,1.0,100.0,40.0,1.0,1.0,0.0,0.0,0.0,100.0,200.0,64.0,,0.0,20.0,7.0,7.0,7.0,40.0,60.0,1.0,40.0,0.4,0.4898979485566356,0.0,1.0,40.0,1.0,,,0.0,0.0,0.0,0.0,40.0,0.0,0.0,20.0,0.0,20.0,0.0,20.0,0.0,0.0,0.0,,,,,,,,,,,,,
tfim,20,ionq,unknown,CPU,sync,2,4,2595.66,20.0,62.0,20.0,20.0,100.0,100.0,0.0,1.0,20.0,60.0,40.0,0.0,0.0,1.0,1.0,100.0,40.0,1.0,1.0,0.0,0.0,0.0,100.0,200.0,64.0,,0.0,20.0,7.0,7.0,7.0,40.0,60.0,1.0,40.0,0.4,0.4898979485566356,0.0,1.0,40.0,1.0,,,0.0,0.0,0.0,0.0,40.0,0.0,0.0,20.0,0.0,20.0,0.0,20.0,0.0,0.0,0.0,,,,,,,,,,,,,
tfim,20,ionq,unknown,CPU,sync,2,4,2341.24,20.0,62.0,20.0,20.0,100.0,100.0,0.0,1.0,20.0,60.0,40.0,0.0,0.0,1.0,1.0,100.0,40.0,1.0,1.0,0.0,0.0,0.0,100.0,200.0,64.0,,0.0,20.0,7.0,7.0,7.0,40.0,60.0,1.0,40.0,0.4,0.4898979485566356,0.0,1.0,40.0,1.0,,,0.0,0.0,0.0,0.0,40.0,0.0,0.0,20.0,0.0,20.0,0.0,20.0,0.0,0.0,0.0,,,,,,,,,,,,,
tfim,20,ionq,unknown,CPU,sync,2,4,2560.67,20.0,62.0,20.0,20.0,100.0,100.0,0.0,1.0,20.0,60.0,40.0,0.0,0.0,1.0,1.0,100.0,40.0,1.0,1.0,0.0,0.0,0.0,100.0,200.0,64.0,,0.0,20.0,7.0,7.0,7.0,40.0,60.0,1.0,40.0,0.4,0.4898979485566356,0.0,1.0,40.0,1.0,,,0.0,0.0,0.0,0.0,40.0,0.0,0.0,20.0,0.0,20.0,0.0,20.0,0.0,0.0,0.0,,,,,,,,,,,,,
tfim,20,ionq,unknown,CPU,sync,1,8,2595.66,20.0,62.0,20.0,20.0,100.0,100.0,0.0,1.0,20.0,60.0,40.0,0.0,0.0,1.0,1.0,100.0,40.0,1.0,1.0,0.0,0.0,0.0,100.0,200.0,64.0,,0.0,20.0,7.0,7.0,7.0,40.0,60.0,1.0,40.0,0.4,0.4898979485566356,0.0,1.0,40.0,1.0,,,0.0,0.0,0.0,0.0,40.0,0.0,0.0,20.0,0.0,20.0,0.0,20.0,0.0,0.0,0.0,,,,,,,,,,,,,
tfim,20,ionq,unknown,CPU,sync,1,8,2341.24,20.0,62.0,20.0,20.0,100.0,100.0,0.0,1.0,20.0,60.0,40.0,0.0,0.0,1.0,1.0,100.0,40.0,1.0,1.0,0.0,0.0,0.0,100.0,200.0,64.0,,0.0,20.0,7.0,7.0,7.0,40.0,60.0,1.0,40.0,0.4,0.4898979485566356,0.0,1.0,40.0,1.0,,,0.0,0.0,0.0,0.0,40.0,0.0,0.0,20.0,0.0,20.0,0.0,20.0,0.0,0.0,0.0,,,,,,,,,,,,,
tfim,20,ionq,unknown,CPU,sync,1,8,2560.67,20.0,62.0,20.0,20.0,100.0,100.0,0.0,1.0,20.0,60.0,40.0,0.0,0.0,1.0,1.0,100.0,40.0,1.0,1.0,0.0,0.0,0.0,100.0,200.0,64.0,,0.0,20.0,7.0,7.0,7.0,40.0,60.0,1.0,40.0,0.4,0.4898979485566356,0.0,1.0,40.0,1.0,,,0.0,0.0,0.0,0.0,40.0,0.0,0.0,20.0,0.0,20.0,0.0,20.0,0.0,0.0,0.0,,,,,,,,,,,,,
tfim,20,ionq,unknown,CPU,sync,1,8,2595.66,20.0,62.0,20.0,20.0,100.0,100.0,0.0,1.0,20.0,60.0,40.0,0.0,0.0,1.0,1.0,100.0,40.0,1.0,1.0,0.0,0.0,0.0,100.0,200.0,64.0,,0.0,20.0,7.0,7.0,7.0,40.0,60.0,1.0,40.0,0.4,0.4898979485566356,0.0,1.0,40.0,1.0,,,0.0,0.0,0.0,0.0,40.0,0.0,0.0,20.0,0.0,20.0,0.0,20.0,0.0,0.0,0.0,,,,,,,,,,,,,
tfim,20,ionq,unknown,CPU,sync,1,8,2341.24,20.0,62.0,20.0,20.0,100.0,100.0,0.0,1.0,20.0,60.0,40.0,0.0,0.0,1.0,1.0,100.0,40.0,1.0,1.0,0.0,0.0,0.0,100.0,200.0,64.0,,0.0,20.0,7.0,7.0,7.0,40.0,60.0,1.0,40.0,0.4,0.4898979485566356,0.0,1.0,40.0,1.0,,,0.0,0.0,0.0,0.0,40.0,0.0,0.0,20.0,0.0,20.0,0.0,20.0,0.0,0.0,0.0,,,,,,,,,,,,,
tfim,20,ionq,unknown,CPU,sync,1,8,2560.67,20.0,62.0,20.0,20.0,100.0,100.0,0.0,1.0,20.0,60.0,40.0,0.0,0.0,1.0,1.0,100.0,40.0,1.0,1.0,0.0,0.0,0.0,100.0,200.0,64.0,,0.0,20.0,7.0,7.0,7.0,40.0,60.0,1.0,40.0,0.4,0.4898979485566356,0.0,1.0,40.0,1.0,,,0.0,0.0,0.0,0.0,40.0,0.0,0.0,20.0,0.0,20.0,0.0,20.0,0.0,0.0,0.0,,,,,,,,,,,,,
tfim,20,ionq,simulator,CPU,sync,1,8,2537.884473800659,20.0,62.0,20.0,20.0,100.0,100.0,0.0,1.0,20.0,60.0,40.0,0.0,0.0,1.0,1.0,100.0,40.0,1.0,1.0,0.0,0.0,0.0,100.0,200.0,64.0,,0.0,20.0,7.0,7.0,7.0,40.0,60.0,1.0,40.0,0.4,0.4898979485566356,0.0,1.0,40.0,1.0,,,0.0,0.0,0.0,0.0,40.0,0.0,0.0,20.0,0.0,20.0,0.0,20.0,0.0,0.0,0.0,,,,,,,,,,,,,
tfim,20,ibmq,ibm_miami,CPU,sync,1,8,46.868085861206055,20.0,62.0,20.0,20.0,100.0,100.0,0.0,1.0,20.0,60.0,40.0,0.0,0.0,1.0,1.0,100.0,40.0,1.0,1.0,0.0,0.0,0.0,100.0,200.0,64.0,,0.0,20.0,7.0,7.0,7.0,40.0,60.0,1.0,40.0,0.4,0.4898979485566356,0.0,1.0,40.0,1.0,,,0.0,0.0,0.0,0.0,40.0,0.0,0.0,20.0,0.0,20.0,0.0,20.0,0.0,0.0,0.0,,,,,,,,,,,,,
tfim,20,ibmq,ibm_torino,CPU,sync,1,8,52.86121368408203,20.0,62.0,20.0,20.0,100.0,100.0,0.0,1.0,20.0,60.0,40.0,0.0,0.0,1.0,1.0,100.0,40.0,1.0,1.0,0.0,0.0,0.0,100.0,200.0,64.0,,0.0,20.0,7.0,7.0,7.0,40.0,60.0,1.0,40.0,0.4,0.4898979485566356,0.0,1.0,40.0,1.0,,,0.0,0.0,0.0,0.0,40.0,0.0,0.0,20.0,0.0,20.0,0.0,20.0,0.0,0.0,0.0,,,,,,,,,,,,,
tfim,30,qiskitaer,unknown,CPU,sync,2,16,6767.37,,,,,,,,,,,,,,,,,,,,,,,,,,,,,,,,,,,,,,,,,,,,,,,,,,,,,,,,,,,,,,,,,,,,,,,
tfim,30,qiskitaer,unknown,CPU,sync,2,16,6184.5,,,,,,,,,,,,,,,,,,,,,,,,,,,,,,,,,,,,,,,,,,,,,,,,,,,,,,,,,,,,,,,,,,,,,,,
tfim,30,qiskitaer,unknown,CPU,sync,2,16,6059.08,,,,,,,,,,,,,,,,,,,,,,,,,,,,,,,,,,,,,,,,,,,,,,,,,,,,,,,,,,,,,,,,,,,,,,,
tfim,30,qiskitaer,unknown,CPU,sync,2,16,6767.37,,,,,,,,,,,,,,,,,,,,,,,,,,,,,,,,,,,,,,,,,,,,,,,,,,,,,,,,,,,,,,,,,,,,,,,
tfim,30,qiskitaer,unknown,CPU,sync,2,16,6184.5,,,,,,,,,,,,,,,,,,,,,,,,,,,,,,,,,,,,,,,,,,,,,,,,,,,,,,,,,,,,,,,,,,,,,,,
tfim,30,qiskitaer,unknown,CPU,sync,2,16,6059.08,,,,,,,,,,,,,,,,,,,,,,,,,,,,,,,,,,,,,,,,,,,,,,,,,,,,,,,,,,,,,,,,,,,,,,,
tfim,30,qiskitaer,unknown,CPU,sync,2,8,7308.29,,,,,,,,,,,,,,,,,,,,,,,,,,,,,,,,,,,,,,,,,,,,,,,,,,,,,,,,,,,,,,,,,,,,,,,
tfim,30,qiskitaer,unknown,CPU,sync,2,8,6809.84,,,,,,,,,,,,,,,,,,,,,,,,,,,,,,,,,,,,,,,,,,,,,,,,,,,,,,,,,,,,,,,,,,,,,,,
tfim,30,qiskitaer,unknown,CPU,sync,2,8,6689.96,,,,,,,,,,,,,,,,,,,,,,,,,,,,,,,,,,,,,,,,,,,,,,,,,,,,,,,,,,,,,,,,,,,,,,,
tfim,30,qiskitaer,unknown,CPU,sync,2,8,7308.29,,,,,,,,,,,,,,,,,,,,,,,,,,,,,,,,,,,,,,,,,,,,,,,,,,,,,,,,,,,,,,,,,,,,,,,
tfim,30,qiskitaer,unknown,CPU,sync,2,8,6809.84,,,,,,,,,,,,,,,,,,,,,,,,,,,,,,,,,,,,,,,,,,,,,,,,,,,,,,,,,,,,,,,,,,,,,,,
tfim,30,qiskitaer,unknown,CPU,sync,2,8,6689.96,,,,,,,,,,,,,,,,,,,,,,,,,,,,,,,,,,,,,,,,,,,,,,,,,,,,,,,,,,,,,,,,,,,,,,,
tfim,30,qiskitaer,unknown,CPU,sync,1,32,8653.47,,,,,,,,,,,,,,,,,,,,,,,,,,,,,,,,,,,,,,,,,,,,,,,,,,,,,,,,,,,,,,,,,,,,,,,
tfim,30,qiskitaer,unknown,CPU,sync,1,32,6187.16,,,,,,,,,,,,,,,,,,,,,,,,,,,,,,,,,,,,,,,,,,,,,,,,,,,,,,,,,,,,,,,,,,,,,,,
tfim,30,qiskitaer,unknown,CPU,sync,1,32,6137.3,,,,,,,,,,,,,,,,,,,,,,,,,,,,,,,,,,,,,,,,,,,,,,,,,,,,,,,,,,,,,,,,,,,,,,,
tfim,30,qiskitaer,unknown,CPU,sync,1,32,5990.46,,,,,,,,,,,,,,,,,,,,,,,,,,,,,,,,,,,,,,,,,,,,,,,,,,,,,,,,,,,,,,,,,,,,,,,
tfim,30,qiskitaer,unknown,CPU,sync,1,32,5981.68,,,,,,,,,,,,,,,,,,,,,,,,,,,,,,,,,,,,,,,,,,,,,,,,,,,,,,,,,,,,,,,,,,,,,,,
tfim,30,nwqsim,unknown,CPU,sync,2,16,62207.89,,,,,,,,,,,,,,,,,,,,,,,,,,,,,,,,,,,,,,,,,,,,,,,,,,,,,,,,,,,,,,,,,,,,,,,
tfim,30,nwqsim,unknown,CPU,sync,2,16,61747.33,,,,,,,,,,,,,,,,,,,,,,,,,,,,,,,,,,,,,,,,,,,,,,,,,,,,,,,,,,,,,,,,,,,,,,,
tfim,30,nwqsim,unknown,CPU,sync,2,16,61525.99,,,,,,,,,,,,,,,,,,,,,,,,,,,,,,,,,,,,,,,,,,,,,,,,,,,,,,,,,,,,,,,,,,,,,,,
tfim,30,nwqsim,unknown,CPU,sync,2,16,62207.89,,,,,,,,,,,,,,,,,,,,,,,,,,,,,,,,,,,,,,,,,,,,,,,,,,,,,,,,,,,,,,,,,,,,,,,
tfim,30,nwqsim,unknown,CPU,sync,2,16,61747.33,,,,,,,,,,,,,,,,,,,,,,,,,,,,,,,,,,,,,,,,,,,,,,,,,,,,,,,,,,,,,,,,,,,,,,,
tfim,30,nwqsim,unknown,CPU,sync,2,16,61525.99,,,,,,,,,,,,,,,,,,,,,,,,,,,,,,,,,,,,,,,,,,,,,,,,,,,,,,,,,,,,,,,,,,,,,,,
tfim,30,nwqsim,unknown,CPU,sync,2,8,111733.42,,,,,,,,,,,,,,,,,,,,,,,,,,,,,,,,,,,,,,,,,,,,,,,,,,,,,,,,,,,,,,,,,,,,,,,
tfim,30,nwqsim,unknown,CPU,sync,2,8,111558.39,,,,,,,,,,,,,,,,,,,,,,,,,,,,,,,,,,,,,,,,,,,,,,,,,,,,,,,,,,,,,,,,,,,,,,,
tfim,30,nwqsim,unknown,CPU,sync,2,8,111479.87,,,,,,,,,,,,,,,,,,,,,,,,,,,,,,,,,,,,,,,,,,,,,,,,,,,,,,,,,,,,,,,,,,,,,,,
tfim,30,nwqsim,unknown,CPU,sync,2,8,111733.42,,,,,,,,,,,,,,,,,,,,,,,,,,,,,,,,,,,,,,,,,,,,,,,,,,,,,,,,,,,,,,,,,,,,,,,
tfim,30,nwqsim,unknown,CPU,sync,2,8,111558.39,,,,,,,,,,,,,,,,,,,,,,,,,,,,,,,,,,,,,,,,,,,,,,,,,,,,,,,,,,,,,,,,,,,,,,,
tfim,30,nwqsim,unknown,CPU,sync,2,8,111479.87,,,,,,,,,,,,,,,,,,,,,,,,,,,,,,,,,,,,,,,,,,,,,,,,,,,,,,,,,,,,,,,,,,,,,,,
tfim,30,nwqsim,unknown,CPU,sync,1,8,162217.46,,,,,,,,,,,,,,,,,,,,,,,,,,,,,,,,,,,,,,,,,,,,,,,,,,,,,,,,,,,,,,,,,,,,,,,
tfim,30,nwqsim,unknown,CPU,sync,1,8,161572.56,,,,,,,,,,,,,,,,,,,,,,,,,,,,,,,,,,,,,,,,,,,,,,,,,,,,,,,,,,,,,,,,,,,,,,,
tfim,30,nwqsim,unknown,CPU,sync,1,8,162064.58,,,,,,,,,,,,,,,,,,,,,,,,,,,,,,,,,,,,,,,,,,,,,,,,,,,,,,,,,,,,,,,,,,,,,,,
tfim,30,nwqsim,unknown,CPU,sync,1,8,161670.58,,,,,,,,,,,,,,,,,,,,,,,,,,,,,,,,,,,,,,,,,,,,,,,,,,,,,,,,,,,,,,,,,,,,,,,
tfim,30,nwqsim,unknown,CPU,sync,1,8,162005.22,,,,,,,,,,,,,,,,,,,,,,,,,,,,,,,,,,,,,,,,,,,,,,,,,,,,,,,,,,,,,,,,,,,,,,,
tfim,30,nwqsim,unknown,CPU,sync,1,32,61847.66,,,,,,,,,,,,,,,,,,,,,,,,,,,,,,,,,,,,,,,,,,,,,,,,,,,,,,,,,,,,,,,,,,,,,,,
tfim,30,nwqsim,unknown,CPU,sync,1,32,61802.41,,,,,,,,,,,,,,,,,,,,,,,,,,,,,,,,,,,,,,,,,,,,,,,,,,,,,,,,,,,,,,,,,,,,,,,
tfim,30,nwqsim,unknown,CPU,sync,1,32,61497.76,,,,,,,,,,,,,,,,,,,,,,,,,,,,,,,,,,,,,,,,,,,,,,,,,,,,,,,,,,,,,,,,,,,,,,,
tfim,30,nwqsim,unknown,CPU,sync,1,32,61549.98,,,,,,,,,,,,,,,,,,,,,,,,,,,,,,,,,,,,,,,,,,,,,,,,,,,,,,,,,,,,,,,,,,,,,,,
tfim,30,nwqsim,unknown,CPU,sync,1,32,61501.14,,,,,,,,,,,,,,,,,,,,,,,,,,,,,,,,,,,,,,,,,,,,,,,,,,,,,,,,,,,,,,,,,,,,,,,
tfim,24,ionq,unknown,CPU,sync,1,8,4336.88,,,,,,,,,,,,,,,,,,,,,,,,,,,,,,,,,,,,,,,,,,,,,,,,,,,,,,,,,,,,,,,,,,,,,,,
tfim,24,ionq,unknown,CPU,sync,1,8,3963.66,,,,,,,,,,,,,,,,,,,,,,,,,,,,,,,,,,,,,,,,,,,,,,,,,,,,,,,,,,,,,,,,,,,,,,,
tfim,24,ionq,unknown,CPU,sync,1,8,4066.86,,,,,,,,,,,,,,,,,,,,,,,,,,,,,,,,,,,,,,,,,,,,,,,,,,,,,,,,,,,,,,,,,,,,,,,
tfim,24,ionq,unknown,CPU,sync,1,8,0.0,,,,,,,,,,,,,,,,,,,,,,,,,,,,,,,,,,,,,,,,,,,,,,,,,,,,,,,,,,,,,,,,,,,,,,,
tfim,24,ionq,unknown,CPU,sync,1,8,0.0,,,,,,,,,,,,,,,,,,,,,,,,,,,,,,,,,,,,,,,,,,,,,,,,,,,,,,,,,,,,,,,,,,,,,,,
tfim,24,ionq,unknown,CPU,sync,1,8,4336.88,,,,,,,,,,,,,,,,,,,,,,,,,,,,,,,,,,,,,,,,,,,,,,,,,,,,,,,,,,,,,,,,,,,,,,,
tfim,24,ionq,unknown,CPU,sync,1,8,3963.66,,,,,,,,,,,,,,,,,,,,,,,,,,,,,,,,,,,,,,,,,,,,,,,,,,,,,,,,,,,,,,,,,,,,,,,
tfim,24,ionq,unknown,CPU,sync,1,8,4066.86,,,,,,,,,,,,,,,,,,,,,,,,,,,,,,,,,,,,,,,,,,,,,,,,,,,,,,,,,,,,,,,,,,,,,,,
tfim,24,ionq,unknown,CPU,sync,1,8,0.0,,,,,,,,,,,,,,,,,,,,,,,,,,,,,,,,,,,,,,,,,,,,,,,,,,,,,,,,,,,,,,,,,,,,,,,
tfim,24,ionq,unknown,CPU,sync,1,8,0.0,,,,,,,,,,,,,,,,,,,,,,,,,,,,,,,,,,,,,,,,,,,,,,,,,,,,,,,,,,,,,,,,,,,,,,,
tfim,24,ionq,unknown,CPU,sync,2,4,4336.88,,,,,,,,,,,,,,,,,,,,,,,,,,,,,,,,,,,,,,,,,,,,,,,,,,,,,,,,,,,,,,,,,,,,,,,
tfim,24,ionq,unknown,CPU,sync,2,4,3963.66,,,,,,,,,,,,,,,,,,,,,,,,,,,,,,,,,,,,,,,,,,,,,,,,,,,,,,,,,,,,,,,,,,,,,,,
tfim,24,ionq,unknown,CPU,sync,2,4,4066.86,,,,,,,,,,,,,,,,,,,,,,,,,,,,,,,,,,,,,,,,,,,,,,,,,,,,,,,,,,,,,,,,,,,,,,,
tfim,24,ionq,unknown,CPU,sync,2,4,4336.88,,,,,,,,,,,,,,,,,,,,,,,,,,,,,,,,,,,,,,,,,,,,,,,,,,,,,,,,,,,,,,,,,,,,,,,
tfim,24,ionq,unknown,CPU,sync,2,4,3963.66,,,,,,,,,,,,,,,,,,,,,,,,,,,,,,,,,,,,,,,,,,,,,,,,,,,,,,,,,,,,,,,,,,,,,,,
tfim,24,ionq,unknown,CPU,sync,2,4,4066.86,,,,,,,,,,,,,,,,,,,,,,,,,,,,,,,,,,,,,,,,,,,,,,,,,,,,,,,,,,,,,,,,,,,,,,,
tfim,24,qiskitaer,unknown,CPU,sync,1,8,30977.43,,,,,,,,,,,,,,,,,,,,,,,,,,,,,,,,,,,,,,,,,,,,,,,,,,,,,,,,,,,,,,,,,,,,,,,
tfim,24,qiskitaer,unknown,CPU,sync,1,8,29090.8,,,,,,,,,,,,,,,,,,,,,,,,,,,,,,,,,,,,,,,,,,,,,,,,,,,,,,,,,,,,,,,,,,,,,,,
tfim,24,qiskitaer,unknown,CPU,sync,1,8,28294.21,,,,,,,,,,,,,,,,,,,,,,,,,,,,,,,,,,,,,,,,,,,,,,,,,,,,,,,,,,,,,,,,,,,,,,,
tfim,24,qiskitaer,unknown,CPU,sync,1,8,12888.78,,,,,,,,,,,,,,,,,,,,,,,,,,,,,,,,,,,,,,,,,,,,,,,,,,,,,,,,,,,,,,,,,,,,,,,
tfim,24,qiskitaer,unknown,CPU,sync,1,8,12590.05,,,,,,,,,,,,,,,,,,,,,,,,,,,,,,,,,,,,,,,,,,,,,,,,,,,,,,,,,,,,,,,,,,,,,,,
tfim,24,qiskitaer,unknown,CPU,sync,1,8,11912.9,,,,,,,,,,,,,,,,,,,,,,,,,,,,,,,,,,,,,,,,,,,,,,,,,,,,,,,,,,,,,,,,,,,,,,,
tfim,24,qiskitaer,unknown,CPU,sync,1,8,29960.24,,,,,,,,,,,,,,,,,,,,,,,,,,,,,,,,,,,,,,,,,,,,,,,,,,,,,,,,,,,,,,,,,,,,,,,
tfim,24,qiskitaer,unknown,CPU,sync,1,8,28418.15,,,,,,,,,,,,,,,,,,,,,,,,,,,,,,,,,,,,,,,,,,,,,,,,,,,,,,,,,,,,,,,,,,,,,,,
tfim,24,qiskitaer,unknown,CPU,sync,1,8,27049.63,,,,,,,,,,,,,,,,,,,,,,,,,,,,,,,,,,,,,,,,,,,,,,,,,,,,,,,,,,,,,,,,,,,,,,,
tfim,24,qiskitaer,unknown,CPU,sync,1,8,29960.24,,,,,,,,,,,,,,,,,,,,,,,,,,,,,,,,,,,,,,,,,,,,,,,,,,,,,,,,,,,,,,,,,,,,,,,
tfim,24,qiskitaer,unknown,CPU,sync,1,8,28418.15,,,,,,,,,,,,,,,,,,,,,,,,,,,,,,,,,,,,,,,,,,,,,,,,,,,,,,,,,,,,,,,,,,,,,,,
tfim,24,qiskitaer,unknown,CPU,sync,1,8,27049.63,,,,,,,,,,,,,,,,,,,,,,,,,,,,,,,,,,,,,,,,,,,,,,,,,,,,,,,,,,,,,,,,,,,,,,,
tfim,24,qiskitaer,unknown,CPU,sync,1,8,30977.43,,,,,,,,,,,,,,,,,,,,,,,,,,,,,,,,,,,,,,,,,,,,,,,,,,,,,,,,,,,,,,,,,,,,,,,
tfim,24,qiskitaer,unknown,CPU,sync,1,8,29090.8,,,,,,,,,,,,,,,,,,,,,,,,,,,,,,,,,,,,,,,,,,,,,,,,,,,,,,,,,,,,,,,,,,,,,,,
tfim,24,qiskitaer,unknown,CPU,sync,1,8,28294.21,,,,,,,,,,,,,,,,,,,,,,,,,,,,,,,,,,,,,,,,,,,,,,,,,,,,,,,,,,,,,,,,,,,,,,,
tfim,24,qiskitaer,unknown,CPU,sync,1,8,12888.78,,,,,,,,,,,,,,,,,,,,,,,,,,,,,,,,,,,,,,,,,,,,,,,,,,,,,,,,,,,,,,,,,,,,,,,
tfim,24,qiskitaer,unknown,CPU,sync,1,8,12590.05,,,,,,,,,,,,,,,,,,,,,,,,,,,,,,,,,,,,,,,,,,,,,,,,,,,,,,,,,,,,,,,,,,,,,,,
tfim,24,qiskitaer,unknown,CPU,sync,1,8,11912.9,,,,,,,,,,,,,,,,,,,,,,,,,,,,,,,,,,,,,,,,,,,,,,,,,,,,,,,,,,,,,,,,,,,,,,,
tfim,24,qiskitaer,unknown,CPU,sync,1,32,13296.67,,,,,,,,,,,,,,,,,,,,,,,,,,,,,,,,,,,,,,,,,,,,,,,,,,,,,,,,,,,,,,,,,,,,,,,
tfim,24,qiskitaer,unknown,CPU,sync,1,32,5707.45,,,,,,,,,,,,,,,,,,,,,,,,,,,,,,,,,,,,,,,,,,,,,,,,,,,,,,,,,,,,,,,,,,,,,,,
tfim,24,qiskitaer,unknown,CPU,sync,1,32,5786.15,,,,,,,,,,,,,,,,,,,,,,,,,,,,,,,,,,,,,,,,,,,,,,,,,,,,,,,,,,,,,,,,,,,,,,,
tfim,24,qiskitaer,unknown,CPU,sync,1,32,6101.74,,,,,,,,,,,,,,,,,,,,,,,,,,,,,,,,,,,,,,,,,,,,,,,,,,,,,,,,,,,,,,,,,,,,,,,
tfim,24,qiskitaer,unknown,CPU,sync,1,32,5529.32,,,,,,,,,,,,,,,,,,,,,,,,,,,,,,,,,,,,,,,,,,,,,,,,,,,,,,,,,,,,,,,,,,,,,,,
tfim,24,qiskitaer,unknown,CPU,sync,2,4,7145.91,,,,,,,,,,,,,,,,,,,,,,,,,,,,,,,,,,,,,,,,,,,,,,,,,,,,,,,,,,,,,,,,,,,,,,,
tfim,24,qiskitaer,unknown,CPU,sync,2,4,6705.91,,,,,,,,,,,,,,,,,,,,,,,,,,,,,,,,,,,,,,,,,,,,,,,,,,,,,,,,,,,,,,,,,,,,,,,
tfim,24,qiskitaer,unknown,CPU,sync,2,4,6791.46,,,,,,,,,,,,,,,,,,,,,,,,,,,,,,,,,,,,,,,,,,,,,,,,,,,,,,,,,,,,,,,,,,,,,,,
tfim,24,qiskitaer,unknown,CPU,sync,2,4,25709.65,,,,,,,,,,,,,,,,,,,,,,,,,,,,,,,,,,,,,,,,,,,,,,,,,,,,,,,,,,,,,,,,,,,,,,,
tfim,24,qiskitaer,unknown,CPU,sync,2,4,25192.13,,,,,,,,,,,,,,,,,,,,,,,,,,,,,,,,,,,,,,,,,,,,,,,,,,,,,,,,,,,,,,,,,,,,,,,
tfim,24,qiskitaer,unknown,CPU,sync,2,4,27157.71,,,,,,,,,,,,,,,,,,,,,,,,,,,,,,,,,,,,,,,,,,,,,,,,,,,,,,,,,,,,,,,,,,,,,,,
tfim,24,qiskitaer,unknown,CPU,sync,2,4,25646.02,,,,,,,,,,,,,,,,,,,,,,,,,,,,,,,,,,,,,,,,,,,,,,,,,,,,,,,,,,,,,,,,,,,,,,,
tfim,24,qiskitaer,unknown,CPU,sync,2,4,25409.64,,,,,,,,,,,,,,,,,,,,,,,,,,,,,,,,,,,,,,,,,,,,,,,,,,,,,,,,,,,,,,,,,,,,,,,
tfim,24,qiskitaer,unknown,CPU,sync,2,4,26073.28,,,,,,,,,,,,,,,,,,,,,,,,,,,,,,,,,,,,,,,,,,,,,,,,,,,,,,,,,,,,,,,,,,,,,,,
tfim,24,qiskitaer,unknown,CPU,sync,2,4,25709.65,,,,,,,,,,,,,,,,,,,,,,,,,,,,,,,,,,,,,,,,,,,,,,,,,,,,,,,,,,,,,,,,,,,,,,,
tfim,24,qiskitaer,unknown,CPU,sync,2,4,25192.13,,,,,,,,,,,,,,,,,,,,,,,,,,,,,,,,,,,,,,,,,,,,,,,,,,,,,,,,,,,,,,,,,,,,,,,
tfim,24,qiskitaer,unknown,CPU,sync,2,4,27157.71,,,,,,,,,,,,,,,,,,,,,,,,,,,,,,,,,,,,,,,,,,,,,,,,,,,,,,,,,,,,,,,,,,,,,,,
tfim,24,qiskitaer,unknown,CPU,sync,2,4,25646.02,,,,,,,,,,,,,,,,,,,,,,,,,,,,,,,,,,,,,,,,,,,,,,,,,,,,,,,,,,,,,,,,,,,,,,,
tfim,24,qiskitaer,unknown,CPU,sync,2,4,25409.64,,,,,,,,,,,,,,,,,,,,,,,,,,,,,,,,,,,,,,,,,,,,,,,,,,,,,,,,,,,,,,,,,,,,,,,
tfim,24,qiskitaer,unknown,CPU,sync,2,4,26073.28,,,,,,,,,,,,,,,,,,,,,,,,,,,,,,,,,,,,,,,,,,,,,,,,,,,,,,,,,,,,,,,,,,,,,,,
tfim,24,qiskitaer,unknown,CPU,sync,2,4,7145.91,,,,,,,,,,,,,,,,,,,,,,,,,,,,,,,,,,,,,,,,,,,,,,,,,,,,,,,,,,,,,,,,,,,,,,,
tfim,24,qiskitaer,unknown,CPU,sync,2,4,6705.91,,,,,,,,,,,,,,,,,,,,,,,,,,,,,,,,,,,,,,,,,,,,,,,,,,,,,,,,,,,,,,,,,,,,,,,
tfim,24,qiskitaer,unknown,CPU,sync,2,4,6791.46,,,,,,,,,,,,,,,,,,,,,,,,,,,,,,,,,,,,,,,,,,,,,,,,,,,,,,,,,,,,,,,,,,,,,,,
tfim,24,nwqsim,unknown,CPU,sync,1,8,3386.24,,,,,,,,,,,,,,,,,,,,,,,,,,,,,,,,,,,,,,,,,,,,,,,,,,,,,,,,,,,,,,,,,,,,,,,
tfim,24,nwqsim,unknown,CPU,sync,1,8,2745.41,,,,,,,,,,,,,,,,,,,,,,,,,,,,,,,,,,,,,,,,,,,,,,,,,,,,,,,,,,,,,,,,,,,,,,,
tfim,24,nwqsim,unknown,CPU,sync,1,8,2603.07,,,,,,,,,,,,,,,,,,,,,,,,,,,,,,,,,,,,,,,,,,,,,,,,,,,,,,,,,,,,,,,,,,,,,,,
tfim,24,nwqsim,unknown,CPU,sync,1,8,3386.24,,,,,,,,,,,,,,,,,,,,,,,,,,,,,,,,,,,,,,,,,,,,,,,,,,,,,,,,,,,,,,,,,,,,,,,
tfim,24,nwqsim,unknown,CPU,sync,1,8,2745.41,,,,,,,,,,,,,,,,,,,,,,,,,,,,,,,,,,,,,,,,,,,,,,,,,,,,,,,,,,,,,,,,,,,,,,,
tfim,24,nwqsim,unknown,CPU,sync,1,8,2603.07,,,,,,,,,,,,,,,,,,,,,,,,,,,,,,,,,,,,,,,,,,,,,,,,,,,,,,,,,,,,,,,,,,,,,,,
tfim,24,nwqsim,unknown,CPU,sync,1,32,1706.48,,,,,,,,,,,,,,,,,,,,,,,,,,,,,,,,,,,,,,,,,,,,,,,,,,,,,,,,,,,,,,,,,,,,,,,
tfim,24,nwqsim,unknown,CPU,sync,1,32,1419.66,,,,,,,,,,,,,,,,,,,,,,,,,,,,,,,,,,,,,,,,,,,,,,,,,,,,,,,,,,,,,,,,,,,,,,,
tfim,24,nwqsim,unknown,CPU,sync,1,32,1381.8,,,,,,,,,,,,,,,,,,,,,,,,,,,,,,,,,,,,,,,,,,,,,,,,,,,,,,,,,,,,,,,,,,,,,,,
tfim,24,nwqsim,unknown,CPU,sync,1,32,1377.02,,,,,,,,,,,,,,,,,,,,,,,,,,,,,,,,,,,,,,,,,,,,,,,,,,,,,,,,,,,,,,,,,,,,,,,
tfim,24,nwqsim,unknown,CPU,sync,1,32,1389.91,,,,,,,,,,,,,,,,,,,,,,,,,,,,,,,,,,,,,,,,,,,,,,,,,,,,,,,,,,,,,,,,,,,,,,,
tfim,24,nwqsim,unknown,CPU,sync,2,4,2782.87,,,,,,,,,,,,,,,,,,,,,,,,,,,,,,,,,,,,,,,,,,,,,,,,,,,,,,,,,,,,,,,,,,,,,,,
tfim,24,nwqsim,unknown,CPU,sync,2,4,2577.1,,,,,,,,,,,,,,,,,,,,,,,,,,,,,,,,,,,,,,,,,,,,,,,,,,,,,,,,,,,,,,,,,,,,,,,
tfim,24,nwqsim,unknown,CPU,sync,2,4,2552.0,,,,,,,,,,,,,,,,,,,,,,,,,,,,,,,,,,,,,,,,,,,,,,,,,,,,,,,,,,,,,,,,,,,,,,,
tfim,24,nwqsim,unknown,CPU,sync,2,4,2782.87,,,,,,,,,,,,,,,,,,,,,,,,,,,,,,,,,,,,,,,,,,,,,,,,,,,,,,,,,,,,,,,,,,,,,,,
tfim,24,nwqsim,unknown,CPU,sync,2,4,2577.1,,,,,,,,,,,,,,,,,,,,,,,,,,,,,,,,,,,,,,,,,,,,,,,,,,,,,,,,,,,,,,,,,,,,,,,
tfim,24,nwqsim,unknown,CPU,sync,2,4,2552.0,,,,,,,,,,,,,,,,,,,,,,,,,,,,,,,,,,,,,,,,,,,,,,,,,,,,,,,,,,,,,,,,,,,,,,,
tfim,24,qtensor,unknown,CPU,sync,1,8,34209.27,,,,,,,,,,,,,,,,,,,,,,,,,,,,,,,,,,,,,,,,,,,,,,,,,,,,,,,,,,,,,,,,,,,,,,,
tfim,24,qtensor,unknown,CPU,sync,1,8,31255.56,,,,,,,,,,,,,,,,,,,,,,,,,,,,,,,,,,,,,,,,,,,,,,,,,,,,,,,,,,,,,,,,,,,,,,,
tfim,24,qtensor,unknown,CPU,sync,1,8,35201.64,,,,,,,,,,,,,,,,,,,,,,,,,,,,,,,,,,,,,,,,,,,,,,,,,,,,,,,,,,,,,,,,,,,,,,,
tfim,24,qtensor,unknown,CPU,sync,1,8,34209.27,,,,,,,,,,,,,,,,,,,,,,,,,,,,,,,,,,,,,,,,,,,,,,,,,,,,,,,,,,,,,,,,,,,,,,,
tfim,24,qtensor,unknown,CPU,sync,1,8,31255.56,,,,,,,,,,,,,,,,,,,,,,,,,,,,,,,,,,,,,,,,,,,,,,,,,,,,,,,,,,,,,,,,,,,,,,,
tfim,24,qtensor,unknown,CPU,sync,1,8,35201.64,,,,,,,,,,,,,,,,,,,,,,,,,,,,,,,,,,,,,,,,,,,,,,,,,,,,,,,,,,,,,,,,,,,,,,,
tfim,24,qtensor,unknown,CPU,sync,1,32,33327.97,,,,,,,,,,,,,,,,,,,,,,,,,,,,,,,,,,,,,,,,,,,,,,,,,,,,,,,,,,,,,,,,,,,,,,,
tfim,24,qtensor,unknown,CPU,sync,1,32,21507.95,,,,,,,,,,,,,,,,,,,,,,,,,,,,,,,,,,,,,,,,,,,,,,,,,,,,,,,,,,,,,,,,,,,,,,,
tfim,24,qtensor,unknown,CPU,sync,1,32,24303.61,,,,,,,,,,,,,,,,,,,,,,,,,,,,,,,,,,,,,,,,,,,,,,,,,,,,,,,,,,,,,,,,,,,,,,,
tfim,24,qtensor,unknown,CPU,sync,1,32,23717.23,,,,,,,,,,,,,,,,,,,,,,,,,,,,,,,,,,,,,,,,,,,,,,,,,,,,,,,,,,,,,,,,,,,,,,,
tfim,24,qtensor,unknown,CPU,sync,1,32,23640.05,,,,,,,,,,,,,,,,,,,,,,,,,,,,,,,,,,,,,,,,,,,,,,,,,,,,,,,,,,,,,,,,,,,,,,,
tfim,24,qtensor,unknown,CPU,sync,2,4,23367.2,,,,,,,,,,,,,,,,,,,,,,,,,,,,,,,,,,,,,,,,,,,,,,,,,,,,,,,,,,,,,,,,,,,,,,,
tfim,24,qtensor,unknown,CPU,sync,2,4,21448.78,,,,,,,,,,,,,,,,,,,,,,,,,,,,,,,,,,,,,,,,,,,,,,,,,,,,,,,,,,,,,,,,,,,,,,,
tfim,24,qtensor,unknown,CPU,sync,2,4,21752.01,,,,,,,,,,,,,,,,,,,,,,,,,,,,,,,,,,,,,,,,,,,,,,,,,,,,,,,,,,,,,,,,,,,,,,,
tfim,24,qtensor,unknown,CPU,sync,2,4,23367.2,,,,,,,,,,,,,,,,,,,,,,,,,,,,,,,,,,,,,,,,,,,,,,,,,,,,,,,,,,,,,,,,,,,,,,,
tfim,24,qtensor,unknown,CPU,sync,2,4,21448.78,,,,,,,,,,,,,,,,,,,,,,,,,,,,,,,,,,,,,,,,,,,,,,,,,,,,,,,,,,,,,,,,,,,,,,,
tfim,24,qtensor,unknown,CPU,sync,2,4,21752.01,,,,,,,,,,,,,,,,,,,,,,,,,,,,,,,,,,,,,,,,,,,,,,,,,,,,,,,,,,,,,,,,,,,,,,,
tfim,24,tnqvm,unknown,CPU,sync,2,4,0.0,,,,,,,,,,,,,,,,,,,,,,,,,,,,,,,,,,,,,,,,,,,,,,,,,,,,,,,,,,,,,,,,,,,,,,,
tfim,24,tnqvm,unknown,CPU,sync,2,4,0.0,,,,,,,,,,,,,,,,,,,,,,,,,,,,,,,,,,,,,,,,,,,,,,,,,,,,,,,,,,,,,,,,,,,,,,,
tfim,24,tnqvm,unknown,CPU,sync,2,4,0.0,,,,,,,,,,,,,,,,,,,,,,,,,,,,,,,,,,,,,,,,,,,,,,,,,,,,,,,,,,,,,,,,,,,,,,,
tfim,24,tnqvm,unknown,CPU,sync,2,4,0.0,,,,,,,,,,,,,,,,,,,,,,,,,,,,,,,,,,,,,,,,,,,,,,,,,,,,,,,,,,,,,,,,,,,,,,,
tfim,24,tnqvm,unknown,CPU,sync,2,4,0.0,,,,,,,,,,,,,,,,,,,,,,,,,,,,,,,,,,,,,,,,,,,,,,,,,,,,,,,,,,,,,,,,,,,,,,,
tfim,24,tnqvm,unknown,CPU,sync,2,4,0.0,,,,,,,,,,,,,,,,,,,,,,,,,,,,,,,,,,,,,,,,,,,,,,,,,,,,,,,,,,,,,,,,,,,,,,,
tfim,24,tnqvm,unknown,CPU,sync,1,8,0.0,,,,,,,,,,,,,,,,,,,,,,,,,,,,,,,,,,,,,,,,,,,,,,,,,,,,,,,,,,,,,,,,,,,,,,,
tfim,24,tnqvm,unknown,CPU,sync,1,8,0.0,,,,,,,,,,,,,,,,,,,,,,,,,,,,,,,,,,,,,,,,,,,,,,,,,,,,,,,,,,,,,,,,,,,,,,,
tfim,24,tnqvm,unknown,CPU,sync,1,8,0.0,,,,,,,,,,,,,,,,,,,,,,,,,,,,,,,,,,,,,,,,,,,,,,,,,,,,,,,,,,,,,,,,,,,,,,,
tfim,24,tnqvm,unknown,CPU,sync,1,8,0.0,,,,,,,,,,,,,,,,,,,,,,,,,,,,,,,,,,,,,,,,,,,,,,,,,,,,,,,,,,,,,,,,,,,,,,,
tfim,24,tnqvm,unknown,CPU,sync,1,8,0.0,,,,,,,,,,,,,,,,,,,,,,,,,,,,,,,,,,,,,,,,,,,,,,,,,,,,,,,,,,,,,,,,,,,,,,,
tfim,24,tnqvm,unknown,CPU,sync,1,8,0.0,,,,,,,,,,,,,,,,,,,,,,,,,,,,,,,,,,,,,,,,,,,,,,,,,,,,,,,,,,,,,,,,,,,,,,,
tfim,12,ionq,unknown,CPU,sync,1,4,2147.65,12.0,38.0,12.0,12.0,60.0,60.0,0.0,1.0,12.0,36.0,24.0,0.0,0.0,1.0,1.0,60.0,24.0,1.0,1.0,0.0,0.0,0.0,60.0,120.0,40.0,,0.0,12.0,7.0,7.0,7.0,24.0,36.0,1.0,24.0,0.4,0.4898979485566356,0.0,1.0,24.0,1.0,,,0.0,0.0,0.0,0.0,24.0,0.0,0.0,12.0,0.0,12.0,0.0,12.0,0.0,0.0,0.0,,,,,,,,,,,,,
tfim,12,ionq,unknown,CPU,sync,1,4,2034.78,12.0,38.0,12.0,12.0,60.0,60.0,0.0,1.0,12.0,36.0,24.0,0.0,0.0,1.0,1.0,60.0,24.0,1.0,1.0,0.0,0.0,0.0,60.0,120.0,40.0,,0.0,12.0,7.0,7.0,7.0,24.0,36.0,1.0,24.0,0.4,0.4898979485566356,0.0,1.0,24.0,1.0,,,0.0,0.0,0.0,0.0,24.0,0.0,0.0,12.0,0.0,12.0,0.0,12.0,0.0,0.0,0.0,,,,,,,,,,,,,
tfim,12,ionq,unknown,CPU,sync,1,4,2057.96,12.0,38.0,12.0,12.0,60.0,60.0,0.0,1.0,12.0,36.0,24.0,0.0,0.0,1.0,1.0,60.0,24.0,1.0,1.0,0.0,0.0,0.0,60.0,120.0,40.0,,0.0,12.0,7.0,7.0,7.0,24.0,36.0,1.0,24.0,0.4,0.4898979485566356,0.0,1.0,24.0,1.0,,,0.0,0.0,0.0,0.0,24.0,0.0,0.0,12.0,0.0,12.0,0.0,12.0,0.0,0.0,0.0,,,,,,,,,,,,,
tfim,12,ionq,unknown,CPU,sync,1,4,2147.65,12.0,38.0,12.0,12.0,60.0,60.0,0.0,1.0,12.0,36.0,24.0,0.0,0.0,1.0,1.0,60.0,24.0,1.0,1.0,0.0,0.0,0.0,60.0,120.0,40.0,,0.0,12.0,7.0,7.0,7.0,24.0,36.0,1.0,24.0,0.4,0.4898979485566356,0.0,1.0,24.0,1.0,,,0.0,0.0,0.0,0.0,24.0,0.0,0.0,12.0,0.0,12.0,0.0,12.0,0.0,0.0,0.0,,,,,,,,,,,,,
tfim,12,ionq,unknown,CPU,sync,1,4,2034.78,12.0,38.0,12.0,12.0,60.0,60.0,0.0,1.0,12.0,36.0,24.0,0.0,0.0,1.0,1.0,60.0,24.0,1.0,1.0,0.0,0.0,0.0,60.0,120.0,40.0,,0.0,12.0,7.0,7.0,7.0,24.0,36.0,1.0,24.0,0.4,0.4898979485566356,0.0,1.0,24.0,1.0,,,0.0,0.0,0.0,0.0,24.0,0.0,0.0,12.0,0.0,12.0,0.0,12.0,0.0,0.0,0.0,,,,,,,,,,,,,
tfim,12,ionq,unknown,CPU,sync,1,4,2057.96,12.0,38.0,12.0,12.0,60.0,60.0,0.0,1.0,12.0,36.0,24.0,0.0,0.0,1.0,1.0,60.0,24.0,1.0,1.0,0.0,0.0,0.0,60.0,120.0,40.0,,0.0,12.0,7.0,7.0,7.0,24.0,36.0,1.0,24.0,0.4,0.4898979485566356,0.0,1.0,24.0,1.0,,,0.0,0.0,0.0,0.0,24.0,0.0,0.0,12.0,0.0,12.0,0.0,12.0,0.0,0.0,0.0,,,,,,,,,,,,,
tfim,12,qiskitaer,unknown,CPU,sync,1,4,6881.44,12.0,38.0,12.0,12.0,60.0,60.0,0.0,1.0,12.0,36.0,24.0,0.0,0.0,1.0,1.0,60.0,24.0,1.0,1.0,0.0,0.0,0.0,60.0,120.0,40.0,,0.0,12.0,7.0,7.0,7.0,24.0,36.0,1.0,24.0,0.4,0.4898979485566356,0.0,1.0,24.0,1.0,,,0.0,0.0,0.0,0.0,24.0,0.0,0.0,12.0,0.0,12.0,0.0,12.0,0.0,0.0,0.0,,,,,,,,,,,,,
tfim,12,qiskitaer,unknown,CPU,sync,1,4,6332.22,12.0,38.0,12.0,12.0,60.0,60.0,0.0,1.0,12.0,36.0,24.0,0.0,0.0,1.0,1.0,60.0,24.0,1.0,1.0,0.0,0.0,0.0,60.0,120.0,40.0,,0.0,12.0,7.0,7.0,7.0,24.0,36.0,1.0,24.0,0.4,0.4898979485566356,0.0,1.0,24.0,1.0,,,0.0,0.0,0.0,0.0,24.0,0.0,0.0,12.0,0.0,12.0,0.0,12.0,0.0,0.0,0.0,,,,,,,,,,,,,
tfim,12,qiskitaer,unknown,CPU,sync,1,4,6461.58,12.0,38.0,12.0,12.0,60.0,60.0,0.0,1.0,12.0,36.0,24.0,0.0,0.0,1.0,1.0,60.0,24.0,1.0,1.0,0.0,0.0,0.0,60.0,120.0,40.0,,0.0,12.0,7.0,7.0,7.0,24.0,36.0,1.0,24.0,0.4,0.4898979485566356,0.0,1.0,24.0,1.0,,,0.0,0.0,0.0,0.0,24.0,0.0,0.0,12.0,0.0,12.0,0.0,12.0,0.0,0.0,0.0,,,,,,,,,,,,,
tfim,12,qiskitaer,unknown,CPU,sync,1,4,6797.13,12.0,38.0,12.0,12.0,60.0,60.0,0.0,1.0,12.0,36.0,24.0,0.0,0.0,1.0,1.0,60.0,24.0,1.0,1.0,0.0,0.0,0.0,60.0,120.0,40.0,,0.0,12.0,7.0,7.0,7.0,24.0,36.0,1.0,24.0,0.4,0.4898979485566356,0.0,1.0,24.0,1.0,,,0.0,0.0,0.0,0.0,24.0,0.0,0.0,12.0,0.0,12.0,0.0,12.0,0.0,0.0,0.0,,,,,,,,,,,,,
tfim,12,qiskitaer,unknown,CPU,sync,1,4,6234.95,12.0,38.0,12.0,12.0,60.0,60.0,0.0,1.0,12.0,36.0,24.0,0.0,0.0,1.0,1.0,60.0,24.0,1.0,1.0,0.0,0.0,0.0,60.0,120.0,40.0,,0.0,12.0,7.0,7.0,7.0,24.0,36.0,1.0,24.0,0.4,0.4898979485566356,0.0,1.0,24.0,1.0,,,0.0,0.0,0.0,0.0,24.0,0.0,0.0,12.0,0.0,12.0,0.0,12.0,0.0,0.0,0.0,,,,,,,,,,,,,
tfim,12,qiskitaer,unknown,CPU,sync,1,4,6132.74,12.0,38.0,12.0,12.0,60.0,60.0,0.0,1.0,12.0,36.0,24.0,0.0,0.0,1.0,1.0,60.0,24.0,1.0,1.0,0.0,0.0,0.0,60.0,120.0,40.0,,0.0,12.0,7.0,7.0,7.0,24.0,36.0,1.0,24.0,0.4,0.4898979485566356,0.0,1.0,24.0,1.0,,,0.0,0.0,0.0,0.0,24.0,0.0,0.0,12.0,0.0,12.0,0.0,12.0,0.0,0.0,0.0,,,,,,,,,,,,,
tfim,12,qiskitaer,unknown,CPU,sync,1,4,6934.13,12.0,38.0,12.0,12.0,60.0,60.0,0.0,1.0,12.0,36.0,24.0,0.0,0.0,1.0,1.0,60.0,24.0,1.0,1.0,0.0,0.0,0.0,60.0,120.0,40.0,,0.0,12.0,7.0,7.0,7.0,24.0,36.0,1.0,24.0,0.4,0.4898979485566356,0.0,1.0,24.0,1.0,,,0.0,0.0,0.0,0.0,24.0,0.0,0.0,12.0,0.0,12.0,0.0,12.0,0.0,0.0,0.0,,,,,,,,,,,,,
tfim,12,qiskitaer,unknown,CPU,sync,1,4,6213.05,12.0,38.0,12.0,12.0,60.0,60.0,0.0,1.0,12.0,36.0,24.0,0.0,0.0,1.0,1.0,60.0,24.0,1.0,1.0,0.0,0.0,0.0,60.0,120.0,40.0,,0.0,12.0,7.0,7.0,7.0,24.0,36.0,1.0,24.0,0.4,0.4898979485566356,0.0,1.0,24.0,1.0,,,0.0,0.0,0.0,0.0,24.0,0.0,0.0,12.0,0.0,12.0,0.0,12.0,0.0,0.0,0.0,,,,,,,,,,,,,
tfim,12,qiskitaer,unknown,CPU,sync,1,4,6546.96,12.0,38.0,12.0,12.0,60.0,60.0,0.0,1.0,12.0,36.0,24.0,0.0,0.0,1.0,1.0,60.0,24.0,1.0,1.0,0.0,0.0,0.0,60.0,120.0,40.0,,0.0,12.0,7.0,7.0,7.0,24.0,36.0,1.0,24.0,0.4,0.4898979485566356,0.0,1.0,24.0,1.0,,,0.0,0.0,0.0,0.0,24.0,0.0,0.0,12.0,0.0,12.0,0.0,12.0,0.0,0.0,0.0,,,,,,,,,,,,,
tfim,12,qiskitaer,unknown,CPU,sync,1,4,6797.13,12.0,38.0,12.0,12.0,60.0,60.0,0.0,1.0,12.0,36.0,24.0,0.0,0.0,1.0,1.0,60.0,24.0,1.0,1.0,0.0,0.0,0.0,60.0,120.0,40.0,,0.0,12.0,7.0,7.0,7.0,24.0,36.0,1.0,24.0,0.4,0.4898979485566356,0.0,1.0,24.0,1.0,,,0.0,0.0,0.0,0.0,24.0,0.0,0.0,12.0,0.0,12.0,0.0,12.0,0.0,0.0,0.0,,,,,,,,,,,,,
tfim,12,qiskitaer,unknown,CPU,sync,1,4,6234.95,12.0,38.0,12.0,12.0,60.0,60.0,0.0,1.0,12.0,36.0,24.0,0.0,0.0,1.0,1.0,60.0,24.0,1.0,1.0,0.0,0.0,0.0,60.0,120.0,40.0,,0.0,12.0,7.0,7.0,7.0,24.0,36.0,1.0,24.0,0.4,0.4898979485566356,0.0,1.0,24.0,1.0,,,0.0,0.0,0.0,0.0,24.0,0.0,0.0,12.0,0.0,12.0,0.0,12.0,0.0,0.0,0.0,,,,,,,,,,,,,
tfim,12,qiskitaer,unknown,CPU,sync,1,4,6132.74,12.0,38.0,12.0,12.0,60.0,60.0,0.0,1.0,12.0,36.0,24.0,0.0,0.0,1.0,1.0,60.0,24.0,1.0,1.0,0.0,0.0,0.0,60.0,120.0,40.0,,0.0,12.0,7.0,7.0,7.0,24.0,36.0,1.0,24.0,0.4,0.4898979485566356,0.0,1.0,24.0,1.0,,,0.0,0.0,0.0,0.0,24.0,0.0,0.0,12.0,0.0,12.0,0.0,12.0,0.0,0.0,0.0,,,,,,,,,,,,,
tfim,12,qiskitaer,unknown,CPU,sync,1,4,6934.13,12.0,38.0,12.0,12.0,60.0,60.0,0.0,1.0,12.0,36.0,24.0,0.0,0.0,1.0,1.0,60.0,24.0,1.0,1.0,0.0,0.0,0.0,60.0,120.0,40.0,,0.0,12.0,7.0,7.0,7.0,24.0,36.0,1.0,24.0,0.4,0.4898979485566356,0.0,1.0,24.0,1.0,,,0.0,0.0,0.0,0.0,24.0,0.0,0.0,12.0,0.0,12.0,0.0,12.0,0.0,0.0,0.0,,,,,,,,,,,,,
tfim,12,qiskitaer,unknown,CPU,sync,1,4,6213.05,12.0,38.0,12.0,12.0,60.0,60.0,0.0,1.0,12.0,36.0,24.0,0.0,0.0,1.0,1.0,60.0,24.0,1.0,1.0,0.0,0.0,0.0,60.0,120.0,40.0,,0.0,12.0,7.0,7.0,7.0,24.0,36.0,1.0,24.0,0.4,0.4898979485566356,0.0,1.0,24.0,1.0,,,0.0,0.0,0.0,0.0,24.0,0.0,0.0,12.0,0.0,12.0,0.0,12.0,0.0,0.0,0.0,,,,,,,,,,,,,
tfim,12,qiskitaer,unknown,CPU,sync,1,4,6546.96,12.0,38.0,12.0,12.0,60.0,60.0,0.0,1.0,12.0,36.0,24.0,0.0,0.0,1.0,1.0,60.0,24.0,1.0,1.0,0.0,0.0,0.0,60.0,120.0,40.0,,0.0,12.0,7.0,7.0,7.0,24.0,36.0,1.0,24.0,0.4,0.4898979485566356,0.0,1.0,24.0,1.0,,,0.0,0.0,0.0,0.0,24.0,0.0,0.0,12.0,0.0,12.0,0.0,12.0,0.0,0.0,0.0,,,,,,,,,,,,,
tfim,12,qiskitaer,unknown,CPU,sync,1,4,6881.44,12.0,38.0,12.0,12.0,60.0,60.0,0.0,1.0,12.0,36.0,24.0,0.0,0.0,1.0,1.0,60.0,24.0,1.0,1.0,0.0,0.0,0.0,60.0,120.0,40.0,,0.0,12.0,7.0,7.0,7.0,24.0,36.0,1.0,24.0,0.4,0.4898979485566356,0.0,1.0,24.0,1.0,,,0.0,0.0,0.0,0.0,24.0,0.0,0.0,12.0,0.0,12.0,0.0,12.0,0.0,0.0,0.0,,,,,,,,,,,,,
tfim,12,qiskitaer,unknown,CPU,sync,1,4,6332.22,12.0,38.0,12.0,12.0,60.0,60.0,0.0,1.0,12.0,36.0,24.0,0.0,0.0,1.0,1.0,60.0,24.0,1.0,1.0,0.0,0.0,0.0,60.0,120.0,40.0,,0.0,12.0,7.0,7.0,7.0,24.0,36.0,1.0,24.0,0.4,0.4898979485566356,0.0,1.0,24.0,1.0,,,0.0,0.0,0.0,0.0,24.0,0.0,0.0,12.0,0.0,12.0,0.0,12.0,0.0,0.0,0.0,,,,,,,,,,,,,
tfim,12,qiskitaer,unknown,CPU,sync,1,4,6461.58,12.0,38.0,12.0,12.0,60.0,60.0,0.0,1.0,12.0,36.0,24.0,0.0,0.0,1.0,1.0,60.0,24.0,1.0,1.0,0.0,0.0,0.0,60.0,120.0,40.0,,0.0,12.0,7.0,7.0,7.0,24.0,36.0,1.0,24.0,0.4,0.4898979485566356,0.0,1.0,24.0,1.0,,,0.0,0.0,0.0,0.0,24.0,0.0,0.0,12.0,0.0,12.0,0.0,12.0,0.0,0.0,0.0,,,,,,,,,,,,,
tfim,12,nwqsim,unknown,CPU,sync,1,4,657.25,12.0,38.0,12.0,12.0,60.0,60.0,0.0,1.0,12.0,36.0,24.0,0.0,0.0,1.0,1.0,60.0,24.0,1.0,1.0,0.0,0.0,0.0,60.0,120.0,40.0,,0.0,12.0,7.0,7.0,7.0,24.0,36.0,1.0,24.0,0.4,0.4898979485566356,0.0,1.0,24.0,1.0,,,0.0,0.0,0.0,0.0,24.0,0.0,0.0,12.0,0.0,12.0,0.0,12.0,0.0,0.0,0.0,,,,,,,,,,,,,
tfim,12,nwqsim,unknown,CPU,sync,1,4,403.83,12.0,38.0,12.0,12.0,60.0,60.0,0.0,1.0,12.0,36.0,24.0,0.0,0.0,1.0,1.0,60.0,24.0,1.0,1.0,0.0,0.0,0.0,60.0,120.0,40.0,,0.0,12.0,7.0,7.0,7.0,24.0,36.0,1.0,24.0,0.4,0.4898979485566356,0.0,1.0,24.0,1.0,,,0.0,0.0,0.0,0.0,24.0,0.0,0.0,12.0,0.0,12.0,0.0,12.0,0.0,0.0,0.0,,,,,,,,,,,,,
tfim,12,nwqsim,unknown,CPU,sync,1,4,367.45,12.0,38.0,12.0,12.0,60.0,60.0,0.0,1.0,12.0,36.0,24.0,0.0,0.0,1.0,1.0,60.0,24.0,1.0,1.0,0.0,0.0,0.0,60.0,120.0,40.0,,0.0,12.0,7.0,7.0,7.0,24.0,36.0,1.0,24.0,0.4,0.4898979485566356,0.0,1.0,24.0,1.0,,,0.0,0.0,0.0,0.0,24.0,0.0,0.0,12.0,0.0,12.0,0.0,12.0,0.0,0.0,0.0,,,,,,,,,,,,,
tfim,12,nwqsim,unknown,CPU,sync,1,4,657.25,12.0,38.0,12.0,12.0,60.0,60.0,0.0,1.0,12.0,36.0,24.0,0.0,0.0,1.0,1.0,60.0,24.0,1.0,1.0,0.0,0.0,0.0,60.0,120.0,40.0,,0.0,12.0,7.0,7.0,7.0,24.0,36.0,1.0,24.0,0.4,0.4898979485566356,0.0,1.0,24.0,1.0,,,0.0,0.0,0.0,0.0,24.0,0.0,0.0,12.0,0.0,12.0,0.0,12.0,0.0,0.0,0.0,,,,,,,,,,,,,
tfim,12,nwqsim,unknown,CPU,sync,1,4,403.83,12.0,38.0,12.0,12.0,60.0,60.0,0.0,1.0,12.0,36.0,24.0,0.0,0.0,1.0,1.0,60.0,24.0,1.0,1.0,0.0,0.0,0.0,60.0,120.0,40.0,,0.0,12.0,7.0,7.0,7.0,24.0,36.0,1.0,24.0,0.4,0.4898979485566356,0.0,1.0,24.0,1.0,,,0.0,0.0,0.0,0.0,24.0,0.0,0.0,12.0,0.0,12.0,0.0,12.0,0.0,0.0,0.0,,,,,,,,,,,,,
tfim,12,nwqsim,unknown,CPU,sync,1,4,367.45,12.0,38.0,12.0,12.0,60.0,60.0,0.0,1.0,12.0,36.0,24.0,0.0,0.0,1.0,1.0,60.0,24.0,1.0,1.0,0.0,0.0,0.0,60.0,120.0,40.0,,0.0,12.0,7.0,7.0,7.0,24.0,36.0,1.0,24.0,0.4,0.4898979485566356,0.0,1.0,24.0,1.0,,,0.0,0.0,0.0,0.0,24.0,0.0,0.0,12.0,0.0,12.0,0.0,12.0,0.0,0.0,0.0,,,,,,,,,,,,,
tfim,12,tnqvm,unknown,CPU,sync,1,4,10140.69,12.0,38.0,12.0,12.0,60.0,60.0,0.0,1.0,12.0,36.0,24.0,0.0,0.0,1.0,1.0,60.0,24.0,1.0,1.0,0.0,0.0,0.0,60.0,120.0,40.0,,0.0,12.0,7.0,7.0,7.0,24.0,36.0,1.0,24.0,0.4,0.4898979485566356,0.0,1.0,24.0,1.0,,,0.0,0.0,0.0,0.0,24.0,0.0,0.0,12.0,0.0,12.0,0.0,12.0,0.0,0.0,0.0,,,,,,,,,,,,,
tfim,12,tnqvm,unknown,CPU,sync,1,4,5761.92,12.0,38.0,12.0,12.0,60.0,60.0,0.0,1.0,12.0,36.0,24.0,0.0,0.0,1.0,1.0,60.0,24.0,1.0,1.0,0.0,0.0,0.0,60.0,120.0,40.0,,0.0,12.0,7.0,7.0,7.0,24.0,36.0,1.0,24.0,0.4,0.4898979485566356,0.0,1.0,24.0,1.0,,,0.0,0.0,0.0,0.0,24.0,0.0,0.0,12.0,0.0,12.0,0.0,12.0,0.0,0.0,0.0,,,,,,,,,,,,,
tfim,12,tnqvm,unknown,CPU,sync,1,4,5368.61,12.0,38.0,12.0,12.0,60.0,60.0,0.0,1.0,12.0,36.0,24.0,0.0,0.0,1.0,1.0,60.0,24.0,1.0,1.0,0.0,0.0,0.0,60.0,120.0,40.0,,0.0,12.0,7.0,7.0,7.0,24.0,36.0,1.0,24.0,0.4,0.4898979485566356,0.0,1.0,24.0,1.0,,,0.0,0.0,0.0,0.0,24.0,0.0,0.0,12.0,0.0,12.0,0.0,12.0,0.0,0.0,0.0,,,,,,,,,,,,,
tfim,12,tnqvm,unknown,CPU,sync,1,4,10140.69,12.0,38.0,12.0,12.0,60.0,60.0,0.0,1.0,12.0,36.0,24.0,0.0,0.0,1.0,1.0,60.0,24.0,1.0,1.0,0.0,0.0,0.0,60.0,120.0,40.0,,0.0,12.0,7.0,7.0,7.0,24.0,36.0,1.0,24.0,0.4,0.4898979485566356,0.0,1.0,24.0,1.0,,,0.0,0.0,0.0,0.0,24.0,0.0,0.0,12.0,0.0,12.0,0.0,12.0,0.0,0.0,0.0,,,,,,,,,,,,,
tfim,12,tnqvm,unknown,CPU,sync,1,4,5761.92,12.0,38.0,12.0,12.0,60.0,60.0,0.0,1.0,12.0,36.0,24.0,0.0,0.0,1.0,1.0,60.0,24.0,1.0,1.0,0.0,0.0,0.0,60.0,120.0,40.0,,0.0,12.0,7.0,7.0,7.0,24.0,36.0,1.0,24.0,0.4,0.4898979485566356,0.0,1.0,24.0,1.0,,,0.0,0.0,0.0,0.0,24.0,0.0,0.0,12.0,0.0,12.0,0.0,12.0,0.0,0.0,0.0,,,,,,,,,,,,,
tfim,12,tnqvm,unknown,CPU,sync,1,4,5368.61,12.0,38.0,12.0,12.0,60.0,60.0,0.0,1.0,12.0,36.0,24.0,0.0,0.0,1.0,1.0,60.0,24.0,1.0,1.0,0.0,0.0,0.0,60.0,120.0,40.0,,0.0,12.0,7.0,7.0,7.0,24.0,36.0,1.0,24.0,0.4,0.4898979485566356,0.0,1.0,24.0,1.0,,,0.0,0.0,0.0,0.0,24.0,0.0,0.0,12.0,0.0,12.0,0.0,12.0,0.0,0.0,0.0,,,,,,,,,,,,,
tfim,12,qtensor,unknown,CPU,sync,1,4,20738.45,12.0,38.0,12.0,12.0,60.0,60.0,0.0,1.0,12.0,36.0,24.0,0.0,0.0,1.0,1.0,60.0,24.0,1.0,1.0,0.0,0.0,0.0,60.0,120.0,40.0,,0.0,12.0,7.0,7.0,7.0,24.0,36.0,1.0,24.0,0.4,0.4898979485566356,0.0,1.0,24.0,1.0,,,0.0,0.0,0.0,0.0,24.0,0.0,0.0,12.0,0.0,12.0,0.0,12.0,0.0,0.0,0.0,,,,,,,,,,,,,
tfim,12,qtensor,unknown,CPU,sync,1,4,19454.81,12.0,38.0,12.0,12.0,60.0,60.0,0.0,1.0,12.0,36.0,24.0,0.0,0.0,1.0,1.0,60.0,24.0,1.0,1.0,0.0,0.0,0.0,60.0,120.0,40.0,,0.0,12.0,7.0,7.0,7.0,24.0,36.0,1.0,24.0,0.4,0.4898979485566356,0.0,1.0,24.0,1.0,,,0.0,0.0,0.0,0.0,24.0,0.0,0.0,12.0,0.0,12.0,0.0,12.0,0.0,0.0,0.0,,,,,,,,,,,,,
tfim,12,qtensor,unknown,CPU,sync,1,4,20129.64,12.0,38.0,12.0,12.0,60.0,60.0,0.0,1.0,12.0,36.0,24.0,0.0,0.0,1.0,1.0,60.0,24.0,1.0,1.0,0.0,0.0,0.0,60.0,120.0,40.0,,0.0,12.0,7.0,7.0,7.0,24.0,36.0,1.0,24.0,0.4,0.4898979485566356,0.0,1.0,24.0,1.0,,,0.0,0.0,0.0,0.0,24.0,0.0,0.0,12.0,0.0,12.0,0.0,12.0,0.0,0.0,0.0,,,,,,,,,,,,,
tfim,12,qtensor,unknown,CPU,sync,1,4,20738.45,12.0,38.0,12.0,12.0,60.0,60.0,0.0,1.0,12.0,36.0,24.0,0.0,0.0,1.0,1.0,60.0,24.0,1.0,1.0,0.0,0.0,0.0,60.0,120.0,40.0,,0.0,12.0,7.0,7.0,7.0,24.0,36.0,1.0,24.0,0.4,0.4898979485566356,0.0,1.0,24.0,1.0,,,0.0,0.0,0.0,0.0,24.0,0.0,0.0,12.0,0.0,12.0,0.0,12.0,0.0,0.0,0.0,,,,,,,,,,,,,
tfim,12,qtensor,unknown,CPU,sync,1,4,19454.81,12.0,38.0,12.0,12.0,60.0,60.0,0.0,1.0,12.0,36.0,24.0,0.0,0.0,1.0,1.0,60.0,24.0,1.0,1.0,0.0,0.0,0.0,60.0,120.0,40.0,,0.0,12.0,7.0,7.0,7.0,24.0,36.0,1.0,24.0,0.4,0.4898979485566356,0.0,1.0,24.0,1.0,,,0.0,0.0,0.0,0.0,24.0,0.0,0.0,12.0,0.0,12.0,0.0,12.0,0.0,0.0,0.0,,,,,,,,,,,,,
tfim,12,qtensor,unknown,CPU,sync,1,4,20129.64,12.0,38.0,12.0,12.0,60.0,60.0,0.0,1.0,12.0,36.0,24.0,0.0,0.0,1.0,1.0,60.0,24.0,1.0,1.0,0.0,0.0,0.0,60.0,120.0,40.0,,0.0,12.0,7.0,7.0,7.0,24.0,36.0,1.0,24.0,0.4,0.4898979485566356,0.0,1.0,24.0,1.0,,,0.0,0.0,0.0,0.0,24.0,0.0,0.0,12.0,0.0,12.0,0.0,12.0,0.0,0.0,0.0,,,,,,,,,,,,,
tfim,4,qiskitaer,unknown,CPU,sync,1,4,8035.34,4.0,14.0,4.0,4.0,20.0,20.0,0.0,1.0,4.0,12.0,8.0,0.0,0.0,1.0,1.0,20.0,8.0,1.0,1.0,0.0,0.0,0.0,20.0,40.0,16.0,,0.0,4.0,7.0,7.0,7.0,8.0,12.0,1.0,8.0,0.4,0.4898979485566356,0.0,1.0,8.0,1.0,,,0.0,0.0,0.0,0.0,8.0,0.0,0.0,4.0,0.0,4.0,0.0,4.0,0.0,0.0,0.0,,,,,,,,,,,,,
tfim,4,qiskitaer,unknown,CPU,sync,1,4,6916.11,4.0,14.0,4.0,4.0,20.0,20.0,0.0,1.0,4.0,12.0,8.0,0.0,0.0,1.0,1.0,20.0,8.0,1.0,1.0,0.0,0.0,0.0,20.0,40.0,16.0,,0.0,4.0,7.0,7.0,7.0,8.0,12.0,1.0,8.0,0.4,0.4898979485566356,0.0,1.0,8.0,1.0,,,0.0,0.0,0.0,0.0,8.0,0.0,0.0,4.0,0.0,4.0,0.0,4.0,0.0,0.0,0.0,,,,,,,,,,,,,
tfim,4,qiskitaer,unknown,CPU,sync,1,4,7463.69,4.0,14.0,4.0,4.0,20.0,20.0,0.0,1.0,4.0,12.0,8.0,0.0,0.0,1.0,1.0,20.0,8.0,1.0,1.0,0.0,0.0,0.0,20.0,40.0,16.0,,0.0,4.0,7.0,7.0,7.0,8.0,12.0,1.0,8.0,0.4,0.4898979485566356,0.0,1.0,8.0,1.0,,,0.0,0.0,0.0,0.0,8.0,0.0,0.0,4.0,0.0,4.0,0.0,4.0,0.0,0.0,0.0,,,,,,,,,,,,,
tfim,4,qiskitaer,unknown,CPU,sync,1,4,7109.3,4.0,14.0,4.0,4.0,20.0,20.0,0.0,1.0,4.0,12.0,8.0,0.0,0.0,1.0,1.0,20.0,8.0,1.0,1.0,0.0,0.0,0.0,20.0,40.0,16.0,,0.0,4.0,7.0,7.0,7.0,8.0,12.0,1.0,8.0,0.4,0.4898979485566356,0.0,1.0,8.0,1.0,,,0.0,0.0,0.0,0.0,8.0,0.0,0.0,4.0,0.0,4.0,0.0,4.0,0.0,0.0,0.0,,,,,,,,,,,,,
tfim,4,qiskitaer,unknown,CPU,sync,1,4,6710.8,4.0,14.0,4.0,4.0,20.0,20.0,0.0,1.0,4.0,12.0,8.0,0.0,0.0,1.0,1.0,20.0,8.0,1.0,1.0,0.0,0.0,0.0,20.0,40.0,16.0,,0.0,4.0,7.0,7.0,7.0,8.0,12.0,1.0,8.0,0.4,0.4898979485566356,0.0,1.0,8.0,1.0,,,0.0,0.0,0.0,0.0,8.0,0.0,0.0,4.0,0.0,4.0,0.0,4.0,0.0,0.0,0.0,,,,,,,,,,,,,
tfim,4,qiskitaer,unknown,CPU,sync,1,4,7398.96,4.0,14.0,4.0,4.0,20.0,20.0,0.0,1.0,4.0,12.0,8.0,0.0,0.0,1.0,1.0,20.0,8.0,1.0,1.0,0.0,0.0,0.0,20.0,40.0,16.0,,0.0,4.0,7.0,7.0,7.0,8.0,12.0,1.0,8.0,0.4,0.4898979485566356,0.0,1.0,8.0,1.0,,,0.0,0.0,0.0,0.0,8.0,0.0,0.0,4.0,0.0,4.0,0.0,4.0,0.0,0.0,0.0,,,,,,,,,,,,,
tfim,4,qiskitaer,unknown,CPU,sync,1,4,7167.88,4.0,14.0,4.0,4.0,20.0,20.0,0.0,1.0,4.0,12.0,8.0,0.0,0.0,1.0,1.0,20.0,8.0,1.0,1.0,0.0,0.0,0.0,20.0,40.0,16.0,,0.0,4.0,7.0,7.0,7.0,8.0,12.0,1.0,8.0,0.4,0.4898979485566356,0.0,1.0,8.0,1.0,,,0.0,0.0,0.0,0.0,8.0,0.0,0.0,4.0,0.0,4.0,0.0,4.0,0.0,0.0,0.0,,,,,,,,,,,,,
tfim,4,qiskitaer,unknown,CPU,sync,1,4,6317.57,4.0,14.0,4.0,4.0,20.0,20.0,0.0,1.0,4.0,12.0,8.0,0.0,0.0,1.0,1.0,20.0,8.0,1.0,1.0,0.0,0.0,0.0,20.0,40.0,16.0,,0.0,4.0,7.0,7.0,7.0,8.0,12.0,1.0,8.0,0.4,0.4898979485566356,0.0,1.0,8.0,1.0,,,0.0,0.0,0.0,0.0,8.0,0.0,0.0,4.0,0.0,4.0,0.0,4.0,0.0,0.0,0.0,,,,,,,,,,,,,
tfim,4,qiskitaer,unknown,CPU,sync,1,4,6794.37,4.0,14.0,4.0,4.0,20.0,20.0,0.0,1.0,4.0,12.0,8.0,0.0,0.0,1.0,1.0,20.0,8.0,1.0,1.0,0.0,0.0,0.0,20.0,40.0,16.0,,0.0,4.0,7.0,7.0,7.0,8.0,12.0,1.0,8.0,0.4,0.4898979485566356,0.0,1.0,8.0,1.0,,,0.0,0.0,0.0,0.0,8.0,0.0,0.0,4.0,0.0,4.0,0.0,4.0,0.0,0.0,0.0,,,,,,,,,,,,,
tfim,4,qiskitaer,unknown,CPU,sync,1,4,7167.88,4.0,14.0,4.0,4.0,20.0,20.0,0.0,1.0,4.0,12.0,8.0,0.0,0.0,1.0,1.0,20.0,8.0,1.0,1.0,0.0,0.0,0.0,20.0,40.0,16.0,,0.0,4.0,7.0,7.0,7.0,8.0,12.0,1.0,8.0,0.4,0.4898979485566356,0.0,1.0,8.0,1.0,,,0.0,0.0,0.0,0.0,8.0,0.0,0.0,4.0,0.0,4.0,0.0,4.0,0.0,0.0,0.0,,,,,,,,,,,,,
tfim,4,qiskitaer,unknown,CPU,sync,1,4,6317.57,4.0,14.0,4.0,4.0,20.0,20.0,0.0,1.0,4.0,12.0,8.0,0.0,0.0,1.0,1.0,20.0,8.0,1.0,1.0,0.0,0.0,0.0,20.0,40.0,16.0,,0.0,4.0,7.0,7.0,7.0,8.0,12.0,1.0,8.0,0.4,0.4898979485566356,0.0,1.0,8.0,1.0,,,0.0,0.0,0.0,0.0,8.0,0.0,0.0,4.0,0.0,4.0,0.0,4.0,0.0,0.0,0.0,,,,,,,,,,,,,
tfim,4,qiskitaer,unknown,CPU,sync,1,4,6794.37,4.0,14.0,4.0,4.0,20.0,20.0,0.0,1.0,4.0,12.0,8.0,0.0,0.0,1.0,1.0,20.0,8.0,1.0,1.0,0.0,0.0,0.0,20.0,40.0,16.0,,0.0,4.0,7.0,7.0,7.0,8.0,12.0,1.0,8.0,0.4,0.4898979485566356,0.0,1.0,8.0,1.0,,,0.0,0.0,0.0,0.0,8.0,0.0,0.0,4.0,0.0,4.0,0.0,4.0,0.0,0.0,0.0,,,,,,,,,,,,,
tfim,4,qiskitaer,unknown,CPU,sync,1,4,8035.34,4.0,14.0,4.0,4.0,20.0,20.0,0.0,1.0,4.0,12.0,8.0,0.0,0.0,1.0,1.0,20.0,8.0,1.0,1.0,0.0,0.0,0.0,20.0,40.0,16.0,,0.0,4.0,7.0,7.0,7.0,8.0,12.0,1.0,8.0,0.4,0.4898979485566356,0.0,1.0,8.0,1.0,,,0.0,0.0,0.0,0.0,8.0,0.0,0.0,4.0,0.0,4.0,0.0,4.0,0.0,0.0,0.0,,,,,,,,,,,,,
tfim,4,qiskitaer,unknown,CPU,sync,1,4,6916.11,4.0,14.0,4.0,4.0,20.0,20.0,0.0,1.0,4.0,12.0,8.0,0.0,0.0,1.0,1.0,20.0,8.0,1.0,1.0,0.0,0.0,0.0,20.0,40.0,16.0,,0.0,4.0,7.0,7.0,7.0,8.0,12.0,1.0,8.0,0.4,0.4898979485566356,0.0,1.0,8.0,1.0,,,0.0,0.0,0.0,0.0,8.0,0.0,0.0,4.0,0.0,4.0,0.0,4.0,0.0,0.0,0.0,,,,,,,,,,,,,
tfim,4,qiskitaer,unknown,CPU,sync,1,4,7463.69,4.0,14.0,4.0,4.0,20.0,20.0,0.0,1.0,4.0,12.0,8.0,0.0,0.0,1.0,1.0,20.0,8.0,1.0,1.0,0.0,0.0,0.0,20.0,40.0,16.0,,0.0,4.0,7.0,7.0,7.0,8.0,12.0,1.0,8.0,0.4,0.4898979485566356,0.0,1.0,8.0,1.0,,,0.0,0.0,0.0,0.0,8.0,0.0,0.0,4.0,0.0,4.0,0.0,4.0,0.0,0.0,0.0,,,,,,,,,,,,,
tfim,4,qiskitaer,unknown,CPU,sync,1,4,7109.3,4.0,14.0,4.0,4.0,20.0,20.0,0.0,1.0,4.0,12.0,8.0,0.0,0.0,1.0,1.0,20.0,8.0,1.0,1.0,0.0,0.0,0.0,20.0,40.0,16.0,,0.0,4.0,7.0,7.0,7.0,8.0,12.0,1.0,8.0,0.4,0.4898979485566356,0.0,1.0,8.0,1.0,,,0.0,0.0,0.0,0.0,8.0,0.0,0.0,4.0,0.0,4.0,0.0,4.0,0.0,0.0,0.0,,,,,,,,,,,,,
tfim,4,qiskitaer,unknown,CPU,sync,1,4,6710.8,4.0,14.0,4.0,4.0,20.0,20.0,0.0,1.0,4.0,12.0,8.0,0.0,0.0,1.0,1.0,20.0,8.0,1.0,1.0,0.0,0.0,0.0,20.0,40.0,16.0,,0.0,4.0,7.0,7.0,7.0,8.0,12.0,1.0,8.0,0.4,0.4898979485566356,0.0,1.0,8.0,1.0,,,0.0,0.0,0.0,0.0,8.0,0.0,0.0,4.0,0.0,4.0,0.0,4.0,0.0,0.0,0.0,,,,,,,,,,,,,
tfim,4,qiskitaer,unknown,CPU,sync,1,4,7398.96,4.0,14.0,4.0,4.0,20.0,20.0,0.0,1.0,4.0,12.0,8.0,0.0,0.0,1.0,1.0,20.0,8.0,1.0,1.0,0.0,0.0,0.0,20.0,40.0,16.0,,0.0,4.0,7.0,7.0,7.0,8.0,12.0,1.0,8.0,0.4,0.4898979485566356,0.0,1.0,8.0,1.0,,,0.0,0.0,0.0,0.0,8.0,0.0,0.0,4.0,0.0,4.0,0.0,4.0,0.0,0.0,0.0,,,,,,,,,,,,,
tfim,4,qiskitaer,unknown,CPU,sync,1,4,6496.49,4.0,14.0,4.0,4.0,20.0,20.0,0.0,1.0,4.0,12.0,8.0,0.0,0.0,1.0,1.0,20.0,8.0,1.0,1.0,0.0,0.0,0.0,20.0,40.0,16.0,,0.0,4.0,7.0,7.0,7.0,8.0,12.0,1.0,8.0,0.4,0.4898979485566356,0.0,1.0,8.0,1.0,,,0.0,0.0,0.0,0.0,8.0,0.0,0.0,4.0,0.0,4.0,0.0,4.0,0.0,0.0,0.0,,,,,,,,,,,,,
tfim,4,qiskitaer,unknown,CPU,sync,1,4,4332.24,4.0,14.0,4.0,4.0,20.0,20.0,0.0,1.0,4.0,12.0,8.0,0.0,0.0,1.0,1.0,20.0,8.0,1.0,1.0,0.0,0.0,0.0,20.0,40.0,16.0,,0.0,4.0,7.0,7.0,7.0,8.0,12.0,1.0,8.0,0.4,0.4898979485566356,0.0,1.0,8.0,1.0,,,0.0,0.0,0.0,0.0,8.0,0.0,0.0,4.0,0.0,4.0,0.0,4.0,0.0,0.0,0.0,,,,,,,,,,,,,
tfim,4,qiskitaer,unknown,CPU,sync,1,4,4204.87,4.0,14.0,4.0,4.0,20.0,20.0,0.0,1.0,4.0,12.0,8.0,0.0,0.0,1.0,1.0,20.0,8.0,1.0,1.0,0.0,0.0,0.0,20.0,40.0,16.0,,0.0,4.0,7.0,7.0,7.0,8.0,12.0,1.0,8.0,0.4,0.4898979485566356,0.0,1.0,8.0,1.0,,,0.0,0.0,0.0,0.0,8.0,0.0,0.0,4.0,0.0,4.0,0.0,4.0,0.0,0.0,0.0,,,,,,,,,,,,,
tfim,4,qiskitaer,unknown,CPU,sync,1,4,4572.24,4.0,14.0,4.0,4.0,20.0,20.0,0.0,1.0,4.0,12.0,8.0,0.0,0.0,1.0,1.0,20.0,8.0,1.0,1.0,0.0,0.0,0.0,20.0,40.0,16.0,,0.0,4.0,7.0,7.0,7.0,8.0,12.0,1.0,8.0,0.4,0.4898979485566356,0.0,1.0,8.0,1.0,,,0.0,0.0,0.0,0.0,8.0,0.0,0.0,4.0,0.0,4.0,0.0,4.0,0.0,0.0,0.0,,,,,,,,,,,,,
tfim,4,qiskitaer,unknown,CPU,sync,1,4,4340.0,4.0,14.0,4.0,4.0,20.0,20.0,0.0,1.0,4.0,12.0,8.0,0.0,0.0,1.0,1.0,20.0,8.0,1.0,1.0,0.0,0.0,0.0,20.0,40.0,16.0,,0.0,4.0,7.0,7.0,7.0,8.0,12.0,1.0,8.0,0.4,0.4898979485566356,0.0,1.0,8.0,1.0,,,0.0,0.0,0.0,0.0,8.0,0.0,0.0,4.0,0.0,4.0,0.0,4.0,0.0,0.0,0.0,,,,,,,,,,,,,
tfim,4,qiskitaer,unknown,CPU,sync,1,4,6521.55,4.0,14.0,4.0,4.0,20.0,20.0,0.0,1.0,4.0,12.0,8.0,0.0,0.0,1.0,1.0,20.0,8.0,1.0,1.0,0.0,0.0,0.0,20.0,40.0,16.0,,0.0,4.0,7.0,7.0,7.0,8.0,12.0,1.0,8.0,0.4,0.4898979485566356,0.0,1.0,8.0,1.0,,,0.0,0.0,0.0,0.0,8.0,0.0,0.0,4.0,0.0,4.0,0.0,4.0,0.0,0.0,0.0,,,,,,,,,,,,,
tfim,4,qiskitaer,unknown,CPU,sync,1,4,4424.03,4.0,14.0,4.0,4.0,20.0,20.0,0.0,1.0,4.0,12.0,8.0,0.0,0.0,1.0,1.0,20.0,8.0,1.0,1.0,0.0,0.0,0.0,20.0,40.0,16.0,,0.0,4.0,7.0,7.0,7.0,8.0,12.0,1.0,8.0,0.4,0.4898979485566356,0.0,1.0,8.0,1.0,,,0.0,0.0,0.0,0.0,8.0,0.0,0.0,4.0,0.0,4.0,0.0,4.0,0.0,0.0,0.0,,,,,,,,,,,,,
tfim,4,qiskitaer,unknown,CPU,sync,1,4,4181.93,4.0,14.0,4.0,4.0,20.0,20.0,0.0,1.0,4.0,12.0,8.0,0.0,0.0,1.0,1.0,20.0,8.0,1.0,1.0,0.0,0.0,0.0,20.0,40.0,16.0,,0.0,4.0,7.0,7.0,7.0,8.0,12.0,1.0,8.0,0.4,0.4898979485566356,0.0,1.0,8.0,1.0,,,0.0,0.0,0.0,0.0,8.0,0.0,0.0,4.0,0.0,4.0,0.0,4.0,0.0,0.0,0.0,,,,,,,,,,,,,
tfim,4,qiskitaer,unknown,CPU,sync,1,4,4613.8,4.0,14.0,4.0,4.0,20.0,20.0,0.0,1.0,4.0,12.0,8.0,0.0,0.0,1.0,1.0,20.0,8.0,1.0,1.0,0.0,0.0,0.0,20.0,40.0,16.0,,0.0,4.0,7.0,7.0,7.0,8.0,12.0,1.0,8.0,0.4,0.4898979485566356,0.0,1.0,8.0,1.0,,,0.0,0.0,0.0,0.0,8.0,0.0,0.0,4.0,0.0,4.0,0.0,4.0,0.0,0.0,0.0,,,,,,,,,,,,,
tfim,4,qiskitaer,unknown,CPU,sync,1,4,4361.17,4.0,14.0,4.0,4.0,20.0,20.0,0.0,1.0,4.0,12.0,8.0,0.0,0.0,1.0,1.0,20.0,8.0,1.0,1.0,0.0,0.0,0.0,20.0,40.0,16.0,,0.0,4.0,7.0,7.0,7.0,8.0,12.0,1.0,8.0,0.4,0.4898979485566356,0.0,1.0,8.0,1.0,,,0.0,0.0,0.0,0.0,8.0,0.0,0.0,4.0,0.0,4.0,0.0,4.0,0.0,0.0,0.0,,,,,,,,,,,,,
tfim,4,qiskitaer,unknown,CPU,sync,1,4,6420.88,4.0,14.0,4.0,4.0,20.0,20.0,0.0,1.0,4.0,12.0,8.0,0.0,0.0,1.0,1.0,20.0,8.0,1.0,1.0,0.0,0.0,0.0,20.0,40.0,16.0,,0.0,4.0,7.0,7.0,7.0,8.0,12.0,1.0,8.0,0.4,0.4898979485566356,0.0,1.0,8.0,1.0,,,0.0,0.0,0.0,0.0,8.0,0.0,0.0,4.0,0.0,4.0,0.0,4.0,0.0,0.0,0.0,,,,,,,,,,,,,
tfim,4,qiskitaer,unknown,CPU,sync,1,4,4544.55,4.0,14.0,4.0,4.0,20.0,20.0,0.0,1.0,4.0,12.0,8.0,0.0,0.0,1.0,1.0,20.0,8.0,1.0,1.0,0.0,0.0,0.0,20.0,40.0,16.0,,0.0,4.0,7.0,7.0,7.0,8.0,12.0,1.0,8.0,0.4,0.4898979485566356,0.0,1.0,8.0,1.0,,,0.0,0.0,0.0,0.0,8.0,0.0,0.0,4.0,0.0,4.0,0.0,4.0,0.0,0.0,0.0,,,,,,,,,,,,,
tfim,4,qiskitaer,unknown,CPU,sync,1,4,4338.24,4.0,14.0,4.0,4.0,20.0,20.0,0.0,1.0,4.0,12.0,8.0,0.0,0.0,1.0,1.0,20.0,8.0,1.0,1.0,0.0,0.0,0.0,20.0,40.0,16.0,,0.0,4.0,7.0,7.0,7.0,8.0,12.0,1.0,8.0,0.4,0.4898979485566356,0.0,1.0,8.0,1.0,,,0.0,0.0,0.0,0.0,8.0,0.0,0.0,4.0,0.0,4.0,0.0,4.0,0.0,0.0,0.0,,,,,,,,,,,,,
tfim,4,qiskitaer,unknown,CPU,sync,1,4,4856.4,4.0,14.0,4.0,4.0,20.0,20.0,0.0,1.0,4.0,12.0,8.0,0.0,0.0,1.0,1.0,20.0,8.0,1.0,1.0,0.0,0.0,0.0,20.0,40.0,16.0,,0.0,4.0,7.0,7.0,7.0,8.0,12.0,1.0,8.0,0.4,0.4898979485566356,0.0,1.0,8.0,1.0,,,0.0,0.0,0.0,0.0,8.0,0.0,0.0,4.0,0.0,4.0,0.0,4.0,0.0,0.0,0.0,,,,,,,,,,,,,
tfim,4,qiskitaer,unknown,CPU,sync,1,4,5092.21,4.0,14.0,4.0,4.0,20.0,20.0,0.0,1.0,4.0,12.0,8.0,0.0,0.0,1.0,1.0,20.0,8.0,1.0,1.0,0.0,0.0,0.0,20.0,40.0,16.0,,0.0,4.0,7.0,7.0,7.0,8.0,12.0,1.0,8.0,0.4,0.4898979485566356,0.0,1.0,8.0,1.0,,,0.0,0.0,0.0,0.0,8.0,0.0,0.0,4.0,0.0,4.0,0.0,4.0,0.0,0.0,0.0,,,,,,,,,,,,,
tfim,4,tnqvm,unknown,CPU,sync,1,4,6692.76,4.0,14.0,4.0,4.0,20.0,20.0,0.0,1.0,4.0,12.0,8.0,0.0,0.0,1.0,1.0,20.0,8.0,1.0,1.0,0.0,0.0,0.0,20.0,40.0,16.0,,0.0,4.0,7.0,7.0,7.0,8.0,12.0,1.0,8.0,0.4,0.4898979485566356,0.0,1.0,8.0,1.0,,,0.0,0.0,0.0,0.0,8.0,0.0,0.0,4.0,0.0,4.0,0.0,4.0,0.0,0.0,0.0,,,,,,,,,,,,,
tfim,4,tnqvm,unknown,CPU,sync,1,4,1977.35,4.0,14.0,4.0,4.0,20.0,20.0,0.0,1.0,4.0,12.0,8.0,0.0,0.0,1.0,1.0,20.0,8.0,1.0,1.0,0.0,0.0,0.0,20.0,40.0,16.0,,0.0,4.0,7.0,7.0,7.0,8.0,12.0,1.0,8.0,0.4,0.4898979485566356,0.0,1.0,8.0,1.0,,,0.0,0.0,0.0,0.0,8.0,0.0,0.0,4.0,0.0,4.0,0.0,4.0,0.0,0.0,0.0,,,,,,,,,,,,,
tfim,4,tnqvm,unknown,CPU,sync,1,4,1879.9,4.0,14.0,4.0,4.0,20.0,20.0,0.0,1.0,4.0,12.0,8.0,0.0,0.0,1.0,1.0,20.0,8.0,1.0,1.0,0.0,0.0,0.0,20.0,40.0,16.0,,0.0,4.0,7.0,7.0,7.0,8.0,12.0,1.0,8.0,0.4,0.4898979485566356,0.0,1.0,8.0,1.0,,,0.0,0.0,0.0,0.0,8.0,0.0,0.0,4.0,0.0,4.0,0.0,4.0,0.0,0.0,0.0,,,,,,,,,,,,,
tfim,4,tnqvm,unknown,CPU,sync,1,4,6692.76,4.0,14.0,4.0,4.0,20.0,20.0,0.0,1.0,4.0,12.0,8.0,0.0,0.0,1.0,1.0,20.0,8.0,1.0,1.0,0.0,0.0,0.0,20.0,40.0,16.0,,0.0,4.0,7.0,7.0,7.0,8.0,12.0,1.0,8.0,0.4,0.4898979485566356,0.0,1.0,8.0,1.0,,,0.0,0.0,0.0,0.0,8.0,0.0,0.0,4.0,0.0,4.0,0.0,4.0,0.0,0.0,0.0,,,,,,,,,,,,,
tfim,4,tnqvm,unknown,CPU,sync,1,4,1977.35,4.0,14.0,4.0,4.0,20.0,20.0,0.0,1.0,4.0,12.0,8.0,0.0,0.0,1.0,1.0,20.0,8.0,1.0,1.0,0.0,0.0,0.0,20.0,40.0,16.0,,0.0,4.0,7.0,7.0,7.0,8.0,12.0,1.0,8.0,0.4,0.4898979485566356,0.0,1.0,8.0,1.0,,,0.0,0.0,0.0,0.0,8.0,0.0,0.0,4.0,0.0,4.0,0.0,4.0,0.0,0.0,0.0,,,,,,,,,,,,,
tfim,4,tnqvm,unknown,CPU,sync,1,4,1879.9,4.0,14.0,4.0,4.0,20.0,20.0,0.0,1.0,4.0,12.0,8.0,0.0,0.0,1.0,1.0,20.0,8.0,1.0,1.0,0.0,0.0,0.0,20.0,40.0,16.0,,0.0,4.0,7.0,7.0,7.0,8.0,12.0,1.0,8.0,0.4,0.4898979485566356,0.0,1.0,8.0,1.0,,,0.0,0.0,0.0,0.0,8.0,0.0,0.0,4.0,0.0,4.0,0.0,4.0,0.0,0.0,0.0,,,,,,,,,,,,,
tfim,4,tnqvm,unknown,CPU,sync,1,4,5744.89,4.0,14.0,4.0,4.0,20.0,20.0,0.0,1.0,4.0,12.0,8.0,0.0,0.0,1.0,1.0,20.0,8.0,1.0,1.0,0.0,0.0,0.0,20.0,40.0,16.0,,0.0,4.0,7.0,7.0,7.0,8.0,12.0,1.0,8.0,0.4,0.4898979485566356,0.0,1.0,8.0,1.0,,,0.0,0.0,0.0,0.0,8.0,0.0,0.0,4.0,0.0,4.0,0.0,4.0,0.0,0.0,0.0,,,,,,,,,,,,,
tfim,4,tnqvm,unknown,CPU,sync,1,4,1842.9,4.0,14.0,4.0,4.0,20.0,20.0,0.0,1.0,4.0,12.0,8.0,0.0,0.0,1.0,1.0,20.0,8.0,1.0,1.0,0.0,0.0,0.0,20.0,40.0,16.0,,0.0,4.0,7.0,7.0,7.0,8.0,12.0,1.0,8.0,0.4,0.4898979485566356,0.0,1.0,8.0,1.0,,,0.0,0.0,0.0,0.0,8.0,0.0,0.0,4.0,0.0,4.0,0.0,4.0,0.0,0.0,0.0,,,,,,,,,,,,,
tfim,4,tnqvm,unknown,CPU,sync,1,4,1766.19,4.0,14.0,4.0,4.0,20.0,20.0,0.0,1.0,4.0,12.0,8.0,0.0,0.0,1.0,1.0,20.0,8.0,1.0,1.0,0.0,0.0,0.0,20.0,40.0,16.0,,0.0,4.0,7.0,7.0,7.0,8.0,12.0,1.0,8.0,0.4,0.4898979485566356,0.0,1.0,8.0,1.0,,,0.0,0.0,0.0,0.0,8.0,0.0,0.0,4.0,0.0,4.0,0.0,4.0,0.0,0.0,0.0,,,,,,,,,,,,,
tfim,4,tnqvm,unknown,CPU,sync,1,4,1701.53,4.0,14.0,4.0,4.0,20.0,20.0,0.0,1.0,4.0,12.0,8.0,0.0,0.0,1.0,1.0,20.0,8.0,1.0,1.0,0.0,0.0,0.0,20.0,40.0,16.0,,0.0,4.0,7.0,7.0,7.0,8.0,12.0,1.0,8.0,0.4,0.4898979485566356,0.0,1.0,8.0,1.0,,,0.0,0.0,0.0,0.0,8.0,0.0,0.0,4.0,0.0,4.0,0.0,4.0,0.0,0.0,0.0,,,,,,,,,,,,,
tfim,4,tnqvm,unknown,CPU,sync,1,4,2028.53,4.0,14.0,4.0,4.0,20.0,20.0,0.0,1.0,4.0,12.0,8.0,0.0,0.0,1.0,1.0,20.0,8.0,1.0,1.0,0.0,0.0,0.0,20.0,40.0,16.0,,0.0,4.0,7.0,7.0,7.0,8.0,12.0,1.0,8.0,0.4,0.4898979485566356,0.0,1.0,8.0,1.0,,,0.0,0.0,0.0,0.0,8.0,0.0,0.0,4.0,0.0,4.0,0.0,4.0,0.0,0.0,0.0,,,,,,,,,,,,,
tfim,4,ionq,unknown,CPU,sync,1,4,2616.13,4.0,14.0,4.0,4.0,20.0,20.0,0.0,1.0,4.0,12.0,8.0,0.0,0.0,1.0,1.0,20.0,8.0,1.0,1.0,0.0,0.0,0.0,20.0,40.0,16.0,,0.0,4.0,7.0,7.0,7.0,8.0,12.0,1.0,8.0,0.4,0.4898979485566356,0.0,1.0,8.0,1.0,,,0.0,0.0,0.0,0.0,8.0,0.0,0.0,4.0,0.0,4.0,0.0,4.0,0.0,0.0,0.0,,,,,,,,,,,,,
tfim,4,ionq,unknown,CPU,sync,1,4,2316.94,4.0,14.0,4.0,4.0,20.0,20.0,0.0,1.0,4.0,12.0,8.0,0.0,0.0,1.0,1.0,20.0,8.0,1.0,1.0,0.0,0.0,0.0,20.0,40.0,16.0,,0.0,4.0,7.0,7.0,7.0,8.0,12.0,1.0,8.0,0.4,0.4898979485566356,0.0,1.0,8.0,1.0,,,0.0,0.0,0.0,0.0,8.0,0.0,0.0,4.0,0.0,4.0,0.0,4.0,0.0,0.0,0.0,,,,,,,,,,,,,
tfim,4,ionq,unknown,CPU,sync,1,4,2242.77,4.0,14.0,4.0,4.0,20.0,20.0,0.0,1.0,4.0,12.0,8.0,0.0,0.0,1.0,1.0,20.0,8.0,1.0,1.0,0.0,0.0,0.0,20.0,40.0,16.0,,0.0,4.0,7.0,7.0,7.0,8.0,12.0,1.0,8.0,0.4,0.4898979485566356,0.0,1.0,8.0,1.0,,,0.0,0.0,0.0,0.0,8.0,0.0,0.0,4.0,0.0,4.0,0.0,4.0,0.0,0.0,0.0,,,,,,,,,,,,,
tfim,4,ionq,unknown,CPU,sync,1,4,2616.13,4.0,14.0,4.0,4.0,20.0,20.0,0.0,1.0,4.0,12.0,8.0,0.0,0.0,1.0,1.0,20.0,8.0,1.0,1.0,0.0,0.0,0.0,20.0,40.0,16.0,,0.0,4.0,7.0,7.0,7.0,8.0,12.0,1.0,8.0,0.4,0.4898979485566356,0.0,1.0,8.0,1.0,,,0.0,0.0,0.0,0.0,8.0,0.0,0.0,4.0,0.0,4.0,0.0,4.0,0.0,0.0,0.0,,,,,,,,,,,,,
tfim,4,ionq,unknown,CPU,sync,1,4,2316.94,4.0,14.0,4.0,4.0,20.0,20.0,0.0,1.0,4.0,12.0,8.0,0.0,0.0,1.0,1.0,20.0,8.0,1.0,1.0,0.0,0.0,0.0,20.0,40.0,16.0,,0.0,4.0,7.0,7.0,7.0,8.0,12.0,1.0,8.0,0.4,0.4898979485566356,0.0,1.0,8.0,1.0,,,0.0,0.0,0.0,0.0,8.0,0.0,0.0,4.0,0.0,4.0,0.0,4.0,0.0,0.0,0.0,,,,,,,,,,,,,
tfim,4,ionq,unknown,CPU,sync,1,4,2242.77,4.0,14.0,4.0,4.0,20.0,20.0,0.0,1.0,4.0,12.0,8.0,0.0,0.0,1.0,1.0,20.0,8.0,1.0,1.0,0.0,0.0,0.0,20.0,40.0,16.0,,0.0,4.0,7.0,7.0,7.0,8.0,12.0,1.0,8.0,0.4,0.4898979485566356,0.0,1.0,8.0,1.0,,,0.0,0.0,0.0,0.0,8.0,0.0,0.0,4.0,0.0,4.0,0.0,4.0,0.0,0.0,0.0,,,,,,,,,,,,,
tfim,4,ionq,simulator,CPU,sync,1,8,2877.2549629211426,4.0,14.0,4.0,4.0,20.0,20.0,0.0,1.0,4.0,12.0,8.0,0.0,0.0,1.0,1.0,20.0,8.0,1.0,1.0,0.0,0.0,0.0,20.0,40.0,16.0,,0.0,4.0,7.0,7.0,7.0,8.0,12.0,1.0,8.0,0.4,0.4898979485566356,0.0,1.0,8.0,1.0,,,0.0,0.0,0.0,0.0,8.0,0.0,0.0,4.0,0.0,4.0,0.0,4.0,0.0,0.0,0.0,,,,,,,,,,,,,
tfim,4,qtensor,unknown,CPU,sync,1,4,24069.99,4.0,14.0,4.0,4.0,20.0,20.0,0.0,1.0,4.0,12.0,8.0,0.0,0.0,1.0,1.0,20.0,8.0,1.0,1.0,0.0,0.0,0.0,20.0,40.0,16.0,,0.0,4.0,7.0,7.0,7.0,8.0,12.0,1.0,8.0,0.4,0.4898979485566356,0.0,1.0,8.0,1.0,,,0.0,0.0,0.0,0.0,8.0,0.0,0.0,4.0,0.0,4.0,0.0,4.0,0.0,0.0,0.0,,,,,,,,,,,,,
tfim,4,qtensor,unknown,CPU,sync,1,4,22896.88,4.0,14.0,4.0,4.0,20.0,20.0,0.0,1.0,4.0,12.0,8.0,0.0,0.0,1.0,1.0,20.0,8.0,1.0,1.0,0.0,0.0,0.0,20.0,40.0,16.0,,0.0,4.0,7.0,7.0,7.0,8.0,12.0,1.0,8.0,0.4,0.4898979485566356,0.0,1.0,8.0,1.0,,,0.0,0.0,0.0,0.0,8.0,0.0,0.0,4.0,0.0,4.0,0.0,4.0,0.0,0.0,0.0,,,,,,,,,,,,,
tfim,4,qtensor,unknown,CPU,sync,1,4,24205.72,4.0,14.0,4.0,4.0,20.0,20.0,0.0,1.0,4.0,12.0,8.0,0.0,0.0,1.0,1.0,20.0,8.0,1.0,1.0,0.0,0.0,0.0,20.0,40.0,16.0,,0.0,4.0,7.0,7.0,7.0,8.0,12.0,1.0,8.0,0.4,0.4898979485566356,0.0,1.0,8.0,1.0,,,0.0,0.0,0.0,0.0,8.0,0.0,0.0,4.0,0.0,4.0,0.0,4.0,0.0,0.0,0.0,,,,,,,,,,,,,
tfim,4,qtensor,unknown,CPU,sync,1,4,24069.99,4.0,14.0,4.0,4.0,20.0,20.0,0.0,1.0,4.0,12.0,8.0,0.0,0.0,1.0,1.0,20.0,8.0,1.0,1.0,0.0,0.0,0.0,20.0,40.0,16.0,,0.0,4.0,7.0,7.0,7.0,8.0,12.0,1.0,8.0,0.4,0.4898979485566356,0.0,1.0,8.0,1.0,,,0.0,0.0,0.0,0.0,8.0,0.0,0.0,4.0,0.0,4.0,0.0,4.0,0.0,0.0,0.0,,,,,,,,,,,,,
tfim,4,qtensor,unknown,CPU,sync,1,4,22896.88,4.0,14.0,4.0,4.0,20.0,20.0,0.0,1.0,4.0,12.0,8.0,0.0,0.0,1.0,1.0,20.0,8.0,1.0,1.0,0.0,0.0,0.0,20.0,40.0,16.0,,0.0,4.0,7.0,7.0,7.0,8.0,12.0,1.0,8.0,0.4,0.4898979485566356,0.0,1.0,8.0,1.0,,,0.0,0.0,0.0,0.0,8.0,0.0,0.0,4.0,0.0,4.0,0.0,4.0,0.0,0.0,0.0,,,,,,,,,,,,,
tfim,4,qtensor,unknown,CPU,sync,1,4,24205.72,4.0,14.0,4.0,4.0,20.0,20.0,0.0,1.0,4.0,12.0,8.0,0.0,0.0,1.0,1.0,20.0,8.0,1.0,1.0,0.0,0.0,0.0,20.0,40.0,16.0,,0.0,4.0,7.0,7.0,7.0,8.0,12.0,1.0,8.0,0.4,0.4898979485566356,0.0,1.0,8.0,1.0,,,0.0,0.0,0.0,0.0,8.0,0.0,0.0,4.0,0.0,4.0,0.0,4.0,0.0,0.0,0.0,,,,,,,,,,,,,
tfim,4,qtensor,unknown,CPU,sync,1,4,18653.14,4.0,14.0,4.0,4.0,20.0,20.0,0.0,1.0,4.0,12.0,8.0,0.0,0.0,1.0,1.0,20.0,8.0,1.0,1.0,0.0,0.0,0.0,20.0,40.0,16.0,,0.0,4.0,7.0,7.0,7.0,8.0,12.0,1.0,8.0,0.4,0.4898979485566356,0.0,1.0,8.0,1.0,,,0.0,0.0,0.0,0.0,8.0,0.0,0.0,4.0,0.0,4.0,0.0,4.0,0.0,0.0,0.0,,,,,,,,,,,,,
tfim,4,qtensor,unknown,CPU,sync,1,4,15456.0,4.0,14.0,4.0,4.0,20.0,20.0,0.0,1.0,4.0,12.0,8.0,0.0,0.0,1.0,1.0,20.0,8.0,1.0,1.0,0.0,0.0,0.0,20.0,40.0,16.0,,0.0,4.0,7.0,7.0,7.0,8.0,12.0,1.0,8.0,0.4,0.4898979485566356,0.0,1.0,8.0,1.0,,,0.0,0.0,0.0,0.0,8.0,0.0,0.0,4.0,0.0,4.0,0.0,4.0,0.0,0.0,0.0,,,,,,,,,,,,,
tfim,4,qtensor,unknown,CPU,sync,1,4,17772.38,4.0,14.0,4.0,4.0,20.0,20.0,0.0,1.0,4.0,12.0,8.0,0.0,0.0,1.0,1.0,20.0,8.0,1.0,1.0,0.0,0.0,0.0,20.0,40.0,16.0,,0.0,4.0,7.0,7.0,7.0,8.0,12.0,1.0,8.0,0.4,0.4898979485566356,0.0,1.0,8.0,1.0,,,0.0,0.0,0.0,0.0,8.0,0.0,0.0,4.0,0.0,4.0,0.0,4.0,0.0,0.0,0.0,,,,,,,,,,,,,
tfim,4,qtensor,unknown,CPU,sync,1,4,16746.76,4.0,14.0,4.0,4.0,20.0,20.0,0.0,1.0,4.0,12.0,8.0,0.0,0.0,1.0,1.0,20.0,8.0,1.0,1.0,0.0,0.0,0.0,20.0,40.0,16.0,,0.0,4.0,7.0,7.0,7.0,8.0,12.0,1.0,8.0,0.4,0.4898979485566356,0.0,1.0,8.0,1.0,,,0.0,0.0,0.0,0.0,8.0,0.0,0.0,4.0,0.0,4.0,0.0,4.0,0.0,0.0,0.0,,,,,,,,,,,,,
tfim,4,qtensor,unknown,CPU,sync,1,4,18059.96,4.0,14.0,4.0,4.0,20.0,20.0,0.0,1.0,4.0,12.0,8.0,0.0,0.0,1.0,1.0,20.0,8.0,1.0,1.0,0.0,0.0,0.0,20.0,40.0,16.0,,0.0,4.0,7.0,7.0,7.0,8.0,12.0,1.0,8.0,0.4,0.4898979485566356,0.0,1.0,8.0,1.0,,,0.0,0.0,0.0,0.0,8.0,0.0,0.0,4.0,0.0,4.0,0.0,4.0,0.0,0.0,0.0,,,,,,,,,,,,,
tfim,4,nwqsim,unknown,CPU,sync,1,4,620.43,4.0,14.0,4.0,4.0,20.0,20.0,0.0,1.0,4.0,12.0,8.0,0.0,0.0,1.0,1.0,20.0,8.0,1.0,1.0,0.0,0.0,0.0,20.0,40.0,16.0,,0.0,4.0,7.0,7.0,7.0,8.0,12.0,1.0,8.0,0.4,0.4898979485566356,0.0,1.0,8.0,1.0,,,0.0,0.0,0.0,0.0,8.0,0.0,0.0,4.0,0.0,4.0,0.0,4.0,0.0,0.0,0.0,,,,,,,,,,,,,
tfim,4,nwqsim,unknown,CPU,sync,1,4,371.39,4.0,14.0,4.0,4.0,20.0,20.0,0.0,1.0,4.0,12.0,8.0,0.0,0.0,1.0,1.0,20.0,8.0,1.0,1.0,0.0,0.0,0.0,20.0,40.0,16.0,,0.0,4.0,7.0,7.0,7.0,8.0,12.0,1.0,8.0,0.4,0.4898979485566356,0.0,1.0,8.0,1.0,,,0.0,0.0,0.0,0.0,8.0,0.0,0.0,4.0,0.0,4.0,0.0,4.0,0.0,0.0,0.0,,,,,,,,,,,,,
tfim,4,nwqsim,unknown,CPU,sync,1,4,339.95,4.0,14.0,4.0,4.0,20.0,20.0,0.0,1.0,4.0,12.0,8.0,0.0,0.0,1.0,1.0,20.0,8.0,1.0,1.0,0.0,0.0,0.0,20.0,40.0,16.0,,0.0,4.0,7.0,7.0,7.0,8.0,12.0,1.0,8.0,0.4,0.4898979485566356,0.0,1.0,8.0,1.0,,,0.0,0.0,0.0,0.0,8.0,0.0,0.0,4.0,0.0,4.0,0.0,4.0,0.0,0.0,0.0,,,,,,,,,,,,,
tfim,4,nwqsim,unknown,CPU,sync,1,4,620.43,4.0,14.0,4.0,4.0,20.0,20.0,0.0,1.0,4.0,12.0,8.0,0.0,0.0,1.0,1.0,20.0,8.0,1.0,1.0,0.0,0.0,0.0,20.0,40.0,16.0,,0.0,4.0,7.0,7.0,7.0,8.0,12.0,1.0,8.0,0.4,0.4898979485566356,0.0,1.0,8.0,1.0,,,0.0,0.0,0.0,0.0,8.0,0.0,0.0,4.0,0.0,4.0,0.0,4.0,0.0,0.0,0.0,,,,,,,,,,,,,
tfim,4,nwqsim,unknown,CPU,sync,1,4,371.39,4.0,14.0,4.0,4.0,20.0,20.0,0.0,1.0,4.0,12.0,8.0,0.0,0.0,1.0,1.0,20.0,8.0,1.0,1.0,0.0,0.0,0.0,20.0,40.0,16.0,,0.0,4.0,7.0,7.0,7.0,8.0,12.0,1.0,8.0,0.4,0.4898979485566356,0.0,1.0,8.0,1.0,,,0.0,0.0,0.0,0.0,8.0,0.0,0.0,4.0,0.0,4.0,0.0,4.0,0.0,0.0,0.0,,,,,,,,,,,,,
tfim,4,nwqsim,unknown,CPU,sync,1,4,339.95,4.0,14.0,4.0,4.0,20.0,20.0,0.0,1.0,4.0,12.0,8.0,0.0,0.0,1.0,1.0,20.0,8.0,1.0,1.0,0.0,0.0,0.0,20.0,40.0,16.0,,0.0,4.0,7.0,7.0,7.0,8.0,12.0,1.0,8.0,0.4,0.4898979485566356,0.0,1.0,8.0,1.0,,,0.0,0.0,0.0,0.0,8.0,0.0,0.0,4.0,0.0,4.0,0.0,4.0,0.0,0.0,0.0,,,,,,,,,,,,,
tfim,4,nwqsim,unknown,CPU,sync,1,4,613.84,4.0,14.0,4.0,4.0,20.0,20.0,0.0,1.0,4.0,12.0,8.0,0.0,0.0,1.0,1.0,20.0,8.0,1.0,1.0,0.0,0.0,0.0,20.0,40.0,16.0,,0.0,4.0,7.0,7.0,7.0,8.0,12.0,1.0,8.0,0.4,0.4898979485566356,0.0,1.0,8.0,1.0,,,0.0,0.0,0.0,0.0,8.0,0.0,0.0,4.0,0.0,4.0,0.0,4.0,0.0,0.0,0.0,,,,,,,,,,,,,
tfim,4,nwqsim,unknown,CPU,sync,1,4,344.94,4.0,14.0,4.0,4.0,20.0,20.0,0.0,1.0,4.0,12.0,8.0,0.0,0.0,1.0,1.0,20.0,8.0,1.0,1.0,0.0,0.0,0.0,20.0,40.0,16.0,,0.0,4.0,7.0,7.0,7.0,8.0,12.0,1.0,8.0,0.4,0.4898979485566356,0.0,1.0,8.0,1.0,,,0.0,0.0,0.0,0.0,8.0,0.0,0.0,4.0,0.0,4.0,0.0,4.0,0.0,0.0,0.0,,,,,,,,,,,,,
tfim,4,nwqsim,unknown,CPU,sync,1,4,342.84,4.0,14.0,4.0,4.0,20.0,20.0,0.0,1.0,4.0,12.0,8.0,0.0,0.0,1.0,1.0,20.0,8.0,1.0,1.0,0.0,0.0,0.0,20.0,40.0,16.0,,0.0,4.0,7.0,7.0,7.0,8.0,12.0,1.0,8.0,0.4,0.4898979485566356,0.0,1.0,8.0,1.0,,,0.0,0.0,0.0,0.0,8.0,0.0,0.0,4.0,0.0,4.0,0.0,4.0,0.0,0.0,0.0,,,,,,,,,,,,,
tfim,4,nwqsim,unknown,CPU,sync,1,4,339.44,4.0,14.0,4.0,4.0,20.0,20.0,0.0,1.0,4.0,12.0,8.0,0.0,0.0,1.0,1.0,20.0,8.0,1.0,1.0,0.0,0.0,0.0,20.0,40.0,16.0,,0.0,4.0,7.0,7.0,7.0,8.0,12.0,1.0,8.0,0.4,0.4898979485566356,0.0,1.0,8.0,1.0,,,0.0,0.0,0.0,0.0,8.0,0.0,0.0,4.0,0.0,4.0,0.0,4.0,0.0,0.0,0.0,,,,,,,,,,,,,
tfim,4,nwqsim,unknown,CPU,sync,1,4,319.54,4.0,14.0,4.0,4.0,20.0,20.0,0.0,1.0,4.0,12.0,8.0,0.0,0.0,1.0,1.0,20.0,8.0,1.0,1.0,0.0,0.0,0.0,20.0,40.0,16.0,,0.0,4.0,7.0,7.0,7.0,8.0,12.0,1.0,8.0,0.4,0.4898979485566356,0.0,1.0,8.0,1.0,,,0.0,0.0,0.0,0.0,8.0,0.0,0.0,4.0,0.0,4.0,0.0,4.0,0.0,0.0,0.0,,,,,,,,,,,,,
tfim,4,ibmq,ibm_torino,CPU,sync,1,8,49.12257194519043,4.0,14.0,4.0,4.0,20.0,20.0,0.0,1.0,4.0,12.0,8.0,0.0,0.0,1.0,1.0,20.0,8.0,1.0,1.0,0.0,0.0,0.0,20.0,40.0,16.0,,0.0,4.0,7.0,7.0,7.0,8.0,12.0,1.0,8.0,0.4,0.4898979485566356,0.0,1.0,8.0,1.0,,,0.0,0.0,0.0,0.0,8.0,0.0,0.0,4.0,0.0,4.0,0.0,4.0,0.0,0.0,0.0,,,,,,,,,,,,,
tfim,4,ibmq,ibm_miami,CPU,sync,1,8,58.77995491027832,4.0,14.0,4.0,4.0,20.0,20.0,0.0,1.0,4.0,12.0,8.0,0.0,0.0,1.0,1.0,20.0,8.0,1.0,1.0,0.0,0.0,0.0,20.0,40.0,16.0,,0.0,4.0,7.0,7.0,7.0,8.0,12.0,1.0,8.0,0.4,0.4898979485566356,0.0,1.0,8.0,1.0,,,0.0,0.0,0.0,0.0,8.0,0.0,0.0,4.0,0.0,4.0,0.0,4.0,0.0,0.0,0.0,,,,,,,,,,,,,
tfim,26,nwqsim,unknown,CPU,sync,1,32,4558.29,,,,,,,,,,,,,,,,,,,,,,,,,,,,,,,,,,,,,,,,,,,,,,,,,,,,,,,,,,,,,,,,,,,,,,,
tfim,26,nwqsim,unknown,CPU,sync,1,32,4236.73,,,,,,,,,,,,,,,,,,,,,,,,,,,,,,,,,,,,,,,,,,,,,,,,,,,,,,,,,,,,,,,,,,,,,,,
tfim,26,nwqsim,unknown,CPU,sync,1,32,4217.38,,,,,,,,,,,,,,,,,,,,,,,,,,,,,,,,,,,,,,,,,,,,,,,,,,,,,,,,,,,,,,,,,,,,,,,
tfim,26,nwqsim,unknown,CPU,sync,1,32,4236.04,,,,,,,,,,,,,,,,,,,,,,,,,,,,,,,,,,,,,,,,,,,,,,,,,,,,,,,,,,,,,,,,,,,,,,,
tfim,26,nwqsim,unknown,CPU,sync,1,32,4203.9,,,,,,,,,,,,,,,,,,,,,,,,,,,,,,,,,,,,,,,,,,,,,,,,,,,,,,,,,,,,,,,,,,,,,,,
tfim,26,qiskitaer,unknown,CPU,sync,1,32,8987.95,,,,,,,,,,,,,,,,,,,,,,,,,,,,,,,,,,,,,,,,,,,,,,,,,,,,,,,,,,,,,,,,,,,,,,,
tfim,26,qiskitaer,unknown,CPU,sync,1,32,6322.77,,,,,,,,,,,,,,,,,,,,,,,,,,,,,,,,,,,,,,,,,,,,,,,,,,,,,,,,,,,,,,,,,,,,,,,
tfim,26,qiskitaer,unknown,CPU,sync,1,32,6048.38,,,,,,,,,,,,,,,,,,,,,,,,,,,,,,,,,,,,,,,,,,,,,,,,,,,,,,,,,,,,,,,,,,,,,,,
tfim,26,qiskitaer,unknown,CPU,sync,1,32,6390.31,,,,,,,,,,,,,,,,,,,,,,,,,,,,,,,,,,,,,,,,,,,,,,,,,,,,,,,,,,,,,,,,,,,,,,,
tfim,26,qiskitaer,unknown,CPU,sync,1,32,6669.45,,,,,,,,,,,,,,,,,,,,,,,,,,,,,,,,,,,,,,,,,,,,,,,,,,,,,,,,,,,,,,,,,,,,,,,
tfim,26,qtensor,unknown,CPU,sync,1,32,41294.34,,,,,,,,,,,,,,,,,,,,,,,,,,,,,,,,,,,,,,,,,,,,,,,,,,,,,,,,,,,,,,,,,,,,,,,
tfim,26,qtensor,unknown,CPU,sync,1,32,36322.49,,,,,,,,,,,,,,,,,,,,,,,,,,,,,,,,,,,,,,,,,,,,,,,,,,,,,,,,,,,,,,,,,,,,,,,
tfim,26,qtensor,unknown,CPU,sync,1,32,34163.17,,,,,,,,,,,,,,,,,,,,,,,,,,,,,,,,,,,,,,,,,,,,,,,,,,,,,,,,,,,,,,,,,,,,,,,
tfim,26,qtensor,unknown,CPU,sync,1,32,35142.26,,,,,,,,,,,,,,,,,,,,,,,,,,,,,,,,,,,,,,,,,,,,,,,,,,,,,,,,,,,,,,,,,,,,,,,
tfim,26,qtensor,unknown,CPU,sync,1,32,43280.03,,,,,,,,,,,,,,,,,,,,,,,,,,,,,,,,,,,,,,,,,,,,,,,,,,,,,,,,,,,,,,,,,,,,,,,
tfim,22,nwqsim,unknown,CPU,sync,1,32,1115.89,,,,,,,,,,,,,,,,,,,,,,,,,,,,,,,,,,,,,,,,,,,,,,,,,,,,,,,,,,,,,,,,,,,,,,,
tfim,22,nwqsim,unknown,CPU,sync,1,32,901.42,,,,,,,,,,,,,,,,,,,,,,,,,,,,,,,,,,,,,,,,,,,,,,,,,,,,,,,,,,,,,,,,,,,,,,,
tfim,22,nwqsim,unknown,CPU,sync,1,32,850.84,,,,,,,,,,,,,,,,,,,,,,,,,,,,,,,,,,,,,,,,,,,,,,,,,,,,,,,,,,,,,,,,,,,,,,,
tfim,22,nwqsim,unknown,CPU,sync,1,32,842.25,,,,,,,,,,,,,,,,,,,,,,,,,,,,,,,,,,,,,,,,,,,,,,,,,,,,,,,,,,,,,,,,,,,,,,,
tfim,22,nwqsim,unknown,CPU,sync,1,32,855.55,,,,,,,,,,,,,,,,,,,,,,,,,,,,,,,,,,,,,,,,,,,,,,,,,,,,,,,,,,,,,,,,,,,,,,,
tfim,22,qtensor,unknown,CPU,sync,1,32,22484.43,,,,,,,,,,,,,,,,,,,,,,,,,,,,,,,,,,,,,,,,,,,,,,,,,,,,,,,,,,,,,,,,,,,,,,,
tfim,22,qtensor,unknown,CPU,sync,1,32,19737.9,,,,,,,,,,,,,,,,,,,,,,,,,,,,,,,,,,,,,,,,,,,,,,,,,,,,,,,,,,,,,,,,,,,,,,,
tfim,22,qtensor,unknown,CPU,sync,1,32,19858.58,,,,,,,,,,,,,,,,,,,,,,,,,,,,,,,,,,,,,,,,,,,,,,,,,,,,,,,,,,,,,,,,,,,,,,,
tfim,22,qtensor,unknown,CPU,sync,1,32,22399.02,,,,,,,,,,,,,,,,,,,,,,,,,,,,,,,,,,,,,,,,,,,,,,,,,,,,,,,,,,,,,,,,,,,,,,,
tfim,22,qtensor,unknown,CPU,sync,1,32,20753.86,,,,,,,,,,,,,,,,,,,,,,,,,,,,,,,,,,,,,,,,,,,,,,,,,,,,,,,,,,,,,,,,,,,,,,,
tfim,22,qiskitaer,unknown,CPU,sync,1,32,9051.01,,,,,,,,,,,,,,,,,,,,,,,,,,,,,,,,,,,,,,,,,,,,,,,,,,,,,,,,,,,,,,,,,,,,,,,
tfim,22,qiskitaer,unknown,CPU,sync,1,32,5786.1,,,,,,,,,,,,,,,,,,,,,,,,,,,,,,,,,,,,,,,,,,,,,,,,,,,,,,,,,,,,,,,,,,,,,,,
tfim,22,qiskitaer,unknown,CPU,sync,1,32,5586.49,,,,,,,,,,,,,,,,,,,,,,,,,,,,,,,,,,,,,,,,,,,,,,,,,,,,,,,,,,,,,,,,,,,,,,,
tfim,22,qiskitaer,unknown,CPU,sync,1,32,6220.86,,,,,,,,,,,,,,,,,,,,,,,,,,,,,,,,,,,,,,,,,,,,,,,,,,,,,,,,,,,,,,,,,,,,,,,
tfim,22,qiskitaer,unknown,CPU,sync,1,32,5962.11,,,,,,,,,,,,,,,,,,,,,,,,,,,,,,,,,,,,,,,,,,,,,,,,,,,,,,,,,,,,,,,,,,,,,,,
tfim,18,nwqsim,unknown,CPU,sync,1,32,970.67,18.0,56.0,18.0,18.0,90.0,90.0,0.0,1.0,18.0,54.0,36.0,0.0,0.0,1.0,1.0,90.0,36.0,1.0,1.0,0.0,0.0,0.0,90.0,180.0,58.0,,0.0,18.0,7.0,7.0,7.0,36.0,54.0,1.0,36.0,0.4,0.4898979485566356,0.0,1.0,36.0,1.0,,,0.0,0.0,0.0,0.0,36.0,0.0,0.0,18.0,0.0,18.0,0.0,18.0,0.0,0.0,0.0,,,,,,,,,,,,,
tfim,18,nwqsim,unknown,CPU,sync,1,32,681.63,18.0,56.0,18.0,18.0,90.0,90.0,0.0,1.0,18.0,54.0,36.0,0.0,0.0,1.0,1.0,90.0,36.0,1.0,1.0,0.0,0.0,0.0,90.0,180.0,58.0,,0.0,18.0,7.0,7.0,7.0,36.0,54.0,1.0,36.0,0.4,0.4898979485566356,0.0,1.0,36.0,1.0,,,0.0,0.0,0.0,0.0,36.0,0.0,0.0,18.0,0.0,18.0,0.0,18.0,0.0,0.0,0.0,,,,,,,,,,,,,
tfim,18,nwqsim,unknown,CPU,sync,1,32,671.72,18.0,56.0,18.0,18.0,90.0,90.0,0.0,1.0,18.0,54.0,36.0,0.0,0.0,1.0,1.0,90.0,36.0,1.0,1.0,0.0,0.0,0.0,90.0,180.0,58.0,,0.0,18.0,7.0,7.0,7.0,36.0,54.0,1.0,36.0,0.4,0.4898979485566356,0.0,1.0,36.0,1.0,,,0.0,0.0,0.0,0.0,36.0,0.0,0.0,18.0,0.0,18.0,0.0,18.0,0.0,0.0,0.0,,,,,,,,,,,,,
tfim,18,nwqsim,unknown,CPU,sync,1,32,682.82,18.0,56.0,18.0,18.0,90.0,90.0,0.0,1.0,18.0,54.0,36.0,0.0,0.0,1.0,1.0,90.0,36.0,1.0,1.0,0.0,0.0,0.0,90.0,180.0,58.0,,0.0,18.0,7.0,7.0,7.0,36.0,54.0,1.0,36.0,0.4,0.4898979485566356,0.0,1.0,36.0,1.0,,,0.0,0.0,0.0,0.0,36.0,0.0,0.0,18.0,0.0,18.0,0.0,18.0,0.0,0.0,0.0,,,,,,,,,,,,,
tfim,18,nwqsim,unknown,CPU,sync,1,32,661.78,18.0,56.0,18.0,18.0,90.0,90.0,0.0,1.0,18.0,54.0,36.0,0.0,0.0,1.0,1.0,90.0,36.0,1.0,1.0,0.0,0.0,0.0,90.0,180.0,58.0,,0.0,18.0,7.0,7.0,7.0,36.0,54.0,1.0,36.0,0.4,0.4898979485566356,0.0,1.0,36.0,1.0,,,0.0,0.0,0.0,0.0,36.0,0.0,0.0,18.0,0.0,18.0,0.0,18.0,0.0,0.0,0.0,,,,,,,,,,,,,
tfim,18,qiskitaer,unknown,CPU,sync,1,32,41331.46,18.0,56.0,18.0,18.0,90.0,90.0,0.0,1.0,18.0,54.0,36.0,0.0,0.0,1.0,1.0,90.0,36.0,1.0,1.0,0.0,0.0,0.0,90.0,180.0,58.0,,0.0,18.0,7.0,7.0,7.0,36.0,54.0,1.0,36.0,0.4,0.4898979485566356,0.0,1.0,36.0,1.0,,,0.0,0.0,0.0,0.0,36.0,0.0,0.0,18.0,0.0,18.0,0.0,18.0,0.0,0.0,0.0,,,,,,,,,,,,,
tfim,18,qiskitaer,unknown,CPU,sync,1,32,5740.67,18.0,56.0,18.0,18.0,90.0,90.0,0.0,1.0,18.0,54.0,36.0,0.0,0.0,1.0,1.0,90.0,36.0,1.0,1.0,0.0,0.0,0.0,90.0,180.0,58.0,,0.0,18.0,7.0,7.0,7.0,36.0,54.0,1.0,36.0,0.4,0.4898979485566356,0.0,1.0,36.0,1.0,,,0.0,0.0,0.0,0.0,36.0,0.0,0.0,18.0,0.0,18.0,0.0,18.0,0.0,0.0,0.0,,,,,,,,,,,,,
tfim,18,qiskitaer,unknown,CPU,sync,1,32,5965.14,18.0,56.0,18.0,18.0,90.0,90.0,0.0,1.0,18.0,54.0,36.0,0.0,0.0,1.0,1.0,90.0,36.0,1.0,1.0,0.0,0.0,0.0,90.0,180.0,58.0,,0.0,18.0,7.0,7.0,7.0,36.0,54.0,1.0,36.0,0.4,0.4898979485566356,0.0,1.0,36.0,1.0,,,0.0,0.0,0.0,0.0,36.0,0.0,0.0,18.0,0.0,18.0,0.0,18.0,0.0,0.0,0.0,,,,,,,,,,,,,
tfim,18,qiskitaer,unknown,CPU,sync,1,32,5959.51,18.0,56.0,18.0,18.0,90.0,90.0,0.0,1.0,18.0,54.0,36.0,0.0,0.0,1.0,1.0,90.0,36.0,1.0,1.0,0.0,0.0,0.0,90.0,180.0,58.0,,0.0,18.0,7.0,7.0,7.0,36.0,54.0,1.0,36.0,0.4,0.4898979485566356,0.0,1.0,36.0,1.0,,,0.0,0.0,0.0,0.0,36.0,0.0,0.0,18.0,0.0,18.0,0.0,18.0,0.0,0.0,0.0,,,,,,,,,,,,,
tfim,18,qiskitaer,unknown,CPU,sync,1,32,6951.2,18.0,56.0,18.0,18.0,90.0,90.0,0.0,1.0,18.0,54.0,36.0,0.0,0.0,1.0,1.0,90.0,36.0,1.0,1.0,0.0,0.0,0.0,90.0,180.0,58.0,,0.0,18.0,7.0,7.0,7.0,36.0,54.0,1.0,36.0,0.4,0.4898979485566356,0.0,1.0,36.0,1.0,,,0.0,0.0,0.0,0.0,36.0,0.0,0.0,18.0,0.0,18.0,0.0,18.0,0.0,0.0,0.0,,,,,,,,,,,,,
tfim,18,qiskitaer,unknown,CPU,sync,1,32,41112.25,18.0,56.0,18.0,18.0,90.0,90.0,0.0,1.0,18.0,54.0,36.0,0.0,0.0,1.0,1.0,90.0,36.0,1.0,1.0,0.0,0.0,0.0,90.0,180.0,58.0,,0.0,18.0,7.0,7.0,7.0,36.0,54.0,1.0,36.0,0.4,0.4898979485566356,0.0,1.0,36.0,1.0,,,0.0,0.0,0.0,0.0,36.0,0.0,0.0,18.0,0.0,18.0,0.0,18.0,0.0,0.0,0.0,,,,,,,,,,,,,
tfim,18,qiskitaer,unknown,CPU,sync,1,32,6039.67,18.0,56.0,18.0,18.0,90.0,90.0,0.0,1.0,18.0,54.0,36.0,0.0,0.0,1.0,1.0,90.0,36.0,1.0,1.0,0.0,0.0,0.0,90.0,180.0,58.0,,0.0,18.0,7.0,7.0,7.0,36.0,54.0,1.0,36.0,0.4,0.4898979485566356,0.0,1.0,36.0,1.0,,,0.0,0.0,0.0,0.0,36.0,0.0,0.0,18.0,0.0,18.0,0.0,18.0,0.0,0.0,0.0,,,,,,,,,,,,,
tfim,18,qiskitaer,unknown,CPU,sync,1,32,6478.32,18.0,56.0,18.0,18.0,90.0,90.0,0.0,1.0,18.0,54.0,36.0,0.0,0.0,1.0,1.0,90.0,36.0,1.0,1.0,0.0,0.0,0.0,90.0,180.0,58.0,,0.0,18.0,7.0,7.0,7.0,36.0,54.0,1.0,36.0,0.4,0.4898979485566356,0.0,1.0,36.0,1.0,,,0.0,0.0,0.0,0.0,36.0,0.0,0.0,18.0,0.0,18.0,0.0,18.0,0.0,0.0,0.0,,,,,,,,,,,,,
tfim,18,qiskitaer,unknown,CPU,sync,1,32,6202.18,18.0,56.0,18.0,18.0,90.0,90.0,0.0,1.0,18.0,54.0,36.0,0.0,0.0,1.0,1.0,90.0,36.0,1.0,1.0,0.0,0.0,0.0,90.0,180.0,58.0,,0.0,18.0,7.0,7.0,7.0,36.0,54.0,1.0,36.0,0.4,0.4898979485566356,0.0,1.0,36.0,1.0,,,0.0,0.0,0.0,0.0,36.0,0.0,0.0,18.0,0.0,18.0,0.0,18.0,0.0,0.0,0.0,,,,,,,,,,,,,
tfim,18,qiskitaer,unknown,CPU,sync,1,32,6118.95,18.0,56.0,18.0,18.0,90.0,90.0,0.0,1.0,18.0,54.0,36.0,0.0,0.0,1.0,1.0,90.0,36.0,1.0,1.0,0.0,0.0,0.0,90.0,180.0,58.0,,0.0,18.0,7.0,7.0,7.0,36.0,54.0,1.0,36.0,0.4,0.4898979485566356,0.0,1.0,36.0,1.0,,,0.0,0.0,0.0,0.0,36.0,0.0,0.0,18.0,0.0,18.0,0.0,18.0,0.0,0.0,0.0,,,,,,,,,,,,,
tfim,18,qiskitaer,unknown,CPU,sync,1,32,41427.96,18.0,56.0,18.0,18.0,90.0,90.0,0.0,1.0,18.0,54.0,36.0,0.0,0.0,1.0,1.0,90.0,36.0,1.0,1.0,0.0,0.0,0.0,90.0,180.0,58.0,,0.0,18.0,7.0,7.0,7.0,36.0,54.0,1.0,36.0,0.4,0.4898979485566356,0.0,1.0,36.0,1.0,,,0.0,0.0,0.0,0.0,36.0,0.0,0.0,18.0,0.0,18.0,0.0,18.0,0.0,0.0,0.0,,,,,,,,,,,,,
tfim,18,qiskitaer,unknown,CPU,sync,1,32,6072.02,18.0,56.0,18.0,18.0,90.0,90.0,0.0,1.0,18.0,54.0,36.0,0.0,0.0,1.0,1.0,90.0,36.0,1.0,1.0,0.0,0.0,0.0,90.0,180.0,58.0,,0.0,18.0,7.0,7.0,7.0,36.0,54.0,1.0,36.0,0.4,0.4898979485566356,0.0,1.0,36.0,1.0,,,0.0,0.0,0.0,0.0,36.0,0.0,0.0,18.0,0.0,18.0,0.0,18.0,0.0,0.0,0.0,,,,,,,,,,,,,
tfim,18,qiskitaer,unknown,CPU,sync,1,32,6204.02,18.0,56.0,18.0,18.0,90.0,90.0,0.0,1.0,18.0,54.0,36.0,0.0,0.0,1.0,1.0,90.0,36.0,1.0,1.0,0.0,0.0,0.0,90.0,180.0,58.0,,0.0,18.0,7.0,7.0,7.0,36.0,54.0,1.0,36.0,0.4,0.4898979485566356,0.0,1.0,36.0,1.0,,,0.0,0.0,0.0,0.0,36.0,0.0,0.0,18.0,0.0,18.0,0.0,18.0,0.0,0.0,0.0,,,,,,,,,,,,,
tfim,18,qiskitaer,unknown,CPU,sync,1,32,6197.49,18.0,56.0,18.0,18.0,90.0,90.0,0.0,1.0,18.0,54.0,36.0,0.0,0.0,1.0,1.0,90.0,36.0,1.0,1.0,0.0,0.0,0.0,90.0,180.0,58.0,,0.0,18.0,7.0,7.0,7.0,36.0,54.0,1.0,36.0,0.4,0.4898979485566356,0.0,1.0,36.0,1.0,,,0.0,0.0,0.0,0.0,36.0,0.0,0.0,18.0,0.0,18.0,0.0,18.0,0.0,0.0,0.0,,,,,,,,,,,,,
tfim,18,qiskitaer,unknown,CPU,sync,1,32,5985.48,18.0,56.0,18.0,18.0,90.0,90.0,0.0,1.0,18.0,54.0,36.0,0.0,0.0,1.0,1.0,90.0,36.0,1.0,1.0,0.0,0.0,0.0,90.0,180.0,58.0,,0.0,18.0,7.0,7.0,7.0,36.0,54.0,1.0,36.0,0.4,0.4898979485566356,0.0,1.0,36.0,1.0,,,0.0,0.0,0.0,0.0,36.0,0.0,0.0,18.0,0.0,18.0,0.0,18.0,0.0,0.0,0.0,,,,,,,,,,,,,
tfim,18,tnqvm,unknown,CPU,sync,1,32,17586.56,18.0,56.0,18.0,18.0,90.0,90.0,0.0,1.0,18.0,54.0,36.0,0.0,0.0,1.0,1.0,90.0,36.0,1.0,1.0,0.0,0.0,0.0,90.0,180.0,58.0,,0.0,18.0,7.0,7.0,7.0,36.0,54.0,1.0,36.0,0.4,0.4898979485566356,0.0,1.0,36.0,1.0,,,0.0,0.0,0.0,0.0,36.0,0.0,0.0,18.0,0.0,18.0,0.0,18.0,0.0,0.0,0.0,,,,,,,,,,,,,
tfim,18,tnqvm,unknown,CPU,sync,1,32,11754.96,18.0,56.0,18.0,18.0,90.0,90.0,0.0,1.0,18.0,54.0,36.0,0.0,0.0,1.0,1.0,90.0,36.0,1.0,1.0,0.0,0.0,0.0,90.0,180.0,58.0,,0.0,18.0,7.0,7.0,7.0,36.0,54.0,1.0,36.0,0.4,0.4898979485566356,0.0,1.0,36.0,1.0,,,0.0,0.0,0.0,0.0,36.0,0.0,0.0,18.0,0.0,18.0,0.0,18.0,0.0,0.0,0.0,,,,,,,,,,,,,
tfim,18,tnqvm,unknown,CPU,sync,1,32,11156.38,18.0,56.0,18.0,18.0,90.0,90.0,0.0,1.0,18.0,54.0,36.0,0.0,0.0,1.0,1.0,90.0,36.0,1.0,1.0,0.0,0.0,0.0,90.0,180.0,58.0,,0.0,18.0,7.0,7.0,7.0,36.0,54.0,1.0,36.0,0.4,0.4898979485566356,0.0,1.0,36.0,1.0,,,0.0,0.0,0.0,0.0,36.0,0.0,0.0,18.0,0.0,18.0,0.0,18.0,0.0,0.0,0.0,,,,,,,,,,,,,
tfim,18,tnqvm,unknown,CPU,sync,1,32,11971.63,18.0,56.0,18.0,18.0,90.0,90.0,0.0,1.0,18.0,54.0,36.0,0.0,0.0,1.0,1.0,90.0,36.0,1.0,1.0,0.0,0.0,0.0,90.0,180.0,58.0,,0.0,18.0,7.0,7.0,7.0,36.0,54.0,1.0,36.0,0.4,0.4898979485566356,0.0,1.0,36.0,1.0,,,0.0,0.0,0.0,0.0,36.0,0.0,0.0,18.0,0.0,18.0,0.0,18.0,0.0,0.0,0.0,,,,,,,,,,,,,
tfim,18,tnqvm,unknown,CPU,sync,1,32,11512.23,18.0,56.0,18.0,18.0,90.0,90.0,0.0,1.0,18.0,54.0,36.0,0.0,0.0,1.0,1.0,90.0,36.0,1.0,1.0,0.0,0.0,0.0,90.0,180.0,58.0,,0.0,18.0,7.0,7.0,7.0,36.0,54.0,1.0,36.0,0.4,0.4898979485566356,0.0,1.0,36.0,1.0,,,0.0,0.0,0.0,0.0,36.0,0.0,0.0,18.0,0.0,18.0,0.0,18.0,0.0,0.0,0.0,,,,,,,,,,,,,
tfim,18,qtensor,unknown,CPU,sync,1,32,27748.57,18.0,56.0,18.0,18.0,90.0,90.0,0.0,1.0,18.0,54.0,36.0,0.0,0.0,1.0,1.0,90.0,36.0,1.0,1.0,0.0,0.0,0.0,90.0,180.0,58.0,,0.0,18.0,7.0,7.0,7.0,36.0,54.0,1.0,36.0,0.4,0.4898979485566356,0.0,1.0,36.0,1.0,,,0.0,0.0,0.0,0.0,36.0,0.0,0.0,18.0,0.0,18.0,0.0,18.0,0.0,0.0,0.0,,,,,,,,,,,,,
tfim,18,qtensor,unknown,CPU,sync,1,32,19859.35,18.0,56.0,18.0,18.0,90.0,90.0,0.0,1.0,18.0,54.0,36.0,0.0,0.0,1.0,1.0,90.0,36.0,1.0,1.0,0.0,0.0,0.0,90.0,180.0,58.0,,0.0,18.0,7.0,7.0,7.0,36.0,54.0,1.0,36.0,0.4,0.4898979485566356,0.0,1.0,36.0,1.0,,,0.0,0.0,0.0,0.0,36.0,0.0,0.0,18.0,0.0,18.0,0.0,18.0,0.0,0.0,0.0,,,,,,,,,,,,,
tfim,18,qtensor,unknown,CPU,sync,1,32,19568.92,18.0,56.0,18.0,18.0,90.0,90.0,0.0,1.0,18.0,54.0,36.0,0.0,0.0,1.0,1.0,90.0,36.0,1.0,1.0,0.0,0.0,0.0,90.0,180.0,58.0,,0.0,18.0,7.0,7.0,7.0,36.0,54.0,1.0,36.0,0.4,0.4898979485566356,0.0,1.0,36.0,1.0,,,0.0,0.0,0.0,0.0,36.0,0.0,0.0,18.0,0.0,18.0,0.0,18.0,0.0,0.0,0.0,,,,,,,,,,,,,
tfim,18,qtensor,unknown,CPU,sync,1,32,21621.9,18.0,56.0,18.0,18.0,90.0,90.0,0.0,1.0,18.0,54.0,36.0,0.0,0.0,1.0,1.0,90.0,36.0,1.0,1.0,0.0,0.0,0.0,90.0,180.0,58.0,,0.0,18.0,7.0,7.0,7.0,36.0,54.0,1.0,36.0,0.4,0.4898979485566356,0.0,1.0,36.0,1.0,,,0.0,0.0,0.0,0.0,36.0,0.0,0.0,18.0,0.0,18.0,0.0,18.0,0.0,0.0,0.0,,,,,,,,,,,,,
tfim,18,qtensor,unknown,CPU,sync,1,32,20932.14,18.0,56.0,18.0,18.0,90.0,90.0,0.0,1.0,18.0,54.0,36.0,0.0,0.0,1.0,1.0,90.0,36.0,1.0,1.0,0.0,0.0,0.0,90.0,180.0,58.0,,0.0,18.0,7.0,7.0,7.0,36.0,54.0,1.0,36.0,0.4,0.4898979485566356,0.0,1.0,36.0,1.0,,,0.0,0.0,0.0,0.0,36.0,0.0,0.0,18.0,0.0,18.0,0.0,18.0,0.0,0.0,0.0,,,,,,,,,,,,,
tfim,33,qiskitaer,unknown,CPU,sync,2,16,9146.73,,,,,,,,,,,,,,,,,,,,,,,,,,,,,,,,,,,,,,,,,,,,,,,,,,,,,,,,,,,,,,,,,,,,,,,
tfim,33,qiskitaer,unknown,CPU,sync,2,16,6271.68,,,,,,,,,,,,,,,,,,,,,,,,,,,,,,,,,,,,,,,,,,,,,,,,,,,,,,,,,,,,,,,,,,,,,,,
tfim,33,qiskitaer,unknown,CPU,sync,2,16,5803.05,,,,,,,,,,,,,,,,,,,,,,,,,,,,,,,,,,,,,,,,,,,,,,,,,,,,,,,,,,,,,,,,,,,,,,,
tfim,33,qiskitaer,unknown,CPU,sync,2,16,5877.77,,,,,,,,,,,,,,,,,,,,,,,,,,,,,,,,,,,,,,,,,,,,,,,,,,,,,,,,,,,,,,,,,,,,,,,
tfim,33,qiskitaer,unknown,CPU,sync,2,16,6379.89,,,,,,,,,,,,,,,,,,,,,,,,,,,,,,,,,,,,,,,,,,,,,,,,,,,,,,,,,,,,,,,,,,,,,,,
tfim,9,ibmq,ibm_miami,CPU,sync,1,8,94.6815013885498,9.0,29.0,9.0,9.0,45.0,45.0,0.0,1.0,9.0,27.0,18.0,0.0,0.0,1.0,1.0,45.0,18.0,1.0,1.0,0.0,0.0,0.0,45.0,90.0,31.0,,0.0,9.0,7.0,7.0,7.0,18.0,27.0,1.0,18.0,0.4,0.4898979485566356,0.0,1.0,18.0,1.0,,,0.0,0.0,0.0,0.0,18.0,0.0,0.0,9.0,0.0,9.0,0.0,9.0,0.0,0.0,0.0,,,,,,,,,,,,,
tfim,9,ibmq,ibm_torino,CPU,sync,1,8,40.53354263305664,9.0,29.0,9.0,9.0,45.0,45.0,0.0,1.0,9.0,27.0,18.0,0.0,0.0,1.0,1.0,45.0,18.0,1.0,1.0,0.0,0.0,0.0,45.0,90.0,31.0,,0.0,9.0,7.0,7.0,7.0,18.0,27.0,1.0,18.0,0.4,0.4898979485566356,0.0,1.0,18.0,1.0,,,0.0,0.0,0.0,0.0,18.0,0.0,0.0,9.0,0.0,9.0,0.0,9.0,0.0,0.0,0.0,,,,,,,,,,,,,
tfim,23,ionq,simulator,CPU,sync,1,8,3194.1006183624268,,,,,,,,,,,,,,,,,,,,,,,,,,,,,,,,,,,,,,,,,,,,,,,,,,,,,,,,,,,,,,,,,,,,,,,
tfim,23,ibmq,ibm_torino,CPU,sync,1,8,53.94577980041504,,,,,,,,,,,,,,,,,,,,,,,,,,,,,,,,,,,,,,,,,,,,,,,,,,,,,,,,,,,,,,,,,,,,,,,
tfim,23,ibmq,ibm_miami,CPU,sync,1,8,58.361053466796875,,,,,,,,,,,,,,,,,,,,,,,,,,,,,,,,,,,,,,,,,,,,,,,,,,,,,,,,,,,,,,,,,,,,,,,
hhl,5,qiskitaer,statevector,CPU,sync,1,4,6835.595591983292,5.0,40.0,5.0,5.0,55.0,55.0,0.0,1.0,5.0,23.0,24.0,8.0,0.0,1.0,1.0,56.0,10.0,3.0,1.0,0.0,0.0,0.0,56.0,115.0,43.0,,1.0,4.0,0.0,63.0,20.0,12.0,44.0,1.0,76.0,1.3818181818181818,1.634746675853747,0.0,4.0,32.0,1.0,,,1.0,8.0,6.0,14.0,4.0,0.0,8.0,5.0,2.0,0.0,4.0,0.0,0.0,0.0,4.0,,,,,,,,,,,,,
hhl,5,qiskitaer,statevector,CPU,sync,1,4,6077.144470997155,5.0,40.0,5.0,5.0,55.0,55.0,0.0,1.0,5.0,23.0,24.0,8.0,0.0,1.0,1.0,56.0,10.0,3.0,1.0,0.0,0.0,0.0,56.0,115.0,43.0,,1.0,4.0,0.0,63.0,20.0,12.0,44.0,1.0,76.0,1.3818181818181818,1.634746675853747,0.0,4.0,32.0,1.0,,,1.0,8.0,6.0,14.0,4.0,0.0,8.0,5.0,2.0,0.0,4.0,0.0,0.0,0.0,4.0,,,,,,,,,,,,,
hhl,5,qiskitaer,statevector,CPU,sync,1,4,7006.580782006495,5.0,40.0,5.0,5.0,55.0,55.0,0.0,1.0,5.0,23.0,24.0,8.0,0.0,1.0,1.0,56.0,10.0,3.0,1.0,0.0,0.0,0.0,56.0,115.0,43.0,,1.0,4.0,0.0,63.0,20.0,12.0,44.0,1.0,76.0,1.3818181818181818,1.634746675853747,0.0,4.0,32.0,1.0,,,1.0,8.0,6.0,14.0,4.0,0.0,8.0,5.0,2.0,0.0,4.0,0.0,0.0,0.0,4.0,,,,,,,,,,,,,
hhl,5,qiskitaer,statevector,CPU,sync,1,4,6835.595591983292,5.0,40.0,5.0,5.0,55.0,55.0,0.0,1.0,5.0,23.0,24.0,8.0,0.0,1.0,1.0,56.0,10.0,3.0,1.0,0.0,0.0,0.0,56.0,115.0,43.0,,1.0,4.0,0.0,63.0,20.0,12.0,44.0,1.0,76.0,1.3818181818181818,1.634746675853747,0.0,4.0,32.0,1.0,,,1.0,8.0,6.0,14.0,4.0,0.0,8.0,5.0,2.0,0.0,4.0,0.0,0.0,0.0,4.0,,,,,,,,,,,,,
hhl,5,qiskitaer,statevector,CPU,sync,1,4,6077.144470997155,5.0,40.0,5.0,5.0,55.0,55.0,0.0,1.0,5.0,23.0,24.0,8.0,0.0,1.0,1.0,56.0,10.0,3.0,1.0,0.0,0.0,0.0,56.0,115.0,43.0,,1.0,4.0,0.0,63.0,20.0,12.0,44.0,1.0,76.0,1.3818181818181818,1.634746675853747,0.0,4.0,32.0,1.0,,,1.0,8.0,6.0,14.0,4.0,0.0,8.0,5.0,2.0,0.0,4.0,0.0,0.0,0.0,4.0,,,,,,,,,,,,,
hhl,5,qiskitaer,statevector,CPU,sync,1,4,7006.580782006495,5.0,40.0,5.0,5.0,55.0,55.0,0.0,1.0,5.0,23.0,24.0,8.0,0.0,1.0,1.0,56.0,10.0,3.0,1.0,0.0,0.0,0.0,56.0,115.0,43.0,,1.0,4.0,0.0,63.0,20.0,12.0,44.0,1.0,76.0,1.3818181818181818,1.634746675853747,0.0,4.0,32.0,1.0,,,1.0,8.0,6.0,14.0,4.0,0.0,8.0,5.0,2.0,0.0,4.0,0.0,0.0,0.0,4.0,,,,,,,,,,,,,
hhl,5,qiskitaer,statevector,CPU,sync,1,4,10257.57737600361,5.0,40.0,5.0,5.0,55.0,55.0,0.0,1.0,5.0,23.0,24.0,8.0,0.0,1.0,1.0,56.0,10.0,3.0,1.0,0.0,0.0,0.0,56.0,115.0,43.0,,1.0,4.0,0.0,63.0,20.0,12.0,44.0,1.0,76.0,1.3818181818181818,1.634746675853747,0.0,4.0,32.0,1.0,,,1.0,8.0,6.0,14.0,4.0,0.0,8.0,5.0,2.0,0.0,4.0,0.0,0.0,0.0,4.0,,,,,,,,,,,,,
hhl,5,qiskitaer,statevector,CPU,sync,1,4,7189.030101988465,5.0,40.0,5.0,5.0,55.0,55.0,0.0,1.0,5.0,23.0,24.0,8.0,0.0,1.0,1.0,56.0,10.0,3.0,1.0,0.0,0.0,0.0,56.0,115.0,43.0,,1.0,4.0,0.0,63.0,20.0,12.0,44.0,1.0,76.0,1.3818181818181818,1.634746675853747,0.0,4.0,32.0,1.0,,,1.0,8.0,6.0,14.0,4.0,0.0,8.0,5.0,2.0,0.0,4.0,0.0,0.0,0.0,4.0,,,,,,,,,,,,,
hhl,5,qiskitaer,statevector,CPU,sync,1,4,8208.931622997625,5.0,40.0,5.0,5.0,55.0,55.0,0.0,1.0,5.0,23.0,24.0,8.0,0.0,1.0,1.0,56.0,10.0,3.0,1.0,0.0,0.0,0.0,56.0,115.0,43.0,,1.0,4.0,0.0,63.0,20.0,12.0,44.0,1.0,76.0,1.3818181818181818,1.634746675853747,0.0,4.0,32.0,1.0,,,1.0,8.0,6.0,14.0,4.0,0.0,8.0,5.0,2.0,0.0,4.0,0.0,0.0,0.0,4.0,,,,,,,,,,,,,
hhl,5,qiskitaer,statevector,CPU,sync,1,8,7177.2546989959665,5.0,40.0,5.0,5.0,55.0,55.0,0.0,1.0,5.0,23.0,24.0,8.0,0.0,1.0,1.0,56.0,10.0,3.0,1.0,0.0,0.0,0.0,56.0,115.0,43.0,,1.0,4.0,0.0,63.0,20.0,12.0,44.0,1.0,76.0,1.3818181818181818,1.634746675853747,0.0,4.0,32.0,1.0,,,1.0,8.0,6.0,14.0,4.0,0.0,8.0,5.0,2.0,0.0,4.0,0.0,0.0,0.0,4.0,,,,,,,,,,,,,
hhl,5,qiskitaer,statevector,CPU,sync,1,8,6411.205966025591,5.0,40.0,5.0,5.0,55.0,55.0,0.0,1.0,5.0,23.0,24.0,8.0,0.0,1.0,1.0,56.0,10.0,3.0,1.0,0.0,0.0,0.0,56.0,115.0,43.0,,1.0,4.0,0.0,63.0,20.0,12.0,44.0,1.0,76.0,1.3818181818181818,1.634746675853747,0.0,4.0,32.0,1.0,,,1.0,8.0,6.0,14.0,4.0,0.0,8.0,5.0,2.0,0.0,4.0,0.0,0.0,0.0,4.0,,,,,,,,,,,,,
hhl,5,qiskitaer,statevector,CPU,sync,1,8,5994.377964991145,5.0,40.0,5.0,5.0,55.0,55.0,0.0,1.0,5.0,23.0,24.0,8.0,0.0,1.0,1.0,56.0,10.0,3.0,1.0,0.0,0.0,0.0,56.0,115.0,43.0,,1.0,4.0,0.0,63.0,20.0,12.0,44.0,1.0,76.0,1.3818181818181818,1.634746675853747,0.0,4.0,32.0,1.0,,,1.0,8.0,6.0,14.0,4.0,0.0,8.0,5.0,2.0,0.0,4.0,0.0,0.0,0.0,4.0,,,,,,,,,,,,,
hhl,5,qiskitaer,statevector,CPU,sync,1,8,7177.2546989959665,5.0,40.0,5.0,5.0,55.0,55.0,0.0,1.0,5.0,23.0,24.0,8.0,0.0,1.0,1.0,56.0,10.0,3.0,1.0,0.0,0.0,0.0,56.0,115.0,43.0,,1.0,4.0,0.0,63.0,20.0,12.0,44.0,1.0,76.0,1.3818181818181818,1.634746675853747,0.0,4.0,32.0,1.0,,,1.0,8.0,6.0,14.0,4.0,0.0,8.0,5.0,2.0,0.0,4.0,0.0,0.0,0.0,4.0,,,,,,,,,,,,,
hhl,5,qiskitaer,statevector,CPU,sync,1,8,6411.205966025591,5.0,40.0,5.0,5.0,55.0,55.0,0.0,1.0,5.0,23.0,24.0,8.0,0.0,1.0,1.0,56.0,10.0,3.0,1.0,0.0,0.0,0.0,56.0,115.0,43.0,,1.0,4.0,0.0,63.0,20.0,12.0,44.0,1.0,76.0,1.3818181818181818,1.634746675853747,0.0,4.0,32.0,1.0,,,1.0,8.0,6.0,14.0,4.0,0.0,8.0,5.0,2.0,0.0,4.0,0.0,0.0,0.0,4.0,,,,,,,,,,,,,
hhl,5,qiskitaer,statevector,CPU,sync,1,8,5994.377964991145,5.0,40.0,5.0,5.0,55.0,55.0,0.0,1.0,5.0,23.0,24.0,8.0,0.0,1.0,1.0,56.0,10.0,3.0,1.0,0.0,0.0,0.0,56.0,115.0,43.0,,1.0,4.0,0.0,63.0,20.0,12.0,44.0,1.0,76.0,1.3818181818181818,1.634746675853747,0.0,4.0,32.0,1.0,,,1.0,8.0,6.0,14.0,4.0,0.0,8.0,5.0,2.0,0.0,4.0,0.0,0.0,0.0,4.0,,,,,,,,,,,,,
hhl,5,qiskitaer,automatic,CPU,sync,1,8,7226.372566001373,5.0,40.0,5.0,5.0,55.0,55.0,0.0,1.0,5.0,23.0,24.0,8.0,0.0,1.0,1.0,56.0,10.0,3.0,1.0,0.0,0.0,0.0,56.0,115.0,43.0,,1.0,4.0,0.0,63.0,20.0,12.0,44.0,1.0,76.0,1.3818181818181818,1.634746675853747,0.0,4.0,32.0,1.0,,,1.0,8.0,6.0,14.0,4.0,0.0,8.0,5.0,2.0,0.0,4.0,0.0,0.0,0.0,4.0,,,,,,,,,,,,,
hhl,5,qiskitaer,automatic,CPU,sync,1,8,6414.328243001364,5.0,40.0,5.0,5.0,55.0,55.0,0.0,1.0,5.0,23.0,24.0,8.0,0.0,1.0,1.0,56.0,10.0,3.0,1.0,0.0,0.0,0.0,56.0,115.0,43.0,,1.0,4.0,0.0,63.0,20.0,12.0,44.0,1.0,76.0,1.3818181818181818,1.634746675853747,0.0,4.0,32.0,1.0,,,1.0,8.0,6.0,14.0,4.0,0.0,8.0,5.0,2.0,0.0,4.0,0.0,0.0,0.0,4.0,,,,,,,,,,,,,
hhl,5,qiskitaer,automatic,CPU,sync,1,8,6437.432548002107,5.0,40.0,5.0,5.0,55.0,55.0,0.0,1.0,5.0,23.0,24.0,8.0,0.0,1.0,1.0,56.0,10.0,3.0,1.0,0.0,0.0,0.0,56.0,115.0,43.0,,1.0,4.0,0.0,63.0,20.0,12.0,44.0,1.0,76.0,1.3818181818181818,1.634746675853747,0.0,4.0,32.0,1.0,,,1.0,8.0,6.0,14.0,4.0,0.0,8.0,5.0,2.0,0.0,4.0,0.0,0.0,0.0,4.0,,,,,,,,,,,,,
hhl,5,qiskitaer,automatic,CPU,sync,1,8,7226.372566001373,5.0,40.0,5.0,5.0,55.0,55.0,0.0,1.0,5.0,23.0,24.0,8.0,0.0,1.0,1.0,56.0,10.0,3.0,1.0,0.0,0.0,0.0,56.0,115.0,43.0,,1.0,4.0,0.0,63.0,20.0,12.0,44.0,1.0,76.0,1.3818181818181818,1.634746675853747,0.0,4.0,32.0,1.0,,,1.0,8.0,6.0,14.0,4.0,0.0,8.0,5.0,2.0,0.0,4.0,0.0,0.0,0.0,4.0,,,,,,,,,,,,,
hhl,5,qiskitaer,automatic,CPU,sync,1,8,6414.328243001364,5.0,40.0,5.0,5.0,55.0,55.0,0.0,1.0,5.0,23.0,24.0,8.0,0.0,1.0,1.0,56.0,10.0,3.0,1.0,0.0,0.0,0.0,56.0,115.0,43.0,,1.0,4.0,0.0,63.0,20.0,12.0,44.0,1.0,76.0,1.3818181818181818,1.634746675853747,0.0,4.0,32.0,1.0,,,1.0,8.0,6.0,14.0,4.0,0.0,8.0,5.0,2.0,0.0,4.0,0.0,0.0,0.0,4.0,,,,,,,,,,,,,
hhl,5,qiskitaer,automatic,CPU,sync,1,8,6437.432548002107,5.0,40.0,5.0,5.0,55.0,55.0,0.0,1.0,5.0,23.0,24.0,8.0,0.0,1.0,1.0,56.0,10.0,3.0,1.0,0.0,0.0,0.0,56.0,115.0,43.0,,1.0,4.0,0.0,63.0,20.0,12.0,44.0,1.0,76.0,1.3818181818181818,1.634746675853747,0.0,4.0,32.0,1.0,,,1.0,8.0,6.0,14.0,4.0,0.0,8.0,5.0,2.0,0.0,4.0,0.0,0.0,0.0,4.0,,,,,,,,,,,,,
hhl,5,qiskitaer,automatic,CPU,sync,1,4,6768.076083011692,5.0,40.0,5.0,5.0,55.0,55.0,0.0,1.0,5.0,23.0,24.0,8.0,0.0,1.0,1.0,56.0,10.0,3.0,1.0,0.0,0.0,0.0,56.0,115.0,43.0,,1.0,4.0,0.0,63.0,20.0,12.0,44.0,1.0,76.0,1.3818181818181818,1.634746675853747,0.0,4.0,32.0,1.0,,,1.0,8.0,6.0,14.0,4.0,0.0,8.0,5.0,2.0,0.0,4.0,0.0,0.0,0.0,4.0,,,,,,,,,,,,,
hhl,5,qiskitaer,automatic,CPU,sync,1,4,6025.2528470009565,5.0,40.0,5.0,5.0,55.0,55.0,0.0,1.0,5.0,23.0,24.0,8.0,0.0,1.0,1.0,56.0,10.0,3.0,1.0,0.0,0.0,0.0,56.0,115.0,43.0,,1.0,4.0,0.0,63.0,20.0,12.0,44.0,1.0,76.0,1.3818181818181818,1.634746675853747,0.0,4.0,32.0,1.0,,,1.0,8.0,6.0,14.0,4.0,0.0,8.0,5.0,2.0,0.0,4.0,0.0,0.0,0.0,4.0,,,,,,,,,,,,,
hhl,5,qiskitaer,automatic,CPU,sync,1,4,7025.767451006686,5.0,40.0,5.0,5.0,55.0,55.0,0.0,1.0,5.0,23.0,24.0,8.0,0.0,1.0,1.0,56.0,10.0,3.0,1.0,0.0,0.0,0.0,56.0,115.0,43.0,,1.0,4.0,0.0,63.0,20.0,12.0,44.0,1.0,76.0,1.3818181818181818,1.634746675853747,0.0,4.0,32.0,1.0,,,1.0,8.0,6.0,14.0,4.0,0.0,8.0,5.0,2.0,0.0,4.0,0.0,0.0,0.0,4.0,,,,,,,,,,,,,
hhl,5,qiskitaer,automatic,CPU,sync,1,4,6768.076083011692,5.0,40.0,5.0,5.0,55.0,55.0,0.0,1.0,5.0,23.0,24.0,8.0,0.0,1.0,1.0,56.0,10.0,3.0,1.0,0.0,0.0,0.0,56.0,115.0,43.0,,1.0,4.0,0.0,63.0,20.0,12.0,44.0,1.0,76.0,1.3818181818181818,1.634746675853747,0.0,4.0,32.0,1.0,,,1.0,8.0,6.0,14.0,4.0,0.0,8.0,5.0,2.0,0.0,4.0,0.0,0.0,0.0,4.0,,,,,,,,,,,,,
hhl,5,qiskitaer,automatic,CPU,sync,1,4,6025.2528470009565,5.0,40.0,5.0,5.0,55.0,55.0,0.0,1.0,5.0,23.0,24.0,8.0,0.0,1.0,1.0,56.0,10.0,3.0,1.0,0.0,0.0,0.0,56.0,115.0,43.0,,1.0,4.0,0.0,63.0,20.0,12.0,44.0,1.0,76.0,1.3818181818181818,1.634746675853747,0.0,4.0,32.0,1.0,,,1.0,8.0,6.0,14.0,4.0,0.0,8.0,5.0,2.0,0.0,4.0,0.0,0.0,0.0,4.0,,,,,,,,,,,,,
hhl,5,qiskitaer,automatic,CPU,sync,1,4,7025.767451006686,5.0,40.0,5.0,5.0,55.0,55.0,0.0,1.0,5.0,23.0,24.0,8.0,0.0,1.0,1.0,56.0,10.0,3.0,1.0,0.0,0.0,0.0,56.0,115.0,43.0,,1.0,4.0,0.0,63.0,20.0,12.0,44.0,1.0,76.0,1.3818181818181818,1.634746675853747,0.0,4.0,32.0,1.0,,,1.0,8.0,6.0,14.0,4.0,0.0,8.0,5.0,2.0,0.0,4.0,0.0,0.0,0.0,4.0,,,,,,,,,,,,,
hhl,5,qiskitaer,automatic,CPU,sync,1,4,8210.611331996915,5.0,40.0,5.0,5.0,55.0,55.0,0.0,1.0,5.0,23.0,24.0,8.0,0.0,1.0,1.0,56.0,10.0,3.0,1.0,0.0,0.0,0.0,56.0,115.0,43.0,,1.0,4.0,0.0,63.0,20.0,12.0,44.0,1.0,76.0,1.3818181818181818,1.634746675853747,0.0,4.0,32.0,1.0,,,1.0,8.0,6.0,14.0,4.0,0.0,8.0,5.0,2.0,0.0,4.0,0.0,0.0,0.0,4.0,,,,,,,,,,,,,
hhl,5,qiskitaer,automatic,CPU,sync,1,4,7176.1351359964465,5.0,40.0,5.0,5.0,55.0,55.0,0.0,1.0,5.0,23.0,24.0,8.0,0.0,1.0,1.0,56.0,10.0,3.0,1.0,0.0,0.0,0.0,56.0,115.0,43.0,,1.0,4.0,0.0,63.0,20.0,12.0,44.0,1.0,76.0,1.3818181818181818,1.634746675853747,0.0,4.0,32.0,1.0,,,1.0,8.0,6.0,14.0,4.0,0.0,8.0,5.0,2.0,0.0,4.0,0.0,0.0,0.0,4.0,,,,,,,,,,,,,
hhl,5,qiskitaer,automatic,CPU,sync,1,4,7184.057267000753,5.0,40.0,5.0,5.0,55.0,55.0,0.0,1.0,5.0,23.0,24.0,8.0,0.0,1.0,1.0,56.0,10.0,3.0,1.0,0.0,0.0,0.0,56.0,115.0,43.0,,1.0,4.0,0.0,63.0,20.0,12.0,44.0,1.0,76.0,1.3818181818181818,1.634746675853747,0.0,4.0,32.0,1.0,,,1.0,8.0,6.0,14.0,4.0,0.0,8.0,5.0,2.0,0.0,4.0,0.0,0.0,0.0,4.0,,,,,,,,,,,,,
hhl,5,nwqsim,MPI,CPU,sync,1,8,683.0847280070884,5.0,40.0,5.0,5.0,55.0,55.0,0.0,1.0,5.0,23.0,24.0,8.0,0.0,1.0,1.0,56.0,10.0,3.0,1.0,0.0,0.0,0.0,56.0,115.0,43.0,,1.0,4.0,0.0,63.0,20.0,12.0,44.0,1.0,76.0,1.3818181818181818,1.634746675853747,0.0,4.0,32.0,1.0,,,1.0,8.0,6.0,14.0,4.0,0.0,8.0,5.0,2.0,0.0,4.0,0.0,0.0,0.0,4.0,,,,,,,,,,,,,
hhl,5,nwqsim,MPI,CPU,sync,1,8,377.6328430103604,5.0,40.0,5.0,5.0,55.0,55.0,0.0,1.0,5.0,23.0,24.0,8.0,0.0,1.0,1.0,56.0,10.0,3.0,1.0,0.0,0.0,0.0,56.0,115.0,43.0,,1.0,4.0,0.0,63.0,20.0,12.0,44.0,1.0,76.0,1.3818181818181818,1.634746675853747,0.0,4.0,32.0,1.0,,,1.0,8.0,6.0,14.0,4.0,0.0,8.0,5.0,2.0,0.0,4.0,0.0,0.0,0.0,4.0,,,,,,,,,,,,,
hhl,5,nwqsim,MPI,CPU,sync,1,8,348.69296998658683,5.0,40.0,5.0,5.0,55.0,55.0,0.0,1.0,5.0,23.0,24.0,8.0,0.0,1.0,1.0,56.0,10.0,3.0,1.0,0.0,0.0,0.0,56.0,115.0,43.0,,1.0,4.0,0.0,63.0,20.0,12.0,44.0,1.0,76.0,1.3818181818181818,1.634746675853747,0.0,4.0,32.0,1.0,,,1.0,8.0,6.0,14.0,4.0,0.0,8.0,5.0,2.0,0.0,4.0,0.0,0.0,0.0,4.0,,,,,,,,,,,,,
hhl,5,nwqsim,MPI,CPU,sync,1,8,683.0847280070884,5.0,40.0,5.0,5.0,55.0,55.0,0.0,1.0,5.0,23.0,24.0,8.0,0.0,1.0,1.0,56.0,10.0,3.0,1.0,0.0,0.0,0.0,56.0,115.0,43.0,,1.0,4.0,0.0,63.0,20.0,12.0,44.0,1.0,76.0,1.3818181818181818,1.634746675853747,0.0,4.0,32.0,1.0,,,1.0,8.0,6.0,14.0,4.0,0.0,8.0,5.0,2.0,0.0,4.0,0.0,0.0,0.0,4.0,,,,,,,,,,,,,
hhl,5,nwqsim,MPI,CPU,sync,1,8,377.6328430103604,5.0,40.0,5.0,5.0,55.0,55.0,0.0,1.0,5.0,23.0,24.0,8.0,0.0,1.0,1.0,56.0,10.0,3.0,1.0,0.0,0.0,0.0,56.0,115.0,43.0,,1.0,4.0,0.0,63.0,20.0,12.0,44.0,1.0,76.0,1.3818181818181818,1.634746675853747,0.0,4.0,32.0,1.0,,,1.0,8.0,6.0,14.0,4.0,0.0,8.0,5.0,2.0,0.0,4.0,0.0,0.0,0.0,4.0,,,,,,,,,,,,,
hhl,5,nwqsim,MPI,CPU,sync,1,8,348.69296998658683,5.0,40.0,5.0,5.0,55.0,55.0,0.0,1.0,5.0,23.0,24.0,8.0,0.0,1.0,1.0,56.0,10.0,3.0,1.0,0.0,0.0,0.0,56.0,115.0,43.0,,1.0,4.0,0.0,63.0,20.0,12.0,44.0,1.0,76.0,1.3818181818181818,1.634746675853747,0.0,4.0,32.0,1.0,,,1.0,8.0,6.0,14.0,4.0,0.0,8.0,5.0,2.0,0.0,4.0,0.0,0.0,0.0,4.0,,,,,,,,,,,,,
hhl,5,nwqsim,MPI,CPU,sync,1,4,732.0748440106399,5.0,40.0,5.0,5.0,55.0,55.0,0.0,1.0,5.0,23.0,24.0,8.0,0.0,1.0,1.0,56.0,10.0,3.0,1.0,0.0,0.0,0.0,56.0,115.0,43.0,,1.0,4.0,0.0,63.0,20.0,12.0,44.0,1.0,76.0,1.3818181818181818,1.634746675853747,0.0,4.0,32.0,1.0,,,1.0,8.0,6.0,14.0,4.0,0.0,8.0,5.0,2.0,0.0,4.0,0.0,0.0,0.0,4.0,,,,,,,,,,,,,
hhl,5,nwqsim,MPI,CPU,sync,1,4,404.34440301032737,5.0,40.0,5.0,5.0,55.0,55.0,0.0,1.0,5.0,23.0,24.0,8.0,0.0,1.0,1.0,56.0,10.0,3.0,1.0,0.0,0.0,0.0,56.0,115.0,43.0,,1.0,4.0,0.0,63.0,20.0,12.0,44.0,1.0,76.0,1.3818181818181818,1.634746675853747,0.0,4.0,32.0,1.0,,,1.0,8.0,6.0,14.0,4.0,0.0,8.0,5.0,2.0,0.0,4.0,0.0,0.0,0.0,4.0,,,,,,,,,,,,,
hhl,5,nwqsim,MPI,CPU,sync,1,4,395.6858740421012,5.0,40.0,5.0,5.0,55.0,55.0,0.0,1.0,5.0,23.0,24.0,8.0,0.0,1.0,1.0,56.0,10.0,3.0,1.0,0.0,0.0,0.0,56.0,115.0,43.0,,1.0,4.0,0.0,63.0,20.0,12.0,44.0,1.0,76.0,1.3818181818181818,1.634746675853747,0.0,4.0,32.0,1.0,,,1.0,8.0,6.0,14.0,4.0,0.0,8.0,5.0,2.0,0.0,4.0,0.0,0.0,0.0,4.0,,,,,,,,,,,,,
hhl,5,nwqsim,MPI,CPU,sync,1,4,732.0748440106399,5.0,40.0,5.0,5.0,55.0,55.0,0.0,1.0,5.0,23.0,24.0,8.0,0.0,1.0,1.0,56.0,10.0,3.0,1.0,0.0,0.0,0.0,56.0,115.0,43.0,,1.0,4.0,0.0,63.0,20.0,12.0,44.0,1.0,76.0,1.3818181818181818,1.634746675853747,0.0,4.0,32.0,1.0,,,1.0,8.0,6.0,14.0,4.0,0.0,8.0,5.0,2.0,0.0,4.0,0.0,0.0,0.0,4.0,,,,,,,,,,,,,
hhl,5,nwqsim,MPI,CPU,sync,1,4,404.34440301032737,5.0,40.0,5.0,5.0,55.0,55.0,0.0,1.0,5.0,23.0,24.0,8.0,0.0,1.0,1.0,56.0,10.0,3.0,1.0,0.0,0.0,0.0,56.0,115.0,43.0,,1.0,4.0,0.0,63.0,20.0,12.0,44.0,1.0,76.0,1.3818181818181818,1.634746675853747,0.0,4.0,32.0,1.0,,,1.0,8.0,6.0,14.0,4.0,0.0,8.0,5.0,2.0,0.0,4.0,0.0,0.0,0.0,4.0,,,,,,,,,,,,,
hhl,5,nwqsim,MPI,CPU,sync,1,4,395.6858740421012,5.0,40.0,5.0,5.0,55.0,55.0,0.0,1.0,5.0,23.0,24.0,8.0,0.0,1.0,1.0,56.0,10.0,3.0,1.0,0.0,0.0,0.0,56.0,115.0,43.0,,1.0,4.0,0.0,63.0,20.0,12.0,44.0,1.0,76.0,1.3818181818181818,1.634746675853747,0.0,4.0,32.0,1.0,,,1.0,8.0,6.0,14.0,4.0,0.0,8.0,5.0,2.0,0.0,4.0,0.0,0.0,0.0,4.0,,,,,,,,,,,,,
hhl,5,nwqsim,MPI,CPU,sync,1,4,1071.714856021572,5.0,40.0,5.0,5.0,55.0,55.0,0.0,1.0,5.0,23.0,24.0,8.0,0.0,1.0,1.0,56.0,10.0,3.0,1.0,0.0,0.0,0.0,56.0,115.0,43.0,,1.0,4.0,0.0,63.0,20.0,12.0,44.0,1.0,76.0,1.3818181818181818,1.634746675853747,0.0,4.0,32.0,1.0,,,1.0,8.0,6.0,14.0,4.0,0.0,8.0,5.0,2.0,0.0,4.0,0.0,0.0,0.0,4.0,,,,,,,,,,,,,
hhl,5,nwqsim,MPI,CPU,sync,1,4,1051.8771409988403,5.0,40.0,5.0,5.0,55.0,55.0,0.0,1.0,5.0,23.0,24.0,8.0,0.0,1.0,1.0,56.0,10.0,3.0,1.0,0.0,0.0,0.0,56.0,115.0,43.0,,1.0,4.0,0.0,63.0,20.0,12.0,44.0,1.0,76.0,1.3818181818181818,1.634746675853747,0.0,4.0,32.0,1.0,,,1.0,8.0,6.0,14.0,4.0,0.0,8.0,5.0,2.0,0.0,4.0,0.0,0.0,0.0,4.0,,,,,,,,,,,,,
hhl,5,nwqsim,MPI,CPU,sync,1,4,1049.9688709969632,5.0,40.0,5.0,5.0,55.0,55.0,0.0,1.0,5.0,23.0,24.0,8.0,0.0,1.0,1.0,56.0,10.0,3.0,1.0,0.0,0.0,0.0,56.0,115.0,43.0,,1.0,4.0,0.0,63.0,20.0,12.0,44.0,1.0,76.0,1.3818181818181818,1.634746675853747,0.0,4.0,32.0,1.0,,,1.0,8.0,6.0,14.0,4.0,0.0,8.0,5.0,2.0,0.0,4.0,0.0,0.0,0.0,4.0,,,,,,,,,,,,,
hhl,5,ibmq,ibm_miami,CPU,sync,1,4,12613.541940227151,5.0,40.0,5.0,5.0,55.0,55.0,0.0,1.0,5.0,23.0,24.0,8.0,0.0,1.0,1.0,56.0,10.0,3.0,1.0,0.0,0.0,0.0,56.0,115.0,43.0,,1.0,4.0,0.0,63.0,20.0,12.0,44.0,1.0,76.0,1.3818181818181818,1.634746675853747,0.0,4.0,32.0,1.0,,,1.0,8.0,6.0,14.0,4.0,0.0,8.0,5.0,2.0,0.0,4.0,0.0,0.0,0.0,4.0,,,,,,,,,,,,,
hhl,5,ibmq,ibm_torino,CPU,sync,1,4,12757.981681730598,5.0,40.0,5.0,5.0,55.0,55.0,0.0,1.0,5.0,23.0,24.0,8.0,0.0,1.0,1.0,56.0,10.0,3.0,1.0,0.0,0.0,0.0,56.0,115.0,43.0,,1.0,4.0,0.0,63.0,20.0,12.0,44.0,1.0,76.0,1.3818181818181818,1.634746675853747,0.0,4.0,32.0,1.0,,,1.0,8.0,6.0,14.0,4.0,0.0,8.0,5.0,2.0,0.0,4.0,0.0,0.0,0.0,4.0,,,,,,,,,,,,,
hhl,9,tnqvm,exatn-mps,CPU,sync,1,8,200275.85466699384,9.0,676.0,9.0,9.0,721.0,721.0,0.0,1.0,9.0,49.0,448.0,224.0,0.0,1.0,1.0,722.0,18.0,3.0,1.0,0.0,0.0,0.0,722.0,1653.0,679.0,,1.0,13.0,0.0,555.0,180.66666666666663,30.0,692.0,1.0,1592.0,2.2080443828016643,1.899263797285116,0.0,4.0,672.0,1.0,,,1.0,224.0,56.0,376.0,16.0,0.0,14.0,9.0,4.0,0.0,16.0,0.0,0.0,0.0,6.0,,,,,,,,,,,,,
hhl,9,tnqvm,exatn-mps,CPU,sync,1,8,200287.55517999525,9.0,676.0,9.0,9.0,721.0,721.0,0.0,1.0,9.0,49.0,448.0,224.0,0.0,1.0,1.0,722.0,18.0,3.0,1.0,0.0,0.0,0.0,722.0,1653.0,679.0,,1.0,13.0,0.0,555.0,180.66666666666663,30.0,692.0,1.0,1592.0,2.2080443828016643,1.899263797285116,0.0,4.0,672.0,1.0,,,1.0,224.0,56.0,376.0,16.0,0.0,14.0,9.0,4.0,0.0,16.0,0.0,0.0,0.0,6.0,,,,,,,,,,,,,
hhl,9,tnqvm,exatn-mps,CPU,sync,1,8,200267.22278501256,9.0,676.0,9.0,9.0,721.0,721.0,0.0,1.0,9.0,49.0,448.0,224.0,0.0,1.0,1.0,722.0,18.0,3.0,1.0,0.0,0.0,0.0,722.0,1653.0,679.0,,1.0,13.0,0.0,555.0,180.66666666666663,30.0,692.0,1.0,1592.0,2.2080443828016643,1.899263797285116,0.0,4.0,672.0,1.0,,,1.0,224.0,56.0,376.0,16.0,0.0,14.0,9.0,4.0,0.0,16.0,0.0,0.0,0.0,6.0,,,,,,,,,,,,,
hhl,9,tnqvm,exatn-mps,CPU,sync,1,8,200275.85466699384,9.0,676.0,9.0,9.0,721.0,721.0,0.0,1.0,9.0,49.0,448.0,224.0,0.0,1.0,1.0,722.0,18.0,3.0,1.0,0.0,0.0,0.0,722.0,1653.0,679.0,,1.0,13.0,0.0,555.0,180.66666666666663,30.0,692.0,1.0,1592.0,2.2080443828016643,1.899263797285116,0.0,4.0,672.0,1.0,,,1.0,224.0,56.0,376.0,16.0,0.0,14.0,9.0,4.0,0.0,16.0,0.0,0.0,0.0,6.0,,,,,,,,,,,,,
hhl,9,tnqvm,exatn-mps,CPU,sync,1,8,200287.55517999525,9.0,676.0,9.0,9.0,721.0,721.0,0.0,1.0,9.0,49.0,448.0,224.0,0.0,1.0,1.0,722.0,18.0,3.0,1.0,0.0,0.0,0.0,722.0,1653.0,679.0,,1.0,13.0,0.0,555.0,180.66666666666663,30.0,692.0,1.0,1592.0,2.2080443828016643,1.899263797285116,0.0,4.0,672.0,1.0,,,1.0,224.0,56.0,376.0,16.0,0.0,14.0,9.0,4.0,0.0,16.0,0.0,0.0,0.0,6.0,,,,,,,,,,,,,
hhl,9,tnqvm,exatn-mps,CPU,sync,1,8,200267.22278501256,9.0,676.0,9.0,9.0,721.0,721.0,0.0,1.0,9.0,49.0,448.0,224.0,0.0,1.0,1.0,722.0,18.0,3.0,1.0,0.0,0.0,0.0,722.0,1653.0,679.0,,1.0,13.0,0.0,555.0,180.66666666666663,30.0,692.0,1.0,1592.0,2.2080443828016643,1.899263797285116,0.0,4.0,672.0,1.0,,,1.0,224.0,56.0,376.0,16.0,0.0,14.0,9.0,4.0,0.0,16.0,0.0,0.0,0.0,6.0,,,,,,,,,,,,,
hhl,9,tnqvm,exatn-mps,CPU,sync,1,4,200271.30609104643,9.0,676.0,9.0,9.0,721.0,721.0,0.0,1.0,9.0,49.0,448.0,224.0,0.0,1.0,1.0,722.0,18.0,3.0,1.0,0.0,0.0,0.0,722.0,1653.0,679.0,,1.0,13.0,0.0,555.0,180.66666666666663,30.0,692.0,1.0,1592.0,2.2080443828016643,1.899263797285116,0.0,4.0,672.0,1.0,,,1.0,224.0,56.0,376.0,16.0,0.0,14.0,9.0,4.0,0.0,16.0,0.0,0.0,0.0,6.0,,,,,,,,,,,,,
hhl,9,tnqvm,exatn-mps,CPU,sync,1,4,200263.15792201785,9.0,676.0,9.0,9.0,721.0,721.0,0.0,1.0,9.0,49.0,448.0,224.0,0.0,1.0,1.0,722.0,18.0,3.0,1.0,0.0,0.0,0.0,722.0,1653.0,679.0,,1.0,13.0,0.0,555.0,180.66666666666663,30.0,692.0,1.0,1592.0,2.2080443828016643,1.899263797285116,0.0,4.0,672.0,1.0,,,1.0,224.0,56.0,376.0,16.0,0.0,14.0,9.0,4.0,0.0,16.0,0.0,0.0,0.0,6.0,,,,,,,,,,,,,
hhl,9,tnqvm,exatn-mps,CPU,sync,1,4,200266.02990098763,9.0,676.0,9.0,9.0,721.0,721.0,0.0,1.0,9.0,49.0,448.0,224.0,0.0,1.0,1.0,722.0,18.0,3.0,1.0,0.0,0.0,0.0,722.0,1653.0,679.0,,1.0,13.0,0.0,555.0,180.66666666666663,30.0,692.0,1.0,1592.0,2.2080443828016643,1.899263797285116,0.0,4.0,672.0,1.0,,,1.0,224.0,56.0,376.0,16.0,0.0,14.0,9.0,4.0,0.0,16.0,0.0,0.0,0.0,6.0,,,,,,,,,,,,,
hhl,9,tnqvm,exatn-mps,CPU,sync,1,4,200271.30609104643,9.0,676.0,9.0,9.0,721.0,721.0,0.0,1.0,9.0,49.0,448.0,224.0,0.0,1.0,1.0,722.0,18.0,3.0,1.0,0.0,0.0,0.0,722.0,1653.0,679.0,,1.0,13.0,0.0,555.0,180.66666666666663,30.0,692.0,1.0,1592.0,2.2080443828016643,1.899263797285116,0.0,4.0,672.0,1.0,,,1.0,224.0,56.0,376.0,16.0,0.0,14.0,9.0,4.0,0.0,16.0,0.0,0.0,0.0,6.0,,,,,,,,,,,,,
hhl,9,tnqvm,exatn-mps,CPU,sync,1,4,200263.15792201785,9.0,676.0,9.0,9.0,721.0,721.0,0.0,1.0,9.0,49.0,448.0,224.0,0.0,1.0,1.0,722.0,18.0,3.0,1.0,0.0,0.0,0.0,722.0,1653.0,679.0,,1.0,13.0,0.0,555.0,180.66666666666663,30.0,692.0,1.0,1592.0,2.2080443828016643,1.899263797285116,0.0,4.0,672.0,1.0,,,1.0,224.0,56.0,376.0,16.0,0.0,14.0,9.0,4.0,0.0,16.0,0.0,0.0,0.0,6.0,,,,,,,,,,,,,
hhl,9,tnqvm,exatn-mps,CPU,sync,1,4,200266.02990098763,9.0,676.0,9.0,9.0,721.0,721.0,0.0,1.0,9.0,49.0,448.0,224.0,0.0,1.0,1.0,722.0,18.0,3.0,1.0,0.0,0.0,0.0,722.0,1653.0,679.0,,1.0,13.0,0.0,555.0,180.66666666666663,30.0,692.0,1.0,1592.0,2.2080443828016643,1.899263797285116,0.0,4.0,672.0,1.0,,,1.0,224.0,56.0,376.0,16.0,0.0,14.0,9.0,4.0,0.0,16.0,0.0,0.0,0.0,6.0,,,,,,,,,,,,,
hhl,9,qiskitaer,statevector,CPU,sync,1,8,7593.602017004741,9.0,676.0,9.0,9.0,721.0,721.0,0.0,1.0,9.0,49.0,448.0,224.0,0.0,1.0,1.0,722.0,18.0,3.0,1.0,0.0,0.0,0.0,722.0,1653.0,679.0,,1.0,13.0,0.0,555.0,180.66666666666663,30.0,692.0,1.0,1592.0,2.2080443828016643,1.899263797285116,0.0,4.0,672.0,1.0,,,1.0,224.0,56.0,376.0,16.0,0.0,14.0,9.0,4.0,0.0,16.0,0.0,0.0,0.0,6.0,,,,,,,,,,,,,
hhl,9,qiskitaer,statevector,CPU,sync,1,8,6269.813304010313,9.0,676.0,9.0,9.0,721.0,721.0,0.0,1.0,9.0,49.0,448.0,224.0,0.0,1.0,1.0,722.0,18.0,3.0,1.0,0.0,0.0,0.0,722.0,1653.0,679.0,,1.0,13.0,0.0,555.0,180.66666666666663,30.0,692.0,1.0,1592.0,2.2080443828016643,1.899263797285116,0.0,4.0,672.0,1.0,,,1.0,224.0,56.0,376.0,16.0,0.0,14.0,9.0,4.0,0.0,16.0,0.0,0.0,0.0,6.0,,,,,,,,,,,,,
hhl,9,qiskitaer,statevector,CPU,sync,1,8,6249.066702002892,9.0,676.0,9.0,9.0,721.0,721.0,0.0,1.0,9.0,49.0,448.0,224.0,0.0,1.0,1.0,722.0,18.0,3.0,1.0,0.0,0.0,0.0,722.0,1653.0,679.0,,1.0,13.0,0.0,555.0,180.66666666666663,30.0,692.0,1.0,1592.0,2.2080443828016643,1.899263797285116,0.0,4.0,672.0,1.0,,,1.0,224.0,56.0,376.0,16.0,0.0,14.0,9.0,4.0,0.0,16.0,0.0,0.0,0.0,6.0,,,,,,,,,,,,,
hhl,9,qiskitaer,statevector,CPU,sync,1,8,7593.602017004741,9.0,676.0,9.0,9.0,721.0,721.0,0.0,1.0,9.0,49.0,448.0,224.0,0.0,1.0,1.0,722.0,18.0,3.0,1.0,0.0,0.0,0.0,722.0,1653.0,679.0,,1.0,13.0,0.0,555.0,180.66666666666663,30.0,692.0,1.0,1592.0,2.2080443828016643,1.899263797285116,0.0,4.0,672.0,1.0,,,1.0,224.0,56.0,376.0,16.0,0.0,14.0,9.0,4.0,0.0,16.0,0.0,0.0,0.0,6.0,,,,,,,,,,,,,
hhl,9,qiskitaer,statevector,CPU,sync,1,8,6269.813304010313,9.0,676.0,9.0,9.0,721.0,721.0,0.0,1.0,9.0,49.0,448.0,224.0,0.0,1.0,1.0,722.0,18.0,3.0,1.0,0.0,0.0,0.0,722.0,1653.0,679.0,,1.0,13.0,0.0,555.0,180.66666666666663,30.0,692.0,1.0,1592.0,2.2080443828016643,1.899263797285116,0.0,4.0,672.0,1.0,,,1.0,224.0,56.0,376.0,16.0,0.0,14.0,9.0,4.0,0.0,16.0,0.0,0.0,0.0,6.0,,,,,,,,,,,,,
hhl,9,qiskitaer,statevector,CPU,sync,1,8,6249.066702002892,9.0,676.0,9.0,9.0,721.0,721.0,0.0,1.0,9.0,49.0,448.0,224.0,0.0,1.0,1.0,722.0,18.0,3.0,1.0,0.0,0.0,0.0,722.0,1653.0,679.0,,1.0,13.0,0.0,555.0,180.66666666666663,30.0,692.0,1.0,1592.0,2.2080443828016643,1.899263797285116,0.0,4.0,672.0,1.0,,,1.0,224.0,56.0,376.0,16.0,0.0,14.0,9.0,4.0,0.0,16.0,0.0,0.0,0.0,6.0,,,,,,,,,,,,,
hhl,9,qiskitaer,statevector,CPU,sync,1,4,6862.664687971119,9.0,676.0,9.0,9.0,721.0,721.0,0.0,1.0,9.0,49.0,448.0,224.0,0.0,1.0,1.0,722.0,18.0,3.0,1.0,0.0,0.0,0.0,722.0,1653.0,679.0,,1.0,13.0,0.0,555.0,180.66666666666663,30.0,692.0,1.0,1592.0,2.2080443828016643,1.899263797285116,0.0,4.0,672.0,1.0,,,1.0,224.0,56.0,376.0,16.0,0.0,14.0,9.0,4.0,0.0,16.0,0.0,0.0,0.0,6.0,,,,,,,,,,,,,
hhl,9,qiskitaer,statevector,CPU,sync,1,4,5614.184911013581,9.0,676.0,9.0,9.0,721.0,721.0,0.0,1.0,9.0,49.0,448.0,224.0,0.0,1.0,1.0,722.0,18.0,3.0,1.0,0.0,0.0,0.0,722.0,1653.0,679.0,,1.0,13.0,0.0,555.0,180.66666666666663,30.0,692.0,1.0,1592.0,2.2080443828016643,1.899263797285116,0.0,4.0,672.0,1.0,,,1.0,224.0,56.0,376.0,16.0,0.0,14.0,9.0,4.0,0.0,16.0,0.0,0.0,0.0,6.0,,,,,,,,,,,,,
hhl,9,qiskitaer,statevector,CPU,sync,1,4,6573.842604004312,9.0,676.0,9.0,9.0,721.0,721.0,0.0,1.0,9.0,49.0,448.0,224.0,0.0,1.0,1.0,722.0,18.0,3.0,1.0,0.0,0.0,0.0,722.0,1653.0,679.0,,1.0,13.0,0.0,555.0,180.66666666666663,30.0,692.0,1.0,1592.0,2.2080443828016643,1.899263797285116,0.0,4.0,672.0,1.0,,,1.0,224.0,56.0,376.0,16.0,0.0,14.0,9.0,4.0,0.0,16.0,0.0,0.0,0.0,6.0,,,,,,,,,,,,,
hhl,9,qiskitaer,statevector,CPU,sync,1,4,6862.664687971119,9.0,676.0,9.0,9.0,721.0,721.0,0.0,1.0,9.0,49.0,448.0,224.0,0.0,1.0,1.0,722.0,18.0,3.0,1.0,0.0,0.0,0.0,722.0,1653.0,679.0,,1.0,13.0,0.0,555.0,180.66666666666663,30.0,692.0,1.0,1592.0,2.2080443828016643,1.899263797285116,0.0,4.0,672.0,1.0,,,1.0,224.0,56.0,376.0,16.0,0.0,14.0,9.0,4.0,0.0,16.0,0.0,0.0,0.0,6.0,,,,,,,,,,,,,
hhl,9,qiskitaer,statevector,CPU,sync,1,4,5614.184911013581,9.0,676.0,9.0,9.0,721.0,721.0,0.0,1.0,9.0,49.0,448.0,224.0,0.0,1.0,1.0,722.0,18.0,3.0,1.0,0.0,0.0,0.0,722.0,1653.0,679.0,,1.0,13.0,0.0,555.0,180.66666666666663,30.0,692.0,1.0,1592.0,2.2080443828016643,1.899263797285116,0.0,4.0,672.0,1.0,,,1.0,224.0,56.0,376.0,16.0,0.0,14.0,9.0,4.0,0.0,16.0,0.0,0.0,0.0,6.0,,,,,,,,,,,,,
hhl,9,qiskitaer,statevector,CPU,sync,1,4,6573.842604004312,9.0,676.0,9.0,9.0,721.0,721.0,0.0,1.0,9.0,49.0,448.0,224.0,0.0,1.0,1.0,722.0,18.0,3.0,1.0,0.0,0.0,0.0,722.0,1653.0,679.0,,1.0,13.0,0.0,555.0,180.66666666666663,30.0,692.0,1.0,1592.0,2.2080443828016643,1.899263797285116,0.0,4.0,672.0,1.0,,,1.0,224.0,56.0,376.0,16.0,0.0,14.0,9.0,4.0,0.0,16.0,0.0,0.0,0.0,6.0,,,,,,,,,,,,,
hhl,9,qiskitaer,statevector,CPU,sync,1,4,11304.448194998258,9.0,676.0,9.0,9.0,721.0,721.0,0.0,1.0,9.0,49.0,448.0,224.0,0.0,1.0,1.0,722.0,18.0,3.0,1.0,0.0,0.0,0.0,722.0,1653.0,679.0,,1.0,13.0,0.0,555.0,180.66666666666663,30.0,692.0,1.0,1592.0,2.2080443828016643,1.899263797285116,0.0,4.0,672.0,1.0,,,1.0,224.0,56.0,376.0,16.0,0.0,14.0,9.0,4.0,0.0,16.0,0.0,0.0,0.0,6.0,,,,,,,,,,,,,
hhl,9,qiskitaer,statevector,CPU,sync,1,4,8279.852397001378,9.0,676.0,9.0,9.0,721.0,721.0,0.0,1.0,9.0,49.0,448.0,224.0,0.0,1.0,1.0,722.0,18.0,3.0,1.0,0.0,0.0,0.0,722.0,1653.0,679.0,,1.0,13.0,0.0,555.0,180.66666666666663,30.0,692.0,1.0,1592.0,2.2080443828016643,1.899263797285116,0.0,4.0,672.0,1.0,,,1.0,224.0,56.0,376.0,16.0,0.0,14.0,9.0,4.0,0.0,16.0,0.0,0.0,0.0,6.0,,,,,,,,,,,,,
hhl,9,qiskitaer,statevector,CPU,sync,1,4,7249.647888998879,9.0,676.0,9.0,9.0,721.0,721.0,0.0,1.0,9.0,49.0,448.0,224.0,0.0,1.0,1.0,722.0,18.0,3.0,1.0,0.0,0.0,0.0,722.0,1653.0,679.0,,1.0,13.0,0.0,555.0,180.66666666666663,30.0,692.0,1.0,1592.0,2.2080443828016643,1.899263797285116,0.0,4.0,672.0,1.0,,,1.0,224.0,56.0,376.0,16.0,0.0,14.0,9.0,4.0,0.0,16.0,0.0,0.0,0.0,6.0,,,,,,,,,,,,,
hhl,9,qiskitaer,statevector,CPU,sync,1,16,11322.859508014517,9.0,676.0,9.0,9.0,721.0,721.0,0.0,1.0,9.0,49.0,448.0,224.0,0.0,1.0,1.0,722.0,18.0,3.0,1.0,0.0,0.0,0.0,722.0,1653.0,679.0,,1.0,13.0,0.0,555.0,180.66666666666663,30.0,692.0,1.0,1592.0,2.2080443828016643,1.899263797285116,0.0,4.0,672.0,1.0,,,1.0,224.0,56.0,376.0,16.0,0.0,14.0,9.0,4.0,0.0,16.0,0.0,0.0,0.0,6.0,,,,,,,,,,,,,
hhl,9,qiskitaer,statevector,CPU,sync,1,16,8248.903722007526,9.0,676.0,9.0,9.0,721.0,721.0,0.0,1.0,9.0,49.0,448.0,224.0,0.0,1.0,1.0,722.0,18.0,3.0,1.0,0.0,0.0,0.0,722.0,1653.0,679.0,,1.0,13.0,0.0,555.0,180.66666666666663,30.0,692.0,1.0,1592.0,2.2080443828016643,1.899263797285116,0.0,4.0,672.0,1.0,,,1.0,224.0,56.0,376.0,16.0,0.0,14.0,9.0,4.0,0.0,16.0,0.0,0.0,0.0,6.0,,,,,,,,,,,,,
hhl,9,qiskitaer,statevector,CPU,sync,1,16,8292.796944995644,9.0,676.0,9.0,9.0,721.0,721.0,0.0,1.0,9.0,49.0,448.0,224.0,0.0,1.0,1.0,722.0,18.0,3.0,1.0,0.0,0.0,0.0,722.0,1653.0,679.0,,1.0,13.0,0.0,555.0,180.66666666666663,30.0,692.0,1.0,1592.0,2.2080443828016643,1.899263797285116,0.0,4.0,672.0,1.0,,,1.0,224.0,56.0,376.0,16.0,0.0,14.0,9.0,4.0,0.0,16.0,0.0,0.0,0.0,6.0,,,,,,,,,,,,,
hhl,9,qiskitaer,automatic,CPU,sync,1,8,7588.233397997101,9.0,676.0,9.0,9.0,721.0,721.0,0.0,1.0,9.0,49.0,448.0,224.0,0.0,1.0,1.0,722.0,18.0,3.0,1.0,0.0,0.0,0.0,722.0,1653.0,679.0,,1.0,13.0,0.0,555.0,180.66666666666663,30.0,692.0,1.0,1592.0,2.2080443828016643,1.899263797285116,0.0,4.0,672.0,1.0,,,1.0,224.0,56.0,376.0,16.0,0.0,14.0,9.0,4.0,0.0,16.0,0.0,0.0,0.0,6.0,,,,,,,,,,,,,
hhl,9,qiskitaer,automatic,CPU,sync,1,8,6662.005728998338,9.0,676.0,9.0,9.0,721.0,721.0,0.0,1.0,9.0,49.0,448.0,224.0,0.0,1.0,1.0,722.0,18.0,3.0,1.0,0.0,0.0,0.0,722.0,1653.0,679.0,,1.0,13.0,0.0,555.0,180.66666666666663,30.0,692.0,1.0,1592.0,2.2080443828016643,1.899263797285116,0.0,4.0,672.0,1.0,,,1.0,224.0,56.0,376.0,16.0,0.0,14.0,9.0,4.0,0.0,16.0,0.0,0.0,0.0,6.0,,,,,,,,,,,,,
hhl,9,qiskitaer,automatic,CPU,sync,1,8,6376.260960998479,9.0,676.0,9.0,9.0,721.0,721.0,0.0,1.0,9.0,49.0,448.0,224.0,0.0,1.0,1.0,722.0,18.0,3.0,1.0,0.0,0.0,0.0,722.0,1653.0,679.0,,1.0,13.0,0.0,555.0,180.66666666666663,30.0,692.0,1.0,1592.0,2.2080443828016643,1.899263797285116,0.0,4.0,672.0,1.0,,,1.0,224.0,56.0,376.0,16.0,0.0,14.0,9.0,4.0,0.0,16.0,0.0,0.0,0.0,6.0,,,,,,,,,,,,,
hhl,9,qiskitaer,automatic,CPU,sync,1,8,7588.233397997101,9.0,676.0,9.0,9.0,721.0,721.0,0.0,1.0,9.0,49.0,448.0,224.0,0.0,1.0,1.0,722.0,18.0,3.0,1.0,0.0,0.0,0.0,722.0,1653.0,679.0,,1.0,13.0,0.0,555.0,180.66666666666663,30.0,692.0,1.0,1592.0,2.2080443828016643,1.899263797285116,0.0,4.0,672.0,1.0,,,1.0,224.0,56.0,376.0,16.0,0.0,14.0,9.0,4.0,0.0,16.0,0.0,0.0,0.0,6.0,,,,,,,,,,,,,
hhl,9,qiskitaer,automatic,CPU,sync,1,8,6662.005728998338,9.0,676.0,9.0,9.0,721.0,721.0,0.0,1.0,9.0,49.0,448.0,224.0,0.0,1.0,1.0,722.0,18.0,3.0,1.0,0.0,0.0,0.0,722.0,1653.0,679.0,,1.0,13.0,0.0,555.0,180.66666666666663,30.0,692.0,1.0,1592.0,2.2080443828016643,1.899263797285116,0.0,4.0,672.0,1.0,,,1.0,224.0,56.0,376.0,16.0,0.0,14.0,9.0,4.0,0.0,16.0,0.0,0.0,0.0,6.0,,,,,,,,,,,,,
hhl,9,qiskitaer,automatic,CPU,sync,1,8,6376.260960998479,9.0,676.0,9.0,9.0,721.0,721.0,0.0,1.0,9.0,49.0,448.0,224.0,0.0,1.0,1.0,722.0,18.0,3.0,1.0,0.0,0.0,0.0,722.0,1653.0,679.0,,1.0,13.0,0.0,555.0,180.66666666666663,30.0,692.0,1.0,1592.0,2.2080443828016643,1.899263797285116,0.0,4.0,672.0,1.0,,,1.0,224.0,56.0,376.0,16.0,0.0,14.0,9.0,4.0,0.0,16.0,0.0,0.0,0.0,6.0,,,,,,,,,,,,,
hhl,9,qiskitaer,automatic,CPU,sync,1,8,10315.507448998687,9.0,676.0,9.0,9.0,721.0,721.0,0.0,1.0,9.0,49.0,448.0,224.0,0.0,1.0,1.0,722.0,18.0,3.0,1.0,0.0,0.0,0.0,722.0,1653.0,679.0,,1.0,13.0,0.0,555.0,180.66666666666663,30.0,692.0,1.0,1592.0,2.2080443828016643,1.899263797285116,0.0,4.0,672.0,1.0,,,1.0,224.0,56.0,376.0,16.0,0.0,14.0,9.0,4.0,0.0,16.0,0.0,0.0,0.0,6.0,,,,,,,,,,,,,
hhl,9,qiskitaer,automatic,CPU,sync,1,8,7217.296387003444,9.0,676.0,9.0,9.0,721.0,721.0,0.0,1.0,9.0,49.0,448.0,224.0,0.0,1.0,1.0,722.0,18.0,3.0,1.0,0.0,0.0,0.0,722.0,1653.0,679.0,,1.0,13.0,0.0,555.0,180.66666666666663,30.0,692.0,1.0,1592.0,2.2080443828016643,1.899263797285116,0.0,4.0,672.0,1.0,,,1.0,224.0,56.0,376.0,16.0,0.0,14.0,9.0,4.0,0.0,16.0,0.0,0.0,0.0,6.0,,,,,,,,,,,,,
hhl,9,qiskitaer,automatic,CPU,sync,1,8,6203.658809994522,9.0,676.0,9.0,9.0,721.0,721.0,0.0,1.0,9.0,49.0,448.0,224.0,0.0,1.0,1.0,722.0,18.0,3.0,1.0,0.0,0.0,0.0,722.0,1653.0,679.0,,1.0,13.0,0.0,555.0,180.66666666666663,30.0,692.0,1.0,1592.0,2.2080443828016643,1.899263797285116,0.0,4.0,672.0,1.0,,,1.0,224.0,56.0,376.0,16.0,0.0,14.0,9.0,4.0,0.0,16.0,0.0,0.0,0.0,6.0,,,,,,,,,,,,,
hhl,9,qiskitaer,automatic,CPU,sync,1,4,7086.189475026913,9.0,676.0,9.0,9.0,721.0,721.0,0.0,1.0,9.0,49.0,448.0,224.0,0.0,1.0,1.0,722.0,18.0,3.0,1.0,0.0,0.0,0.0,722.0,1653.0,679.0,,1.0,13.0,0.0,555.0,180.66666666666663,30.0,692.0,1.0,1592.0,2.2080443828016643,1.899263797285116,0.0,4.0,672.0,1.0,,,1.0,224.0,56.0,376.0,16.0,0.0,14.0,9.0,4.0,0.0,16.0,0.0,0.0,0.0,6.0,,,,,,,,,,,,,
hhl,9,qiskitaer,automatic,CPU,sync,1,4,5079.059151001275,9.0,676.0,9.0,9.0,721.0,721.0,0.0,1.0,9.0,49.0,448.0,224.0,0.0,1.0,1.0,722.0,18.0,3.0,1.0,0.0,0.0,0.0,722.0,1653.0,679.0,,1.0,13.0,0.0,555.0,180.66666666666663,30.0,692.0,1.0,1592.0,2.2080443828016643,1.899263797285116,0.0,4.0,672.0,1.0,,,1.0,224.0,56.0,376.0,16.0,0.0,14.0,9.0,4.0,0.0,16.0,0.0,0.0,0.0,6.0,,,,,,,,,,,,,
hhl,9,qiskitaer,automatic,CPU,sync,1,4,6175.958326028194,9.0,676.0,9.0,9.0,721.0,721.0,0.0,1.0,9.0,49.0,448.0,224.0,0.0,1.0,1.0,722.0,18.0,3.0,1.0,0.0,0.0,0.0,722.0,1653.0,679.0,,1.0,13.0,0.0,555.0,180.66666666666663,30.0,692.0,1.0,1592.0,2.2080443828016643,1.899263797285116,0.0,4.0,672.0,1.0,,,1.0,224.0,56.0,376.0,16.0,0.0,14.0,9.0,4.0,0.0,16.0,0.0,0.0,0.0,6.0,,,,,,,,,,,,,
hhl,9,qiskitaer,automatic,CPU,sync,1,4,7086.189475026913,9.0,676.0,9.0,9.0,721.0,721.0,0.0,1.0,9.0,49.0,448.0,224.0,0.0,1.0,1.0,722.0,18.0,3.0,1.0,0.0,0.0,0.0,722.0,1653.0,679.0,,1.0,13.0,0.0,555.0,180.66666666666663,30.0,692.0,1.0,1592.0,2.2080443828016643,1.899263797285116,0.0,4.0,672.0,1.0,,,1.0,224.0,56.0,376.0,16.0,0.0,14.0,9.0,4.0,0.0,16.0,0.0,0.0,0.0,6.0,,,,,,,,,,,,,
hhl,9,qiskitaer,automatic,CPU,sync,1,4,5079.059151001275,9.0,676.0,9.0,9.0,721.0,721.0,0.0,1.0,9.0,49.0,448.0,224.0,0.0,1.0,1.0,722.0,18.0,3.0,1.0,0.0,0.0,0.0,722.0,1653.0,679.0,,1.0,13.0,0.0,555.0,180.66666666666663,30.0,692.0,1.0,1592.0,2.2080443828016643,1.899263797285116,0.0,4.0,672.0,1.0,,,1.0,224.0,56.0,376.0,16.0,0.0,14.0,9.0,4.0,0.0,16.0,0.0,0.0,0.0,6.0,,,,,,,,,,,,,
hhl,9,qiskitaer,automatic,CPU,sync,1,4,6175.958326028194,9.0,676.0,9.0,9.0,721.0,721.0,0.0,1.0,9.0,49.0,448.0,224.0,0.0,1.0,1.0,722.0,18.0,3.0,1.0,0.0,0.0,0.0,722.0,1653.0,679.0,,1.0,13.0,0.0,555.0,180.66666666666663,30.0,692.0,1.0,1592.0,2.2080443828016643,1.899263797285116,0.0,4.0,672.0,1.0,,,1.0,224.0,56.0,376.0,16.0,0.0,14.0,9.0,4.0,0.0,16.0,0.0,0.0,0.0,6.0,,,,,,,,,,,,,
hhl,9,qiskitaer,automatic,CPU,sync,1,4,12325.437459017849,9.0,676.0,9.0,9.0,721.0,721.0,0.0,1.0,9.0,49.0,448.0,224.0,0.0,1.0,1.0,722.0,18.0,3.0,1.0,0.0,0.0,0.0,722.0,1653.0,679.0,,1.0,13.0,0.0,555.0,180.66666666666663,30.0,692.0,1.0,1592.0,2.2080443828016643,1.899263797285116,0.0,4.0,672.0,1.0,,,1.0,224.0,56.0,376.0,16.0,0.0,14.0,9.0,4.0,0.0,16.0,0.0,0.0,0.0,6.0,,,,,,,,,,,,,
hhl,9,qiskitaer,automatic,CPU,sync,1,4,8463.025012024445,9.0,676.0,9.0,9.0,721.0,721.0,0.0,1.0,9.0,49.0,448.0,224.0,0.0,1.0,1.0,722.0,18.0,3.0,1.0,0.0,0.0,0.0,722.0,1653.0,679.0,,1.0,13.0,0.0,555.0,180.66666666666663,30.0,692.0,1.0,1592.0,2.2080443828016643,1.899263797285116,0.0,4.0,672.0,1.0,,,1.0,224.0,56.0,376.0,16.0,0.0,14.0,9.0,4.0,0.0,16.0,0.0,0.0,0.0,6.0,,,,,,,,,,,,,
hhl,9,qiskitaer,automatic,CPU,sync,1,4,7253.602670010878,9.0,676.0,9.0,9.0,721.0,721.0,0.0,1.0,9.0,49.0,448.0,224.0,0.0,1.0,1.0,722.0,18.0,3.0,1.0,0.0,0.0,0.0,722.0,1653.0,679.0,,1.0,13.0,0.0,555.0,180.66666666666663,30.0,692.0,1.0,1592.0,2.2080443828016643,1.899263797285116,0.0,4.0,672.0,1.0,,,1.0,224.0,56.0,376.0,16.0,0.0,14.0,9.0,4.0,0.0,16.0,0.0,0.0,0.0,6.0,,,,,,,,,,,,,
hhl,9,qiskitaer,automatic,CPU,sync,1,16,10281.257094000466,9.0,676.0,9.0,9.0,721.0,721.0,0.0,1.0,9.0,49.0,448.0,224.0,0.0,1.0,1.0,722.0,18.0,3.0,1.0,0.0,0.0,0.0,722.0,1653.0,679.0,,1.0,13.0,0.0,555.0,180.66666666666663,30.0,692.0,1.0,1592.0,2.2080443828016643,1.899263797285116,0.0,4.0,672.0,1.0,,,1.0,224.0,56.0,376.0,16.0,0.0,14.0,9.0,4.0,0.0,16.0,0.0,0.0,0.0,6.0,,,,,,,,,,,,,
hhl,9,qiskitaer,automatic,CPU,sync,1,16,7240.6698770064395,9.0,676.0,9.0,9.0,721.0,721.0,0.0,1.0,9.0,49.0,448.0,224.0,0.0,1.0,1.0,722.0,18.0,3.0,1.0,0.0,0.0,0.0,722.0,1653.0,679.0,,1.0,13.0,0.0,555.0,180.66666666666663,30.0,692.0,1.0,1592.0,2.2080443828016643,1.899263797285116,0.0,4.0,672.0,1.0,,,1.0,224.0,56.0,376.0,16.0,0.0,14.0,9.0,4.0,0.0,16.0,0.0,0.0,0.0,6.0,,,,,,,,,,,,,
hhl,9,qiskitaer,automatic,CPU,sync,1,16,7225.37573100999,9.0,676.0,9.0,9.0,721.0,721.0,0.0,1.0,9.0,49.0,448.0,224.0,0.0,1.0,1.0,722.0,18.0,3.0,1.0,0.0,0.0,0.0,722.0,1653.0,679.0,,1.0,13.0,0.0,555.0,180.66666666666663,30.0,692.0,1.0,1592.0,2.2080443828016643,1.899263797285116,0.0,4.0,672.0,1.0,,,1.0,224.0,56.0,376.0,16.0,0.0,14.0,9.0,4.0,0.0,16.0,0.0,0.0,0.0,6.0,,,,,,,,,,,,,
hhl,9,nwqsim,MPI,CPU,sync,1,4,800.3859840100631,9.0,676.0,9.0,9.0,721.0,721.0,0.0,1.0,9.0,49.0,448.0,224.0,0.0,1.0,1.0,722.0,18.0,3.0,1.0,0.0,0.0,0.0,722.0,1653.0,679.0,,1.0,13.0,0.0,555.0,180.66666666666663,30.0,692.0,1.0,1592.0,2.2080443828016643,1.899263797285116,0.0,4.0,672.0,1.0,,,1.0,224.0,56.0,376.0,16.0,0.0,14.0,9.0,4.0,0.0,16.0,0.0,0.0,0.0,6.0,,,,,,,,,,,,,
hhl,9,nwqsim,MPI,CPU,sync,1,4,445.7775680348277,9.0,676.0,9.0,9.0,721.0,721.0,0.0,1.0,9.0,49.0,448.0,224.0,0.0,1.0,1.0,722.0,18.0,3.0,1.0,0.0,0.0,0.0,722.0,1653.0,679.0,,1.0,13.0,0.0,555.0,180.66666666666663,30.0,692.0,1.0,1592.0,2.2080443828016643,1.899263797285116,0.0,4.0,672.0,1.0,,,1.0,224.0,56.0,376.0,16.0,0.0,14.0,9.0,4.0,0.0,16.0,0.0,0.0,0.0,6.0,,,,,,,,,,,,,
hhl,9,nwqsim,MPI,CPU,sync,1,4,449.70896700397134,9.0,676.0,9.0,9.0,721.0,721.0,0.0,1.0,9.0,49.0,448.0,224.0,0.0,1.0,1.0,722.0,18.0,3.0,1.0,0.0,0.0,0.0,722.0,1653.0,679.0,,1.0,13.0,0.0,555.0,180.66666666666663,30.0,692.0,1.0,1592.0,2.2080443828016643,1.899263797285116,0.0,4.0,672.0,1.0,,,1.0,224.0,56.0,376.0,16.0,0.0,14.0,9.0,4.0,0.0,16.0,0.0,0.0,0.0,6.0,,,,,,,,,,,,,
hhl,9,nwqsim,MPI,CPU,sync,1,4,800.3859840100631,9.0,676.0,9.0,9.0,721.0,721.0,0.0,1.0,9.0,49.0,448.0,224.0,0.0,1.0,1.0,722.0,18.0,3.0,1.0,0.0,0.0,0.0,722.0,1653.0,679.0,,1.0,13.0,0.0,555.0,180.66666666666663,30.0,692.0,1.0,1592.0,2.2080443828016643,1.899263797285116,0.0,4.0,672.0,1.0,,,1.0,224.0,56.0,376.0,16.0,0.0,14.0,9.0,4.0,0.0,16.0,0.0,0.0,0.0,6.0,,,,,,,,,,,,,
hhl,9,nwqsim,MPI,CPU,sync,1,4,445.7775680348277,9.0,676.0,9.0,9.0,721.0,721.0,0.0,1.0,9.0,49.0,448.0,224.0,0.0,1.0,1.0,722.0,18.0,3.0,1.0,0.0,0.0,0.0,722.0,1653.0,679.0,,1.0,13.0,0.0,555.0,180.66666666666663,30.0,692.0,1.0,1592.0,2.2080443828016643,1.899263797285116,0.0,4.0,672.0,1.0,,,1.0,224.0,56.0,376.0,16.0,0.0,14.0,9.0,4.0,0.0,16.0,0.0,0.0,0.0,6.0,,,,,,,,,,,,,
hhl,9,nwqsim,MPI,CPU,sync,1,4,449.70896700397134,9.0,676.0,9.0,9.0,721.0,721.0,0.0,1.0,9.0,49.0,448.0,224.0,0.0,1.0,1.0,722.0,18.0,3.0,1.0,0.0,0.0,0.0,722.0,1653.0,679.0,,1.0,13.0,0.0,555.0,180.66666666666663,30.0,692.0,1.0,1592.0,2.2080443828016643,1.899263797285116,0.0,4.0,672.0,1.0,,,1.0,224.0,56.0,376.0,16.0,0.0,14.0,9.0,4.0,0.0,16.0,0.0,0.0,0.0,6.0,,,,,,,,,,,,,
hhl,9,nwqsim,MPI,CPU,sync,1,4,1106.5647580253426,9.0,676.0,9.0,9.0,721.0,721.0,0.0,1.0,9.0,49.0,448.0,224.0,0.0,1.0,1.0,722.0,18.0,3.0,1.0,0.0,0.0,0.0,722.0,1653.0,679.0,,1.0,13.0,0.0,555.0,180.66666666666663,30.0,692.0,1.0,1592.0,2.2080443828016643,1.899263797285116,0.0,4.0,672.0,1.0,,,1.0,224.0,56.0,376.0,16.0,0.0,14.0,9.0,4.0,0.0,16.0,0.0,0.0,0.0,6.0,,,,,,,,,,,,,
hhl,9,nwqsim,MPI,CPU,sync,1,4,1094.9037550017238,9.0,676.0,9.0,9.0,721.0,721.0,0.0,1.0,9.0,49.0,448.0,224.0,0.0,1.0,1.0,722.0,18.0,3.0,1.0,0.0,0.0,0.0,722.0,1653.0,679.0,,1.0,13.0,0.0,555.0,180.66666666666663,30.0,692.0,1.0,1592.0,2.2080443828016643,1.899263797285116,0.0,4.0,672.0,1.0,,,1.0,224.0,56.0,376.0,16.0,0.0,14.0,9.0,4.0,0.0,16.0,0.0,0.0,0.0,6.0,,,,,,,,,,,,,
hhl,9,nwqsim,MPI,CPU,sync,1,4,1098.2630889920983,9.0,676.0,9.0,9.0,721.0,721.0,0.0,1.0,9.0,49.0,448.0,224.0,0.0,1.0,1.0,722.0,18.0,3.0,1.0,0.0,0.0,0.0,722.0,1653.0,679.0,,1.0,13.0,0.0,555.0,180.66666666666663,30.0,692.0,1.0,1592.0,2.2080443828016643,1.899263797285116,0.0,4.0,672.0,1.0,,,1.0,224.0,56.0,376.0,16.0,0.0,14.0,9.0,4.0,0.0,16.0,0.0,0.0,0.0,6.0,,,,,,,,,,,,,
hhl,9,nwqsim,MPI,CPU,sync,1,8,984.5871519937646,9.0,676.0,9.0,9.0,721.0,721.0,0.0,1.0,9.0,49.0,448.0,224.0,0.0,1.0,1.0,722.0,18.0,3.0,1.0,0.0,0.0,0.0,722.0,1653.0,679.0,,1.0,13.0,0.0,555.0,180.66666666666663,30.0,692.0,1.0,1592.0,2.2080443828016643,1.899263797285116,0.0,4.0,672.0,1.0,,,1.0,224.0,56.0,376.0,16.0,0.0,14.0,9.0,4.0,0.0,16.0,0.0,0.0,0.0,6.0,,,,,,,,,,,,,
hhl,9,nwqsim,MPI,CPU,sync,1,8,415.628116010339,9.0,676.0,9.0,9.0,721.0,721.0,0.0,1.0,9.0,49.0,448.0,224.0,0.0,1.0,1.0,722.0,18.0,3.0,1.0,0.0,0.0,0.0,722.0,1653.0,679.0,,1.0,13.0,0.0,555.0,180.66666666666663,30.0,692.0,1.0,1592.0,2.2080443828016643,1.899263797285116,0.0,4.0,672.0,1.0,,,1.0,224.0,56.0,376.0,16.0,0.0,14.0,9.0,4.0,0.0,16.0,0.0,0.0,0.0,6.0,,,,,,,,,,,,,
hhl,9,nwqsim,MPI,CPU,sync,1,8,411.4056749967858,9.0,676.0,9.0,9.0,721.0,721.0,0.0,1.0,9.0,49.0,448.0,224.0,0.0,1.0,1.0,722.0,18.0,3.0,1.0,0.0,0.0,0.0,722.0,1653.0,679.0,,1.0,13.0,0.0,555.0,180.66666666666663,30.0,692.0,1.0,1592.0,2.2080443828016643,1.899263797285116,0.0,4.0,672.0,1.0,,,1.0,224.0,56.0,376.0,16.0,0.0,14.0,9.0,4.0,0.0,16.0,0.0,0.0,0.0,6.0,,,,,,,,,,,,,
hhl,9,nwqsim,MPI,CPU,sync,1,8,984.5871519937646,9.0,676.0,9.0,9.0,721.0,721.0,0.0,1.0,9.0,49.0,448.0,224.0,0.0,1.0,1.0,722.0,18.0,3.0,1.0,0.0,0.0,0.0,722.0,1653.0,679.0,,1.0,13.0,0.0,555.0,180.66666666666663,30.0,692.0,1.0,1592.0,2.2080443828016643,1.899263797285116,0.0,4.0,672.0,1.0,,,1.0,224.0,56.0,376.0,16.0,0.0,14.0,9.0,4.0,0.0,16.0,0.0,0.0,0.0,6.0,,,,,,,,,,,,,
hhl,9,nwqsim,MPI,CPU,sync,1,8,415.628116010339,9.0,676.0,9.0,9.0,721.0,721.0,0.0,1.0,9.0,49.0,448.0,224.0,0.0,1.0,1.0,722.0,18.0,3.0,1.0,0.0,0.0,0.0,722.0,1653.0,679.0,,1.0,13.0,0.0,555.0,180.66666666666663,30.0,692.0,1.0,1592.0,2.2080443828016643,1.899263797285116,0.0,4.0,672.0,1.0,,,1.0,224.0,56.0,376.0,16.0,0.0,14.0,9.0,4.0,0.0,16.0,0.0,0.0,0.0,6.0,,,,,,,,,,,,,
hhl,9,nwqsim,MPI,CPU,sync,1,8,411.4056749967858,9.0,676.0,9.0,9.0,721.0,721.0,0.0,1.0,9.0,49.0,448.0,224.0,0.0,1.0,1.0,722.0,18.0,3.0,1.0,0.0,0.0,0.0,722.0,1653.0,679.0,,1.0,13.0,0.0,555.0,180.66666666666663,30.0,692.0,1.0,1592.0,2.2080443828016643,1.899263797285116,0.0,4.0,672.0,1.0,,,1.0,224.0,56.0,376.0,16.0,0.0,14.0,9.0,4.0,0.0,16.0,0.0,0.0,0.0,6.0,,,,,,,,,,,,,
hhl,9,nwqsim,MPI,CPU,sync,1,8,1106.9761409889907,9.0,676.0,9.0,9.0,721.0,721.0,0.0,1.0,9.0,49.0,448.0,224.0,0.0,1.0,1.0,722.0,18.0,3.0,1.0,0.0,0.0,0.0,722.0,1653.0,679.0,,1.0,13.0,0.0,555.0,180.66666666666663,30.0,692.0,1.0,1592.0,2.2080443828016643,1.899263797285116,0.0,4.0,672.0,1.0,,,1.0,224.0,56.0,376.0,16.0,0.0,14.0,9.0,4.0,0.0,16.0,0.0,0.0,0.0,6.0,,,,,,,,,,,,,
hhl,9,nwqsim,MPI,CPU,sync,1,8,1094.1295730008278,9.0,676.0,9.0,9.0,721.0,721.0,0.0,1.0,9.0,49.0,448.0,224.0,0.0,1.0,1.0,722.0,18.0,3.0,1.0,0.0,0.0,0.0,722.0,1653.0,679.0,,1.0,13.0,0.0,555.0,180.66666666666663,30.0,692.0,1.0,1592.0,2.2080443828016643,1.899263797285116,0.0,4.0,672.0,1.0,,,1.0,224.0,56.0,376.0,16.0,0.0,14.0,9.0,4.0,0.0,16.0,0.0,0.0,0.0,6.0,,,,,,,,,,,,,
hhl,9,nwqsim,MPI,CPU,sync,1,8,1095.2421980036888,9.0,676.0,9.0,9.0,721.0,721.0,0.0,1.0,9.0,49.0,448.0,224.0,0.0,1.0,1.0,722.0,18.0,3.0,1.0,0.0,0.0,0.0,722.0,1653.0,679.0,,1.0,13.0,0.0,555.0,180.66666666666663,30.0,692.0,1.0,1592.0,2.2080443828016643,1.899263797285116,0.0,4.0,672.0,1.0,,,1.0,224.0,56.0,376.0,16.0,0.0,14.0,9.0,4.0,0.0,16.0,0.0,0.0,0.0,6.0,,,,,,,,,,,,,
hhl,9,nwqsim,MPI,CPU,sync,1,16,1101.0175140036154,9.0,676.0,9.0,9.0,721.0,721.0,0.0,1.0,9.0,49.0,448.0,224.0,0.0,1.0,1.0,722.0,18.0,3.0,1.0,0.0,0.0,0.0,722.0,1653.0,679.0,,1.0,13.0,0.0,555.0,180.66666666666663,30.0,692.0,1.0,1592.0,2.2080443828016643,1.899263797285116,0.0,4.0,672.0,1.0,,,1.0,224.0,56.0,376.0,16.0,0.0,14.0,9.0,4.0,0.0,16.0,0.0,0.0,0.0,6.0,,,,,,,,,,,,,
hhl,9,nwqsim,MPI,CPU,sync,1,16,1095.2080560018658,9.0,676.0,9.0,9.0,721.0,721.0,0.0,1.0,9.0,49.0,448.0,224.0,0.0,1.0,1.0,722.0,18.0,3.0,1.0,0.0,0.0,0.0,722.0,1653.0,679.0,,1.0,13.0,0.0,555.0,180.66666666666663,30.0,692.0,1.0,1592.0,2.2080443828016643,1.899263797285116,0.0,4.0,672.0,1.0,,,1.0,224.0,56.0,376.0,16.0,0.0,14.0,9.0,4.0,0.0,16.0,0.0,0.0,0.0,6.0,,,,,,,,,,,,,
hhl,9,nwqsim,MPI,CPU,sync,1,16,1095.8671059997869,9.0,676.0,9.0,9.0,721.0,721.0,0.0,1.0,9.0,49.0,448.0,224.0,0.0,1.0,1.0,722.0,18.0,3.0,1.0,0.0,0.0,0.0,722.0,1653.0,679.0,,1.0,13.0,0.0,555.0,180.66666666666663,30.0,692.0,1.0,1592.0,2.2080443828016643,1.899263797285116,0.0,4.0,672.0,1.0,,,1.0,224.0,56.0,376.0,16.0,0.0,14.0,9.0,4.0,0.0,16.0,0.0,0.0,0.0,6.0,,,,,,,,,,,,,
hhl,9,ionq,simulator,CPU,sync,1,4,200273.16327398876,9.0,676.0,9.0,9.0,721.0,721.0,0.0,1.0,9.0,49.0,448.0,224.0,0.0,1.0,1.0,722.0,18.0,3.0,1.0,0.0,0.0,0.0,722.0,1653.0,679.0,,1.0,13.0,0.0,555.0,180.66666666666663,30.0,692.0,1.0,1592.0,2.2080443828016643,1.899263797285116,0.0,4.0,672.0,1.0,,,1.0,224.0,56.0,376.0,16.0,0.0,14.0,9.0,4.0,0.0,16.0,0.0,0.0,0.0,6.0,,,,,,,,,,,,,
hhl,9,ionq,simulator,CPU,sync,1,4,200266.05825102888,9.0,676.0,9.0,9.0,721.0,721.0,0.0,1.0,9.0,49.0,448.0,224.0,0.0,1.0,1.0,722.0,18.0,3.0,1.0,0.0,0.0,0.0,722.0,1653.0,679.0,,1.0,13.0,0.0,555.0,180.66666666666663,30.0,692.0,1.0,1592.0,2.2080443828016643,1.899263797285116,0.0,4.0,672.0,1.0,,,1.0,224.0,56.0,376.0,16.0,0.0,14.0,9.0,4.0,0.0,16.0,0.0,0.0,0.0,6.0,,,,,,,,,,,,,
hhl,9,ionq,simulator,CPU,sync,1,4,200267.27125397883,9.0,676.0,9.0,9.0,721.0,721.0,0.0,1.0,9.0,49.0,448.0,224.0,0.0,1.0,1.0,722.0,18.0,3.0,1.0,0.0,0.0,0.0,722.0,1653.0,679.0,,1.0,13.0,0.0,555.0,180.66666666666663,30.0,692.0,1.0,1592.0,2.2080443828016643,1.899263797285116,0.0,4.0,672.0,1.0,,,1.0,224.0,56.0,376.0,16.0,0.0,14.0,9.0,4.0,0.0,16.0,0.0,0.0,0.0,6.0,,,,,,,,,,,,,
hhl,9,ionq,simulator,CPU,sync,1,4,200273.16327398876,9.0,676.0,9.0,9.0,721.0,721.0,0.0,1.0,9.0,49.0,448.0,224.0,0.0,1.0,1.0,722.0,18.0,3.0,1.0,0.0,0.0,0.0,722.0,1653.0,679.0,,1.0,13.0,0.0,555.0,180.66666666666663,30.0,692.0,1.0,1592.0,2.2080443828016643,1.899263797285116,0.0,4.0,672.0,1.0,,,1.0,224.0,56.0,376.0,16.0,0.0,14.0,9.0,4.0,0.0,16.0,0.0,0.0,0.0,6.0,,,,,,,,,,,,,
hhl,9,ionq,simulator,CPU,sync,1,4,200266.05825102888,9.0,676.0,9.0,9.0,721.0,721.0,0.0,1.0,9.0,49.0,448.0,224.0,0.0,1.0,1.0,722.0,18.0,3.0,1.0,0.0,0.0,0.0,722.0,1653.0,679.0,,1.0,13.0,0.0,555.0,180.66666666666663,30.0,692.0,1.0,1592.0,2.2080443828016643,1.899263797285116,0.0,4.0,672.0,1.0,,,1.0,224.0,56.0,376.0,16.0,0.0,14.0,9.0,4.0,0.0,16.0,0.0,0.0,0.0,6.0,,,,,,,,,,,,,
hhl,9,ionq,simulator,CPU,sync,1,4,200267.27125397883,9.0,676.0,9.0,9.0,721.0,721.0,0.0,1.0,9.0,49.0,448.0,224.0,0.0,1.0,1.0,722.0,18.0,3.0,1.0,0.0,0.0,0.0,722.0,1653.0,679.0,,1.0,13.0,0.0,555.0,180.66666666666663,30.0,692.0,1.0,1592.0,2.2080443828016643,1.899263797285116,0.0,4.0,672.0,1.0,,,1.0,224.0,56.0,376.0,16.0,0.0,14.0,9.0,4.0,0.0,16.0,0.0,0.0,0.0,6.0,,,,,,,,,,,,,
hhl,9,ionq,simulator,CPU,sync,1,8,200273.16327398876,9.0,676.0,9.0,9.0,721.0,721.0,0.0,1.0,9.0,49.0,448.0,224.0,0.0,1.0,1.0,722.0,18.0,3.0,1.0,0.0,0.0,0.0,722.0,1653.0,679.0,,1.0,13.0,0.0,555.0,180.66666666666663,30.0,692.0,1.0,1592.0,2.2080443828016643,1.899263797285116,0.0,4.0,672.0,1.0,,,1.0,224.0,56.0,376.0,16.0,0.0,14.0,9.0,4.0,0.0,16.0,0.0,0.0,0.0,6.0,,,,,,,,,,,,,
hhl,9,ionq,simulator,CPU,sync,1,8,200266.05825102888,9.0,676.0,9.0,9.0,721.0,721.0,0.0,1.0,9.0,49.0,448.0,224.0,0.0,1.0,1.0,722.0,18.0,3.0,1.0,0.0,0.0,0.0,722.0,1653.0,679.0,,1.0,13.0,0.0,555.0,180.66666666666663,30.0,692.0,1.0,1592.0,2.2080443828016643,1.899263797285116,0.0,4.0,672.0,1.0,,,1.0,224.0,56.0,376.0,16.0,0.0,14.0,9.0,4.0,0.0,16.0,0.0,0.0,0.0,6.0,,,,,,,,,,,,,
hhl,9,ionq,simulator,CPU,sync,1,8,200267.27125397883,9.0,676.0,9.0,9.0,721.0,721.0,0.0,1.0,9.0,49.0,448.0,224.0,0.0,1.0,1.0,722.0,18.0,3.0,1.0,0.0,0.0,0.0,722.0,1653.0,679.0,,1.0,13.0,0.0,555.0,180.66666666666663,30.0,692.0,1.0,1592.0,2.2080443828016643,1.899263797285116,0.0,4.0,672.0,1.0,,,1.0,224.0,56.0,376.0,16.0,0.0,14.0,9.0,4.0,0.0,16.0,0.0,0.0,0.0,6.0,,,,,,,,,,,,,
hhl,9,ionq,simulator,CPU,sync,1,8,200273.16327398876,9.0,676.0,9.0,9.0,721.0,721.0,0.0,1.0,9.0,49.0,448.0,224.0,0.0,1.0,1.0,722.0,18.0,3.0,1.0,0.0,0.0,0.0,722.0,1653.0,679.0,,1.0,13.0,0.0,555.0,180.66666666666663,30.0,692.0,1.0,1592.0,2.2080443828016643,1.899263797285116,0.0,4.0,672.0,1.0,,,1.0,224.0,56.0,376.0,16.0,0.0,14.0,9.0,4.0,0.0,16.0,0.0,0.0,0.0,6.0,,,,,,,,,,,,,
hhl,9,ionq,simulator,CPU,sync,1,8,200266.05825102888,9.0,676.0,9.0,9.0,721.0,721.0,0.0,1.0,9.0,49.0,448.0,224.0,0.0,1.0,1.0,722.0,18.0,3.0,1.0,0.0,0.0,0.0,722.0,1653.0,679.0,,1.0,13.0,0.0,555.0,180.66666666666663,30.0,692.0,1.0,1592.0,2.2080443828016643,1.899263797285116,0.0,4.0,672.0,1.0,,,1.0,224.0,56.0,376.0,16.0,0.0,14.0,9.0,4.0,0.0,16.0,0.0,0.0,0.0,6.0,,,,,,,,,,,,,
hhl,9,ionq,simulator,CPU,sync,1,8,200267.27125397883,9.0,676.0,9.0,9.0,721.0,721.0,0.0,1.0,9.0,49.0,448.0,224.0,0.0,1.0,1.0,722.0,18.0,3.0,1.0,0.0,0.0,0.0,722.0,1653.0,679.0,,1.0,13.0,0.0,555.0,180.66666666666663,30.0,692.0,1.0,1592.0,2.2080443828016643,1.899263797285116,0.0,4.0,672.0,1.0,,,1.0,224.0,56.0,376.0,16.0,0.0,14.0,9.0,4.0,0.0,16.0,0.0,0.0,0.0,6.0,,,,,,,,,,,,,
hhl,9,ibmq,ibm_miami,CPU,sync,1,4,13423.33881277591,9.0,676.0,9.0,9.0,721.0,721.0,0.0,1.0,9.0,49.0,448.0,224.0,0.0,1.0,1.0,722.0,18.0,3.0,1.0,0.0,0.0,0.0,722.0,1653.0,679.0,,1.0,13.0,0.0,555.0,180.66666666666663,30.0,692.0,1.0,1592.0,2.2080443828016643,1.899263797285116,0.0,4.0,672.0,1.0,,,1.0,224.0,56.0,376.0,16.0,0.0,14.0,9.0,4.0,0.0,16.0,0.0,0.0,0.0,6.0,,,,,,,,,,,,,
hhl,17,nwqsim,MPI,CPU,sync,2,8,110828.64367100001,17.0,416340.0,17.0,17.0,416461.0,416461.0,0.0,1.0,17.0,317.0,277752.0,138392.0,0.0,1.0,1.0,416462.0,34.0,3.0,1.0,0.0,0.0,0.0,416462.0,971065.0,416343.0,,1.0,43.0,0.0,194439.0,57118.470588235294,282.0,416180.0,1.0,895780.0,2.150933700874752,1.8601601585044825,0.0,4.0,416144.0,1.0,,,1.0,138392.0,71496.0,206000.0,256.0,0.0,26.0,17.0,8.0,0.0,256.0,0.0,0.0,0.0,10.0,,,,,,,,,,,,,
hhl,17,nwqsim,MPI,CPU,sync,2,8,107830.39373500014,17.0,416340.0,17.0,17.0,416461.0,416461.0,0.0,1.0,17.0,317.0,277752.0,138392.0,0.0,1.0,1.0,416462.0,34.0,3.0,1.0,0.0,0.0,0.0,416462.0,971065.0,416343.0,,1.0,43.0,0.0,194439.0,57118.470588235294,282.0,416180.0,1.0,895780.0,2.150933700874752,1.8601601585044825,0.0,4.0,416144.0,1.0,,,1.0,138392.0,71496.0,206000.0,256.0,0.0,26.0,17.0,8.0,0.0,256.0,0.0,0.0,0.0,10.0,,,,,,,,,,,,,
hhl,17,nwqsim,MPI,CPU,sync,2,8,107597.90630399993,17.0,416340.0,17.0,17.0,416461.0,416461.0,0.0,1.0,17.0,317.0,277752.0,138392.0,0.0,1.0,1.0,416462.0,34.0,3.0,1.0,0.0,0.0,0.0,416462.0,971065.0,416343.0,,1.0,43.0,0.0,194439.0,57118.470588235294,282.0,416180.0,1.0,895780.0,2.150933700874752,1.8601601585044825,0.0,4.0,416144.0,1.0,,,1.0,138392.0,71496.0,206000.0,256.0,0.0,26.0,17.0,8.0,0.0,256.0,0.0,0.0,0.0,10.0,,,,,,,,,,,,,
hhl,17,nwqsim,MPI,CPU,sync,2,8,110828.64367100001,17.0,416340.0,17.0,17.0,416461.0,416461.0,0.0,1.0,17.0,317.0,277752.0,138392.0,0.0,1.0,1.0,416462.0,34.0,3.0,1.0,0.0,0.0,0.0,416462.0,971065.0,416343.0,,1.0,43.0,0.0,194439.0,57118.470588235294,282.0,416180.0,1.0,895780.0,2.150933700874752,1.8601601585044825,0.0,4.0,416144.0,1.0,,,1.0,138392.0,71496.0,206000.0,256.0,0.0,26.0,17.0,8.0,0.0,256.0,0.0,0.0,0.0,10.0,,,,,,,,,,,,,
hhl,17,nwqsim,MPI,CPU,sync,2,8,107830.39373500014,17.0,416340.0,17.0,17.0,416461.0,416461.0,0.0,1.0,17.0,317.0,277752.0,138392.0,0.0,1.0,1.0,416462.0,34.0,3.0,1.0,0.0,0.0,0.0,416462.0,971065.0,416343.0,,1.0,43.0,0.0,194439.0,57118.470588235294,282.0,416180.0,1.0,895780.0,2.150933700874752,1.8601601585044825,0.0,4.0,416144.0,1.0,,,1.0,138392.0,71496.0,206000.0,256.0,0.0,26.0,17.0,8.0,0.0,256.0,0.0,0.0,0.0,10.0,,,,,,,,,,,,,
hhl,17,nwqsim,MPI,CPU,sync,2,8,107597.90630399993,17.0,416340.0,17.0,17.0,416461.0,416461.0,0.0,1.0,17.0,317.0,277752.0,138392.0,0.0,1.0,1.0,416462.0,34.0,3.0,1.0,0.0,0.0,0.0,416462.0,971065.0,416343.0,,1.0,43.0,0.0,194439.0,57118.470588235294,282.0,416180.0,1.0,895780.0,2.150933700874752,1.8601601585044825,0.0,4.0,416144.0,1.0,,,1.0,138392.0,71496.0,206000.0,256.0,0.0,26.0,17.0,8.0,0.0,256.0,0.0,0.0,0.0,10.0,,,,,,,,,,,,,
hhl,17,nwqsim,MPI,CPU,sync,2,8,110377.3313699985,17.0,416340.0,17.0,17.0,416461.0,416461.0,0.0,1.0,17.0,317.0,277752.0,138392.0,0.0,1.0,1.0,416462.0,34.0,3.0,1.0,0.0,0.0,0.0,416462.0,971065.0,416343.0,,1.0,43.0,0.0,194439.0,57118.470588235294,282.0,416180.0,1.0,895780.0,2.150933700874752,1.8601601585044825,0.0,4.0,416144.0,1.0,,,1.0,138392.0,71496.0,206000.0,256.0,0.0,26.0,17.0,8.0,0.0,256.0,0.0,0.0,0.0,10.0,,,,,,,,,,,,,
hhl,17,nwqsim,MPI,CPU,sync,2,8,108880.18431399905,17.0,416340.0,17.0,17.0,416461.0,416461.0,0.0,1.0,17.0,317.0,277752.0,138392.0,0.0,1.0,1.0,416462.0,34.0,3.0,1.0,0.0,0.0,0.0,416462.0,971065.0,416343.0,,1.0,43.0,0.0,194439.0,57118.470588235294,282.0,416180.0,1.0,895780.0,2.150933700874752,1.8601601585044825,0.0,4.0,416144.0,1.0,,,1.0,138392.0,71496.0,206000.0,256.0,0.0,26.0,17.0,8.0,0.0,256.0,0.0,0.0,0.0,10.0,,,,,,,,,,,,,
hhl,17,nwqsim,MPI,CPU,sync,2,8,111973.68772499976,17.0,416340.0,17.0,17.0,416461.0,416461.0,0.0,1.0,17.0,317.0,277752.0,138392.0,0.0,1.0,1.0,416462.0,34.0,3.0,1.0,0.0,0.0,0.0,416462.0,971065.0,416343.0,,1.0,43.0,0.0,194439.0,57118.470588235294,282.0,416180.0,1.0,895780.0,2.150933700874752,1.8601601585044825,0.0,4.0,416144.0,1.0,,,1.0,138392.0,71496.0,206000.0,256.0,0.0,26.0,17.0,8.0,0.0,256.0,0.0,0.0,0.0,10.0,,,,,,,,,,,,,
hhl,17,nwqsim,MPI,CPU,sync,2,16,91794.66373099422,17.0,416340.0,17.0,17.0,416461.0,416461.0,0.0,1.0,17.0,317.0,277752.0,138392.0,0.0,1.0,1.0,416462.0,34.0,3.0,1.0,0.0,0.0,0.0,416462.0,971065.0,416343.0,,1.0,43.0,0.0,194439.0,57118.470588235294,282.0,416180.0,1.0,895780.0,2.150933700874752,1.8601601585044825,0.0,4.0,416144.0,1.0,,,1.0,138392.0,71496.0,206000.0,256.0,0.0,26.0,17.0,8.0,0.0,256.0,0.0,0.0,0.0,10.0,,,,,,,,,,,,,
hhl,17,nwqsim,MPI,CPU,sync,2,16,89520.59693000047,17.0,416340.0,17.0,17.0,416461.0,416461.0,0.0,1.0,17.0,317.0,277752.0,138392.0,0.0,1.0,1.0,416462.0,34.0,3.0,1.0,0.0,0.0,0.0,416462.0,971065.0,416343.0,,1.0,43.0,0.0,194439.0,57118.470588235294,282.0,416180.0,1.0,895780.0,2.150933700874752,1.8601601585044825,0.0,4.0,416144.0,1.0,,,1.0,138392.0,71496.0,206000.0,256.0,0.0,26.0,17.0,8.0,0.0,256.0,0.0,0.0,0.0,10.0,,,,,,,,,,,,,
hhl,17,nwqsim,MPI,CPU,sync,2,16,90810.2151290077,17.0,416340.0,17.0,17.0,416461.0,416461.0,0.0,1.0,17.0,317.0,277752.0,138392.0,0.0,1.0,1.0,416462.0,34.0,3.0,1.0,0.0,0.0,0.0,416462.0,971065.0,416343.0,,1.0,43.0,0.0,194439.0,57118.470588235294,282.0,416180.0,1.0,895780.0,2.150933700874752,1.8601601585044825,0.0,4.0,416144.0,1.0,,,1.0,138392.0,71496.0,206000.0,256.0,0.0,26.0,17.0,8.0,0.0,256.0,0.0,0.0,0.0,10.0,,,,,,,,,,,,,
hhl,17,nwqsim,MPI,CPU,sync,2,16,91794.66373099422,17.0,416340.0,17.0,17.0,416461.0,416461.0,0.0,1.0,17.0,317.0,277752.0,138392.0,0.0,1.0,1.0,416462.0,34.0,3.0,1.0,0.0,0.0,0.0,416462.0,971065.0,416343.0,,1.0,43.0,0.0,194439.0,57118.470588235294,282.0,416180.0,1.0,895780.0,2.150933700874752,1.8601601585044825,0.0,4.0,416144.0,1.0,,,1.0,138392.0,71496.0,206000.0,256.0,0.0,26.0,17.0,8.0,0.0,256.0,0.0,0.0,0.0,10.0,,,,,,,,,,,,,
hhl,17,nwqsim,MPI,CPU,sync,2,16,89520.59693000047,17.0,416340.0,17.0,17.0,416461.0,416461.0,0.0,1.0,17.0,317.0,277752.0,138392.0,0.0,1.0,1.0,416462.0,34.0,3.0,1.0,0.0,0.0,0.0,416462.0,971065.0,416343.0,,1.0,43.0,0.0,194439.0,57118.470588235294,282.0,416180.0,1.0,895780.0,2.150933700874752,1.8601601585044825,0.0,4.0,416144.0,1.0,,,1.0,138392.0,71496.0,206000.0,256.0,0.0,26.0,17.0,8.0,0.0,256.0,0.0,0.0,0.0,10.0,,,,,,,,,,,,,
hhl,17,nwqsim,MPI,CPU,sync,2,16,90810.2151290077,17.0,416340.0,17.0,17.0,416461.0,416461.0,0.0,1.0,17.0,317.0,277752.0,138392.0,0.0,1.0,1.0,416462.0,34.0,3.0,1.0,0.0,0.0,0.0,416462.0,971065.0,416343.0,,1.0,43.0,0.0,194439.0,57118.470588235294,282.0,416180.0,1.0,895780.0,2.150933700874752,1.8601601585044825,0.0,4.0,416144.0,1.0,,,1.0,138392.0,71496.0,206000.0,256.0,0.0,26.0,17.0,8.0,0.0,256.0,0.0,0.0,0.0,10.0,,,,,,,,,,,,,
hhl,17,nwqsim,MPI,CPU,sync,1,8,146091.93040299942,17.0,416340.0,17.0,17.0,416461.0,416461.0,0.0,1.0,17.0,317.0,277752.0,138392.0,0.0,1.0,1.0,416462.0,34.0,3.0,1.0,0.0,0.0,0.0,416462.0,971065.0,416343.0,,1.0,43.0,0.0,194439.0,57118.470588235294,282.0,416180.0,1.0,895780.0,2.150933700874752,1.8601601585044825,0.0,4.0,416144.0,1.0,,,1.0,138392.0,71496.0,206000.0,256.0,0.0,26.0,17.0,8.0,0.0,256.0,0.0,0.0,0.0,10.0,,,,,,,,,,,,,
hhl,17,nwqsim,MPI,CPU,sync,1,8,147139.92190499994,17.0,416340.0,17.0,17.0,416461.0,416461.0,0.0,1.0,17.0,317.0,277752.0,138392.0,0.0,1.0,1.0,416462.0,34.0,3.0,1.0,0.0,0.0,0.0,416462.0,971065.0,416343.0,,1.0,43.0,0.0,194439.0,57118.470588235294,282.0,416180.0,1.0,895780.0,2.150933700874752,1.8601601585044825,0.0,4.0,416144.0,1.0,,,1.0,138392.0,71496.0,206000.0,256.0,0.0,26.0,17.0,8.0,0.0,256.0,0.0,0.0,0.0,10.0,,,,,,,,,,,,,
hhl,17,nwqsim,MPI,CPU,sync,1,8,147380.81901399983,17.0,416340.0,17.0,17.0,416461.0,416461.0,0.0,1.0,17.0,317.0,277752.0,138392.0,0.0,1.0,1.0,416462.0,34.0,3.0,1.0,0.0,0.0,0.0,416462.0,971065.0,416343.0,,1.0,43.0,0.0,194439.0,57118.470588235294,282.0,416180.0,1.0,895780.0,2.150933700874752,1.8601601585044825,0.0,4.0,416144.0,1.0,,,1.0,138392.0,71496.0,206000.0,256.0,0.0,26.0,17.0,8.0,0.0,256.0,0.0,0.0,0.0,10.0,,,,,,,,,,,,,
hhl,17,nwqsim,MPI,CPU,sync,1,16,110848.20692799985,17.0,416340.0,17.0,17.0,416461.0,416461.0,0.0,1.0,17.0,317.0,277752.0,138392.0,0.0,1.0,1.0,416462.0,34.0,3.0,1.0,0.0,0.0,0.0,416462.0,971065.0,416343.0,,1.0,43.0,0.0,194439.0,57118.470588235294,282.0,416180.0,1.0,895780.0,2.150933700874752,1.8601601585044825,0.0,4.0,416144.0,1.0,,,1.0,138392.0,71496.0,206000.0,256.0,0.0,26.0,17.0,8.0,0.0,256.0,0.0,0.0,0.0,10.0,,,,,,,,,,,,,
hhl,17,nwqsim,MPI,CPU,sync,1,16,110627.47245599984,17.0,416340.0,17.0,17.0,416461.0,416461.0,0.0,1.0,17.0,317.0,277752.0,138392.0,0.0,1.0,1.0,416462.0,34.0,3.0,1.0,0.0,0.0,0.0,416462.0,971065.0,416343.0,,1.0,43.0,0.0,194439.0,57118.470588235294,282.0,416180.0,1.0,895780.0,2.150933700874752,1.8601601585044825,0.0,4.0,416144.0,1.0,,,1.0,138392.0,71496.0,206000.0,256.0,0.0,26.0,17.0,8.0,0.0,256.0,0.0,0.0,0.0,10.0,,,,,,,,,,,,,
hhl,17,nwqsim,MPI,CPU,sync,1,16,108722.88973099967,17.0,416340.0,17.0,17.0,416461.0,416461.0,0.0,1.0,17.0,317.0,277752.0,138392.0,0.0,1.0,1.0,416462.0,34.0,3.0,1.0,0.0,0.0,0.0,416462.0,971065.0,416343.0,,1.0,43.0,0.0,194439.0,57118.470588235294,282.0,416180.0,1.0,895780.0,2.150933700874752,1.8601601585044825,0.0,4.0,416144.0,1.0,,,1.0,138392.0,71496.0,206000.0,256.0,0.0,26.0,17.0,8.0,0.0,256.0,0.0,0.0,0.0,10.0,,,,,,,,,,,,,
hhl,15,nwqsim,MPI,CPU,sync,2,8,14598.953900000197,15.0,90955.0,15.0,15.0,91054.0,91054.0,0.0,1.0,15.0,182.0,60728.0,30144.0,0.0,1.0,1.0,91055.0,30.0,3.0,1.0,0.0,0.0,0.0,91055.0,212130.0,90958.0,,1.0,34.0,0.0,44609.0,14139.0,151.0,90904.0,1.0,196305.0,2.1559184659652515,1.8608943479020408,0.0,4.0,90872.0,1.0,,,1.0,30144.0,15416.0,45184.0,128.0,0.0,23.0,15.0,7.0,0.0,128.0,0.0,0.0,0.0,9.0,,,,,,,,,,,,,
hhl,15,nwqsim,MPI,CPU,sync,2,8,13879.633480999928,15.0,90955.0,15.0,15.0,91054.0,91054.0,0.0,1.0,15.0,182.0,60728.0,30144.0,0.0,1.0,1.0,91055.0,30.0,3.0,1.0,0.0,0.0,0.0,91055.0,212130.0,90958.0,,1.0,34.0,0.0,44609.0,14139.0,151.0,90904.0,1.0,196305.0,2.1559184659652515,1.8608943479020408,0.0,4.0,90872.0,1.0,,,1.0,30144.0,15416.0,45184.0,128.0,0.0,23.0,15.0,7.0,0.0,128.0,0.0,0.0,0.0,9.0,,,,,,,,,,,,,
hhl,15,nwqsim,MPI,CPU,sync,2,8,14009.275199000058,15.0,90955.0,15.0,15.0,91054.0,91054.0,0.0,1.0,15.0,182.0,60728.0,30144.0,0.0,1.0,1.0,91055.0,30.0,3.0,1.0,0.0,0.0,0.0,91055.0,212130.0,90958.0,,1.0,34.0,0.0,44609.0,14139.0,151.0,90904.0,1.0,196305.0,2.1559184659652515,1.8608943479020408,0.0,4.0,90872.0,1.0,,,1.0,30144.0,15416.0,45184.0,128.0,0.0,23.0,15.0,7.0,0.0,128.0,0.0,0.0,0.0,9.0,,,,,,,,,,,,,
hhl,15,nwqsim,MPI,CPU,sync,2,8,14598.953900000197,15.0,90955.0,15.0,15.0,91054.0,91054.0,0.0,1.0,15.0,182.0,60728.0,30144.0,0.0,1.0,1.0,91055.0,30.0,3.0,1.0,0.0,0.0,0.0,91055.0,212130.0,90958.0,,1.0,34.0,0.0,44609.0,14139.0,151.0,90904.0,1.0,196305.0,2.1559184659652515,1.8608943479020408,0.0,4.0,90872.0,1.0,,,1.0,30144.0,15416.0,45184.0,128.0,0.0,23.0,15.0,7.0,0.0,128.0,0.0,0.0,0.0,9.0,,,,,,,,,,,,,
hhl,15,nwqsim,MPI,CPU,sync,2,8,13879.633480999928,15.0,90955.0,15.0,15.0,91054.0,91054.0,0.0,1.0,15.0,182.0,60728.0,30144.0,0.0,1.0,1.0,91055.0,30.0,3.0,1.0,0.0,0.0,0.0,91055.0,212130.0,90958.0,,1.0,34.0,0.0,44609.0,14139.0,151.0,90904.0,1.0,196305.0,2.1559184659652515,1.8608943479020408,0.0,4.0,90872.0,1.0,,,1.0,30144.0,15416.0,45184.0,128.0,0.0,23.0,15.0,7.0,0.0,128.0,0.0,0.0,0.0,9.0,,,,,,,,,,,,,
hhl,15,nwqsim,MPI,CPU,sync,2,8,14009.275199000058,15.0,90955.0,15.0,15.0,91054.0,91054.0,0.0,1.0,15.0,182.0,60728.0,30144.0,0.0,1.0,1.0,91055.0,30.0,3.0,1.0,0.0,0.0,0.0,91055.0,212130.0,90958.0,,1.0,34.0,0.0,44609.0,14139.0,151.0,90904.0,1.0,196305.0,2.1559184659652515,1.8608943479020408,0.0,4.0,90872.0,1.0,,,1.0,30144.0,15416.0,45184.0,128.0,0.0,23.0,15.0,7.0,0.0,128.0,0.0,0.0,0.0,9.0,,,,,,,,,,,,,
hhl,15,nwqsim,MPI,CPU,sync,2,16,14122.906707998482,15.0,90955.0,15.0,15.0,91054.0,91054.0,0.0,1.0,15.0,182.0,60728.0,30144.0,0.0,1.0,1.0,91055.0,30.0,3.0,1.0,0.0,0.0,0.0,91055.0,212130.0,90958.0,,1.0,34.0,0.0,44609.0,14139.0,151.0,90904.0,1.0,196305.0,2.1559184659652515,1.8608943479020408,0.0,4.0,90872.0,1.0,,,1.0,30144.0,15416.0,45184.0,128.0,0.0,23.0,15.0,7.0,0.0,128.0,0.0,0.0,0.0,9.0,,,,,,,,,,,,,
hhl,15,nwqsim,MPI,CPU,sync,2,16,13777.898022992304,15.0,90955.0,15.0,15.0,91054.0,91054.0,0.0,1.0,15.0,182.0,60728.0,30144.0,0.0,1.0,1.0,91055.0,30.0,3.0,1.0,0.0,0.0,0.0,91055.0,212130.0,90958.0,,1.0,34.0,0.0,44609.0,14139.0,151.0,90904.0,1.0,196305.0,2.1559184659652515,1.8608943479020408,0.0,4.0,90872.0,1.0,,,1.0,30144.0,15416.0,45184.0,128.0,0.0,23.0,15.0,7.0,0.0,128.0,0.0,0.0,0.0,9.0,,,,,,,,,,,,,
hhl,15,nwqsim,MPI,CPU,sync,2,16,13852.936996001517,15.0,90955.0,15.0,15.0,91054.0,91054.0,0.0,1.0,15.0,182.0,60728.0,30144.0,0.0,1.0,1.0,91055.0,30.0,3.0,1.0,0.0,0.0,0.0,91055.0,212130.0,90958.0,,1.0,34.0,0.0,44609.0,14139.0,151.0,90904.0,1.0,196305.0,2.1559184659652515,1.8608943479020408,0.0,4.0,90872.0,1.0,,,1.0,30144.0,15416.0,45184.0,128.0,0.0,23.0,15.0,7.0,0.0,128.0,0.0,0.0,0.0,9.0,,,,,,,,,,,,,
hhl,15,nwqsim,MPI,CPU,sync,2,16,14122.906707998482,15.0,90955.0,15.0,15.0,91054.0,91054.0,0.0,1.0,15.0,182.0,60728.0,30144.0,0.0,1.0,1.0,91055.0,30.0,3.0,1.0,0.0,0.0,0.0,91055.0,212130.0,90958.0,,1.0,34.0,0.0,44609.0,14139.0,151.0,90904.0,1.0,196305.0,2.1559184659652515,1.8608943479020408,0.0,4.0,90872.0,1.0,,,1.0,30144.0,15416.0,45184.0,128.0,0.0,23.0,15.0,7.0,0.0,128.0,0.0,0.0,0.0,9.0,,,,,,,,,,,,,
hhl,15,nwqsim,MPI,CPU,sync,2,16,13777.898022992304,15.0,90955.0,15.0,15.0,91054.0,91054.0,0.0,1.0,15.0,182.0,60728.0,30144.0,0.0,1.0,1.0,91055.0,30.0,3.0,1.0,0.0,0.0,0.0,91055.0,212130.0,90958.0,,1.0,34.0,0.0,44609.0,14139.0,151.0,90904.0,1.0,196305.0,2.1559184659652515,1.8608943479020408,0.0,4.0,90872.0,1.0,,,1.0,30144.0,15416.0,45184.0,128.0,0.0,23.0,15.0,7.0,0.0,128.0,0.0,0.0,0.0,9.0,,,,,,,,,,,,,
hhl,15,nwqsim,MPI,CPU,sync,2,16,13852.936996001517,15.0,90955.0,15.0,15.0,91054.0,91054.0,0.0,1.0,15.0,182.0,60728.0,30144.0,0.0,1.0,1.0,91055.0,30.0,3.0,1.0,0.0,0.0,0.0,91055.0,212130.0,90958.0,,1.0,34.0,0.0,44609.0,14139.0,151.0,90904.0,1.0,196305.0,2.1559184659652515,1.8608943479020408,0.0,4.0,90872.0,1.0,,,1.0,30144.0,15416.0,45184.0,128.0,0.0,23.0,15.0,7.0,0.0,128.0,0.0,0.0,0.0,9.0,,,,,,,,,,,,,
hhl,15,nwqsim,MPI,CPU,sync,1,4,19916.005153005244,15.0,90955.0,15.0,15.0,91054.0,91054.0,0.0,1.0,15.0,182.0,60728.0,30144.0,0.0,1.0,1.0,91055.0,30.0,3.0,1.0,0.0,0.0,0.0,91055.0,212130.0,90958.0,,1.0,34.0,0.0,44609.0,14139.0,151.0,90904.0,1.0,196305.0,2.1559184659652515,1.8608943479020408,0.0,4.0,90872.0,1.0,,,1.0,30144.0,15416.0,45184.0,128.0,0.0,23.0,15.0,7.0,0.0,128.0,0.0,0.0,0.0,9.0,,,,,,,,,,,,,
hhl,15,nwqsim,MPI,CPU,sync,1,4,19824.617831996875,15.0,90955.0,15.0,15.0,91054.0,91054.0,0.0,1.0,15.0,182.0,60728.0,30144.0,0.0,1.0,1.0,91055.0,30.0,3.0,1.0,0.0,0.0,0.0,91055.0,212130.0,90958.0,,1.0,34.0,0.0,44609.0,14139.0,151.0,90904.0,1.0,196305.0,2.1559184659652515,1.8608943479020408,0.0,4.0,90872.0,1.0,,,1.0,30144.0,15416.0,45184.0,128.0,0.0,23.0,15.0,7.0,0.0,128.0,0.0,0.0,0.0,9.0,,,,,,,,,,,,,
hhl,15,nwqsim,MPI,CPU,sync,1,4,19928.51869997685,15.0,90955.0,15.0,15.0,91054.0,91054.0,0.0,1.0,15.0,182.0,60728.0,30144.0,0.0,1.0,1.0,91055.0,30.0,3.0,1.0,0.0,0.0,0.0,91055.0,212130.0,90958.0,,1.0,34.0,0.0,44609.0,14139.0,151.0,90904.0,1.0,196305.0,2.1559184659652515,1.8608943479020408,0.0,4.0,90872.0,1.0,,,1.0,30144.0,15416.0,45184.0,128.0,0.0,23.0,15.0,7.0,0.0,128.0,0.0,0.0,0.0,9.0,,,,,,,,,,,,,
hhl,15,nwqsim,MPI,CPU,sync,1,8,15697.746449999613,15.0,90955.0,15.0,15.0,91054.0,91054.0,0.0,1.0,15.0,182.0,60728.0,30144.0,0.0,1.0,1.0,91055.0,30.0,3.0,1.0,0.0,0.0,0.0,91055.0,212130.0,90958.0,,1.0,34.0,0.0,44609.0,14139.0,151.0,90904.0,1.0,196305.0,2.1559184659652515,1.8608943479020408,0.0,4.0,90872.0,1.0,,,1.0,30144.0,15416.0,45184.0,128.0,0.0,23.0,15.0,7.0,0.0,128.0,0.0,0.0,0.0,9.0,,,,,,,,,,,,,
hhl,15,nwqsim,MPI,CPU,sync,1,8,15675.7612600004,15.0,90955.0,15.0,15.0,91054.0,91054.0,0.0,1.0,15.0,182.0,60728.0,30144.0,0.0,1.0,1.0,91055.0,30.0,3.0,1.0,0.0,0.0,0.0,91055.0,212130.0,90958.0,,1.0,34.0,0.0,44609.0,14139.0,151.0,90904.0,1.0,196305.0,2.1559184659652515,1.8608943479020408,0.0,4.0,90872.0,1.0,,,1.0,30144.0,15416.0,45184.0,128.0,0.0,23.0,15.0,7.0,0.0,128.0,0.0,0.0,0.0,9.0,,,,,,,,,,,,,
hhl,15,nwqsim,MPI,CPU,sync,1,8,15615.64541000007,15.0,90955.0,15.0,15.0,91054.0,91054.0,0.0,1.0,15.0,182.0,60728.0,30144.0,0.0,1.0,1.0,91055.0,30.0,3.0,1.0,0.0,0.0,0.0,91055.0,212130.0,90958.0,,1.0,34.0,0.0,44609.0,14139.0,151.0,90904.0,1.0,196305.0,2.1559184659652515,1.8608943479020408,0.0,4.0,90872.0,1.0,,,1.0,30144.0,15416.0,45184.0,128.0,0.0,23.0,15.0,7.0,0.0,128.0,0.0,0.0,0.0,9.0,,,,,,,,,,,,,
hhl,15,ibmq,ibm_torino,CPU,sync,1,4,130145.25023999158,15.0,90955.0,15.0,15.0,91054.0,91054.0,0.0,1.0,15.0,182.0,60728.0,30144.0,0.0,1.0,1.0,91055.0,30.0,3.0,1.0,0.0,0.0,0.0,91055.0,212130.0,90958.0,,1.0,34.0,0.0,44609.0,14139.0,151.0,90904.0,1.0,196305.0,2.1559184659652515,1.8608943479020408,0.0,4.0,90872.0,1.0,,,1.0,30144.0,15416.0,45184.0,128.0,0.0,23.0,15.0,7.0,0.0,128.0,0.0,0.0,0.0,9.0,,,,,,,,,,,,,
hhl,15,ibmq,ibm_miami,CPU,sync,1,4,123626.02824508213,15.0,90955.0,15.0,15.0,91054.0,91054.0,0.0,1.0,15.0,182.0,60728.0,30144.0,0.0,1.0,1.0,91055.0,30.0,3.0,1.0,0.0,0.0,0.0,91055.0,212130.0,90958.0,,1.0,34.0,0.0,44609.0,14139.0,151.0,90904.0,1.0,196305.0,2.1559184659652515,1.8608943479020408,0.0,4.0,90872.0,1.0,,,1.0,30144.0,15416.0,45184.0,128.0,0.0,23.0,15.0,7.0,0.0,128.0,0.0,0.0,0.0,9.0,,,,,,,,,,,,,
hhl,11,qiskitaer,statevector,CPU,sync,1,4,7778.266159992199,11.0,4317.0,11.0,11.0,4378.0,4378.0,0.0,1.0,11.0,72.0,2850.0,1456.0,0.0,1.0,1.0,4379.0,22.0,3.0,1.0,0.0,0.0,0.0,4379.0,10184.0,4320.0,,1.0,19.0,0.0,2581.0,922.818181818182,49.0,4330.0,1.0,9601.0,2.1930105070808588,1.8808686820126337,0.0,4.0,4306.0,1.0,,,1.0,1456.0,574.0,2244.0,32.0,0.0,17.0,11.0,5.0,0.0,32.0,0.0,0.0,0.0,7.0,,,,,,,,,,,,,
hhl,11,qiskitaer,statevector,CPU,sync,1,4,8032.762514019851,11.0,4317.0,11.0,11.0,4378.0,4378.0,0.0,1.0,11.0,72.0,2850.0,1456.0,0.0,1.0,1.0,4379.0,22.0,3.0,1.0,0.0,0.0,0.0,4379.0,10184.0,4320.0,,1.0,19.0,0.0,2581.0,922.818181818182,49.0,4330.0,1.0,9601.0,2.1930105070808588,1.8808686820126337,0.0,4.0,4306.0,1.0,,,1.0,1456.0,574.0,2244.0,32.0,0.0,17.0,11.0,5.0,0.0,32.0,0.0,0.0,0.0,7.0,,,,,,,,,,,,,
hhl,11,qiskitaer,statevector,CPU,sync,1,4,8046.052341989707,11.0,4317.0,11.0,11.0,4378.0,4378.0,0.0,1.0,11.0,72.0,2850.0,1456.0,0.0,1.0,1.0,4379.0,22.0,3.0,1.0,0.0,0.0,0.0,4379.0,10184.0,4320.0,,1.0,19.0,0.0,2581.0,922.818181818182,49.0,4330.0,1.0,9601.0,2.1930105070808588,1.8808686820126337,0.0,4.0,4306.0,1.0,,,1.0,1456.0,574.0,2244.0,32.0,0.0,17.0,11.0,5.0,0.0,32.0,0.0,0.0,0.0,7.0,,,,,,,,,,,,,
hhl,11,qiskitaer,statevector,CPU,sync,1,4,7778.266159992199,11.0,4317.0,11.0,11.0,4378.0,4378.0,0.0,1.0,11.0,72.0,2850.0,1456.0,0.0,1.0,1.0,4379.0,22.0,3.0,1.0,0.0,0.0,0.0,4379.0,10184.0,4320.0,,1.0,19.0,0.0,2581.0,922.818181818182,49.0,4330.0,1.0,9601.0,2.1930105070808588,1.8808686820126337,0.0,4.0,4306.0,1.0,,,1.0,1456.0,574.0,2244.0,32.0,0.0,17.0,11.0,5.0,0.0,32.0,0.0,0.0,0.0,7.0,,,,,,,,,,,,,
hhl,11,qiskitaer,statevector,CPU,sync,1,4,8032.762514019851,11.0,4317.0,11.0,11.0,4378.0,4378.0,0.0,1.0,11.0,72.0,2850.0,1456.0,0.0,1.0,1.0,4379.0,22.0,3.0,1.0,0.0,0.0,0.0,4379.0,10184.0,4320.0,,1.0,19.0,0.0,2581.0,922.818181818182,49.0,4330.0,1.0,9601.0,2.1930105070808588,1.8808686820126337,0.0,4.0,4306.0,1.0,,,1.0,1456.0,574.0,2244.0,32.0,0.0,17.0,11.0,5.0,0.0,32.0,0.0,0.0,0.0,7.0,,,,,,,,,,,,,
hhl,11,qiskitaer,statevector,CPU,sync,1,4,8046.052341989707,11.0,4317.0,11.0,11.0,4378.0,4378.0,0.0,1.0,11.0,72.0,2850.0,1456.0,0.0,1.0,1.0,4379.0,22.0,3.0,1.0,0.0,0.0,0.0,4379.0,10184.0,4320.0,,1.0,19.0,0.0,2581.0,922.818181818182,49.0,4330.0,1.0,9601.0,2.1930105070808588,1.8808686820126337,0.0,4.0,4306.0,1.0,,,1.0,1456.0,574.0,2244.0,32.0,0.0,17.0,11.0,5.0,0.0,32.0,0.0,0.0,0.0,7.0,,,,,,,,,,,,,
hhl,11,qiskitaer,statevector,CPU,sync,1,4,12614.34407098568,11.0,4317.0,11.0,11.0,4378.0,4378.0,0.0,1.0,11.0,72.0,2850.0,1456.0,0.0,1.0,1.0,4379.0,22.0,3.0,1.0,0.0,0.0,0.0,4379.0,10184.0,4320.0,,1.0,19.0,0.0,2581.0,922.818181818182,49.0,4330.0,1.0,9601.0,2.1930105070808588,1.8808686820126337,0.0,4.0,4306.0,1.0,,,1.0,1456.0,574.0,2244.0,32.0,0.0,17.0,11.0,5.0,0.0,32.0,0.0,0.0,0.0,7.0,,,,,,,,,,,,,
hhl,11,qiskitaer,statevector,CPU,sync,1,4,7491.3952559873,11.0,4317.0,11.0,11.0,4378.0,4378.0,0.0,1.0,11.0,72.0,2850.0,1456.0,0.0,1.0,1.0,4379.0,22.0,3.0,1.0,0.0,0.0,0.0,4379.0,10184.0,4320.0,,1.0,19.0,0.0,2581.0,922.818181818182,49.0,4330.0,1.0,9601.0,2.1930105070808588,1.8808686820126337,0.0,4.0,4306.0,1.0,,,1.0,1456.0,574.0,2244.0,32.0,0.0,17.0,11.0,5.0,0.0,32.0,0.0,0.0,0.0,7.0,,,,,,,,,,,,,
hhl,11,qiskitaer,statevector,CPU,sync,1,4,7486.789847025648,11.0,4317.0,11.0,11.0,4378.0,4378.0,0.0,1.0,11.0,72.0,2850.0,1456.0,0.0,1.0,1.0,4379.0,22.0,3.0,1.0,0.0,0.0,0.0,4379.0,10184.0,4320.0,,1.0,19.0,0.0,2581.0,922.818181818182,49.0,4330.0,1.0,9601.0,2.1930105070808588,1.8808686820126337,0.0,4.0,4306.0,1.0,,,1.0,1456.0,574.0,2244.0,32.0,0.0,17.0,11.0,5.0,0.0,32.0,0.0,0.0,0.0,7.0,,,,,,,,,,,,,
hhl,11,qiskitaer,statevector,CPU,sync,1,8,7939.339488977566,11.0,4317.0,11.0,11.0,4378.0,4378.0,0.0,1.0,11.0,72.0,2850.0,1456.0,0.0,1.0,1.0,4379.0,22.0,3.0,1.0,0.0,0.0,0.0,4379.0,10184.0,4320.0,,1.0,19.0,0.0,2581.0,922.818181818182,49.0,4330.0,1.0,9601.0,2.1930105070808588,1.8808686820126337,0.0,4.0,4306.0,1.0,,,1.0,1456.0,574.0,2244.0,32.0,0.0,17.0,11.0,5.0,0.0,32.0,0.0,0.0,0.0,7.0,,,,,,,,,,,,,
hhl,11,qiskitaer,statevector,CPU,sync,1,8,6902.835387008963,11.0,4317.0,11.0,11.0,4378.0,4378.0,0.0,1.0,11.0,72.0,2850.0,1456.0,0.0,1.0,1.0,4379.0,22.0,3.0,1.0,0.0,0.0,0.0,4379.0,10184.0,4320.0,,1.0,19.0,0.0,2581.0,922.818181818182,49.0,4330.0,1.0,9601.0,2.1930105070808588,1.8808686820126337,0.0,4.0,4306.0,1.0,,,1.0,1456.0,574.0,2244.0,32.0,0.0,17.0,11.0,5.0,0.0,32.0,0.0,0.0,0.0,7.0,,,,,,,,,,,,,
hhl,11,qiskitaer,statevector,CPU,sync,1,8,7070.16576101887,11.0,4317.0,11.0,11.0,4378.0,4378.0,0.0,1.0,11.0,72.0,2850.0,1456.0,0.0,1.0,1.0,4379.0,22.0,3.0,1.0,0.0,0.0,0.0,4379.0,10184.0,4320.0,,1.0,19.0,0.0,2581.0,922.818181818182,49.0,4330.0,1.0,9601.0,2.1930105070808588,1.8808686820126337,0.0,4.0,4306.0,1.0,,,1.0,1456.0,574.0,2244.0,32.0,0.0,17.0,11.0,5.0,0.0,32.0,0.0,0.0,0.0,7.0,,,,,,,,,,,,,
hhl,11,qiskitaer,statevector,CPU,sync,1,8,7939.339488977566,11.0,4317.0,11.0,11.0,4378.0,4378.0,0.0,1.0,11.0,72.0,2850.0,1456.0,0.0,1.0,1.0,4379.0,22.0,3.0,1.0,0.0,0.0,0.0,4379.0,10184.0,4320.0,,1.0,19.0,0.0,2581.0,922.818181818182,49.0,4330.0,1.0,9601.0,2.1930105070808588,1.8808686820126337,0.0,4.0,4306.0,1.0,,,1.0,1456.0,574.0,2244.0,32.0,0.0,17.0,11.0,5.0,0.0,32.0,0.0,0.0,0.0,7.0,,,,,,,,,,,,,
hhl,11,qiskitaer,statevector,CPU,sync,1,8,6902.835387008963,11.0,4317.0,11.0,11.0,4378.0,4378.0,0.0,1.0,11.0,72.0,2850.0,1456.0,0.0,1.0,1.0,4379.0,22.0,3.0,1.0,0.0,0.0,0.0,4379.0,10184.0,4320.0,,1.0,19.0,0.0,2581.0,922.818181818182,49.0,4330.0,1.0,9601.0,2.1930105070808588,1.8808686820126337,0.0,4.0,4306.0,1.0,,,1.0,1456.0,574.0,2244.0,32.0,0.0,17.0,11.0,5.0,0.0,32.0,0.0,0.0,0.0,7.0,,,,,,,,,,,,,
hhl,11,qiskitaer,statevector,CPU,sync,1,8,7070.16576101887,11.0,4317.0,11.0,11.0,4378.0,4378.0,0.0,1.0,11.0,72.0,2850.0,1456.0,0.0,1.0,1.0,4379.0,22.0,3.0,1.0,0.0,0.0,0.0,4379.0,10184.0,4320.0,,1.0,19.0,0.0,2581.0,922.818181818182,49.0,4330.0,1.0,9601.0,2.1930105070808588,1.8808686820126337,0.0,4.0,4306.0,1.0,,,1.0,1456.0,574.0,2244.0,32.0,0.0,17.0,11.0,5.0,0.0,32.0,0.0,0.0,0.0,7.0,,,,,,,,,,,,,
hhl,11,qiskitaer,statevector,CPU,sync,1,16,11574.684787992737,11.0,4317.0,11.0,11.0,4378.0,4378.0,0.0,1.0,11.0,72.0,2850.0,1456.0,0.0,1.0,1.0,4379.0,22.0,3.0,1.0,0.0,0.0,0.0,4379.0,10184.0,4320.0,,1.0,19.0,0.0,2581.0,922.818181818182,49.0,4330.0,1.0,9601.0,2.1930105070808588,1.8808686820126337,0.0,4.0,4306.0,1.0,,,1.0,1456.0,574.0,2244.0,32.0,0.0,17.0,11.0,5.0,0.0,32.0,0.0,0.0,0.0,7.0,,,,,,,,,,,,,
hhl,11,qiskitaer,statevector,CPU,sync,1,16,7493.573020998156,11.0,4317.0,11.0,11.0,4378.0,4378.0,0.0,1.0,11.0,72.0,2850.0,1456.0,0.0,1.0,1.0,4379.0,22.0,3.0,1.0,0.0,0.0,0.0,4379.0,10184.0,4320.0,,1.0,19.0,0.0,2581.0,922.818181818182,49.0,4330.0,1.0,9601.0,2.1930105070808588,1.8808686820126337,0.0,4.0,4306.0,1.0,,,1.0,1456.0,574.0,2244.0,32.0,0.0,17.0,11.0,5.0,0.0,32.0,0.0,0.0,0.0,7.0,,,,,,,,,,,,,
hhl,11,qiskitaer,statevector,CPU,sync,1,16,7465.049726000871,11.0,4317.0,11.0,11.0,4378.0,4378.0,0.0,1.0,11.0,72.0,2850.0,1456.0,0.0,1.0,1.0,4379.0,22.0,3.0,1.0,0.0,0.0,0.0,4379.0,10184.0,4320.0,,1.0,19.0,0.0,2581.0,922.818181818182,49.0,4330.0,1.0,9601.0,2.1930105070808588,1.8808686820126337,0.0,4.0,4306.0,1.0,,,1.0,1456.0,574.0,2244.0,32.0,0.0,17.0,11.0,5.0,0.0,32.0,0.0,0.0,0.0,7.0,,,,,,,,,,,,,
hhl,11,qiskitaer,statevector,CPU,sync,2,4,7945.841022010427,11.0,4317.0,11.0,11.0,4378.0,4378.0,0.0,1.0,11.0,72.0,2850.0,1456.0,0.0,1.0,1.0,4379.0,22.0,3.0,1.0,0.0,0.0,0.0,4379.0,10184.0,4320.0,,1.0,19.0,0.0,2581.0,922.818181818182,49.0,4330.0,1.0,9601.0,2.1930105070808588,1.8808686820126337,0.0,4.0,4306.0,1.0,,,1.0,1456.0,574.0,2244.0,32.0,0.0,17.0,11.0,5.0,0.0,32.0,0.0,0.0,0.0,7.0,,,,,,,,,,,,,
hhl,11,qiskitaer,statevector,CPU,sync,2,4,7320.089895016281,11.0,4317.0,11.0,11.0,4378.0,4378.0,0.0,1.0,11.0,72.0,2850.0,1456.0,0.0,1.0,1.0,4379.0,22.0,3.0,1.0,0.0,0.0,0.0,4379.0,10184.0,4320.0,,1.0,19.0,0.0,2581.0,922.818181818182,49.0,4330.0,1.0,9601.0,2.1930105070808588,1.8808686820126337,0.0,4.0,4306.0,1.0,,,1.0,1456.0,574.0,2244.0,32.0,0.0,17.0,11.0,5.0,0.0,32.0,0.0,0.0,0.0,7.0,,,,,,,,,,,,,
hhl,11,qiskitaer,statevector,CPU,sync,2,4,7530.467741016764,11.0,4317.0,11.0,11.0,4378.0,4378.0,0.0,1.0,11.0,72.0,2850.0,1456.0,0.0,1.0,1.0,4379.0,22.0,3.0,1.0,0.0,0.0,0.0,4379.0,10184.0,4320.0,,1.0,19.0,0.0,2581.0,922.818181818182,49.0,4330.0,1.0,9601.0,2.1930105070808588,1.8808686820126337,0.0,4.0,4306.0,1.0,,,1.0,1456.0,574.0,2244.0,32.0,0.0,17.0,11.0,5.0,0.0,32.0,0.0,0.0,0.0,7.0,,,,,,,,,,,,,
hhl,11,qiskitaer,statevector,CPU,sync,2,4,7945.841022010427,11.0,4317.0,11.0,11.0,4378.0,4378.0,0.0,1.0,11.0,72.0,2850.0,1456.0,0.0,1.0,1.0,4379.0,22.0,3.0,1.0,0.0,0.0,0.0,4379.0,10184.0,4320.0,,1.0,19.0,0.0,2581.0,922.818181818182,49.0,4330.0,1.0,9601.0,2.1930105070808588,1.8808686820126337,0.0,4.0,4306.0,1.0,,,1.0,1456.0,574.0,2244.0,32.0,0.0,17.0,11.0,5.0,0.0,32.0,0.0,0.0,0.0,7.0,,,,,,,,,,,,,
hhl,11,qiskitaer,statevector,CPU,sync,2,4,7320.089895016281,11.0,4317.0,11.0,11.0,4378.0,4378.0,0.0,1.0,11.0,72.0,2850.0,1456.0,0.0,1.0,1.0,4379.0,22.0,3.0,1.0,0.0,0.0,0.0,4379.0,10184.0,4320.0,,1.0,19.0,0.0,2581.0,922.818181818182,49.0,4330.0,1.0,9601.0,2.1930105070808588,1.8808686820126337,0.0,4.0,4306.0,1.0,,,1.0,1456.0,574.0,2244.0,32.0,0.0,17.0,11.0,5.0,0.0,32.0,0.0,0.0,0.0,7.0,,,,,,,,,,,,,
hhl,11,qiskitaer,statevector,CPU,sync,2,4,7530.467741016764,11.0,4317.0,11.0,11.0,4378.0,4378.0,0.0,1.0,11.0,72.0,2850.0,1456.0,0.0,1.0,1.0,4379.0,22.0,3.0,1.0,0.0,0.0,0.0,4379.0,10184.0,4320.0,,1.0,19.0,0.0,2581.0,922.818181818182,49.0,4330.0,1.0,9601.0,2.1930105070808588,1.8808686820126337,0.0,4.0,4306.0,1.0,,,1.0,1456.0,574.0,2244.0,32.0,0.0,17.0,11.0,5.0,0.0,32.0,0.0,0.0,0.0,7.0,,,,,,,,,,,,,
hhl,11,qiskitaer,automatic,CPU,sync,1,4,7921.496849972755,11.0,4317.0,11.0,11.0,4378.0,4378.0,0.0,1.0,11.0,72.0,2850.0,1456.0,0.0,1.0,1.0,4379.0,22.0,3.0,1.0,0.0,0.0,0.0,4379.0,10184.0,4320.0,,1.0,19.0,0.0,2581.0,922.818181818182,49.0,4330.0,1.0,9601.0,2.1930105070808588,1.8808686820126337,0.0,4.0,4306.0,1.0,,,1.0,1456.0,574.0,2244.0,32.0,0.0,17.0,11.0,5.0,0.0,32.0,0.0,0.0,0.0,7.0,,,,,,,,,,,,,
hhl,11,qiskitaer,automatic,CPU,sync,1,4,7056.005613994785,11.0,4317.0,11.0,11.0,4378.0,4378.0,0.0,1.0,11.0,72.0,2850.0,1456.0,0.0,1.0,1.0,4379.0,22.0,3.0,1.0,0.0,0.0,0.0,4379.0,10184.0,4320.0,,1.0,19.0,0.0,2581.0,922.818181818182,49.0,4330.0,1.0,9601.0,2.1930105070808588,1.8808686820126337,0.0,4.0,4306.0,1.0,,,1.0,1456.0,574.0,2244.0,32.0,0.0,17.0,11.0,5.0,0.0,32.0,0.0,0.0,0.0,7.0,,,,,,,,,,,,,
hhl,11,qiskitaer,automatic,CPU,sync,1,4,8106.3388010370545,11.0,4317.0,11.0,11.0,4378.0,4378.0,0.0,1.0,11.0,72.0,2850.0,1456.0,0.0,1.0,1.0,4379.0,22.0,3.0,1.0,0.0,0.0,0.0,4379.0,10184.0,4320.0,,1.0,19.0,0.0,2581.0,922.818181818182,49.0,4330.0,1.0,9601.0,2.1930105070808588,1.8808686820126337,0.0,4.0,4306.0,1.0,,,1.0,1456.0,574.0,2244.0,32.0,0.0,17.0,11.0,5.0,0.0,32.0,0.0,0.0,0.0,7.0,,,,,,,,,,,,,
hhl,11,qiskitaer,automatic,CPU,sync,1,4,7921.496849972755,11.0,4317.0,11.0,11.0,4378.0,4378.0,0.0,1.0,11.0,72.0,2850.0,1456.0,0.0,1.0,1.0,4379.0,22.0,3.0,1.0,0.0,0.0,0.0,4379.0,10184.0,4320.0,,1.0,19.0,0.0,2581.0,922.818181818182,49.0,4330.0,1.0,9601.0,2.1930105070808588,1.8808686820126337,0.0,4.0,4306.0,1.0,,,1.0,1456.0,574.0,2244.0,32.0,0.0,17.0,11.0,5.0,0.0,32.0,0.0,0.0,0.0,7.0,,,,,,,,,,,,,
hhl,11,qiskitaer,automatic,CPU,sync,1,4,7056.005613994785,11.0,4317.0,11.0,11.0,4378.0,4378.0,0.0,1.0,11.0,72.0,2850.0,1456.0,0.0,1.0,1.0,4379.0,22.0,3.0,1.0,0.0,0.0,0.0,4379.0,10184.0,4320.0,,1.0,19.0,0.0,2581.0,922.818181818182,49.0,4330.0,1.0,9601.0,2.1930105070808588,1.8808686820126337,0.0,4.0,4306.0,1.0,,,1.0,1456.0,574.0,2244.0,32.0,0.0,17.0,11.0,5.0,0.0,32.0,0.0,0.0,0.0,7.0,,,,,,,,,,,,,
hhl,11,qiskitaer,automatic,CPU,sync,1,4,8106.3388010370545,11.0,4317.0,11.0,11.0,4378.0,4378.0,0.0,1.0,11.0,72.0,2850.0,1456.0,0.0,1.0,1.0,4379.0,22.0,3.0,1.0,0.0,0.0,0.0,4379.0,10184.0,4320.0,,1.0,19.0,0.0,2581.0,922.818181818182,49.0,4330.0,1.0,9601.0,2.1930105070808588,1.8808686820126337,0.0,4.0,4306.0,1.0,,,1.0,1456.0,574.0,2244.0,32.0,0.0,17.0,11.0,5.0,0.0,32.0,0.0,0.0,0.0,7.0,,,,,,,,,,,,,
hhl,11,qiskitaer,automatic,CPU,sync,1,4,12632.37176299981,11.0,4317.0,11.0,11.0,4378.0,4378.0,0.0,1.0,11.0,72.0,2850.0,1456.0,0.0,1.0,1.0,4379.0,22.0,3.0,1.0,0.0,0.0,0.0,4379.0,10184.0,4320.0,,1.0,19.0,0.0,2581.0,922.818181818182,49.0,4330.0,1.0,9601.0,2.1930105070808588,1.8808686820126337,0.0,4.0,4306.0,1.0,,,1.0,1456.0,574.0,2244.0,32.0,0.0,17.0,11.0,5.0,0.0,32.0,0.0,0.0,0.0,7.0,,,,,,,,,,,,,
hhl,11,qiskitaer,automatic,CPU,sync,1,4,7489.789954999651,11.0,4317.0,11.0,11.0,4378.0,4378.0,0.0,1.0,11.0,72.0,2850.0,1456.0,0.0,1.0,1.0,4379.0,22.0,3.0,1.0,0.0,0.0,0.0,4379.0,10184.0,4320.0,,1.0,19.0,0.0,2581.0,922.818181818182,49.0,4330.0,1.0,9601.0,2.1930105070808588,1.8808686820126337,0.0,4.0,4306.0,1.0,,,1.0,1456.0,574.0,2244.0,32.0,0.0,17.0,11.0,5.0,0.0,32.0,0.0,0.0,0.0,7.0,,,,,,,,,,,,,
hhl,11,qiskitaer,automatic,CPU,sync,1,4,7491.483072999927,11.0,4317.0,11.0,11.0,4378.0,4378.0,0.0,1.0,11.0,72.0,2850.0,1456.0,0.0,1.0,1.0,4379.0,22.0,3.0,1.0,0.0,0.0,0.0,4379.0,10184.0,4320.0,,1.0,19.0,0.0,2581.0,922.818181818182,49.0,4330.0,1.0,9601.0,2.1930105070808588,1.8808686820126337,0.0,4.0,4306.0,1.0,,,1.0,1456.0,574.0,2244.0,32.0,0.0,17.0,11.0,5.0,0.0,32.0,0.0,0.0,0.0,7.0,,,,,,,,,,,,,
hhl,11,qiskitaer,automatic,CPU,sync,1,8,7653.2742910058005,11.0,4317.0,11.0,11.0,4378.0,4378.0,0.0,1.0,11.0,72.0,2850.0,1456.0,0.0,1.0,1.0,4379.0,22.0,3.0,1.0,0.0,0.0,0.0,4379.0,10184.0,4320.0,,1.0,19.0,0.0,2581.0,922.818181818182,49.0,4330.0,1.0,9601.0,2.1930105070808588,1.8808686820126337,0.0,4.0,4306.0,1.0,,,1.0,1456.0,574.0,2244.0,32.0,0.0,17.0,11.0,5.0,0.0,32.0,0.0,0.0,0.0,7.0,,,,,,,,,,,,,
hhl,11,qiskitaer,automatic,CPU,sync,1,8,6568.428651007707,11.0,4317.0,11.0,11.0,4378.0,4378.0,0.0,1.0,11.0,72.0,2850.0,1456.0,0.0,1.0,1.0,4379.0,22.0,3.0,1.0,0.0,0.0,0.0,4379.0,10184.0,4320.0,,1.0,19.0,0.0,2581.0,922.818181818182,49.0,4330.0,1.0,9601.0,2.1930105070808588,1.8808686820126337,0.0,4.0,4306.0,1.0,,,1.0,1456.0,574.0,2244.0,32.0,0.0,17.0,11.0,5.0,0.0,32.0,0.0,0.0,0.0,7.0,,,,,,,,,,,,,
hhl,11,qiskitaer,automatic,CPU,sync,1,8,7438.953151999158,11.0,4317.0,11.0,11.0,4378.0,4378.0,0.0,1.0,11.0,72.0,2850.0,1456.0,0.0,1.0,1.0,4379.0,22.0,3.0,1.0,0.0,0.0,0.0,4379.0,10184.0,4320.0,,1.0,19.0,0.0,2581.0,922.818181818182,49.0,4330.0,1.0,9601.0,2.1930105070808588,1.8808686820126337,0.0,4.0,4306.0,1.0,,,1.0,1456.0,574.0,2244.0,32.0,0.0,17.0,11.0,5.0,0.0,32.0,0.0,0.0,0.0,7.0,,,,,,,,,,,,,
hhl,11,qiskitaer,automatic,CPU,sync,1,8,7653.2742910058005,11.0,4317.0,11.0,11.0,4378.0,4378.0,0.0,1.0,11.0,72.0,2850.0,1456.0,0.0,1.0,1.0,4379.0,22.0,3.0,1.0,0.0,0.0,0.0,4379.0,10184.0,4320.0,,1.0,19.0,0.0,2581.0,922.818181818182,49.0,4330.0,1.0,9601.0,2.1930105070808588,1.8808686820126337,0.0,4.0,4306.0,1.0,,,1.0,1456.0,574.0,2244.0,32.0,0.0,17.0,11.0,5.0,0.0,32.0,0.0,0.0,0.0,7.0,,,,,,,,,,,,,
hhl,11,qiskitaer,automatic,CPU,sync,1,8,6568.428651007707,11.0,4317.0,11.0,11.0,4378.0,4378.0,0.0,1.0,11.0,72.0,2850.0,1456.0,0.0,1.0,1.0,4379.0,22.0,3.0,1.0,0.0,0.0,0.0,4379.0,10184.0,4320.0,,1.0,19.0,0.0,2581.0,922.818181818182,49.0,4330.0,1.0,9601.0,2.1930105070808588,1.8808686820126337,0.0,4.0,4306.0,1.0,,,1.0,1456.0,574.0,2244.0,32.0,0.0,17.0,11.0,5.0,0.0,32.0,0.0,0.0,0.0,7.0,,,,,,,,,,,,,
hhl,11,qiskitaer,automatic,CPU,sync,1,8,7438.953151999158,11.0,4317.0,11.0,11.0,4378.0,4378.0,0.0,1.0,11.0,72.0,2850.0,1456.0,0.0,1.0,1.0,4379.0,22.0,3.0,1.0,0.0,0.0,0.0,4379.0,10184.0,4320.0,,1.0,19.0,0.0,2581.0,922.818181818182,49.0,4330.0,1.0,9601.0,2.1930105070808588,1.8808686820126337,0.0,4.0,4306.0,1.0,,,1.0,1456.0,574.0,2244.0,32.0,0.0,17.0,11.0,5.0,0.0,32.0,0.0,0.0,0.0,7.0,,,,,,,,,,,,,
hhl,11,qiskitaer,automatic,CPU,sync,1,8,10609.417649015086,11.0,4317.0,11.0,11.0,4378.0,4378.0,0.0,1.0,11.0,72.0,2850.0,1456.0,0.0,1.0,1.0,4379.0,22.0,3.0,1.0,0.0,0.0,0.0,4379.0,10184.0,4320.0,,1.0,19.0,0.0,2581.0,922.818181818182,49.0,4330.0,1.0,9601.0,2.1930105070808588,1.8808686820126337,0.0,4.0,4306.0,1.0,,,1.0,1456.0,574.0,2244.0,32.0,0.0,17.0,11.0,5.0,0.0,32.0,0.0,0.0,0.0,7.0,,,,,,,,,,,,,
hhl,11,qiskitaer,automatic,CPU,sync,1,8,7475.180697976612,11.0,4317.0,11.0,11.0,4378.0,4378.0,0.0,1.0,11.0,72.0,2850.0,1456.0,0.0,1.0,1.0,4379.0,22.0,3.0,1.0,0.0,0.0,0.0,4379.0,10184.0,4320.0,,1.0,19.0,0.0,2581.0,922.818181818182,49.0,4330.0,1.0,9601.0,2.1930105070808588,1.8808686820126337,0.0,4.0,4306.0,1.0,,,1.0,1456.0,574.0,2244.0,32.0,0.0,17.0,11.0,5.0,0.0,32.0,0.0,0.0,0.0,7.0,,,,,,,,,,,,,
hhl,11,qiskitaer,automatic,CPU,sync,1,8,7510.264075011946,11.0,4317.0,11.0,11.0,4378.0,4378.0,0.0,1.0,11.0,72.0,2850.0,1456.0,0.0,1.0,1.0,4379.0,22.0,3.0,1.0,0.0,0.0,0.0,4379.0,10184.0,4320.0,,1.0,19.0,0.0,2581.0,922.818181818182,49.0,4330.0,1.0,9601.0,2.1930105070808588,1.8808686820126337,0.0,4.0,4306.0,1.0,,,1.0,1456.0,574.0,2244.0,32.0,0.0,17.0,11.0,5.0,0.0,32.0,0.0,0.0,0.0,7.0,,,,,,,,,,,,,
hhl,11,qiskitaer,automatic,CPU,sync,2,4,7846.922222001012,11.0,4317.0,11.0,11.0,4378.0,4378.0,0.0,1.0,11.0,72.0,2850.0,1456.0,0.0,1.0,1.0,4379.0,22.0,3.0,1.0,0.0,0.0,0.0,4379.0,10184.0,4320.0,,1.0,19.0,0.0,2581.0,922.818181818182,49.0,4330.0,1.0,9601.0,2.1930105070808588,1.8808686820126337,0.0,4.0,4306.0,1.0,,,1.0,1456.0,574.0,2244.0,32.0,0.0,17.0,11.0,5.0,0.0,32.0,0.0,0.0,0.0,7.0,,,,,,,,,,,,,
hhl,11,qiskitaer,automatic,CPU,sync,2,4,7292.716416006442,11.0,4317.0,11.0,11.0,4378.0,4378.0,0.0,1.0,11.0,72.0,2850.0,1456.0,0.0,1.0,1.0,4379.0,22.0,3.0,1.0,0.0,0.0,0.0,4379.0,10184.0,4320.0,,1.0,19.0,0.0,2581.0,922.818181818182,49.0,4330.0,1.0,9601.0,2.1930105070808588,1.8808686820126337,0.0,4.0,4306.0,1.0,,,1.0,1456.0,574.0,2244.0,32.0,0.0,17.0,11.0,5.0,0.0,32.0,0.0,0.0,0.0,7.0,,,,,,,,,,,,,
hhl,11,qiskitaer,automatic,CPU,sync,2,4,7378.479209000943,11.0,4317.0,11.0,11.0,4378.0,4378.0,0.0,1.0,11.0,72.0,2850.0,1456.0,0.0,1.0,1.0,4379.0,22.0,3.0,1.0,0.0,0.0,0.0,4379.0,10184.0,4320.0,,1.0,19.0,0.0,2581.0,922.818181818182,49.0,4330.0,1.0,9601.0,2.1930105070808588,1.8808686820126337,0.0,4.0,4306.0,1.0,,,1.0,1456.0,574.0,2244.0,32.0,0.0,17.0,11.0,5.0,0.0,32.0,0.0,0.0,0.0,7.0,,,,,,,,,,,,,
hhl,11,qiskitaer,automatic,CPU,sync,2,4,7846.922222001012,11.0,4317.0,11.0,11.0,4378.0,4378.0,0.0,1.0,11.0,72.0,2850.0,1456.0,0.0,1.0,1.0,4379.0,22.0,3.0,1.0,0.0,0.0,0.0,4379.0,10184.0,4320.0,,1.0,19.0,0.0,2581.0,922.818181818182,49.0,4330.0,1.0,9601.0,2.1930105070808588,1.8808686820126337,0.0,4.0,4306.0,1.0,,,1.0,1456.0,574.0,2244.0,32.0,0.0,17.0,11.0,5.0,0.0,32.0,0.0,0.0,0.0,7.0,,,,,,,,,,,,,
hhl,11,qiskitaer,automatic,CPU,sync,2,4,7292.716416006442,11.0,4317.0,11.0,11.0,4378.0,4378.0,0.0,1.0,11.0,72.0,2850.0,1456.0,0.0,1.0,1.0,4379.0,22.0,3.0,1.0,0.0,0.0,0.0,4379.0,10184.0,4320.0,,1.0,19.0,0.0,2581.0,922.818181818182,49.0,4330.0,1.0,9601.0,2.1930105070808588,1.8808686820126337,0.0,4.0,4306.0,1.0,,,1.0,1456.0,574.0,2244.0,32.0,0.0,17.0,11.0,5.0,0.0,32.0,0.0,0.0,0.0,7.0,,,,,,,,,,,,,
hhl,11,qiskitaer,automatic,CPU,sync,2,4,7378.479209000943,11.0,4317.0,11.0,11.0,4378.0,4378.0,0.0,1.0,11.0,72.0,2850.0,1456.0,0.0,1.0,1.0,4379.0,22.0,3.0,1.0,0.0,0.0,0.0,4379.0,10184.0,4320.0,,1.0,19.0,0.0,2581.0,922.818181818182,49.0,4330.0,1.0,9601.0,2.1930105070808588,1.8808686820126337,0.0,4.0,4306.0,1.0,,,1.0,1456.0,574.0,2244.0,32.0,0.0,17.0,11.0,5.0,0.0,32.0,0.0,0.0,0.0,7.0,,,,,,,,,,,,,
hhl,11,nwqsim,MPI,CPU,sync,1,8,1089.3503400002373,11.0,4317.0,11.0,11.0,4378.0,4378.0,0.0,1.0,11.0,72.0,2850.0,1456.0,0.0,1.0,1.0,4379.0,22.0,3.0,1.0,0.0,0.0,0.0,4379.0,10184.0,4320.0,,1.0,19.0,0.0,2581.0,922.818181818182,49.0,4330.0,1.0,9601.0,2.1930105070808588,1.8808686820126337,0.0,4.0,4306.0,1.0,,,1.0,1456.0,574.0,2244.0,32.0,0.0,17.0,11.0,5.0,0.0,32.0,0.0,0.0,0.0,7.0,,,,,,,,,,,,,
hhl,11,nwqsim,MPI,CPU,sync,1,8,810.0957409915281,11.0,4317.0,11.0,11.0,4378.0,4378.0,0.0,1.0,11.0,72.0,2850.0,1456.0,0.0,1.0,1.0,4379.0,22.0,3.0,1.0,0.0,0.0,0.0,4379.0,10184.0,4320.0,,1.0,19.0,0.0,2581.0,922.818181818182,49.0,4330.0,1.0,9601.0,2.1930105070808588,1.8808686820126337,0.0,4.0,4306.0,1.0,,,1.0,1456.0,574.0,2244.0,32.0,0.0,17.0,11.0,5.0,0.0,32.0,0.0,0.0,0.0,7.0,,,,,,,,,,,,,
hhl,11,nwqsim,MPI,CPU,sync,1,8,747.8258410119452,11.0,4317.0,11.0,11.0,4378.0,4378.0,0.0,1.0,11.0,72.0,2850.0,1456.0,0.0,1.0,1.0,4379.0,22.0,3.0,1.0,0.0,0.0,0.0,4379.0,10184.0,4320.0,,1.0,19.0,0.0,2581.0,922.818181818182,49.0,4330.0,1.0,9601.0,2.1930105070808588,1.8808686820126337,0.0,4.0,4306.0,1.0,,,1.0,1456.0,574.0,2244.0,32.0,0.0,17.0,11.0,5.0,0.0,32.0,0.0,0.0,0.0,7.0,,,,,,,,,,,,,
hhl,11,nwqsim,MPI,CPU,sync,1,8,1089.3503400002373,11.0,4317.0,11.0,11.0,4378.0,4378.0,0.0,1.0,11.0,72.0,2850.0,1456.0,0.0,1.0,1.0,4379.0,22.0,3.0,1.0,0.0,0.0,0.0,4379.0,10184.0,4320.0,,1.0,19.0,0.0,2581.0,922.818181818182,49.0,4330.0,1.0,9601.0,2.1930105070808588,1.8808686820126337,0.0,4.0,4306.0,1.0,,,1.0,1456.0,574.0,2244.0,32.0,0.0,17.0,11.0,5.0,0.0,32.0,0.0,0.0,0.0,7.0,,,,,,,,,,,,,
hhl,11,nwqsim,MPI,CPU,sync,1,8,810.0957409915281,11.0,4317.0,11.0,11.0,4378.0,4378.0,0.0,1.0,11.0,72.0,2850.0,1456.0,0.0,1.0,1.0,4379.0,22.0,3.0,1.0,0.0,0.0,0.0,4379.0,10184.0,4320.0,,1.0,19.0,0.0,2581.0,922.818181818182,49.0,4330.0,1.0,9601.0,2.1930105070808588,1.8808686820126337,0.0,4.0,4306.0,1.0,,,1.0,1456.0,574.0,2244.0,32.0,0.0,17.0,11.0,5.0,0.0,32.0,0.0,0.0,0.0,7.0,,,,,,,,,,,,,
hhl,11,nwqsim,MPI,CPU,sync,1,8,747.8258410119452,11.0,4317.0,11.0,11.0,4378.0,4378.0,0.0,1.0,11.0,72.0,2850.0,1456.0,0.0,1.0,1.0,4379.0,22.0,3.0,1.0,0.0,0.0,0.0,4379.0,10184.0,4320.0,,1.0,19.0,0.0,2581.0,922.818181818182,49.0,4330.0,1.0,9601.0,2.1930105070808588,1.8808686820126337,0.0,4.0,4306.0,1.0,,,1.0,1456.0,574.0,2244.0,32.0,0.0,17.0,11.0,5.0,0.0,32.0,0.0,0.0,0.0,7.0,,,,,,,,,,,,,
hhl,11,nwqsim,MPI,CPU,sync,1,4,1153.9158590021543,11.0,4317.0,11.0,11.0,4378.0,4378.0,0.0,1.0,11.0,72.0,2850.0,1456.0,0.0,1.0,1.0,4379.0,22.0,3.0,1.0,0.0,0.0,0.0,4379.0,10184.0,4320.0,,1.0,19.0,0.0,2581.0,922.818181818182,49.0,4330.0,1.0,9601.0,2.1930105070808588,1.8808686820126337,0.0,4.0,4306.0,1.0,,,1.0,1456.0,574.0,2244.0,32.0,0.0,17.0,11.0,5.0,0.0,32.0,0.0,0.0,0.0,7.0,,,,,,,,,,,,,
hhl,11,nwqsim,MPI,CPU,sync,1,4,843.8729119952768,11.0,4317.0,11.0,11.0,4378.0,4378.0,0.0,1.0,11.0,72.0,2850.0,1456.0,0.0,1.0,1.0,4379.0,22.0,3.0,1.0,0.0,0.0,0.0,4379.0,10184.0,4320.0,,1.0,19.0,0.0,2581.0,922.818181818182,49.0,4330.0,1.0,9601.0,2.1930105070808588,1.8808686820126337,0.0,4.0,4306.0,1.0,,,1.0,1456.0,574.0,2244.0,32.0,0.0,17.0,11.0,5.0,0.0,32.0,0.0,0.0,0.0,7.0,,,,,,,,,,,,,
hhl,11,nwqsim,MPI,CPU,sync,1,4,795.2282269834541,11.0,4317.0,11.0,11.0,4378.0,4378.0,0.0,1.0,11.0,72.0,2850.0,1456.0,0.0,1.0,1.0,4379.0,22.0,3.0,1.0,0.0,0.0,0.0,4379.0,10184.0,4320.0,,1.0,19.0,0.0,2581.0,922.818181818182,49.0,4330.0,1.0,9601.0,2.1930105070808588,1.8808686820126337,0.0,4.0,4306.0,1.0,,,1.0,1456.0,574.0,2244.0,32.0,0.0,17.0,11.0,5.0,0.0,32.0,0.0,0.0,0.0,7.0,,,,,,,,,,,,,
hhl,11,nwqsim,MPI,CPU,sync,1,4,1153.9158590021543,11.0,4317.0,11.0,11.0,4378.0,4378.0,0.0,1.0,11.0,72.0,2850.0,1456.0,0.0,1.0,1.0,4379.0,22.0,3.0,1.0,0.0,0.0,0.0,4379.0,10184.0,4320.0,,1.0,19.0,0.0,2581.0,922.818181818182,49.0,4330.0,1.0,9601.0,2.1930105070808588,1.8808686820126337,0.0,4.0,4306.0,1.0,,,1.0,1456.0,574.0,2244.0,32.0,0.0,17.0,11.0,5.0,0.0,32.0,0.0,0.0,0.0,7.0,,,,,,,,,,,,,
hhl,11,nwqsim,MPI,CPU,sync,1,4,843.8729119952768,11.0,4317.0,11.0,11.0,4378.0,4378.0,0.0,1.0,11.0,72.0,2850.0,1456.0,0.0,1.0,1.0,4379.0,22.0,3.0,1.0,0.0,0.0,0.0,4379.0,10184.0,4320.0,,1.0,19.0,0.0,2581.0,922.818181818182,49.0,4330.0,1.0,9601.0,2.1930105070808588,1.8808686820126337,0.0,4.0,4306.0,1.0,,,1.0,1456.0,574.0,2244.0,32.0,0.0,17.0,11.0,5.0,0.0,32.0,0.0,0.0,0.0,7.0,,,,,,,,,,,,,
hhl,11,nwqsim,MPI,CPU,sync,1,4,795.2282269834541,11.0,4317.0,11.0,11.0,4378.0,4378.0,0.0,1.0,11.0,72.0,2850.0,1456.0,0.0,1.0,1.0,4379.0,22.0,3.0,1.0,0.0,0.0,0.0,4379.0,10184.0,4320.0,,1.0,19.0,0.0,2581.0,922.818181818182,49.0,4330.0,1.0,9601.0,2.1930105070808588,1.8808686820126337,0.0,4.0,4306.0,1.0,,,1.0,1456.0,574.0,2244.0,32.0,0.0,17.0,11.0,5.0,0.0,32.0,0.0,0.0,0.0,7.0,,,,,,,,,,,,,
hhl,11,nwqsim,MPI,CPU,sync,1,4,1366.241545000321,11.0,4317.0,11.0,11.0,4378.0,4378.0,0.0,1.0,11.0,72.0,2850.0,1456.0,0.0,1.0,1.0,4379.0,22.0,3.0,1.0,0.0,0.0,0.0,4379.0,10184.0,4320.0,,1.0,19.0,0.0,2581.0,922.818181818182,49.0,4330.0,1.0,9601.0,2.1930105070808588,1.8808686820126337,0.0,4.0,4306.0,1.0,,,1.0,1456.0,574.0,2244.0,32.0,0.0,17.0,11.0,5.0,0.0,32.0,0.0,0.0,0.0,7.0,,,,,,,,,,,,,
hhl,11,nwqsim,MPI,CPU,sync,1,4,1352.9197460002251,11.0,4317.0,11.0,11.0,4378.0,4378.0,0.0,1.0,11.0,72.0,2850.0,1456.0,0.0,1.0,1.0,4379.0,22.0,3.0,1.0,0.0,0.0,0.0,4379.0,10184.0,4320.0,,1.0,19.0,0.0,2581.0,922.818181818182,49.0,4330.0,1.0,9601.0,2.1930105070808588,1.8808686820126337,0.0,4.0,4306.0,1.0,,,1.0,1456.0,574.0,2244.0,32.0,0.0,17.0,11.0,5.0,0.0,32.0,0.0,0.0,0.0,7.0,,,,,,,,,,,,,
hhl,11,nwqsim,MPI,CPU,sync,1,4,1351.3270270000248,11.0,4317.0,11.0,11.0,4378.0,4378.0,0.0,1.0,11.0,72.0,2850.0,1456.0,0.0,1.0,1.0,4379.0,22.0,3.0,1.0,0.0,0.0,0.0,4379.0,10184.0,4320.0,,1.0,19.0,0.0,2581.0,922.818181818182,49.0,4330.0,1.0,9601.0,2.1930105070808588,1.8808686820126337,0.0,4.0,4306.0,1.0,,,1.0,1456.0,574.0,2244.0,32.0,0.0,17.0,11.0,5.0,0.0,32.0,0.0,0.0,0.0,7.0,,,,,,,,,,,,,
hhl,11,nwqsim,MPI,CPU,sync,2,4,1205.522802003543,11.0,4317.0,11.0,11.0,4378.0,4378.0,0.0,1.0,11.0,72.0,2850.0,1456.0,0.0,1.0,1.0,4379.0,22.0,3.0,1.0,0.0,0.0,0.0,4379.0,10184.0,4320.0,,1.0,19.0,0.0,2581.0,922.818181818182,49.0,4330.0,1.0,9601.0,2.1930105070808588,1.8808686820126337,0.0,4.0,4306.0,1.0,,,1.0,1456.0,574.0,2244.0,32.0,0.0,17.0,11.0,5.0,0.0,32.0,0.0,0.0,0.0,7.0,,,,,,,,,,,,,
hhl,11,nwqsim,MPI,CPU,sync,2,4,864.0621090016793,11.0,4317.0,11.0,11.0,4378.0,4378.0,0.0,1.0,11.0,72.0,2850.0,1456.0,0.0,1.0,1.0,4379.0,22.0,3.0,1.0,0.0,0.0,0.0,4379.0,10184.0,4320.0,,1.0,19.0,0.0,2581.0,922.818181818182,49.0,4330.0,1.0,9601.0,2.1930105070808588,1.8808686820126337,0.0,4.0,4306.0,1.0,,,1.0,1456.0,574.0,2244.0,32.0,0.0,17.0,11.0,5.0,0.0,32.0,0.0,0.0,0.0,7.0,,,,,,,,,,,,,
hhl,11,nwqsim,MPI,CPU,sync,2,4,887.9343029984739,11.0,4317.0,11.0,11.0,4378.0,4378.0,0.0,1.0,11.0,72.0,2850.0,1456.0,0.0,1.0,1.0,4379.0,22.0,3.0,1.0,0.0,0.0,0.0,4379.0,10184.0,4320.0,,1.0,19.0,0.0,2581.0,922.818181818182,49.0,4330.0,1.0,9601.0,2.1930105070808588,1.8808686820126337,0.0,4.0,4306.0,1.0,,,1.0,1456.0,574.0,2244.0,32.0,0.0,17.0,11.0,5.0,0.0,32.0,0.0,0.0,0.0,7.0,,,,,,,,,,,,,
hhl,11,nwqsim,MPI,CPU,sync,2,4,1205.522802003543,11.0,4317.0,11.0,11.0,4378.0,4378.0,0.0,1.0,11.0,72.0,2850.0,1456.0,0.0,1.0,1.0,4379.0,22.0,3.0,1.0,0.0,0.0,0.0,4379.0,10184.0,4320.0,,1.0,19.0,0.0,2581.0,922.818181818182,49.0,4330.0,1.0,9601.0,2.1930105070808588,1.8808686820126337,0.0,4.0,4306.0,1.0,,,1.0,1456.0,574.0,2244.0,32.0,0.0,17.0,11.0,5.0,0.0,32.0,0.0,0.0,0.0,7.0,,,,,,,,,,,,,
hhl,11,nwqsim,MPI,CPU,sync,2,4,864.0621090016793,11.0,4317.0,11.0,11.0,4378.0,4378.0,0.0,1.0,11.0,72.0,2850.0,1456.0,0.0,1.0,1.0,4379.0,22.0,3.0,1.0,0.0,0.0,0.0,4379.0,10184.0,4320.0,,1.0,19.0,0.0,2581.0,922.818181818182,49.0,4330.0,1.0,9601.0,2.1930105070808588,1.8808686820126337,0.0,4.0,4306.0,1.0,,,1.0,1456.0,574.0,2244.0,32.0,0.0,17.0,11.0,5.0,0.0,32.0,0.0,0.0,0.0,7.0,,,,,,,,,,,,,
hhl,11,nwqsim,MPI,CPU,sync,2,4,887.9343029984739,11.0,4317.0,11.0,11.0,4378.0,4378.0,0.0,1.0,11.0,72.0,2850.0,1456.0,0.0,1.0,1.0,4379.0,22.0,3.0,1.0,0.0,0.0,0.0,4379.0,10184.0,4320.0,,1.0,19.0,0.0,2581.0,922.818181818182,49.0,4330.0,1.0,9601.0,2.1930105070808588,1.8808686820126337,0.0,4.0,4306.0,1.0,,,1.0,1456.0,574.0,2244.0,32.0,0.0,17.0,11.0,5.0,0.0,32.0,0.0,0.0,0.0,7.0,,,,,,,,,,,,,
hhl,11,ionq,simulator,CPU,sync,1,4,200529.88721302245,11.0,4317.0,11.0,11.0,4378.0,4378.0,0.0,1.0,11.0,72.0,2850.0,1456.0,0.0,1.0,1.0,4379.0,22.0,3.0,1.0,0.0,0.0,0.0,4379.0,10184.0,4320.0,,1.0,19.0,0.0,2581.0,922.818181818182,49.0,4330.0,1.0,9601.0,2.1930105070808588,1.8808686820126337,0.0,4.0,4306.0,1.0,,,1.0,1456.0,574.0,2244.0,32.0,0.0,17.0,11.0,5.0,0.0,32.0,0.0,0.0,0.0,7.0,,,,,,,,,,,,,
hhl,11,ionq,simulator,CPU,sync,1,4,200516.70089998515,11.0,4317.0,11.0,11.0,4378.0,4378.0,0.0,1.0,11.0,72.0,2850.0,1456.0,0.0,1.0,1.0,4379.0,22.0,3.0,1.0,0.0,0.0,0.0,4379.0,10184.0,4320.0,,1.0,19.0,0.0,2581.0,922.818181818182,49.0,4330.0,1.0,9601.0,2.1930105070808588,1.8808686820126337,0.0,4.0,4306.0,1.0,,,1.0,1456.0,574.0,2244.0,32.0,0.0,17.0,11.0,5.0,0.0,32.0,0.0,0.0,0.0,7.0,,,,,,,,,,,,,
hhl,11,ionq,simulator,CPU,sync,1,4,200507.9851759947,11.0,4317.0,11.0,11.0,4378.0,4378.0,0.0,1.0,11.0,72.0,2850.0,1456.0,0.0,1.0,1.0,4379.0,22.0,3.0,1.0,0.0,0.0,0.0,4379.0,10184.0,4320.0,,1.0,19.0,0.0,2581.0,922.818181818182,49.0,4330.0,1.0,9601.0,2.1930105070808588,1.8808686820126337,0.0,4.0,4306.0,1.0,,,1.0,1456.0,574.0,2244.0,32.0,0.0,17.0,11.0,5.0,0.0,32.0,0.0,0.0,0.0,7.0,,,,,,,,,,,,,
hhl,11,ionq,simulator,CPU,sync,1,4,200529.88721302245,11.0,4317.0,11.0,11.0,4378.0,4378.0,0.0,1.0,11.0,72.0,2850.0,1456.0,0.0,1.0,1.0,4379.0,22.0,3.0,1.0,0.0,0.0,0.0,4379.0,10184.0,4320.0,,1.0,19.0,0.0,2581.0,922.818181818182,49.0,4330.0,1.0,9601.0,2.1930105070808588,1.8808686820126337,0.0,4.0,4306.0,1.0,,,1.0,1456.0,574.0,2244.0,32.0,0.0,17.0,11.0,5.0,0.0,32.0,0.0,0.0,0.0,7.0,,,,,,,,,,,,,
hhl,11,ionq,simulator,CPU,sync,1,4,200516.70089998515,11.0,4317.0,11.0,11.0,4378.0,4378.0,0.0,1.0,11.0,72.0,2850.0,1456.0,0.0,1.0,1.0,4379.0,22.0,3.0,1.0,0.0,0.0,0.0,4379.0,10184.0,4320.0,,1.0,19.0,0.0,2581.0,922.818181818182,49.0,4330.0,1.0,9601.0,2.1930105070808588,1.8808686820126337,0.0,4.0,4306.0,1.0,,,1.0,1456.0,574.0,2244.0,32.0,0.0,17.0,11.0,5.0,0.0,32.0,0.0,0.0,0.0,7.0,,,,,,,,,,,,,
hhl,11,ionq,simulator,CPU,sync,1,4,200507.9851759947,11.0,4317.0,11.0,11.0,4378.0,4378.0,0.0,1.0,11.0,72.0,2850.0,1456.0,0.0,1.0,1.0,4379.0,22.0,3.0,1.0,0.0,0.0,0.0,4379.0,10184.0,4320.0,,1.0,19.0,0.0,2581.0,922.818181818182,49.0,4330.0,1.0,9601.0,2.1930105070808588,1.8808686820126337,0.0,4.0,4306.0,1.0,,,1.0,1456.0,574.0,2244.0,32.0,0.0,17.0,11.0,5.0,0.0,32.0,0.0,0.0,0.0,7.0,,,,,,,,,,,,,
hhl,11,ionq,simulator,CPU,sync,1,8,200529.88721302245,11.0,4317.0,11.0,11.0,4378.0,4378.0,0.0,1.0,11.0,72.0,2850.0,1456.0,0.0,1.0,1.0,4379.0,22.0,3.0,1.0,0.0,0.0,0.0,4379.0,10184.0,4320.0,,1.0,19.0,0.0,2581.0,922.818181818182,49.0,4330.0,1.0,9601.0,2.1930105070808588,1.8808686820126337,0.0,4.0,4306.0,1.0,,,1.0,1456.0,574.0,2244.0,32.0,0.0,17.0,11.0,5.0,0.0,32.0,0.0,0.0,0.0,7.0,,,,,,,,,,,,,
hhl,11,ionq,simulator,CPU,sync,1,8,200516.70089998515,11.0,4317.0,11.0,11.0,4378.0,4378.0,0.0,1.0,11.0,72.0,2850.0,1456.0,0.0,1.0,1.0,4379.0,22.0,3.0,1.0,0.0,0.0,0.0,4379.0,10184.0,4320.0,,1.0,19.0,0.0,2581.0,922.818181818182,49.0,4330.0,1.0,9601.0,2.1930105070808588,1.8808686820126337,0.0,4.0,4306.0,1.0,,,1.0,1456.0,574.0,2244.0,32.0,0.0,17.0,11.0,5.0,0.0,32.0,0.0,0.0,0.0,7.0,,,,,,,,,,,,,
hhl,11,ionq,simulator,CPU,sync,1,8,200507.9851759947,11.0,4317.0,11.0,11.0,4378.0,4378.0,0.0,1.0,11.0,72.0,2850.0,1456.0,0.0,1.0,1.0,4379.0,22.0,3.0,1.0,0.0,0.0,0.0,4379.0,10184.0,4320.0,,1.0,19.0,0.0,2581.0,922.818181818182,49.0,4330.0,1.0,9601.0,2.1930105070808588,1.8808686820126337,0.0,4.0,4306.0,1.0,,,1.0,1456.0,574.0,2244.0,32.0,0.0,17.0,11.0,5.0,0.0,32.0,0.0,0.0,0.0,7.0,,,,,,,,,,,,,
hhl,11,ionq,simulator,CPU,sync,1,8,200529.88721302245,11.0,4317.0,11.0,11.0,4378.0,4378.0,0.0,1.0,11.0,72.0,2850.0,1456.0,0.0,1.0,1.0,4379.0,22.0,3.0,1.0,0.0,0.0,0.0,4379.0,10184.0,4320.0,,1.0,19.0,0.0,2581.0,922.818181818182,49.0,4330.0,1.0,9601.0,2.1930105070808588,1.8808686820126337,0.0,4.0,4306.0,1.0,,,1.0,1456.0,574.0,2244.0,32.0,0.0,17.0,11.0,5.0,0.0,32.0,0.0,0.0,0.0,7.0,,,,,,,,,,,,,
hhl,11,ionq,simulator,CPU,sync,1,8,200516.70089998515,11.0,4317.0,11.0,11.0,4378.0,4378.0,0.0,1.0,11.0,72.0,2850.0,1456.0,0.0,1.0,1.0,4379.0,22.0,3.0,1.0,0.0,0.0,0.0,4379.0,10184.0,4320.0,,1.0,19.0,0.0,2581.0,922.818181818182,49.0,4330.0,1.0,9601.0,2.1930105070808588,1.8808686820126337,0.0,4.0,4306.0,1.0,,,1.0,1456.0,574.0,2244.0,32.0,0.0,17.0,11.0,5.0,0.0,32.0,0.0,0.0,0.0,7.0,,,,,,,,,,,,,
hhl,11,ionq,simulator,CPU,sync,1,8,200507.9851759947,11.0,4317.0,11.0,11.0,4378.0,4378.0,0.0,1.0,11.0,72.0,2850.0,1456.0,0.0,1.0,1.0,4379.0,22.0,3.0,1.0,0.0,0.0,0.0,4379.0,10184.0,4320.0,,1.0,19.0,0.0,2581.0,922.818181818182,49.0,4330.0,1.0,9601.0,2.1930105070808588,1.8808686820126337,0.0,4.0,4306.0,1.0,,,1.0,1456.0,574.0,2244.0,32.0,0.0,17.0,11.0,5.0,0.0,32.0,0.0,0.0,0.0,7.0,,,,,,,,,,,,,
hhl,11,tnqvm,exatn-mps,CPU,sync,1,4,200530.5346659734,11.0,4317.0,11.0,11.0,4378.0,4378.0,0.0,1.0,11.0,72.0,2850.0,1456.0,0.0,1.0,1.0,4379.0,22.0,3.0,1.0,0.0,0.0,0.0,4379.0,10184.0,4320.0,,1.0,19.0,0.0,2581.0,922.818181818182,49.0,4330.0,1.0,9601.0,2.1930105070808588,1.8808686820126337,0.0,4.0,4306.0,1.0,,,1.0,1456.0,574.0,2244.0,32.0,0.0,17.0,11.0,5.0,0.0,32.0,0.0,0.0,0.0,7.0,,,,,,,,,,,,,
hhl,11,tnqvm,exatn-mps,CPU,sync,1,4,200505.22271799855,11.0,4317.0,11.0,11.0,4378.0,4378.0,0.0,1.0,11.0,72.0,2850.0,1456.0,0.0,1.0,1.0,4379.0,22.0,3.0,1.0,0.0,0.0,0.0,4379.0,10184.0,4320.0,,1.0,19.0,0.0,2581.0,922.818181818182,49.0,4330.0,1.0,9601.0,2.1930105070808588,1.8808686820126337,0.0,4.0,4306.0,1.0,,,1.0,1456.0,574.0,2244.0,32.0,0.0,17.0,11.0,5.0,0.0,32.0,0.0,0.0,0.0,7.0,,,,,,,,,,,,,
hhl,11,tnqvm,exatn-mps,CPU,sync,1,4,200518.88706797035,11.0,4317.0,11.0,11.0,4378.0,4378.0,0.0,1.0,11.0,72.0,2850.0,1456.0,0.0,1.0,1.0,4379.0,22.0,3.0,1.0,0.0,0.0,0.0,4379.0,10184.0,4320.0,,1.0,19.0,0.0,2581.0,922.818181818182,49.0,4330.0,1.0,9601.0,2.1930105070808588,1.8808686820126337,0.0,4.0,4306.0,1.0,,,1.0,1456.0,574.0,2244.0,32.0,0.0,17.0,11.0,5.0,0.0,32.0,0.0,0.0,0.0,7.0,,,,,,,,,,,,,
hhl,11,tnqvm,exatn-mps,CPU,sync,1,4,200530.5346659734,11.0,4317.0,11.0,11.0,4378.0,4378.0,0.0,1.0,11.0,72.0,2850.0,1456.0,0.0,1.0,1.0,4379.0,22.0,3.0,1.0,0.0,0.0,0.0,4379.0,10184.0,4320.0,,1.0,19.0,0.0,2581.0,922.818181818182,49.0,4330.0,1.0,9601.0,2.1930105070808588,1.8808686820126337,0.0,4.0,4306.0,1.0,,,1.0,1456.0,574.0,2244.0,32.0,0.0,17.0,11.0,5.0,0.0,32.0,0.0,0.0,0.0,7.0,,,,,,,,,,,,,
hhl,11,tnqvm,exatn-mps,CPU,sync,1,4,200505.22271799855,11.0,4317.0,11.0,11.0,4378.0,4378.0,0.0,1.0,11.0,72.0,2850.0,1456.0,0.0,1.0,1.0,4379.0,22.0,3.0,1.0,0.0,0.0,0.0,4379.0,10184.0,4320.0,,1.0,19.0,0.0,2581.0,922.818181818182,49.0,4330.0,1.0,9601.0,2.1930105070808588,1.8808686820126337,0.0,4.0,4306.0,1.0,,,1.0,1456.0,574.0,2244.0,32.0,0.0,17.0,11.0,5.0,0.0,32.0,0.0,0.0,0.0,7.0,,,,,,,,,,,,,
hhl,11,tnqvm,exatn-mps,CPU,sync,1,4,200518.88706797035,11.0,4317.0,11.0,11.0,4378.0,4378.0,0.0,1.0,11.0,72.0,2850.0,1456.0,0.0,1.0,1.0,4379.0,22.0,3.0,1.0,0.0,0.0,0.0,4379.0,10184.0,4320.0,,1.0,19.0,0.0,2581.0,922.818181818182,49.0,4330.0,1.0,9601.0,2.1930105070808588,1.8808686820126337,0.0,4.0,4306.0,1.0,,,1.0,1456.0,574.0,2244.0,32.0,0.0,17.0,11.0,5.0,0.0,32.0,0.0,0.0,0.0,7.0,,,,,,,,,,,,,
hhl,11,tnqvm,exatn-mps,CPU,sync,1,8,200530.4259770055,11.0,4317.0,11.0,11.0,4378.0,4378.0,0.0,1.0,11.0,72.0,2850.0,1456.0,0.0,1.0,1.0,4379.0,22.0,3.0,1.0,0.0,0.0,0.0,4379.0,10184.0,4320.0,,1.0,19.0,0.0,2581.0,922.818181818182,49.0,4330.0,1.0,9601.0,2.1930105070808588,1.8808686820126337,0.0,4.0,4306.0,1.0,,,1.0,1456.0,574.0,2244.0,32.0,0.0,17.0,11.0,5.0,0.0,32.0,0.0,0.0,0.0,7.0,,,,,,,,,,,,,
hhl,11,tnqvm,exatn-mps,CPU,sync,1,8,200505.98585999978,11.0,4317.0,11.0,11.0,4378.0,4378.0,0.0,1.0,11.0,72.0,2850.0,1456.0,0.0,1.0,1.0,4379.0,22.0,3.0,1.0,0.0,0.0,0.0,4379.0,10184.0,4320.0,,1.0,19.0,0.0,2581.0,922.818181818182,49.0,4330.0,1.0,9601.0,2.1930105070808588,1.8808686820126337,0.0,4.0,4306.0,1.0,,,1.0,1456.0,574.0,2244.0,32.0,0.0,17.0,11.0,5.0,0.0,32.0,0.0,0.0,0.0,7.0,,,,,,,,,,,,,
hhl,11,tnqvm,exatn-mps,CPU,sync,1,8,200522.20383600798,11.0,4317.0,11.0,11.0,4378.0,4378.0,0.0,1.0,11.0,72.0,2850.0,1456.0,0.0,1.0,1.0,4379.0,22.0,3.0,1.0,0.0,0.0,0.0,4379.0,10184.0,4320.0,,1.0,19.0,0.0,2581.0,922.818181818182,49.0,4330.0,1.0,9601.0,2.1930105070808588,1.8808686820126337,0.0,4.0,4306.0,1.0,,,1.0,1456.0,574.0,2244.0,32.0,0.0,17.0,11.0,5.0,0.0,32.0,0.0,0.0,0.0,7.0,,,,,,,,,,,,,
hhl,11,tnqvm,exatn-mps,CPU,sync,1,8,200530.4259770055,11.0,4317.0,11.0,11.0,4378.0,4378.0,0.0,1.0,11.0,72.0,2850.0,1456.0,0.0,1.0,1.0,4379.0,22.0,3.0,1.0,0.0,0.0,0.0,4379.0,10184.0,4320.0,,1.0,19.0,0.0,2581.0,922.818181818182,49.0,4330.0,1.0,9601.0,2.1930105070808588,1.8808686820126337,0.0,4.0,4306.0,1.0,,,1.0,1456.0,574.0,2244.0,32.0,0.0,17.0,11.0,5.0,0.0,32.0,0.0,0.0,0.0,7.0,,,,,,,,,,,,,
hhl,11,tnqvm,exatn-mps,CPU,sync,1,8,200505.98585999978,11.0,4317.0,11.0,11.0,4378.0,4378.0,0.0,1.0,11.0,72.0,2850.0,1456.0,0.0,1.0,1.0,4379.0,22.0,3.0,1.0,0.0,0.0,0.0,4379.0,10184.0,4320.0,,1.0,19.0,0.0,2581.0,922.818181818182,49.0,4330.0,1.0,9601.0,2.1930105070808588,1.8808686820126337,0.0,4.0,4306.0,1.0,,,1.0,1456.0,574.0,2244.0,32.0,0.0,17.0,11.0,5.0,0.0,32.0,0.0,0.0,0.0,7.0,,,,,,,,,,,,,
hhl,11,tnqvm,exatn-mps,CPU,sync,1,8,200522.20383600798,11.0,4317.0,11.0,11.0,4378.0,4378.0,0.0,1.0,11.0,72.0,2850.0,1456.0,0.0,1.0,1.0,4379.0,22.0,3.0,1.0,0.0,0.0,0.0,4379.0,10184.0,4320.0,,1.0,19.0,0.0,2581.0,922.818181818182,49.0,4330.0,1.0,9601.0,2.1930105070808588,1.8808686820126337,0.0,4.0,4306.0,1.0,,,1.0,1456.0,574.0,2244.0,32.0,0.0,17.0,11.0,5.0,0.0,32.0,0.0,0.0,0.0,7.0,,,,,,,,,,,,,
hhl,11,tnqvm,exatn-mps,CPU,sync,2,4,200526.35663503315,11.0,4317.0,11.0,11.0,4378.0,4378.0,0.0,1.0,11.0,72.0,2850.0,1456.0,0.0,1.0,1.0,4379.0,22.0,3.0,1.0,0.0,0.0,0.0,4379.0,10184.0,4320.0,,1.0,19.0,0.0,2581.0,922.818181818182,49.0,4330.0,1.0,9601.0,2.1930105070808588,1.8808686820126337,0.0,4.0,4306.0,1.0,,,1.0,1456.0,574.0,2244.0,32.0,0.0,17.0,11.0,5.0,0.0,32.0,0.0,0.0,0.0,7.0,,,,,,,,,,,,,
hhl,11,tnqvm,exatn-mps,CPU,sync,2,4,200523.85454403702,11.0,4317.0,11.0,11.0,4378.0,4378.0,0.0,1.0,11.0,72.0,2850.0,1456.0,0.0,1.0,1.0,4379.0,22.0,3.0,1.0,0.0,0.0,0.0,4379.0,10184.0,4320.0,,1.0,19.0,0.0,2581.0,922.818181818182,49.0,4330.0,1.0,9601.0,2.1930105070808588,1.8808686820126337,0.0,4.0,4306.0,1.0,,,1.0,1456.0,574.0,2244.0,32.0,0.0,17.0,11.0,5.0,0.0,32.0,0.0,0.0,0.0,7.0,,,,,,,,,,,,,
hhl,11,tnqvm,exatn-mps,CPU,sync,2,4,200689.56741609145,11.0,4317.0,11.0,11.0,4378.0,4378.0,0.0,1.0,11.0,72.0,2850.0,1456.0,0.0,1.0,1.0,4379.0,22.0,3.0,1.0,0.0,0.0,0.0,4379.0,10184.0,4320.0,,1.0,19.0,0.0,2581.0,922.818181818182,49.0,4330.0,1.0,9601.0,2.1930105070808588,1.8808686820126337,0.0,4.0,4306.0,1.0,,,1.0,1456.0,574.0,2244.0,32.0,0.0,17.0,11.0,5.0,0.0,32.0,0.0,0.0,0.0,7.0,,,,,,,,,,,,,
hhl,11,tnqvm,exatn-mps,CPU,sync,2,4,200526.35663503315,11.0,4317.0,11.0,11.0,4378.0,4378.0,0.0,1.0,11.0,72.0,2850.0,1456.0,0.0,1.0,1.0,4379.0,22.0,3.0,1.0,0.0,0.0,0.0,4379.0,10184.0,4320.0,,1.0,19.0,0.0,2581.0,922.818181818182,49.0,4330.0,1.0,9601.0,2.1930105070808588,1.8808686820126337,0.0,4.0,4306.0,1.0,,,1.0,1456.0,574.0,2244.0,32.0,0.0,17.0,11.0,5.0,0.0,32.0,0.0,0.0,0.0,7.0,,,,,,,,,,,,,
hhl,11,tnqvm,exatn-mps,CPU,sync,2,4,200523.85454403702,11.0,4317.0,11.0,11.0,4378.0,4378.0,0.0,1.0,11.0,72.0,2850.0,1456.0,0.0,1.0,1.0,4379.0,22.0,3.0,1.0,0.0,0.0,0.0,4379.0,10184.0,4320.0,,1.0,19.0,0.0,2581.0,922.818181818182,49.0,4330.0,1.0,9601.0,2.1930105070808588,1.8808686820126337,0.0,4.0,4306.0,1.0,,,1.0,1456.0,574.0,2244.0,32.0,0.0,17.0,11.0,5.0,0.0,32.0,0.0,0.0,0.0,7.0,,,,,,,,,,,,,
hhl,11,tnqvm,exatn-mps,CPU,sync,2,4,200689.56741609145,11.0,4317.0,11.0,11.0,4378.0,4378.0,0.0,1.0,11.0,72.0,2850.0,1456.0,0.0,1.0,1.0,4379.0,22.0,3.0,1.0,0.0,0.0,0.0,4379.0,10184.0,4320.0,,1.0,19.0,0.0,2581.0,922.818181818182,49.0,4330.0,1.0,9601.0,2.1930105070808588,1.8808686820126337,0.0,4.0,4306.0,1.0,,,1.0,1456.0,574.0,2244.0,32.0,0.0,17.0,11.0,5.0,0.0,32.0,0.0,0.0,0.0,7.0,,,,,,,,,,,,,
hhl,13,tnqvm,exatn-mps,CPU,sync,1,8,201570.73047899758,13.0,19103.0,13.0,13.0,19182.0,19182.0,0.0,1.0,13.0,111.0,12734.0,6337.0,0.0,1.0,1.0,19183.0,26.0,3.0,1.0,0.0,0.0,0.0,19183.0,44642.0,19106.0,,1.0,26.0,0.0,10205.0,3431.0,84.0,19099.0,1.0,41505.0,2.163747263059118,1.8648792100511715,0.0,4.0,19071.0,1.0,,,1.0,6337.0,3087.0,9583.0,64.0,0.0,20.0,13.0,6.0,0.0,64.0,0.0,0.0,0.0,8.0,,,,,,,,,,,,,
hhl,13,tnqvm,exatn-mps,CPU,sync,1,8,201575.72558699758,13.0,19103.0,13.0,13.0,19182.0,19182.0,0.0,1.0,13.0,111.0,12734.0,6337.0,0.0,1.0,1.0,19183.0,26.0,3.0,1.0,0.0,0.0,0.0,19183.0,44642.0,19106.0,,1.0,26.0,0.0,10205.0,3431.0,84.0,19099.0,1.0,41505.0,2.163747263059118,1.8648792100511715,0.0,4.0,19071.0,1.0,,,1.0,6337.0,3087.0,9583.0,64.0,0.0,20.0,13.0,6.0,0.0,64.0,0.0,0.0,0.0,8.0,,,,,,,,,,,,,
hhl,13,tnqvm,exatn-mps,CPU,sync,1,8,201537.3868739989,13.0,19103.0,13.0,13.0,19182.0,19182.0,0.0,1.0,13.0,111.0,12734.0,6337.0,0.0,1.0,1.0,19183.0,26.0,3.0,1.0,0.0,0.0,0.0,19183.0,44642.0,19106.0,,1.0,26.0,0.0,10205.0,3431.0,84.0,19099.0,1.0,41505.0,2.163747263059118,1.8648792100511715,0.0,4.0,19071.0,1.0,,,1.0,6337.0,3087.0,9583.0,64.0,0.0,20.0,13.0,6.0,0.0,64.0,0.0,0.0,0.0,8.0,,,,,,,,,,,,,
hhl,13,tnqvm,exatn-mps,CPU,sync,1,8,201570.73047899758,13.0,19103.0,13.0,13.0,19182.0,19182.0,0.0,1.0,13.0,111.0,12734.0,6337.0,0.0,1.0,1.0,19183.0,26.0,3.0,1.0,0.0,0.0,0.0,19183.0,44642.0,19106.0,,1.0,26.0,0.0,10205.0,3431.0,84.0,19099.0,1.0,41505.0,2.163747263059118,1.8648792100511715,0.0,4.0,19071.0,1.0,,,1.0,6337.0,3087.0,9583.0,64.0,0.0,20.0,13.0,6.0,0.0,64.0,0.0,0.0,0.0,8.0,,,,,,,,,,,,,
hhl,13,tnqvm,exatn-mps,CPU,sync,1,8,201575.72558699758,13.0,19103.0,13.0,13.0,19182.0,19182.0,0.0,1.0,13.0,111.0,12734.0,6337.0,0.0,1.0,1.0,19183.0,26.0,3.0,1.0,0.0,0.0,0.0,19183.0,44642.0,19106.0,,1.0,26.0,0.0,10205.0,3431.0,84.0,19099.0,1.0,41505.0,2.163747263059118,1.8648792100511715,0.0,4.0,19071.0,1.0,,,1.0,6337.0,3087.0,9583.0,64.0,0.0,20.0,13.0,6.0,0.0,64.0,0.0,0.0,0.0,8.0,,,,,,,,,,,,,
hhl,13,tnqvm,exatn-mps,CPU,sync,1,8,201537.3868739989,13.0,19103.0,13.0,13.0,19182.0,19182.0,0.0,1.0,13.0,111.0,12734.0,6337.0,0.0,1.0,1.0,19183.0,26.0,3.0,1.0,0.0,0.0,0.0,19183.0,44642.0,19106.0,,1.0,26.0,0.0,10205.0,3431.0,84.0,19099.0,1.0,41505.0,2.163747263059118,1.8648792100511715,0.0,4.0,19071.0,1.0,,,1.0,6337.0,3087.0,9583.0,64.0,0.0,20.0,13.0,6.0,0.0,64.0,0.0,0.0,0.0,8.0,,,,,,,,,,,,,
hhl,13,tnqvm,exatn-mps,CPU,sync,1,4,201519.17749497807,13.0,19103.0,13.0,13.0,19182.0,19182.0,0.0,1.0,13.0,111.0,12734.0,6337.0,0.0,1.0,1.0,19183.0,26.0,3.0,1.0,0.0,0.0,0.0,19183.0,44642.0,19106.0,,1.0,26.0,0.0,10205.0,3431.0,84.0,19099.0,1.0,41505.0,2.163747263059118,1.8648792100511715,0.0,4.0,19071.0,1.0,,,1.0,6337.0,3087.0,9583.0,64.0,0.0,20.0,13.0,6.0,0.0,64.0,0.0,0.0,0.0,8.0,,,,,,,,,,,,,
hhl,13,tnqvm,exatn-mps,CPU,sync,1,4,201531.16919199238,13.0,19103.0,13.0,13.0,19182.0,19182.0,0.0,1.0,13.0,111.0,12734.0,6337.0,0.0,1.0,1.0,19183.0,26.0,3.0,1.0,0.0,0.0,0.0,19183.0,44642.0,19106.0,,1.0,26.0,0.0,10205.0,3431.0,84.0,19099.0,1.0,41505.0,2.163747263059118,1.8648792100511715,0.0,4.0,19071.0,1.0,,,1.0,6337.0,3087.0,9583.0,64.0,0.0,20.0,13.0,6.0,0.0,64.0,0.0,0.0,0.0,8.0,,,,,,,,,,,,,
hhl,13,tnqvm,exatn-mps,CPU,sync,1,4,201515.0851099752,13.0,19103.0,13.0,13.0,19182.0,19182.0,0.0,1.0,13.0,111.0,12734.0,6337.0,0.0,1.0,1.0,19183.0,26.0,3.0,1.0,0.0,0.0,0.0,19183.0,44642.0,19106.0,,1.0,26.0,0.0,10205.0,3431.0,84.0,19099.0,1.0,41505.0,2.163747263059118,1.8648792100511715,0.0,4.0,19071.0,1.0,,,1.0,6337.0,3087.0,9583.0,64.0,0.0,20.0,13.0,6.0,0.0,64.0,0.0,0.0,0.0,8.0,,,,,,,,,,,,,
hhl,13,tnqvm,exatn-mps,CPU,sync,1,4,201519.17749497807,13.0,19103.0,13.0,13.0,19182.0,19182.0,0.0,1.0,13.0,111.0,12734.0,6337.0,0.0,1.0,1.0,19183.0,26.0,3.0,1.0,0.0,0.0,0.0,19183.0,44642.0,19106.0,,1.0,26.0,0.0,10205.0,3431.0,84.0,19099.0,1.0,41505.0,2.163747263059118,1.8648792100511715,0.0,4.0,19071.0,1.0,,,1.0,6337.0,3087.0,9583.0,64.0,0.0,20.0,13.0,6.0,0.0,64.0,0.0,0.0,0.0,8.0,,,,,,,,,,,,,
hhl,13,tnqvm,exatn-mps,CPU,sync,1,4,201531.16919199238,13.0,19103.0,13.0,13.0,19182.0,19182.0,0.0,1.0,13.0,111.0,12734.0,6337.0,0.0,1.0,1.0,19183.0,26.0,3.0,1.0,0.0,0.0,0.0,19183.0,44642.0,19106.0,,1.0,26.0,0.0,10205.0,3431.0,84.0,19099.0,1.0,41505.0,2.163747263059118,1.8648792100511715,0.0,4.0,19071.0,1.0,,,1.0,6337.0,3087.0,9583.0,64.0,0.0,20.0,13.0,6.0,0.0,64.0,0.0,0.0,0.0,8.0,,,,,,,,,,,,,
hhl,13,tnqvm,exatn-mps,CPU,sync,1,4,201515.0851099752,13.0,19103.0,13.0,13.0,19182.0,19182.0,0.0,1.0,13.0,111.0,12734.0,6337.0,0.0,1.0,1.0,19183.0,26.0,3.0,1.0,0.0,0.0,0.0,19183.0,44642.0,19106.0,,1.0,26.0,0.0,10205.0,3431.0,84.0,19099.0,1.0,41505.0,2.163747263059118,1.8648792100511715,0.0,4.0,19071.0,1.0,,,1.0,6337.0,3087.0,9583.0,64.0,0.0,20.0,13.0,6.0,0.0,64.0,0.0,0.0,0.0,8.0,,,,,,,,,,,,,
hhl,13,tnqvm,exatn-mps,CPU,sync,2,4,201519.47476901114,13.0,19103.0,13.0,13.0,19182.0,19182.0,0.0,1.0,13.0,111.0,12734.0,6337.0,0.0,1.0,1.0,19183.0,26.0,3.0,1.0,0.0,0.0,0.0,19183.0,44642.0,19106.0,,1.0,26.0,0.0,10205.0,3431.0,84.0,19099.0,1.0,41505.0,2.163747263059118,1.8648792100511715,0.0,4.0,19071.0,1.0,,,1.0,6337.0,3087.0,9583.0,64.0,0.0,20.0,13.0,6.0,0.0,64.0,0.0,0.0,0.0,8.0,,,,,,,,,,,,,
hhl,13,tnqvm,exatn-mps,CPU,sync,2,4,201530.90383601375,13.0,19103.0,13.0,13.0,19182.0,19182.0,0.0,1.0,13.0,111.0,12734.0,6337.0,0.0,1.0,1.0,19183.0,26.0,3.0,1.0,0.0,0.0,0.0,19183.0,44642.0,19106.0,,1.0,26.0,0.0,10205.0,3431.0,84.0,19099.0,1.0,41505.0,2.163747263059118,1.8648792100511715,0.0,4.0,19071.0,1.0,,,1.0,6337.0,3087.0,9583.0,64.0,0.0,20.0,13.0,6.0,0.0,64.0,0.0,0.0,0.0,8.0,,,,,,,,,,,,,
hhl,13,tnqvm,exatn-mps,CPU,sync,2,4,201516.88130304683,13.0,19103.0,13.0,13.0,19182.0,19182.0,0.0,1.0,13.0,111.0,12734.0,6337.0,0.0,1.0,1.0,19183.0,26.0,3.0,1.0,0.0,0.0,0.0,19183.0,44642.0,19106.0,,1.0,26.0,0.0,10205.0,3431.0,84.0,19099.0,1.0,41505.0,2.163747263059118,1.8648792100511715,0.0,4.0,19071.0,1.0,,,1.0,6337.0,3087.0,9583.0,64.0,0.0,20.0,13.0,6.0,0.0,64.0,0.0,0.0,0.0,8.0,,,,,,,,,,,,,
hhl,13,tnqvm,exatn-mps,CPU,sync,2,4,201519.47476901114,13.0,19103.0,13.0,13.0,19182.0,19182.0,0.0,1.0,13.0,111.0,12734.0,6337.0,0.0,1.0,1.0,19183.0,26.0,3.0,1.0,0.0,0.0,0.0,19183.0,44642.0,19106.0,,1.0,26.0,0.0,10205.0,3431.0,84.0,19099.0,1.0,41505.0,2.163747263059118,1.8648792100511715,0.0,4.0,19071.0,1.0,,,1.0,6337.0,3087.0,9583.0,64.0,0.0,20.0,13.0,6.0,0.0,64.0,0.0,0.0,0.0,8.0,,,,,,,,,,,,,
hhl,13,tnqvm,exatn-mps,CPU,sync,2,4,201530.90383601375,13.0,19103.0,13.0,13.0,19182.0,19182.0,0.0,1.0,13.0,111.0,12734.0,6337.0,0.0,1.0,1.0,19183.0,26.0,3.0,1.0,0.0,0.0,0.0,19183.0,44642.0,19106.0,,1.0,26.0,0.0,10205.0,3431.0,84.0,19099.0,1.0,41505.0,2.163747263059118,1.8648792100511715,0.0,4.0,19071.0,1.0,,,1.0,6337.0,3087.0,9583.0,64.0,0.0,20.0,13.0,6.0,0.0,64.0,0.0,0.0,0.0,8.0,,,,,,,,,,,,,
hhl,13,tnqvm,exatn-mps,CPU,sync,2,4,201516.88130304683,13.0,19103.0,13.0,13.0,19182.0,19182.0,0.0,1.0,13.0,111.0,12734.0,6337.0,0.0,1.0,1.0,19183.0,26.0,3.0,1.0,0.0,0.0,0.0,19183.0,44642.0,19106.0,,1.0,26.0,0.0,10205.0,3431.0,84.0,19099.0,1.0,41505.0,2.163747263059118,1.8648792100511715,0.0,4.0,19071.0,1.0,,,1.0,6337.0,3087.0,9583.0,64.0,0.0,20.0,13.0,6.0,0.0,64.0,0.0,0.0,0.0,8.0,,,,,,,,,,,,,
hhl,13,qiskitaer,statevector,CPU,sync,1,8,22320.437993999803,13.0,19103.0,13.0,13.0,19182.0,19182.0,0.0,1.0,13.0,111.0,12734.0,6337.0,0.0,1.0,1.0,19183.0,26.0,3.0,1.0,0.0,0.0,0.0,19183.0,44642.0,19106.0,,1.0,26.0,0.0,10205.0,3431.0,84.0,19099.0,1.0,41505.0,2.163747263059118,1.8648792100511715,0.0,4.0,19071.0,1.0,,,1.0,6337.0,3087.0,9583.0,64.0,0.0,20.0,13.0,6.0,0.0,64.0,0.0,0.0,0.0,8.0,,,,,,,,,,,,,
hhl,13,qiskitaer,statevector,CPU,sync,1,8,20881.831618986325,13.0,19103.0,13.0,13.0,19182.0,19182.0,0.0,1.0,13.0,111.0,12734.0,6337.0,0.0,1.0,1.0,19183.0,26.0,3.0,1.0,0.0,0.0,0.0,19183.0,44642.0,19106.0,,1.0,26.0,0.0,10205.0,3431.0,84.0,19099.0,1.0,41505.0,2.163747263059118,1.8648792100511715,0.0,4.0,19071.0,1.0,,,1.0,6337.0,3087.0,9583.0,64.0,0.0,20.0,13.0,6.0,0.0,64.0,0.0,0.0,0.0,8.0,,,,,,,,,,,,,
hhl,13,qiskitaer,statevector,CPU,sync,1,8,21948.365666001337,13.0,19103.0,13.0,13.0,19182.0,19182.0,0.0,1.0,13.0,111.0,12734.0,6337.0,0.0,1.0,1.0,19183.0,26.0,3.0,1.0,0.0,0.0,0.0,19183.0,44642.0,19106.0,,1.0,26.0,0.0,10205.0,3431.0,84.0,19099.0,1.0,41505.0,2.163747263059118,1.8648792100511715,0.0,4.0,19071.0,1.0,,,1.0,6337.0,3087.0,9583.0,64.0,0.0,20.0,13.0,6.0,0.0,64.0,0.0,0.0,0.0,8.0,,,,,,,,,,,,,
hhl,13,qiskitaer,statevector,CPU,sync,1,8,22320.437993999803,13.0,19103.0,13.0,13.0,19182.0,19182.0,0.0,1.0,13.0,111.0,12734.0,6337.0,0.0,1.0,1.0,19183.0,26.0,3.0,1.0,0.0,0.0,0.0,19183.0,44642.0,19106.0,,1.0,26.0,0.0,10205.0,3431.0,84.0,19099.0,1.0,41505.0,2.163747263059118,1.8648792100511715,0.0,4.0,19071.0,1.0,,,1.0,6337.0,3087.0,9583.0,64.0,0.0,20.0,13.0,6.0,0.0,64.0,0.0,0.0,0.0,8.0,,,,,,,,,,,,,
hhl,13,qiskitaer,statevector,CPU,sync,1,8,20881.831618986325,13.0,19103.0,13.0,13.0,19182.0,19182.0,0.0,1.0,13.0,111.0,12734.0,6337.0,0.0,1.0,1.0,19183.0,26.0,3.0,1.0,0.0,0.0,0.0,19183.0,44642.0,19106.0,,1.0,26.0,0.0,10205.0,3431.0,84.0,19099.0,1.0,41505.0,2.163747263059118,1.8648792100511715,0.0,4.0,19071.0,1.0,,,1.0,6337.0,3087.0,9583.0,64.0,0.0,20.0,13.0,6.0,0.0,64.0,0.0,0.0,0.0,8.0,,,,,,,,,,,,,
hhl,13,qiskitaer,statevector,CPU,sync,1,8,21948.365666001337,13.0,19103.0,13.0,13.0,19182.0,19182.0,0.0,1.0,13.0,111.0,12734.0,6337.0,0.0,1.0,1.0,19183.0,26.0,3.0,1.0,0.0,0.0,0.0,19183.0,44642.0,19106.0,,1.0,26.0,0.0,10205.0,3431.0,84.0,19099.0,1.0,41505.0,2.163747263059118,1.8648792100511715,0.0,4.0,19071.0,1.0,,,1.0,6337.0,3087.0,9583.0,64.0,0.0,20.0,13.0,6.0,0.0,64.0,0.0,0.0,0.0,8.0,,,,,,,,,,,,,
hhl,13,qiskitaer,statevector,CPU,sync,1,8,27979.585443999895,13.0,19103.0,13.0,13.0,19182.0,19182.0,0.0,1.0,13.0,111.0,12734.0,6337.0,0.0,1.0,1.0,19183.0,26.0,3.0,1.0,0.0,0.0,0.0,19183.0,44642.0,19106.0,,1.0,26.0,0.0,10205.0,3431.0,84.0,19099.0,1.0,41505.0,2.163747263059118,1.8648792100511715,0.0,4.0,19071.0,1.0,,,1.0,6337.0,3087.0,9583.0,64.0,0.0,20.0,13.0,6.0,0.0,64.0,0.0,0.0,0.0,8.0,,,,,,,,,,,,,
hhl,13,qiskitaer,statevector,CPU,sync,1,8,25886.147107999932,13.0,19103.0,13.0,13.0,19182.0,19182.0,0.0,1.0,13.0,111.0,12734.0,6337.0,0.0,1.0,1.0,19183.0,26.0,3.0,1.0,0.0,0.0,0.0,19183.0,44642.0,19106.0,,1.0,26.0,0.0,10205.0,3431.0,84.0,19099.0,1.0,41505.0,2.163747263059118,1.8648792100511715,0.0,4.0,19071.0,1.0,,,1.0,6337.0,3087.0,9583.0,64.0,0.0,20.0,13.0,6.0,0.0,64.0,0.0,0.0,0.0,8.0,,,,,,,,,,,,,
hhl,13,qiskitaer,statevector,CPU,sync,1,8,25825.542320999375,13.0,19103.0,13.0,13.0,19182.0,19182.0,0.0,1.0,13.0,111.0,12734.0,6337.0,0.0,1.0,1.0,19183.0,26.0,3.0,1.0,0.0,0.0,0.0,19183.0,44642.0,19106.0,,1.0,26.0,0.0,10205.0,3431.0,84.0,19099.0,1.0,41505.0,2.163747263059118,1.8648792100511715,0.0,4.0,19071.0,1.0,,,1.0,6337.0,3087.0,9583.0,64.0,0.0,20.0,13.0,6.0,0.0,64.0,0.0,0.0,0.0,8.0,,,,,,,,,,,,,
hhl,13,qiskitaer,statevector,CPU,sync,1,4,21801.235585997347,13.0,19103.0,13.0,13.0,19182.0,19182.0,0.0,1.0,13.0,111.0,12734.0,6337.0,0.0,1.0,1.0,19183.0,26.0,3.0,1.0,0.0,0.0,0.0,19183.0,44642.0,19106.0,,1.0,26.0,0.0,10205.0,3431.0,84.0,19099.0,1.0,41505.0,2.163747263059118,1.8648792100511715,0.0,4.0,19071.0,1.0,,,1.0,6337.0,3087.0,9583.0,64.0,0.0,20.0,13.0,6.0,0.0,64.0,0.0,0.0,0.0,8.0,,,,,,,,,,,,,
hhl,13,qiskitaer,statevector,CPU,sync,1,4,21389.669633994345,13.0,19103.0,13.0,13.0,19182.0,19182.0,0.0,1.0,13.0,111.0,12734.0,6337.0,0.0,1.0,1.0,19183.0,26.0,3.0,1.0,0.0,0.0,0.0,19183.0,44642.0,19106.0,,1.0,26.0,0.0,10205.0,3431.0,84.0,19099.0,1.0,41505.0,2.163747263059118,1.8648792100511715,0.0,4.0,19071.0,1.0,,,1.0,6337.0,3087.0,9583.0,64.0,0.0,20.0,13.0,6.0,0.0,64.0,0.0,0.0,0.0,8.0,,,,,,,,,,,,,
hhl,13,qiskitaer,statevector,CPU,sync,1,4,21028.509699041024,13.0,19103.0,13.0,13.0,19182.0,19182.0,0.0,1.0,13.0,111.0,12734.0,6337.0,0.0,1.0,1.0,19183.0,26.0,3.0,1.0,0.0,0.0,0.0,19183.0,44642.0,19106.0,,1.0,26.0,0.0,10205.0,3431.0,84.0,19099.0,1.0,41505.0,2.163747263059118,1.8648792100511715,0.0,4.0,19071.0,1.0,,,1.0,6337.0,3087.0,9583.0,64.0,0.0,20.0,13.0,6.0,0.0,64.0,0.0,0.0,0.0,8.0,,,,,,,,,,,,,
hhl,13,qiskitaer,statevector,CPU,sync,1,4,21801.235585997347,13.0,19103.0,13.0,13.0,19182.0,19182.0,0.0,1.0,13.0,111.0,12734.0,6337.0,0.0,1.0,1.0,19183.0,26.0,3.0,1.0,0.0,0.0,0.0,19183.0,44642.0,19106.0,,1.0,26.0,0.0,10205.0,3431.0,84.0,19099.0,1.0,41505.0,2.163747263059118,1.8648792100511715,0.0,4.0,19071.0,1.0,,,1.0,6337.0,3087.0,9583.0,64.0,0.0,20.0,13.0,6.0,0.0,64.0,0.0,0.0,0.0,8.0,,,,,,,,,,,,,
hhl,13,qiskitaer,statevector,CPU,sync,1,4,21389.669633994345,13.0,19103.0,13.0,13.0,19182.0,19182.0,0.0,1.0,13.0,111.0,12734.0,6337.0,0.0,1.0,1.0,19183.0,26.0,3.0,1.0,0.0,0.0,0.0,19183.0,44642.0,19106.0,,1.0,26.0,0.0,10205.0,3431.0,84.0,19099.0,1.0,41505.0,2.163747263059118,1.8648792100511715,0.0,4.0,19071.0,1.0,,,1.0,6337.0,3087.0,9583.0,64.0,0.0,20.0,13.0,6.0,0.0,64.0,0.0,0.0,0.0,8.0,,,,,,,,,,,,,
hhl,13,qiskitaer,statevector,CPU,sync,1,4,21028.509699041024,13.0,19103.0,13.0,13.0,19182.0,19182.0,0.0,1.0,13.0,111.0,12734.0,6337.0,0.0,1.0,1.0,19183.0,26.0,3.0,1.0,0.0,0.0,0.0,19183.0,44642.0,19106.0,,1.0,26.0,0.0,10205.0,3431.0,84.0,19099.0,1.0,41505.0,2.163747263059118,1.8648792100511715,0.0,4.0,19071.0,1.0,,,1.0,6337.0,3087.0,9583.0,64.0,0.0,20.0,13.0,6.0,0.0,64.0,0.0,0.0,0.0,8.0,,,,,,,,,,,,,
hhl,13,qiskitaer,statevector,CPU,sync,1,4,23789.786503999494,13.0,19103.0,13.0,13.0,19182.0,19182.0,0.0,1.0,13.0,111.0,12734.0,6337.0,0.0,1.0,1.0,19183.0,26.0,3.0,1.0,0.0,0.0,0.0,19183.0,44642.0,19106.0,,1.0,26.0,0.0,10205.0,3431.0,84.0,19099.0,1.0,41505.0,2.163747263059118,1.8648792100511715,0.0,4.0,19071.0,1.0,,,1.0,6337.0,3087.0,9583.0,64.0,0.0,20.0,13.0,6.0,0.0,64.0,0.0,0.0,0.0,8.0,,,,,,,,,,,,,
hhl,13,qiskitaer,statevector,CPU,sync,1,4,20749.700932006817,13.0,19103.0,13.0,13.0,19182.0,19182.0,0.0,1.0,13.0,111.0,12734.0,6337.0,0.0,1.0,1.0,19183.0,26.0,3.0,1.0,0.0,0.0,0.0,19183.0,44642.0,19106.0,,1.0,26.0,0.0,10205.0,3431.0,84.0,19099.0,1.0,41505.0,2.163747263059118,1.8648792100511715,0.0,4.0,19071.0,1.0,,,1.0,6337.0,3087.0,9583.0,64.0,0.0,20.0,13.0,6.0,0.0,64.0,0.0,0.0,0.0,8.0,,,,,,,,,,,,,
hhl,13,qiskitaer,statevector,CPU,sync,1,4,21788.864028989337,13.0,19103.0,13.0,13.0,19182.0,19182.0,0.0,1.0,13.0,111.0,12734.0,6337.0,0.0,1.0,1.0,19183.0,26.0,3.0,1.0,0.0,0.0,0.0,19183.0,44642.0,19106.0,,1.0,26.0,0.0,10205.0,3431.0,84.0,19099.0,1.0,41505.0,2.163747263059118,1.8648792100511715,0.0,4.0,19071.0,1.0,,,1.0,6337.0,3087.0,9583.0,64.0,0.0,20.0,13.0,6.0,0.0,64.0,0.0,0.0,0.0,8.0,,,,,,,,,,,,,
hhl,13,qiskitaer,statevector,CPU,sync,2,4,25502.279815991642,13.0,19103.0,13.0,13.0,19182.0,19182.0,0.0,1.0,13.0,111.0,12734.0,6337.0,0.0,1.0,1.0,19183.0,26.0,3.0,1.0,0.0,0.0,0.0,19183.0,44642.0,19106.0,,1.0,26.0,0.0,10205.0,3431.0,84.0,19099.0,1.0,41505.0,2.163747263059118,1.8648792100511715,0.0,4.0,19071.0,1.0,,,1.0,6337.0,3087.0,9583.0,64.0,0.0,20.0,13.0,6.0,0.0,64.0,0.0,0.0,0.0,8.0,,,,,,,,,,,,,
hhl,13,qiskitaer,statevector,CPU,sync,2,4,25033.764883002732,13.0,19103.0,13.0,13.0,19182.0,19182.0,0.0,1.0,13.0,111.0,12734.0,6337.0,0.0,1.0,1.0,19183.0,26.0,3.0,1.0,0.0,0.0,0.0,19183.0,44642.0,19106.0,,1.0,26.0,0.0,10205.0,3431.0,84.0,19099.0,1.0,41505.0,2.163747263059118,1.8648792100511715,0.0,4.0,19071.0,1.0,,,1.0,6337.0,3087.0,9583.0,64.0,0.0,20.0,13.0,6.0,0.0,64.0,0.0,0.0,0.0,8.0,,,,,,,,,,,,,
hhl,13,qiskitaer,statevector,CPU,sync,2,4,25149.905423008022,13.0,19103.0,13.0,13.0,19182.0,19182.0,0.0,1.0,13.0,111.0,12734.0,6337.0,0.0,1.0,1.0,19183.0,26.0,3.0,1.0,0.0,0.0,0.0,19183.0,44642.0,19106.0,,1.0,26.0,0.0,10205.0,3431.0,84.0,19099.0,1.0,41505.0,2.163747263059118,1.8648792100511715,0.0,4.0,19071.0,1.0,,,1.0,6337.0,3087.0,9583.0,64.0,0.0,20.0,13.0,6.0,0.0,64.0,0.0,0.0,0.0,8.0,,,,,,,,,,,,,
hhl,13,qiskitaer,statevector,CPU,sync,2,4,25502.279815991642,13.0,19103.0,13.0,13.0,19182.0,19182.0,0.0,1.0,13.0,111.0,12734.0,6337.0,0.0,1.0,1.0,19183.0,26.0,3.0,1.0,0.0,0.0,0.0,19183.0,44642.0,19106.0,,1.0,26.0,0.0,10205.0,3431.0,84.0,19099.0,1.0,41505.0,2.163747263059118,1.8648792100511715,0.0,4.0,19071.0,1.0,,,1.0,6337.0,3087.0,9583.0,64.0,0.0,20.0,13.0,6.0,0.0,64.0,0.0,0.0,0.0,8.0,,,,,,,,,,,,,
hhl,13,qiskitaer,statevector,CPU,sync,2,4,25033.764883002732,13.0,19103.0,13.0,13.0,19182.0,19182.0,0.0,1.0,13.0,111.0,12734.0,6337.0,0.0,1.0,1.0,19183.0,26.0,3.0,1.0,0.0,0.0,0.0,19183.0,44642.0,19106.0,,1.0,26.0,0.0,10205.0,3431.0,84.0,19099.0,1.0,41505.0,2.163747263059118,1.8648792100511715,0.0,4.0,19071.0,1.0,,,1.0,6337.0,3087.0,9583.0,64.0,0.0,20.0,13.0,6.0,0.0,64.0,0.0,0.0,0.0,8.0,,,,,,,,,,,,,
hhl,13,qiskitaer,statevector,CPU,sync,2,4,25149.905423008022,13.0,19103.0,13.0,13.0,19182.0,19182.0,0.0,1.0,13.0,111.0,12734.0,6337.0,0.0,1.0,1.0,19183.0,26.0,3.0,1.0,0.0,0.0,0.0,19183.0,44642.0,19106.0,,1.0,26.0,0.0,10205.0,3431.0,84.0,19099.0,1.0,41505.0,2.163747263059118,1.8648792100511715,0.0,4.0,19071.0,1.0,,,1.0,6337.0,3087.0,9583.0,64.0,0.0,20.0,13.0,6.0,0.0,64.0,0.0,0.0,0.0,8.0,,,,,,,,,,,,,
hhl,13,qiskitaer,statevector,CPU,sync,2,8,36011.63042600092,13.0,19103.0,13.0,13.0,19182.0,19182.0,0.0,1.0,13.0,111.0,12734.0,6337.0,0.0,1.0,1.0,19183.0,26.0,3.0,1.0,0.0,0.0,0.0,19183.0,44642.0,19106.0,,1.0,26.0,0.0,10205.0,3431.0,84.0,19099.0,1.0,41505.0,2.163747263059118,1.8648792100511715,0.0,4.0,19071.0,1.0,,,1.0,6337.0,3087.0,9583.0,64.0,0.0,20.0,13.0,6.0,0.0,64.0,0.0,0.0,0.0,8.0,,,,,,,,,,,,,
hhl,13,qiskitaer,statevector,CPU,sync,2,8,31948.27166799223,13.0,19103.0,13.0,13.0,19182.0,19182.0,0.0,1.0,13.0,111.0,12734.0,6337.0,0.0,1.0,1.0,19183.0,26.0,3.0,1.0,0.0,0.0,0.0,19183.0,44642.0,19106.0,,1.0,26.0,0.0,10205.0,3431.0,84.0,19099.0,1.0,41505.0,2.163747263059118,1.8648792100511715,0.0,4.0,19071.0,1.0,,,1.0,6337.0,3087.0,9583.0,64.0,0.0,20.0,13.0,6.0,0.0,64.0,0.0,0.0,0.0,8.0,,,,,,,,,,,,,
hhl,13,qiskitaer,statevector,CPU,sync,2,8,31987.186030004523,13.0,19103.0,13.0,13.0,19182.0,19182.0,0.0,1.0,13.0,111.0,12734.0,6337.0,0.0,1.0,1.0,19183.0,26.0,3.0,1.0,0.0,0.0,0.0,19183.0,44642.0,19106.0,,1.0,26.0,0.0,10205.0,3431.0,84.0,19099.0,1.0,41505.0,2.163747263059118,1.8648792100511715,0.0,4.0,19071.0,1.0,,,1.0,6337.0,3087.0,9583.0,64.0,0.0,20.0,13.0,6.0,0.0,64.0,0.0,0.0,0.0,8.0,,,,,,,,,,,,,
hhl,13,qiskitaer,automatic,CPU,sync,1,4,21991.199309006333,13.0,19103.0,13.0,13.0,19182.0,19182.0,0.0,1.0,13.0,111.0,12734.0,6337.0,0.0,1.0,1.0,19183.0,26.0,3.0,1.0,0.0,0.0,0.0,19183.0,44642.0,19106.0,,1.0,26.0,0.0,10205.0,3431.0,84.0,19099.0,1.0,41505.0,2.163747263059118,1.8648792100511715,0.0,4.0,19071.0,1.0,,,1.0,6337.0,3087.0,9583.0,64.0,0.0,20.0,13.0,6.0,0.0,64.0,0.0,0.0,0.0,8.0,,,,,,,,,,,,,
hhl,13,qiskitaer,automatic,CPU,sync,1,4,21294.80135400081,13.0,19103.0,13.0,13.0,19182.0,19182.0,0.0,1.0,13.0,111.0,12734.0,6337.0,0.0,1.0,1.0,19183.0,26.0,3.0,1.0,0.0,0.0,0.0,19183.0,44642.0,19106.0,,1.0,26.0,0.0,10205.0,3431.0,84.0,19099.0,1.0,41505.0,2.163747263059118,1.8648792100511715,0.0,4.0,19071.0,1.0,,,1.0,6337.0,3087.0,9583.0,64.0,0.0,20.0,13.0,6.0,0.0,64.0,0.0,0.0,0.0,8.0,,,,,,,,,,,,,
hhl,13,qiskitaer,automatic,CPU,sync,1,4,21800.067793985363,13.0,19103.0,13.0,13.0,19182.0,19182.0,0.0,1.0,13.0,111.0,12734.0,6337.0,0.0,1.0,1.0,19183.0,26.0,3.0,1.0,0.0,0.0,0.0,19183.0,44642.0,19106.0,,1.0,26.0,0.0,10205.0,3431.0,84.0,19099.0,1.0,41505.0,2.163747263059118,1.8648792100511715,0.0,4.0,19071.0,1.0,,,1.0,6337.0,3087.0,9583.0,64.0,0.0,20.0,13.0,6.0,0.0,64.0,0.0,0.0,0.0,8.0,,,,,,,,,,,,,
hhl,13,qiskitaer,automatic,CPU,sync,1,4,21991.199309006333,13.0,19103.0,13.0,13.0,19182.0,19182.0,0.0,1.0,13.0,111.0,12734.0,6337.0,0.0,1.0,1.0,19183.0,26.0,3.0,1.0,0.0,0.0,0.0,19183.0,44642.0,19106.0,,1.0,26.0,0.0,10205.0,3431.0,84.0,19099.0,1.0,41505.0,2.163747263059118,1.8648792100511715,0.0,4.0,19071.0,1.0,,,1.0,6337.0,3087.0,9583.0,64.0,0.0,20.0,13.0,6.0,0.0,64.0,0.0,0.0,0.0,8.0,,,,,,,,,,,,,
hhl,13,qiskitaer,automatic,CPU,sync,1,4,21294.80135400081,13.0,19103.0,13.0,13.0,19182.0,19182.0,0.0,1.0,13.0,111.0,12734.0,6337.0,0.0,1.0,1.0,19183.0,26.0,3.0,1.0,0.0,0.0,0.0,19183.0,44642.0,19106.0,,1.0,26.0,0.0,10205.0,3431.0,84.0,19099.0,1.0,41505.0,2.163747263059118,1.8648792100511715,0.0,4.0,19071.0,1.0,,,1.0,6337.0,3087.0,9583.0,64.0,0.0,20.0,13.0,6.0,0.0,64.0,0.0,0.0,0.0,8.0,,,,,,,,,,,,,
hhl,13,qiskitaer,automatic,CPU,sync,1,4,21800.067793985363,13.0,19103.0,13.0,13.0,19182.0,19182.0,0.0,1.0,13.0,111.0,12734.0,6337.0,0.0,1.0,1.0,19183.0,26.0,3.0,1.0,0.0,0.0,0.0,19183.0,44642.0,19106.0,,1.0,26.0,0.0,10205.0,3431.0,84.0,19099.0,1.0,41505.0,2.163747263059118,1.8648792100511715,0.0,4.0,19071.0,1.0,,,1.0,6337.0,3087.0,9583.0,64.0,0.0,20.0,13.0,6.0,0.0,64.0,0.0,0.0,0.0,8.0,,,,,,,,,,,,,
hhl,13,qiskitaer,automatic,CPU,sync,1,4,23824.53023400012,13.0,19103.0,13.0,13.0,19182.0,19182.0,0.0,1.0,13.0,111.0,12734.0,6337.0,0.0,1.0,1.0,19183.0,26.0,3.0,1.0,0.0,0.0,0.0,19183.0,44642.0,19106.0,,1.0,26.0,0.0,10205.0,3431.0,84.0,19099.0,1.0,41505.0,2.163747263059118,1.8648792100511715,0.0,4.0,19071.0,1.0,,,1.0,6337.0,3087.0,9583.0,64.0,0.0,20.0,13.0,6.0,0.0,64.0,0.0,0.0,0.0,8.0,,,,,,,,,,,,,
hhl,13,qiskitaer,automatic,CPU,sync,1,4,21800.803318999897,13.0,19103.0,13.0,13.0,19182.0,19182.0,0.0,1.0,13.0,111.0,12734.0,6337.0,0.0,1.0,1.0,19183.0,26.0,3.0,1.0,0.0,0.0,0.0,19183.0,44642.0,19106.0,,1.0,26.0,0.0,10205.0,3431.0,84.0,19099.0,1.0,41505.0,2.163747263059118,1.8648792100511715,0.0,4.0,19071.0,1.0,,,1.0,6337.0,3087.0,9583.0,64.0,0.0,20.0,13.0,6.0,0.0,64.0,0.0,0.0,0.0,8.0,,,,,,,,,,,,,
hhl,13,qiskitaer,automatic,CPU,sync,1,4,21755.508238999937,13.0,19103.0,13.0,13.0,19182.0,19182.0,0.0,1.0,13.0,111.0,12734.0,6337.0,0.0,1.0,1.0,19183.0,26.0,3.0,1.0,0.0,0.0,0.0,19183.0,44642.0,19106.0,,1.0,26.0,0.0,10205.0,3431.0,84.0,19099.0,1.0,41505.0,2.163747263059118,1.8648792100511715,0.0,4.0,19071.0,1.0,,,1.0,6337.0,3087.0,9583.0,64.0,0.0,20.0,13.0,6.0,0.0,64.0,0.0,0.0,0.0,8.0,,,,,,,,,,,,,
hhl,13,qiskitaer,automatic,CPU,sync,1,8,21779.314205006813,13.0,19103.0,13.0,13.0,19182.0,19182.0,0.0,1.0,13.0,111.0,12734.0,6337.0,0.0,1.0,1.0,19183.0,26.0,3.0,1.0,0.0,0.0,0.0,19183.0,44642.0,19106.0,,1.0,26.0,0.0,10205.0,3431.0,84.0,19099.0,1.0,41505.0,2.163747263059118,1.8648792100511715,0.0,4.0,19071.0,1.0,,,1.0,6337.0,3087.0,9583.0,64.0,0.0,20.0,13.0,6.0,0.0,64.0,0.0,0.0,0.0,8.0,,,,,,,,,,,,,
hhl,13,qiskitaer,automatic,CPU,sync,1,8,20435.31788700784,13.0,19103.0,13.0,13.0,19182.0,19182.0,0.0,1.0,13.0,111.0,12734.0,6337.0,0.0,1.0,1.0,19183.0,26.0,3.0,1.0,0.0,0.0,0.0,19183.0,44642.0,19106.0,,1.0,26.0,0.0,10205.0,3431.0,84.0,19099.0,1.0,41505.0,2.163747263059118,1.8648792100511715,0.0,4.0,19071.0,1.0,,,1.0,6337.0,3087.0,9583.0,64.0,0.0,20.0,13.0,6.0,0.0,64.0,0.0,0.0,0.0,8.0,,,,,,,,,,,,,
hhl,13,qiskitaer,automatic,CPU,sync,1,8,20496.459463000065,13.0,19103.0,13.0,13.0,19182.0,19182.0,0.0,1.0,13.0,111.0,12734.0,6337.0,0.0,1.0,1.0,19183.0,26.0,3.0,1.0,0.0,0.0,0.0,19183.0,44642.0,19106.0,,1.0,26.0,0.0,10205.0,3431.0,84.0,19099.0,1.0,41505.0,2.163747263059118,1.8648792100511715,0.0,4.0,19071.0,1.0,,,1.0,6337.0,3087.0,9583.0,64.0,0.0,20.0,13.0,6.0,0.0,64.0,0.0,0.0,0.0,8.0,,,,,,,,,,,,,
hhl,13,qiskitaer,automatic,CPU,sync,1,8,21779.314205006813,13.0,19103.0,13.0,13.0,19182.0,19182.0,0.0,1.0,13.0,111.0,12734.0,6337.0,0.0,1.0,1.0,19183.0,26.0,3.0,1.0,0.0,0.0,0.0,19183.0,44642.0,19106.0,,1.0,26.0,0.0,10205.0,3431.0,84.0,19099.0,1.0,41505.0,2.163747263059118,1.8648792100511715,0.0,4.0,19071.0,1.0,,,1.0,6337.0,3087.0,9583.0,64.0,0.0,20.0,13.0,6.0,0.0,64.0,0.0,0.0,0.0,8.0,,,,,,,,,,,,,
hhl,13,qiskitaer,automatic,CPU,sync,1,8,20435.31788700784,13.0,19103.0,13.0,13.0,19182.0,19182.0,0.0,1.0,13.0,111.0,12734.0,6337.0,0.0,1.0,1.0,19183.0,26.0,3.0,1.0,0.0,0.0,0.0,19183.0,44642.0,19106.0,,1.0,26.0,0.0,10205.0,3431.0,84.0,19099.0,1.0,41505.0,2.163747263059118,1.8648792100511715,0.0,4.0,19071.0,1.0,,,1.0,6337.0,3087.0,9583.0,64.0,0.0,20.0,13.0,6.0,0.0,64.0,0.0,0.0,0.0,8.0,,,,,,,,,,,,,
hhl,13,qiskitaer,automatic,CPU,sync,1,8,20496.459463000065,13.0,19103.0,13.0,13.0,19182.0,19182.0,0.0,1.0,13.0,111.0,12734.0,6337.0,0.0,1.0,1.0,19183.0,26.0,3.0,1.0,0.0,0.0,0.0,19183.0,44642.0,19106.0,,1.0,26.0,0.0,10205.0,3431.0,84.0,19099.0,1.0,41505.0,2.163747263059118,1.8648792100511715,0.0,4.0,19071.0,1.0,,,1.0,6337.0,3087.0,9583.0,64.0,0.0,20.0,13.0,6.0,0.0,64.0,0.0,0.0,0.0,8.0,,,,,,,,,,,,,
hhl,13,qiskitaer,automatic,CPU,sync,1,8,27863.584844999423,13.0,19103.0,13.0,13.0,19182.0,19182.0,0.0,1.0,13.0,111.0,12734.0,6337.0,0.0,1.0,1.0,19183.0,26.0,3.0,1.0,0.0,0.0,0.0,19183.0,44642.0,19106.0,,1.0,26.0,0.0,10205.0,3431.0,84.0,19099.0,1.0,41505.0,2.163747263059118,1.8648792100511715,0.0,4.0,19071.0,1.0,,,1.0,6337.0,3087.0,9583.0,64.0,0.0,20.0,13.0,6.0,0.0,64.0,0.0,0.0,0.0,8.0,,,,,,,,,,,,,
hhl,13,qiskitaer,automatic,CPU,sync,1,8,26865.146700998594,13.0,19103.0,13.0,13.0,19182.0,19182.0,0.0,1.0,13.0,111.0,12734.0,6337.0,0.0,1.0,1.0,19183.0,26.0,3.0,1.0,0.0,0.0,0.0,19183.0,44642.0,19106.0,,1.0,26.0,0.0,10205.0,3431.0,84.0,19099.0,1.0,41505.0,2.163747263059118,1.8648792100511715,0.0,4.0,19071.0,1.0,,,1.0,6337.0,3087.0,9583.0,64.0,0.0,20.0,13.0,6.0,0.0,64.0,0.0,0.0,0.0,8.0,,,,,,,,,,,,,
hhl,13,qiskitaer,automatic,CPU,sync,1,8,25824.270618999435,13.0,19103.0,13.0,13.0,19182.0,19182.0,0.0,1.0,13.0,111.0,12734.0,6337.0,0.0,1.0,1.0,19183.0,26.0,3.0,1.0,0.0,0.0,0.0,19183.0,44642.0,19106.0,,1.0,26.0,0.0,10205.0,3431.0,84.0,19099.0,1.0,41505.0,2.163747263059118,1.8648792100511715,0.0,4.0,19071.0,1.0,,,1.0,6337.0,3087.0,9583.0,64.0,0.0,20.0,13.0,6.0,0.0,64.0,0.0,0.0,0.0,8.0,,,,,,,,,,,,,
hhl,13,qiskitaer,automatic,CPU,sync,1,16,33975.56992700083,13.0,19103.0,13.0,13.0,19182.0,19182.0,0.0,1.0,13.0,111.0,12734.0,6337.0,0.0,1.0,1.0,19183.0,26.0,3.0,1.0,0.0,0.0,0.0,19183.0,44642.0,19106.0,,1.0,26.0,0.0,10205.0,3431.0,84.0,19099.0,1.0,41505.0,2.163747263059118,1.8648792100511715,0.0,4.0,19071.0,1.0,,,1.0,6337.0,3087.0,9583.0,64.0,0.0,20.0,13.0,6.0,0.0,64.0,0.0,0.0,0.0,8.0,,,,,,,,,,,,,
hhl,13,qiskitaer,automatic,CPU,sync,1,16,32977.69404100018,13.0,19103.0,13.0,13.0,19182.0,19182.0,0.0,1.0,13.0,111.0,12734.0,6337.0,0.0,1.0,1.0,19183.0,26.0,3.0,1.0,0.0,0.0,0.0,19183.0,44642.0,19106.0,,1.0,26.0,0.0,10205.0,3431.0,84.0,19099.0,1.0,41505.0,2.163747263059118,1.8648792100511715,0.0,4.0,19071.0,1.0,,,1.0,6337.0,3087.0,9583.0,64.0,0.0,20.0,13.0,6.0,0.0,64.0,0.0,0.0,0.0,8.0,,,,,,,,,,,,,
hhl,13,qiskitaer,automatic,CPU,sync,1,16,30939.281607999874,13.0,19103.0,13.0,13.0,19182.0,19182.0,0.0,1.0,13.0,111.0,12734.0,6337.0,0.0,1.0,1.0,19183.0,26.0,3.0,1.0,0.0,0.0,0.0,19183.0,44642.0,19106.0,,1.0,26.0,0.0,10205.0,3431.0,84.0,19099.0,1.0,41505.0,2.163747263059118,1.8648792100511715,0.0,4.0,19071.0,1.0,,,1.0,6337.0,3087.0,9583.0,64.0,0.0,20.0,13.0,6.0,0.0,64.0,0.0,0.0,0.0,8.0,,,,,,,,,,,,,
hhl,13,qiskitaer,automatic,CPU,sync,2,4,25379.78327400924,13.0,19103.0,13.0,13.0,19182.0,19182.0,0.0,1.0,13.0,111.0,12734.0,6337.0,0.0,1.0,1.0,19183.0,26.0,3.0,1.0,0.0,0.0,0.0,19183.0,44642.0,19106.0,,1.0,26.0,0.0,10205.0,3431.0,84.0,19099.0,1.0,41505.0,2.163747263059118,1.8648792100511715,0.0,4.0,19071.0,1.0,,,1.0,6337.0,3087.0,9583.0,64.0,0.0,20.0,13.0,6.0,0.0,64.0,0.0,0.0,0.0,8.0,,,,,,,,,,,,,
hhl,13,qiskitaer,automatic,CPU,sync,2,4,25273.882003006293,13.0,19103.0,13.0,13.0,19182.0,19182.0,0.0,1.0,13.0,111.0,12734.0,6337.0,0.0,1.0,1.0,19183.0,26.0,3.0,1.0,0.0,0.0,0.0,19183.0,44642.0,19106.0,,1.0,26.0,0.0,10205.0,3431.0,84.0,19099.0,1.0,41505.0,2.163747263059118,1.8648792100511715,0.0,4.0,19071.0,1.0,,,1.0,6337.0,3087.0,9583.0,64.0,0.0,20.0,13.0,6.0,0.0,64.0,0.0,0.0,0.0,8.0,,,,,,,,,,,,,
hhl,13,qiskitaer,automatic,CPU,sync,2,4,25506.20720500592,13.0,19103.0,13.0,13.0,19182.0,19182.0,0.0,1.0,13.0,111.0,12734.0,6337.0,0.0,1.0,1.0,19183.0,26.0,3.0,1.0,0.0,0.0,0.0,19183.0,44642.0,19106.0,,1.0,26.0,0.0,10205.0,3431.0,84.0,19099.0,1.0,41505.0,2.163747263059118,1.8648792100511715,0.0,4.0,19071.0,1.0,,,1.0,6337.0,3087.0,9583.0,64.0,0.0,20.0,13.0,6.0,0.0,64.0,0.0,0.0,0.0,8.0,,,,,,,,,,,,,
hhl,13,qiskitaer,automatic,CPU,sync,2,4,25379.78327400924,13.0,19103.0,13.0,13.0,19182.0,19182.0,0.0,1.0,13.0,111.0,12734.0,6337.0,0.0,1.0,1.0,19183.0,26.0,3.0,1.0,0.0,0.0,0.0,19183.0,44642.0,19106.0,,1.0,26.0,0.0,10205.0,3431.0,84.0,19099.0,1.0,41505.0,2.163747263059118,1.8648792100511715,0.0,4.0,19071.0,1.0,,,1.0,6337.0,3087.0,9583.0,64.0,0.0,20.0,13.0,6.0,0.0,64.0,0.0,0.0,0.0,8.0,,,,,,,,,,,,,
hhl,13,qiskitaer,automatic,CPU,sync,2,4,25273.882003006293,13.0,19103.0,13.0,13.0,19182.0,19182.0,0.0,1.0,13.0,111.0,12734.0,6337.0,0.0,1.0,1.0,19183.0,26.0,3.0,1.0,0.0,0.0,0.0,19183.0,44642.0,19106.0,,1.0,26.0,0.0,10205.0,3431.0,84.0,19099.0,1.0,41505.0,2.163747263059118,1.8648792100511715,0.0,4.0,19071.0,1.0,,,1.0,6337.0,3087.0,9583.0,64.0,0.0,20.0,13.0,6.0,0.0,64.0,0.0,0.0,0.0,8.0,,,,,,,,,,,,,
hhl,13,qiskitaer,automatic,CPU,sync,2,4,25506.20720500592,13.0,19103.0,13.0,13.0,19182.0,19182.0,0.0,1.0,13.0,111.0,12734.0,6337.0,0.0,1.0,1.0,19183.0,26.0,3.0,1.0,0.0,0.0,0.0,19183.0,44642.0,19106.0,,1.0,26.0,0.0,10205.0,3431.0,84.0,19099.0,1.0,41505.0,2.163747263059118,1.8648792100511715,0.0,4.0,19071.0,1.0,,,1.0,6337.0,3087.0,9583.0,64.0,0.0,20.0,13.0,6.0,0.0,64.0,0.0,0.0,0.0,8.0,,,,,,,,,,,,,
hhl,13,qiskitaer,automatic,CPU,sync,2,8,35023.632402007934,13.0,19103.0,13.0,13.0,19182.0,19182.0,0.0,1.0,13.0,111.0,12734.0,6337.0,0.0,1.0,1.0,19183.0,26.0,3.0,1.0,0.0,0.0,0.0,19183.0,44642.0,19106.0,,1.0,26.0,0.0,10205.0,3431.0,84.0,19099.0,1.0,41505.0,2.163747263059118,1.8648792100511715,0.0,4.0,19071.0,1.0,,,1.0,6337.0,3087.0,9583.0,64.0,0.0,20.0,13.0,6.0,0.0,64.0,0.0,0.0,0.0,8.0,,,,,,,,,,,,,
hhl,13,qiskitaer,automatic,CPU,sync,2,8,32983.8453970151,13.0,19103.0,13.0,13.0,19182.0,19182.0,0.0,1.0,13.0,111.0,12734.0,6337.0,0.0,1.0,1.0,19183.0,26.0,3.0,1.0,0.0,0.0,0.0,19183.0,44642.0,19106.0,,1.0,26.0,0.0,10205.0,3431.0,84.0,19099.0,1.0,41505.0,2.163747263059118,1.8648792100511715,0.0,4.0,19071.0,1.0,,,1.0,6337.0,3087.0,9583.0,64.0,0.0,20.0,13.0,6.0,0.0,64.0,0.0,0.0,0.0,8.0,,,,,,,,,,,,,
hhl,13,qiskitaer,automatic,CPU,sync,2,8,32083.876377000706,13.0,19103.0,13.0,13.0,19182.0,19182.0,0.0,1.0,13.0,111.0,12734.0,6337.0,0.0,1.0,1.0,19183.0,26.0,3.0,1.0,0.0,0.0,0.0,19183.0,44642.0,19106.0,,1.0,26.0,0.0,10205.0,3431.0,84.0,19099.0,1.0,41505.0,2.163747263059118,1.8648792100511715,0.0,4.0,19071.0,1.0,,,1.0,6337.0,3087.0,9583.0,64.0,0.0,20.0,13.0,6.0,0.0,64.0,0.0,0.0,0.0,8.0,,,,,,,,,,,,,
hhl,13,nwqsim,MPI,CPU,sync,1,4,2851.5904130181298,13.0,19103.0,13.0,13.0,19182.0,19182.0,0.0,1.0,13.0,111.0,12734.0,6337.0,0.0,1.0,1.0,19183.0,26.0,3.0,1.0,0.0,0.0,0.0,19183.0,44642.0,19106.0,,1.0,26.0,0.0,10205.0,3431.0,84.0,19099.0,1.0,41505.0,2.163747263059118,1.8648792100511715,0.0,4.0,19071.0,1.0,,,1.0,6337.0,3087.0,9583.0,64.0,0.0,20.0,13.0,6.0,0.0,64.0,0.0,0.0,0.0,8.0,,,,,,,,,,,,,
hhl,13,nwqsim,MPI,CPU,sync,1,4,2552.191520051565,13.0,19103.0,13.0,13.0,19182.0,19182.0,0.0,1.0,13.0,111.0,12734.0,6337.0,0.0,1.0,1.0,19183.0,26.0,3.0,1.0,0.0,0.0,0.0,19183.0,44642.0,19106.0,,1.0,26.0,0.0,10205.0,3431.0,84.0,19099.0,1.0,41505.0,2.163747263059118,1.8648792100511715,0.0,4.0,19071.0,1.0,,,1.0,6337.0,3087.0,9583.0,64.0,0.0,20.0,13.0,6.0,0.0,64.0,0.0,0.0,0.0,8.0,,,,,,,,,,,,,
hhl,13,nwqsim,MPI,CPU,sync,1,4,2515.553951030597,13.0,19103.0,13.0,13.0,19182.0,19182.0,0.0,1.0,13.0,111.0,12734.0,6337.0,0.0,1.0,1.0,19183.0,26.0,3.0,1.0,0.0,0.0,0.0,19183.0,44642.0,19106.0,,1.0,26.0,0.0,10205.0,3431.0,84.0,19099.0,1.0,41505.0,2.163747263059118,1.8648792100511715,0.0,4.0,19071.0,1.0,,,1.0,6337.0,3087.0,9583.0,64.0,0.0,20.0,13.0,6.0,0.0,64.0,0.0,0.0,0.0,8.0,,,,,,,,,,,,,
hhl,13,nwqsim,MPI,CPU,sync,1,4,2851.5904130181298,13.0,19103.0,13.0,13.0,19182.0,19182.0,0.0,1.0,13.0,111.0,12734.0,6337.0,0.0,1.0,1.0,19183.0,26.0,3.0,1.0,0.0,0.0,0.0,19183.0,44642.0,19106.0,,1.0,26.0,0.0,10205.0,3431.0,84.0,19099.0,1.0,41505.0,2.163747263059118,1.8648792100511715,0.0,4.0,19071.0,1.0,,,1.0,6337.0,3087.0,9583.0,64.0,0.0,20.0,13.0,6.0,0.0,64.0,0.0,0.0,0.0,8.0,,,,,,,,,,,,,
hhl,13,nwqsim,MPI,CPU,sync,1,4,2552.191520051565,13.0,19103.0,13.0,13.0,19182.0,19182.0,0.0,1.0,13.0,111.0,12734.0,6337.0,0.0,1.0,1.0,19183.0,26.0,3.0,1.0,0.0,0.0,0.0,19183.0,44642.0,19106.0,,1.0,26.0,0.0,10205.0,3431.0,84.0,19099.0,1.0,41505.0,2.163747263059118,1.8648792100511715,0.0,4.0,19071.0,1.0,,,1.0,6337.0,3087.0,9583.0,64.0,0.0,20.0,13.0,6.0,0.0,64.0,0.0,0.0,0.0,8.0,,,,,,,,,,,,,
hhl,13,nwqsim,MPI,CPU,sync,1,4,2515.553951030597,13.0,19103.0,13.0,13.0,19182.0,19182.0,0.0,1.0,13.0,111.0,12734.0,6337.0,0.0,1.0,1.0,19183.0,26.0,3.0,1.0,0.0,0.0,0.0,19183.0,44642.0,19106.0,,1.0,26.0,0.0,10205.0,3431.0,84.0,19099.0,1.0,41505.0,2.163747263059118,1.8648792100511715,0.0,4.0,19071.0,1.0,,,1.0,6337.0,3087.0,9583.0,64.0,0.0,20.0,13.0,6.0,0.0,64.0,0.0,0.0,0.0,8.0,,,,,,,,,,,,,
hhl,13,nwqsim,MPI,CPU,sync,1,4,3423.901966000358,13.0,19103.0,13.0,13.0,19182.0,19182.0,0.0,1.0,13.0,111.0,12734.0,6337.0,0.0,1.0,1.0,19183.0,26.0,3.0,1.0,0.0,0.0,0.0,19183.0,44642.0,19106.0,,1.0,26.0,0.0,10205.0,3431.0,84.0,19099.0,1.0,41505.0,2.163747263059118,1.8648792100511715,0.0,4.0,19071.0,1.0,,,1.0,6337.0,3087.0,9583.0,64.0,0.0,20.0,13.0,6.0,0.0,64.0,0.0,0.0,0.0,8.0,,,,,,,,,,,,,
hhl,13,nwqsim,MPI,CPU,sync,1,4,3451.56629100029,13.0,19103.0,13.0,13.0,19182.0,19182.0,0.0,1.0,13.0,111.0,12734.0,6337.0,0.0,1.0,1.0,19183.0,26.0,3.0,1.0,0.0,0.0,0.0,19183.0,44642.0,19106.0,,1.0,26.0,0.0,10205.0,3431.0,84.0,19099.0,1.0,41505.0,2.163747263059118,1.8648792100511715,0.0,4.0,19071.0,1.0,,,1.0,6337.0,3087.0,9583.0,64.0,0.0,20.0,13.0,6.0,0.0,64.0,0.0,0.0,0.0,8.0,,,,,,,,,,,,,
hhl,13,nwqsim,MPI,CPU,sync,1,4,3424.837280999782,13.0,19103.0,13.0,13.0,19182.0,19182.0,0.0,1.0,13.0,111.0,12734.0,6337.0,0.0,1.0,1.0,19183.0,26.0,3.0,1.0,0.0,0.0,0.0,19183.0,44642.0,19106.0,,1.0,26.0,0.0,10205.0,3431.0,84.0,19099.0,1.0,41505.0,2.163747263059118,1.8648792100511715,0.0,4.0,19071.0,1.0,,,1.0,6337.0,3087.0,9583.0,64.0,0.0,20.0,13.0,6.0,0.0,64.0,0.0,0.0,0.0,8.0,,,,,,,,,,,,,
hhl,13,nwqsim,MPI,CPU,sync,1,8,2831.6042799997376,13.0,19103.0,13.0,13.0,19182.0,19182.0,0.0,1.0,13.0,111.0,12734.0,6337.0,0.0,1.0,1.0,19183.0,26.0,3.0,1.0,0.0,0.0,0.0,19183.0,44642.0,19106.0,,1.0,26.0,0.0,10205.0,3431.0,84.0,19099.0,1.0,41505.0,2.163747263059118,1.8648792100511715,0.0,4.0,19071.0,1.0,,,1.0,6337.0,3087.0,9583.0,64.0,0.0,20.0,13.0,6.0,0.0,64.0,0.0,0.0,0.0,8.0,,,,,,,,,,,,,
hhl,13,nwqsim,MPI,CPU,sync,1,8,2526.8615179957123,13.0,19103.0,13.0,13.0,19182.0,19182.0,0.0,1.0,13.0,111.0,12734.0,6337.0,0.0,1.0,1.0,19183.0,26.0,3.0,1.0,0.0,0.0,0.0,19183.0,44642.0,19106.0,,1.0,26.0,0.0,10205.0,3431.0,84.0,19099.0,1.0,41505.0,2.163747263059118,1.8648792100511715,0.0,4.0,19071.0,1.0,,,1.0,6337.0,3087.0,9583.0,64.0,0.0,20.0,13.0,6.0,0.0,64.0,0.0,0.0,0.0,8.0,,,,,,,,,,,,,
hhl,13,nwqsim,MPI,CPU,sync,1,8,2483.633127005305,13.0,19103.0,13.0,13.0,19182.0,19182.0,0.0,1.0,13.0,111.0,12734.0,6337.0,0.0,1.0,1.0,19183.0,26.0,3.0,1.0,0.0,0.0,0.0,19183.0,44642.0,19106.0,,1.0,26.0,0.0,10205.0,3431.0,84.0,19099.0,1.0,41505.0,2.163747263059118,1.8648792100511715,0.0,4.0,19071.0,1.0,,,1.0,6337.0,3087.0,9583.0,64.0,0.0,20.0,13.0,6.0,0.0,64.0,0.0,0.0,0.0,8.0,,,,,,,,,,,,,
hhl,13,nwqsim,MPI,CPU,sync,1,8,2831.6042799997376,13.0,19103.0,13.0,13.0,19182.0,19182.0,0.0,1.0,13.0,111.0,12734.0,6337.0,0.0,1.0,1.0,19183.0,26.0,3.0,1.0,0.0,0.0,0.0,19183.0,44642.0,19106.0,,1.0,26.0,0.0,10205.0,3431.0,84.0,19099.0,1.0,41505.0,2.163747263059118,1.8648792100511715,0.0,4.0,19071.0,1.0,,,1.0,6337.0,3087.0,9583.0,64.0,0.0,20.0,13.0,6.0,0.0,64.0,0.0,0.0,0.0,8.0,,,,,,,,,,,,,
hhl,13,nwqsim,MPI,CPU,sync,1,8,2526.8615179957123,13.0,19103.0,13.0,13.0,19182.0,19182.0,0.0,1.0,13.0,111.0,12734.0,6337.0,0.0,1.0,1.0,19183.0,26.0,3.0,1.0,0.0,0.0,0.0,19183.0,44642.0,19106.0,,1.0,26.0,0.0,10205.0,3431.0,84.0,19099.0,1.0,41505.0,2.163747263059118,1.8648792100511715,0.0,4.0,19071.0,1.0,,,1.0,6337.0,3087.0,9583.0,64.0,0.0,20.0,13.0,6.0,0.0,64.0,0.0,0.0,0.0,8.0,,,,,,,,,,,,,
hhl,13,nwqsim,MPI,CPU,sync,1,8,2483.633127005305,13.0,19103.0,13.0,13.0,19182.0,19182.0,0.0,1.0,13.0,111.0,12734.0,6337.0,0.0,1.0,1.0,19183.0,26.0,3.0,1.0,0.0,0.0,0.0,19183.0,44642.0,19106.0,,1.0,26.0,0.0,10205.0,3431.0,84.0,19099.0,1.0,41505.0,2.163747263059118,1.8648792100511715,0.0,4.0,19071.0,1.0,,,1.0,6337.0,3087.0,9583.0,64.0,0.0,20.0,13.0,6.0,0.0,64.0,0.0,0.0,0.0,8.0,,,,,,,,,,,,,
hhl,13,nwqsim,MPI,CPU,sync,1,8,3427.5631420023274,13.0,19103.0,13.0,13.0,19182.0,19182.0,0.0,1.0,13.0,111.0,12734.0,6337.0,0.0,1.0,1.0,19183.0,26.0,3.0,1.0,0.0,0.0,0.0,19183.0,44642.0,19106.0,,1.0,26.0,0.0,10205.0,3431.0,84.0,19099.0,1.0,41505.0,2.163747263059118,1.8648792100511715,0.0,4.0,19071.0,1.0,,,1.0,6337.0,3087.0,9583.0,64.0,0.0,20.0,13.0,6.0,0.0,64.0,0.0,0.0,0.0,8.0,,,,,,,,,,,,,
hhl,13,nwqsim,MPI,CPU,sync,1,8,3440.678476006724,13.0,19103.0,13.0,13.0,19182.0,19182.0,0.0,1.0,13.0,111.0,12734.0,6337.0,0.0,1.0,1.0,19183.0,26.0,3.0,1.0,0.0,0.0,0.0,19183.0,44642.0,19106.0,,1.0,26.0,0.0,10205.0,3431.0,84.0,19099.0,1.0,41505.0,2.163747263059118,1.8648792100511715,0.0,4.0,19071.0,1.0,,,1.0,6337.0,3087.0,9583.0,64.0,0.0,20.0,13.0,6.0,0.0,64.0,0.0,0.0,0.0,8.0,,,,,,,,,,,,,
hhl,13,nwqsim,MPI,CPU,sync,1,8,3417.5997110141907,13.0,19103.0,13.0,13.0,19182.0,19182.0,0.0,1.0,13.0,111.0,12734.0,6337.0,0.0,1.0,1.0,19183.0,26.0,3.0,1.0,0.0,0.0,0.0,19183.0,44642.0,19106.0,,1.0,26.0,0.0,10205.0,3431.0,84.0,19099.0,1.0,41505.0,2.163747263059118,1.8648792100511715,0.0,4.0,19071.0,1.0,,,1.0,6337.0,3087.0,9583.0,64.0,0.0,20.0,13.0,6.0,0.0,64.0,0.0,0.0,0.0,8.0,,,,,,,,,,,,,
hhl,13,nwqsim,MPI,CPU,sync,2,4,2869.8764269938692,13.0,19103.0,13.0,13.0,19182.0,19182.0,0.0,1.0,13.0,111.0,12734.0,6337.0,0.0,1.0,1.0,19183.0,26.0,3.0,1.0,0.0,0.0,0.0,19183.0,44642.0,19106.0,,1.0,26.0,0.0,10205.0,3431.0,84.0,19099.0,1.0,41505.0,2.163747263059118,1.8648792100511715,0.0,4.0,19071.0,1.0,,,1.0,6337.0,3087.0,9583.0,64.0,0.0,20.0,13.0,6.0,0.0,64.0,0.0,0.0,0.0,8.0,,,,,,,,,,,,,
hhl,13,nwqsim,MPI,CPU,sync,2,4,2595.0074800057337,13.0,19103.0,13.0,13.0,19182.0,19182.0,0.0,1.0,13.0,111.0,12734.0,6337.0,0.0,1.0,1.0,19183.0,26.0,3.0,1.0,0.0,0.0,0.0,19183.0,44642.0,19106.0,,1.0,26.0,0.0,10205.0,3431.0,84.0,19099.0,1.0,41505.0,2.163747263059118,1.8648792100511715,0.0,4.0,19071.0,1.0,,,1.0,6337.0,3087.0,9583.0,64.0,0.0,20.0,13.0,6.0,0.0,64.0,0.0,0.0,0.0,8.0,,,,,,,,,,,,,
hhl,13,nwqsim,MPI,CPU,sync,2,4,2587.797633954324,13.0,19103.0,13.0,13.0,19182.0,19182.0,0.0,1.0,13.0,111.0,12734.0,6337.0,0.0,1.0,1.0,19183.0,26.0,3.0,1.0,0.0,0.0,0.0,19183.0,44642.0,19106.0,,1.0,26.0,0.0,10205.0,3431.0,84.0,19099.0,1.0,41505.0,2.163747263059118,1.8648792100511715,0.0,4.0,19071.0,1.0,,,1.0,6337.0,3087.0,9583.0,64.0,0.0,20.0,13.0,6.0,0.0,64.0,0.0,0.0,0.0,8.0,,,,,,,,,,,,,
hhl,13,nwqsim,MPI,CPU,sync,2,4,2869.8764269938692,13.0,19103.0,13.0,13.0,19182.0,19182.0,0.0,1.0,13.0,111.0,12734.0,6337.0,0.0,1.0,1.0,19183.0,26.0,3.0,1.0,0.0,0.0,0.0,19183.0,44642.0,19106.0,,1.0,26.0,0.0,10205.0,3431.0,84.0,19099.0,1.0,41505.0,2.163747263059118,1.8648792100511715,0.0,4.0,19071.0,1.0,,,1.0,6337.0,3087.0,9583.0,64.0,0.0,20.0,13.0,6.0,0.0,64.0,0.0,0.0,0.0,8.0,,,,,,,,,,,,,
hhl,13,nwqsim,MPI,CPU,sync,2,4,2595.0074800057337,13.0,19103.0,13.0,13.0,19182.0,19182.0,0.0,1.0,13.0,111.0,12734.0,6337.0,0.0,1.0,1.0,19183.0,26.0,3.0,1.0,0.0,0.0,0.0,19183.0,44642.0,19106.0,,1.0,26.0,0.0,10205.0,3431.0,84.0,19099.0,1.0,41505.0,2.163747263059118,1.8648792100511715,0.0,4.0,19071.0,1.0,,,1.0,6337.0,3087.0,9583.0,64.0,0.0,20.0,13.0,6.0,0.0,64.0,0.0,0.0,0.0,8.0,,,,,,,,,,,,,
hhl,13,nwqsim,MPI,CPU,sync,2,4,2587.797633954324,13.0,19103.0,13.0,13.0,19182.0,19182.0,0.0,1.0,13.0,111.0,12734.0,6337.0,0.0,1.0,1.0,19183.0,26.0,3.0,1.0,0.0,0.0,0.0,19183.0,44642.0,19106.0,,1.0,26.0,0.0,10205.0,3431.0,84.0,19099.0,1.0,41505.0,2.163747263059118,1.8648792100511715,0.0,4.0,19071.0,1.0,,,1.0,6337.0,3087.0,9583.0,64.0,0.0,20.0,13.0,6.0,0.0,64.0,0.0,0.0,0.0,8.0,,,,,,,,,,,,,
hhl,13,nwqsim,MPI,CPU,sync,2,8,3434.993411996402,13.0,19103.0,13.0,13.0,19182.0,19182.0,0.0,1.0,13.0,111.0,12734.0,6337.0,0.0,1.0,1.0,19183.0,26.0,3.0,1.0,0.0,0.0,0.0,19183.0,44642.0,19106.0,,1.0,26.0,0.0,10205.0,3431.0,84.0,19099.0,1.0,41505.0,2.163747263059118,1.8648792100511715,0.0,4.0,19071.0,1.0,,,1.0,6337.0,3087.0,9583.0,64.0,0.0,20.0,13.0,6.0,0.0,64.0,0.0,0.0,0.0,8.0,,,,,,,,,,,,,
hhl,13,nwqsim,MPI,CPU,sync,2,8,3424.580708000576,13.0,19103.0,13.0,13.0,19182.0,19182.0,0.0,1.0,13.0,111.0,12734.0,6337.0,0.0,1.0,1.0,19183.0,26.0,3.0,1.0,0.0,0.0,0.0,19183.0,44642.0,19106.0,,1.0,26.0,0.0,10205.0,3431.0,84.0,19099.0,1.0,41505.0,2.163747263059118,1.8648792100511715,0.0,4.0,19071.0,1.0,,,1.0,6337.0,3087.0,9583.0,64.0,0.0,20.0,13.0,6.0,0.0,64.0,0.0,0.0,0.0,8.0,,,,,,,,,,,,,
hhl,13,nwqsim,MPI,CPU,sync,2,8,3402.115654986119,13.0,19103.0,13.0,13.0,19182.0,19182.0,0.0,1.0,13.0,111.0,12734.0,6337.0,0.0,1.0,1.0,19183.0,26.0,3.0,1.0,0.0,0.0,0.0,19183.0,44642.0,19106.0,,1.0,26.0,0.0,10205.0,3431.0,84.0,19099.0,1.0,41505.0,2.163747263059118,1.8648792100511715,0.0,4.0,19071.0,1.0,,,1.0,6337.0,3087.0,9583.0,64.0,0.0,20.0,13.0,6.0,0.0,64.0,0.0,0.0,0.0,8.0,,,,,,,,,,,,,
hhl,13,ionq,simulator,CPU,sync,1,8,201516.7181380093,13.0,19103.0,13.0,13.0,19182.0,19182.0,0.0,1.0,13.0,111.0,12734.0,6337.0,0.0,1.0,1.0,19183.0,26.0,3.0,1.0,0.0,0.0,0.0,19183.0,44642.0,19106.0,,1.0,26.0,0.0,10205.0,3431.0,84.0,19099.0,1.0,41505.0,2.163747263059118,1.8648792100511715,0.0,4.0,19071.0,1.0,,,1.0,6337.0,3087.0,9583.0,64.0,0.0,20.0,13.0,6.0,0.0,64.0,0.0,0.0,0.0,8.0,,,,,,,,,,,,,
hhl,13,ionq,simulator,CPU,sync,1,8,201527.2993670078,13.0,19103.0,13.0,13.0,19182.0,19182.0,0.0,1.0,13.0,111.0,12734.0,6337.0,0.0,1.0,1.0,19183.0,26.0,3.0,1.0,0.0,0.0,0.0,19183.0,44642.0,19106.0,,1.0,26.0,0.0,10205.0,3431.0,84.0,19099.0,1.0,41505.0,2.163747263059118,1.8648792100511715,0.0,4.0,19071.0,1.0,,,1.0,6337.0,3087.0,9583.0,64.0,0.0,20.0,13.0,6.0,0.0,64.0,0.0,0.0,0.0,8.0,,,,,,,,,,,,,
hhl,13,ionq,simulator,CPU,sync,1,8,201514.77308600442,13.0,19103.0,13.0,13.0,19182.0,19182.0,0.0,1.0,13.0,111.0,12734.0,6337.0,0.0,1.0,1.0,19183.0,26.0,3.0,1.0,0.0,0.0,0.0,19183.0,44642.0,19106.0,,1.0,26.0,0.0,10205.0,3431.0,84.0,19099.0,1.0,41505.0,2.163747263059118,1.8648792100511715,0.0,4.0,19071.0,1.0,,,1.0,6337.0,3087.0,9583.0,64.0,0.0,20.0,13.0,6.0,0.0,64.0,0.0,0.0,0.0,8.0,,,,,,,,,,,,,
hhl,13,ionq,simulator,CPU,sync,1,8,201516.7181380093,13.0,19103.0,13.0,13.0,19182.0,19182.0,0.0,1.0,13.0,111.0,12734.0,6337.0,0.0,1.0,1.0,19183.0,26.0,3.0,1.0,0.0,0.0,0.0,19183.0,44642.0,19106.0,,1.0,26.0,0.0,10205.0,3431.0,84.0,19099.0,1.0,41505.0,2.163747263059118,1.8648792100511715,0.0,4.0,19071.0,1.0,,,1.0,6337.0,3087.0,9583.0,64.0,0.0,20.0,13.0,6.0,0.0,64.0,0.0,0.0,0.0,8.0,,,,,,,,,,,,,
hhl,13,ionq,simulator,CPU,sync,1,8,201527.2993670078,13.0,19103.0,13.0,13.0,19182.0,19182.0,0.0,1.0,13.0,111.0,12734.0,6337.0,0.0,1.0,1.0,19183.0,26.0,3.0,1.0,0.0,0.0,0.0,19183.0,44642.0,19106.0,,1.0,26.0,0.0,10205.0,3431.0,84.0,19099.0,1.0,41505.0,2.163747263059118,1.8648792100511715,0.0,4.0,19071.0,1.0,,,1.0,6337.0,3087.0,9583.0,64.0,0.0,20.0,13.0,6.0,0.0,64.0,0.0,0.0,0.0,8.0,,,,,,,,,,,,,
hhl,13,ionq,simulator,CPU,sync,1,8,201514.77308600442,13.0,19103.0,13.0,13.0,19182.0,19182.0,0.0,1.0,13.0,111.0,12734.0,6337.0,0.0,1.0,1.0,19183.0,26.0,3.0,1.0,0.0,0.0,0.0,19183.0,44642.0,19106.0,,1.0,26.0,0.0,10205.0,3431.0,84.0,19099.0,1.0,41505.0,2.163747263059118,1.8648792100511715,0.0,4.0,19071.0,1.0,,,1.0,6337.0,3087.0,9583.0,64.0,0.0,20.0,13.0,6.0,0.0,64.0,0.0,0.0,0.0,8.0,,,,,,,,,,,,,
hhl,13,ionq,simulator,CPU,sync,1,4,201516.7181380093,13.0,19103.0,13.0,13.0,19182.0,19182.0,0.0,1.0,13.0,111.0,12734.0,6337.0,0.0,1.0,1.0,19183.0,26.0,3.0,1.0,0.0,0.0,0.0,19183.0,44642.0,19106.0,,1.0,26.0,0.0,10205.0,3431.0,84.0,19099.0,1.0,41505.0,2.163747263059118,1.8648792100511715,0.0,4.0,19071.0,1.0,,,1.0,6337.0,3087.0,9583.0,64.0,0.0,20.0,13.0,6.0,0.0,64.0,0.0,0.0,0.0,8.0,,,,,,,,,,,,,
hhl,13,ionq,simulator,CPU,sync,1,4,201527.2993670078,13.0,19103.0,13.0,13.0,19182.0,19182.0,0.0,1.0,13.0,111.0,12734.0,6337.0,0.0,1.0,1.0,19183.0,26.0,3.0,1.0,0.0,0.0,0.0,19183.0,44642.0,19106.0,,1.0,26.0,0.0,10205.0,3431.0,84.0,19099.0,1.0,41505.0,2.163747263059118,1.8648792100511715,0.0,4.0,19071.0,1.0,,,1.0,6337.0,3087.0,9583.0,64.0,0.0,20.0,13.0,6.0,0.0,64.0,0.0,0.0,0.0,8.0,,,,,,,,,,,,,
hhl,13,ionq,simulator,CPU,sync,1,4,201514.77308600442,13.0,19103.0,13.0,13.0,19182.0,19182.0,0.0,1.0,13.0,111.0,12734.0,6337.0,0.0,1.0,1.0,19183.0,26.0,3.0,1.0,0.0,0.0,0.0,19183.0,44642.0,19106.0,,1.0,26.0,0.0,10205.0,3431.0,84.0,19099.0,1.0,41505.0,2.163747263059118,1.8648792100511715,0.0,4.0,19071.0,1.0,,,1.0,6337.0,3087.0,9583.0,64.0,0.0,20.0,13.0,6.0,0.0,64.0,0.0,0.0,0.0,8.0,,,,,,,,,,,,,
hhl,13,ionq,simulator,CPU,sync,1,4,201516.7181380093,13.0,19103.0,13.0,13.0,19182.0,19182.0,0.0,1.0,13.0,111.0,12734.0,6337.0,0.0,1.0,1.0,19183.0,26.0,3.0,1.0,0.0,0.0,0.0,19183.0,44642.0,19106.0,,1.0,26.0,0.0,10205.0,3431.0,84.0,19099.0,1.0,41505.0,2.163747263059118,1.8648792100511715,0.0,4.0,19071.0,1.0,,,1.0,6337.0,3087.0,9583.0,64.0,0.0,20.0,13.0,6.0,0.0,64.0,0.0,0.0,0.0,8.0,,,,,,,,,,,,,
hhl,13,ionq,simulator,CPU,sync,1,4,201527.2993670078,13.0,19103.0,13.0,13.0,19182.0,19182.0,0.0,1.0,13.0,111.0,12734.0,6337.0,0.0,1.0,1.0,19183.0,26.0,3.0,1.0,0.0,0.0,0.0,19183.0,44642.0,19106.0,,1.0,26.0,0.0,10205.0,3431.0,84.0,19099.0,1.0,41505.0,2.163747263059118,1.8648792100511715,0.0,4.0,19071.0,1.0,,,1.0,6337.0,3087.0,9583.0,64.0,0.0,20.0,13.0,6.0,0.0,64.0,0.0,0.0,0.0,8.0,,,,,,,,,,,,,
hhl,13,ionq,simulator,CPU,sync,1,4,201514.77308600442,13.0,19103.0,13.0,13.0,19182.0,19182.0,0.0,1.0,13.0,111.0,12734.0,6337.0,0.0,1.0,1.0,19183.0,26.0,3.0,1.0,0.0,0.0,0.0,19183.0,44642.0,19106.0,,1.0,26.0,0.0,10205.0,3431.0,84.0,19099.0,1.0,41505.0,2.163747263059118,1.8648792100511715,0.0,4.0,19071.0,1.0,,,1.0,6337.0,3087.0,9583.0,64.0,0.0,20.0,13.0,6.0,0.0,64.0,0.0,0.0,0.0,8.0,,,,,,,,,,,,,
hhl,7,ionq,simulator,CPU,sync,1,4,200238.13852702733,7.0,119.0,7.0,7.0,150.0,150.0,0.0,1.0,7.0,34.0,84.0,32.0,0.0,1.0,1.0,151.0,14.0,3.0,1.0,0.0,0.0,0.0,151.0,326.0,122.0,,1.0,8.0,0.0,153.0,43.57142857142857,19.0,132.0,1.0,289.0,1.9266666666666667,1.8442583574133231,0.0,4.0,116.0,1.0,,,1.0,32.0,12.0,64.0,8.0,0.0,11.0,7.0,3.0,0.0,8.0,0.0,0.0,0.0,5.0,,,,,,,,,,,,,
hhl,7,ionq,simulator,CPU,sync,1,4,200228.67203399073,7.0,119.0,7.0,7.0,150.0,150.0,0.0,1.0,7.0,34.0,84.0,32.0,0.0,1.0,1.0,151.0,14.0,3.0,1.0,0.0,0.0,0.0,151.0,326.0,122.0,,1.0,8.0,0.0,153.0,43.57142857142857,19.0,132.0,1.0,289.0,1.9266666666666667,1.8442583574133231,0.0,4.0,116.0,1.0,,,1.0,32.0,12.0,64.0,8.0,0.0,11.0,7.0,3.0,0.0,8.0,0.0,0.0,0.0,5.0,,,,,,,,,,,,,
hhl,7,ionq,simulator,CPU,sync,1,4,200203.92504998017,7.0,119.0,7.0,7.0,150.0,150.0,0.0,1.0,7.0,34.0,84.0,32.0,0.0,1.0,1.0,151.0,14.0,3.0,1.0,0.0,0.0,0.0,151.0,326.0,122.0,,1.0,8.0,0.0,153.0,43.57142857142857,19.0,132.0,1.0,289.0,1.9266666666666667,1.8442583574133231,0.0,4.0,116.0,1.0,,,1.0,32.0,12.0,64.0,8.0,0.0,11.0,7.0,3.0,0.0,8.0,0.0,0.0,0.0,5.0,,,,,,,,,,,,,
hhl,7,ionq,simulator,CPU,sync,1,4,200238.13852702733,7.0,119.0,7.0,7.0,150.0,150.0,0.0,1.0,7.0,34.0,84.0,32.0,0.0,1.0,1.0,151.0,14.0,3.0,1.0,0.0,0.0,0.0,151.0,326.0,122.0,,1.0,8.0,0.0,153.0,43.57142857142857,19.0,132.0,1.0,289.0,1.9266666666666667,1.8442583574133231,0.0,4.0,116.0,1.0,,,1.0,32.0,12.0,64.0,8.0,0.0,11.0,7.0,3.0,0.0,8.0,0.0,0.0,0.0,5.0,,,,,,,,,,,,,
hhl,7,ionq,simulator,CPU,sync,1,4,200228.67203399073,7.0,119.0,7.0,7.0,150.0,150.0,0.0,1.0,7.0,34.0,84.0,32.0,0.0,1.0,1.0,151.0,14.0,3.0,1.0,0.0,0.0,0.0,151.0,326.0,122.0,,1.0,8.0,0.0,153.0,43.57142857142857,19.0,132.0,1.0,289.0,1.9266666666666667,1.8442583574133231,0.0,4.0,116.0,1.0,,,1.0,32.0,12.0,64.0,8.0,0.0,11.0,7.0,3.0,0.0,8.0,0.0,0.0,0.0,5.0,,,,,,,,,,,,,
hhl,7,ionq,simulator,CPU,sync,1,4,200203.92504998017,7.0,119.0,7.0,7.0,150.0,150.0,0.0,1.0,7.0,34.0,84.0,32.0,0.0,1.0,1.0,151.0,14.0,3.0,1.0,0.0,0.0,0.0,151.0,326.0,122.0,,1.0,8.0,0.0,153.0,43.57142857142857,19.0,132.0,1.0,289.0,1.9266666666666667,1.8442583574133231,0.0,4.0,116.0,1.0,,,1.0,32.0,12.0,64.0,8.0,0.0,11.0,7.0,3.0,0.0,8.0,0.0,0.0,0.0,5.0,,,,,,,,,,,,,
hhl,7,qiskitaer,statevector,CPU,sync,1,8,7808.956641994882,7.0,119.0,7.0,7.0,150.0,150.0,0.0,1.0,7.0,34.0,84.0,32.0,0.0,1.0,1.0,151.0,14.0,3.0,1.0,0.0,0.0,0.0,151.0,326.0,122.0,,1.0,8.0,0.0,153.0,43.57142857142857,19.0,132.0,1.0,289.0,1.9266666666666667,1.8442583574133231,0.0,4.0,116.0,1.0,,,1.0,32.0,12.0,64.0,8.0,0.0,11.0,7.0,3.0,0.0,8.0,0.0,0.0,0.0,5.0,,,,,,,,,,,,,
hhl,7,qiskitaer,statevector,CPU,sync,1,8,6354.973973007873,7.0,119.0,7.0,7.0,150.0,150.0,0.0,1.0,7.0,34.0,84.0,32.0,0.0,1.0,1.0,151.0,14.0,3.0,1.0,0.0,0.0,0.0,151.0,326.0,122.0,,1.0,8.0,0.0,153.0,43.57142857142857,19.0,132.0,1.0,289.0,1.9266666666666667,1.8442583574133231,0.0,4.0,116.0,1.0,,,1.0,32.0,12.0,64.0,8.0,0.0,11.0,7.0,3.0,0.0,8.0,0.0,0.0,0.0,5.0,,,,,,,,,,,,,
hhl,7,qiskitaer,statevector,CPU,sync,1,8,6921.1800869961735,7.0,119.0,7.0,7.0,150.0,150.0,0.0,1.0,7.0,34.0,84.0,32.0,0.0,1.0,1.0,151.0,14.0,3.0,1.0,0.0,0.0,0.0,151.0,326.0,122.0,,1.0,8.0,0.0,153.0,43.57142857142857,19.0,132.0,1.0,289.0,1.9266666666666667,1.8442583574133231,0.0,4.0,116.0,1.0,,,1.0,32.0,12.0,64.0,8.0,0.0,11.0,7.0,3.0,0.0,8.0,0.0,0.0,0.0,5.0,,,,,,,,,,,,,
hhl,7,qiskitaer,statevector,CPU,sync,1,8,7808.956641994882,7.0,119.0,7.0,7.0,150.0,150.0,0.0,1.0,7.0,34.0,84.0,32.0,0.0,1.0,1.0,151.0,14.0,3.0,1.0,0.0,0.0,0.0,151.0,326.0,122.0,,1.0,8.0,0.0,153.0,43.57142857142857,19.0,132.0,1.0,289.0,1.9266666666666667,1.8442583574133231,0.0,4.0,116.0,1.0,,,1.0,32.0,12.0,64.0,8.0,0.0,11.0,7.0,3.0,0.0,8.0,0.0,0.0,0.0,5.0,,,,,,,,,,,,,
hhl,7,qiskitaer,statevector,CPU,sync,1,8,6354.973973007873,7.0,119.0,7.0,7.0,150.0,150.0,0.0,1.0,7.0,34.0,84.0,32.0,0.0,1.0,1.0,151.0,14.0,3.0,1.0,0.0,0.0,0.0,151.0,326.0,122.0,,1.0,8.0,0.0,153.0,43.57142857142857,19.0,132.0,1.0,289.0,1.9266666666666667,1.8442583574133231,0.0,4.0,116.0,1.0,,,1.0,32.0,12.0,64.0,8.0,0.0,11.0,7.0,3.0,0.0,8.0,0.0,0.0,0.0,5.0,,,,,,,,,,,,,
hhl,7,qiskitaer,statevector,CPU,sync,1,8,6921.1800869961735,7.0,119.0,7.0,7.0,150.0,150.0,0.0,1.0,7.0,34.0,84.0,32.0,0.0,1.0,1.0,151.0,14.0,3.0,1.0,0.0,0.0,0.0,151.0,326.0,122.0,,1.0,8.0,0.0,153.0,43.57142857142857,19.0,132.0,1.0,289.0,1.9266666666666667,1.8442583574133231,0.0,4.0,116.0,1.0,,,1.0,32.0,12.0,64.0,8.0,0.0,11.0,7.0,3.0,0.0,8.0,0.0,0.0,0.0,5.0,,,,,,,,,,,,,
hhl,7,qiskitaer,statevector,CPU,sync,1,4,7253.406044997973,7.0,119.0,7.0,7.0,150.0,150.0,0.0,1.0,7.0,34.0,84.0,32.0,0.0,1.0,1.0,151.0,14.0,3.0,1.0,0.0,0.0,0.0,151.0,326.0,122.0,,1.0,8.0,0.0,153.0,43.57142857142857,19.0,132.0,1.0,289.0,1.9266666666666667,1.8442583574133231,0.0,4.0,116.0,1.0,,,1.0,32.0,12.0,64.0,8.0,0.0,11.0,7.0,3.0,0.0,8.0,0.0,0.0,0.0,5.0,,,,,,,,,,,,,
hhl,7,qiskitaer,statevector,CPU,sync,1,4,5651.912822999293,7.0,119.0,7.0,7.0,150.0,150.0,0.0,1.0,7.0,34.0,84.0,32.0,0.0,1.0,1.0,151.0,14.0,3.0,1.0,0.0,0.0,0.0,151.0,326.0,122.0,,1.0,8.0,0.0,153.0,43.57142857142857,19.0,132.0,1.0,289.0,1.9266666666666667,1.8442583574133231,0.0,4.0,116.0,1.0,,,1.0,32.0,12.0,64.0,8.0,0.0,11.0,7.0,3.0,0.0,8.0,0.0,0.0,0.0,5.0,,,,,,,,,,,,,
hhl,7,qiskitaer,statevector,CPU,sync,1,4,5977.985862002242,7.0,119.0,7.0,7.0,150.0,150.0,0.0,1.0,7.0,34.0,84.0,32.0,0.0,1.0,1.0,151.0,14.0,3.0,1.0,0.0,0.0,0.0,151.0,326.0,122.0,,1.0,8.0,0.0,153.0,43.57142857142857,19.0,132.0,1.0,289.0,1.9266666666666667,1.8442583574133231,0.0,4.0,116.0,1.0,,,1.0,32.0,12.0,64.0,8.0,0.0,11.0,7.0,3.0,0.0,8.0,0.0,0.0,0.0,5.0,,,,,,,,,,,,,
hhl,7,qiskitaer,statevector,CPU,sync,1,4,7253.406044997973,7.0,119.0,7.0,7.0,150.0,150.0,0.0,1.0,7.0,34.0,84.0,32.0,0.0,1.0,1.0,151.0,14.0,3.0,1.0,0.0,0.0,0.0,151.0,326.0,122.0,,1.0,8.0,0.0,153.0,43.57142857142857,19.0,132.0,1.0,289.0,1.9266666666666667,1.8442583574133231,0.0,4.0,116.0,1.0,,,1.0,32.0,12.0,64.0,8.0,0.0,11.0,7.0,3.0,0.0,8.0,0.0,0.0,0.0,5.0,,,,,,,,,,,,,
hhl,7,qiskitaer,statevector,CPU,sync,1,4,5651.912822999293,7.0,119.0,7.0,7.0,150.0,150.0,0.0,1.0,7.0,34.0,84.0,32.0,0.0,1.0,1.0,151.0,14.0,3.0,1.0,0.0,0.0,0.0,151.0,326.0,122.0,,1.0,8.0,0.0,153.0,43.57142857142857,19.0,132.0,1.0,289.0,1.9266666666666667,1.8442583574133231,0.0,4.0,116.0,1.0,,,1.0,32.0,12.0,64.0,8.0,0.0,11.0,7.0,3.0,0.0,8.0,0.0,0.0,0.0,5.0,,,,,,,,,,,,,
hhl,7,qiskitaer,statevector,CPU,sync,1,4,5977.985862002242,7.0,119.0,7.0,7.0,150.0,150.0,0.0,1.0,7.0,34.0,84.0,32.0,0.0,1.0,1.0,151.0,14.0,3.0,1.0,0.0,0.0,0.0,151.0,326.0,122.0,,1.0,8.0,0.0,153.0,43.57142857142857,19.0,132.0,1.0,289.0,1.9266666666666667,1.8442583574133231,0.0,4.0,116.0,1.0,,,1.0,32.0,12.0,64.0,8.0,0.0,11.0,7.0,3.0,0.0,8.0,0.0,0.0,0.0,5.0,,,,,,,,,,,,,
hhl,7,qiskitaer,statevector,CPU,sync,1,4,11277.235853980528,7.0,119.0,7.0,7.0,150.0,150.0,0.0,1.0,7.0,34.0,84.0,32.0,0.0,1.0,1.0,151.0,14.0,3.0,1.0,0.0,0.0,0.0,151.0,326.0,122.0,,1.0,8.0,0.0,153.0,43.57142857142857,19.0,132.0,1.0,289.0,1.9266666666666667,1.8442583574133231,0.0,4.0,116.0,1.0,,,1.0,32.0,12.0,64.0,8.0,0.0,11.0,7.0,3.0,0.0,8.0,0.0,0.0,0.0,5.0,,,,,,,,,,,,,
hhl,7,qiskitaer,statevector,CPU,sync,1,4,8216.222782997647,7.0,119.0,7.0,7.0,150.0,150.0,0.0,1.0,7.0,34.0,84.0,32.0,0.0,1.0,1.0,151.0,14.0,3.0,1.0,0.0,0.0,0.0,151.0,326.0,122.0,,1.0,8.0,0.0,153.0,43.57142857142857,19.0,132.0,1.0,289.0,1.9266666666666667,1.8442583574133231,0.0,4.0,116.0,1.0,,,1.0,32.0,12.0,64.0,8.0,0.0,11.0,7.0,3.0,0.0,8.0,0.0,0.0,0.0,5.0,,,,,,,,,,,,,
hhl,7,qiskitaer,statevector,CPU,sync,1,4,8229.355318995658,7.0,119.0,7.0,7.0,150.0,150.0,0.0,1.0,7.0,34.0,84.0,32.0,0.0,1.0,1.0,151.0,14.0,3.0,1.0,0.0,0.0,0.0,151.0,326.0,122.0,,1.0,8.0,0.0,153.0,43.57142857142857,19.0,132.0,1.0,289.0,1.9266666666666667,1.8442583574133231,0.0,4.0,116.0,1.0,,,1.0,32.0,12.0,64.0,8.0,0.0,11.0,7.0,3.0,0.0,8.0,0.0,0.0,0.0,5.0,,,,,,,,,,,,,
hhl,7,qiskitaer,automatic,CPU,sync,1,4,7201.754526991863,7.0,119.0,7.0,7.0,150.0,150.0,0.0,1.0,7.0,34.0,84.0,32.0,0.0,1.0,1.0,151.0,14.0,3.0,1.0,0.0,0.0,0.0,151.0,326.0,122.0,,1.0,8.0,0.0,153.0,43.57142857142857,19.0,132.0,1.0,289.0,1.9266666666666667,1.8442583574133231,0.0,4.0,116.0,1.0,,,1.0,32.0,12.0,64.0,8.0,0.0,11.0,7.0,3.0,0.0,8.0,0.0,0.0,0.0,5.0,,,,,,,,,,,,,
hhl,7,qiskitaer,automatic,CPU,sync,1,4,6379.041898995638,7.0,119.0,7.0,7.0,150.0,150.0,0.0,1.0,7.0,34.0,84.0,32.0,0.0,1.0,1.0,151.0,14.0,3.0,1.0,0.0,0.0,0.0,151.0,326.0,122.0,,1.0,8.0,0.0,153.0,43.57142857142857,19.0,132.0,1.0,289.0,1.9266666666666667,1.8442583574133231,0.0,4.0,116.0,1.0,,,1.0,32.0,12.0,64.0,8.0,0.0,11.0,7.0,3.0,0.0,8.0,0.0,0.0,0.0,5.0,,,,,,,,,,,,,
hhl,7,qiskitaer,automatic,CPU,sync,1,4,6690.389870025683,7.0,119.0,7.0,7.0,150.0,150.0,0.0,1.0,7.0,34.0,84.0,32.0,0.0,1.0,1.0,151.0,14.0,3.0,1.0,0.0,0.0,0.0,151.0,326.0,122.0,,1.0,8.0,0.0,153.0,43.57142857142857,19.0,132.0,1.0,289.0,1.9266666666666667,1.8442583574133231,0.0,4.0,116.0,1.0,,,1.0,32.0,12.0,64.0,8.0,0.0,11.0,7.0,3.0,0.0,8.0,0.0,0.0,0.0,5.0,,,,,,,,,,,,,
hhl,7,qiskitaer,automatic,CPU,sync,1,4,7201.754526991863,7.0,119.0,7.0,7.0,150.0,150.0,0.0,1.0,7.0,34.0,84.0,32.0,0.0,1.0,1.0,151.0,14.0,3.0,1.0,0.0,0.0,0.0,151.0,326.0,122.0,,1.0,8.0,0.0,153.0,43.57142857142857,19.0,132.0,1.0,289.0,1.9266666666666667,1.8442583574133231,0.0,4.0,116.0,1.0,,,1.0,32.0,12.0,64.0,8.0,0.0,11.0,7.0,3.0,0.0,8.0,0.0,0.0,0.0,5.0,,,,,,,,,,,,,
hhl,7,qiskitaer,automatic,CPU,sync,1,4,6379.041898995638,7.0,119.0,7.0,7.0,150.0,150.0,0.0,1.0,7.0,34.0,84.0,32.0,0.0,1.0,1.0,151.0,14.0,3.0,1.0,0.0,0.0,0.0,151.0,326.0,122.0,,1.0,8.0,0.0,153.0,43.57142857142857,19.0,132.0,1.0,289.0,1.9266666666666667,1.8442583574133231,0.0,4.0,116.0,1.0,,,1.0,32.0,12.0,64.0,8.0,0.0,11.0,7.0,3.0,0.0,8.0,0.0,0.0,0.0,5.0,,,,,,,,,,,,,
hhl,7,qiskitaer,automatic,CPU,sync,1,4,6690.389870025683,7.0,119.0,7.0,7.0,150.0,150.0,0.0,1.0,7.0,34.0,84.0,32.0,0.0,1.0,1.0,151.0,14.0,3.0,1.0,0.0,0.0,0.0,151.0,326.0,122.0,,1.0,8.0,0.0,153.0,43.57142857142857,19.0,132.0,1.0,289.0,1.9266666666666667,1.8442583574133231,0.0,4.0,116.0,1.0,,,1.0,32.0,12.0,64.0,8.0,0.0,11.0,7.0,3.0,0.0,8.0,0.0,0.0,0.0,5.0,,,,,,,,,,,,,
hhl,7,qiskitaer,automatic,CPU,sync,1,4,11287.067188997753,7.0,119.0,7.0,7.0,150.0,150.0,0.0,1.0,7.0,34.0,84.0,32.0,0.0,1.0,1.0,151.0,14.0,3.0,1.0,0.0,0.0,0.0,151.0,326.0,122.0,,1.0,8.0,0.0,153.0,43.57142857142857,19.0,132.0,1.0,289.0,1.9266666666666667,1.8442583574133231,0.0,4.0,116.0,1.0,,,1.0,32.0,12.0,64.0,8.0,0.0,11.0,7.0,3.0,0.0,8.0,0.0,0.0,0.0,5.0,,,,,,,,,,,,,
hhl,7,qiskitaer,automatic,CPU,sync,1,4,8240.00101198908,7.0,119.0,7.0,7.0,150.0,150.0,0.0,1.0,7.0,34.0,84.0,32.0,0.0,1.0,1.0,151.0,14.0,3.0,1.0,0.0,0.0,0.0,151.0,326.0,122.0,,1.0,8.0,0.0,153.0,43.57142857142857,19.0,132.0,1.0,289.0,1.9266666666666667,1.8442583574133231,0.0,4.0,116.0,1.0,,,1.0,32.0,12.0,64.0,8.0,0.0,11.0,7.0,3.0,0.0,8.0,0.0,0.0,0.0,5.0,,,,,,,,,,,,,
hhl,7,qiskitaer,automatic,CPU,sync,1,4,8236.156281986041,7.0,119.0,7.0,7.0,150.0,150.0,0.0,1.0,7.0,34.0,84.0,32.0,0.0,1.0,1.0,151.0,14.0,3.0,1.0,0.0,0.0,0.0,151.0,326.0,122.0,,1.0,8.0,0.0,153.0,43.57142857142857,19.0,132.0,1.0,289.0,1.9266666666666667,1.8442583574133231,0.0,4.0,116.0,1.0,,,1.0,32.0,12.0,64.0,8.0,0.0,11.0,7.0,3.0,0.0,8.0,0.0,0.0,0.0,5.0,,,,,,,,,,,,,
hhl,7,qiskitaer,automatic,CPU,sync,1,8,7202.363633987261,7.0,119.0,7.0,7.0,150.0,150.0,0.0,1.0,7.0,34.0,84.0,32.0,0.0,1.0,1.0,151.0,14.0,3.0,1.0,0.0,0.0,0.0,151.0,326.0,122.0,,1.0,8.0,0.0,153.0,43.57142857142857,19.0,132.0,1.0,289.0,1.9266666666666667,1.8442583574133231,0.0,4.0,116.0,1.0,,,1.0,32.0,12.0,64.0,8.0,0.0,11.0,7.0,3.0,0.0,8.0,0.0,0.0,0.0,5.0,,,,,,,,,,,,,
hhl,7,qiskitaer,automatic,CPU,sync,1,8,6419.893400001456,7.0,119.0,7.0,7.0,150.0,150.0,0.0,1.0,7.0,34.0,84.0,32.0,0.0,1.0,1.0,151.0,14.0,3.0,1.0,0.0,0.0,0.0,151.0,326.0,122.0,,1.0,8.0,0.0,153.0,43.57142857142857,19.0,132.0,1.0,289.0,1.9266666666666667,1.8442583574133231,0.0,4.0,116.0,1.0,,,1.0,32.0,12.0,64.0,8.0,0.0,11.0,7.0,3.0,0.0,8.0,0.0,0.0,0.0,5.0,,,,,,,,,,,,,
hhl,7,qiskitaer,automatic,CPU,sync,1,8,7205.863191004028,7.0,119.0,7.0,7.0,150.0,150.0,0.0,1.0,7.0,34.0,84.0,32.0,0.0,1.0,1.0,151.0,14.0,3.0,1.0,0.0,0.0,0.0,151.0,326.0,122.0,,1.0,8.0,0.0,153.0,43.57142857142857,19.0,132.0,1.0,289.0,1.9266666666666667,1.8442583574133231,0.0,4.0,116.0,1.0,,,1.0,32.0,12.0,64.0,8.0,0.0,11.0,7.0,3.0,0.0,8.0,0.0,0.0,0.0,5.0,,,,,,,,,,,,,
hhl,7,qiskitaer,automatic,CPU,sync,1,8,7202.363633987261,7.0,119.0,7.0,7.0,150.0,150.0,0.0,1.0,7.0,34.0,84.0,32.0,0.0,1.0,1.0,151.0,14.0,3.0,1.0,0.0,0.0,0.0,151.0,326.0,122.0,,1.0,8.0,0.0,153.0,43.57142857142857,19.0,132.0,1.0,289.0,1.9266666666666667,1.8442583574133231,0.0,4.0,116.0,1.0,,,1.0,32.0,12.0,64.0,8.0,0.0,11.0,7.0,3.0,0.0,8.0,0.0,0.0,0.0,5.0,,,,,,,,,,,,,
hhl,7,qiskitaer,automatic,CPU,sync,1,8,6419.893400001456,7.0,119.0,7.0,7.0,150.0,150.0,0.0,1.0,7.0,34.0,84.0,32.0,0.0,1.0,1.0,151.0,14.0,3.0,1.0,0.0,0.0,0.0,151.0,326.0,122.0,,1.0,8.0,0.0,153.0,43.57142857142857,19.0,132.0,1.0,289.0,1.9266666666666667,1.8442583574133231,0.0,4.0,116.0,1.0,,,1.0,32.0,12.0,64.0,8.0,0.0,11.0,7.0,3.0,0.0,8.0,0.0,0.0,0.0,5.0,,,,,,,,,,,,,
hhl,7,qiskitaer,automatic,CPU,sync,1,8,7205.863191004028,7.0,119.0,7.0,7.0,150.0,150.0,0.0,1.0,7.0,34.0,84.0,32.0,0.0,1.0,1.0,151.0,14.0,3.0,1.0,0.0,0.0,0.0,151.0,326.0,122.0,,1.0,8.0,0.0,153.0,43.57142857142857,19.0,132.0,1.0,289.0,1.9266666666666667,1.8442583574133231,0.0,4.0,116.0,1.0,,,1.0,32.0,12.0,64.0,8.0,0.0,11.0,7.0,3.0,0.0,8.0,0.0,0.0,0.0,5.0,,,,,,,,,,,,,
hhl,7,nwqsim,MPI,CPU,sync,1,4,790.6270270177629,7.0,119.0,7.0,7.0,150.0,150.0,0.0,1.0,7.0,34.0,84.0,32.0,0.0,1.0,1.0,151.0,14.0,3.0,1.0,0.0,0.0,0.0,151.0,326.0,122.0,,1.0,8.0,0.0,153.0,43.57142857142857,19.0,132.0,1.0,289.0,1.9266666666666667,1.8442583574133231,0.0,4.0,116.0,1.0,,,1.0,32.0,12.0,64.0,8.0,0.0,11.0,7.0,3.0,0.0,8.0,0.0,0.0,0.0,5.0,,,,,,,,,,,,,
hhl,7,nwqsim,MPI,CPU,sync,1,4,389.51662700856104,7.0,119.0,7.0,7.0,150.0,150.0,0.0,1.0,7.0,34.0,84.0,32.0,0.0,1.0,1.0,151.0,14.0,3.0,1.0,0.0,0.0,0.0,151.0,326.0,122.0,,1.0,8.0,0.0,153.0,43.57142857142857,19.0,132.0,1.0,289.0,1.9266666666666667,1.8442583574133231,0.0,4.0,116.0,1.0,,,1.0,32.0,12.0,64.0,8.0,0.0,11.0,7.0,3.0,0.0,8.0,0.0,0.0,0.0,5.0,,,,,,,,,,,,,
hhl,7,nwqsim,MPI,CPU,sync,1,4,395.9935650054831,7.0,119.0,7.0,7.0,150.0,150.0,0.0,1.0,7.0,34.0,84.0,32.0,0.0,1.0,1.0,151.0,14.0,3.0,1.0,0.0,0.0,0.0,151.0,326.0,122.0,,1.0,8.0,0.0,153.0,43.57142857142857,19.0,132.0,1.0,289.0,1.9266666666666667,1.8442583574133231,0.0,4.0,116.0,1.0,,,1.0,32.0,12.0,64.0,8.0,0.0,11.0,7.0,3.0,0.0,8.0,0.0,0.0,0.0,5.0,,,,,,,,,,,,,
hhl,7,nwqsim,MPI,CPU,sync,1,4,790.6270270177629,7.0,119.0,7.0,7.0,150.0,150.0,0.0,1.0,7.0,34.0,84.0,32.0,0.0,1.0,1.0,151.0,14.0,3.0,1.0,0.0,0.0,0.0,151.0,326.0,122.0,,1.0,8.0,0.0,153.0,43.57142857142857,19.0,132.0,1.0,289.0,1.9266666666666667,1.8442583574133231,0.0,4.0,116.0,1.0,,,1.0,32.0,12.0,64.0,8.0,0.0,11.0,7.0,3.0,0.0,8.0,0.0,0.0,0.0,5.0,,,,,,,,,,,,,
hhl,7,nwqsim,MPI,CPU,sync,1,4,389.51662700856104,7.0,119.0,7.0,7.0,150.0,150.0,0.0,1.0,7.0,34.0,84.0,32.0,0.0,1.0,1.0,151.0,14.0,3.0,1.0,0.0,0.0,0.0,151.0,326.0,122.0,,1.0,8.0,0.0,153.0,43.57142857142857,19.0,132.0,1.0,289.0,1.9266666666666667,1.8442583574133231,0.0,4.0,116.0,1.0,,,1.0,32.0,12.0,64.0,8.0,0.0,11.0,7.0,3.0,0.0,8.0,0.0,0.0,0.0,5.0,,,,,,,,,,,,,
hhl,7,nwqsim,MPI,CPU,sync,1,4,395.9935650054831,7.0,119.0,7.0,7.0,150.0,150.0,0.0,1.0,7.0,34.0,84.0,32.0,0.0,1.0,1.0,151.0,14.0,3.0,1.0,0.0,0.0,0.0,151.0,326.0,122.0,,1.0,8.0,0.0,153.0,43.57142857142857,19.0,132.0,1.0,289.0,1.9266666666666667,1.8442583574133231,0.0,4.0,116.0,1.0,,,1.0,32.0,12.0,64.0,8.0,0.0,11.0,7.0,3.0,0.0,8.0,0.0,0.0,0.0,5.0,,,,,,,,,,,,,
hhl,7,nwqsim,MPI,CPU,sync,1,4,1073.1327910034452,7.0,119.0,7.0,7.0,150.0,150.0,0.0,1.0,7.0,34.0,84.0,32.0,0.0,1.0,1.0,151.0,14.0,3.0,1.0,0.0,0.0,0.0,151.0,326.0,122.0,,1.0,8.0,0.0,153.0,43.57142857142857,19.0,132.0,1.0,289.0,1.9266666666666667,1.8442583574133231,0.0,4.0,116.0,1.0,,,1.0,32.0,12.0,64.0,8.0,0.0,11.0,7.0,3.0,0.0,8.0,0.0,0.0,0.0,5.0,,,,,,,,,,,,,
hhl,7,nwqsim,MPI,CPU,sync,1,4,1057.8886330185924,7.0,119.0,7.0,7.0,150.0,150.0,0.0,1.0,7.0,34.0,84.0,32.0,0.0,1.0,1.0,151.0,14.0,3.0,1.0,0.0,0.0,0.0,151.0,326.0,122.0,,1.0,8.0,0.0,153.0,43.57142857142857,19.0,132.0,1.0,289.0,1.9266666666666667,1.8442583574133231,0.0,4.0,116.0,1.0,,,1.0,32.0,12.0,64.0,8.0,0.0,11.0,7.0,3.0,0.0,8.0,0.0,0.0,0.0,5.0,,,,,,,,,,,,,
hhl,7,nwqsim,MPI,CPU,sync,1,4,1058.249648020137,7.0,119.0,7.0,7.0,150.0,150.0,0.0,1.0,7.0,34.0,84.0,32.0,0.0,1.0,1.0,151.0,14.0,3.0,1.0,0.0,0.0,0.0,151.0,326.0,122.0,,1.0,8.0,0.0,153.0,43.57142857142857,19.0,132.0,1.0,289.0,1.9266666666666667,1.8442583574133231,0.0,4.0,116.0,1.0,,,1.0,32.0,12.0,64.0,8.0,0.0,11.0,7.0,3.0,0.0,8.0,0.0,0.0,0.0,5.0,,,,,,,,,,,,,
hhl,7,nwqsim,MPI,CPU,sync,1,8,740.1291400019545,7.0,119.0,7.0,7.0,150.0,150.0,0.0,1.0,7.0,34.0,84.0,32.0,0.0,1.0,1.0,151.0,14.0,3.0,1.0,0.0,0.0,0.0,151.0,326.0,122.0,,1.0,8.0,0.0,153.0,43.57142857142857,19.0,132.0,1.0,289.0,1.9266666666666667,1.8442583574133231,0.0,4.0,116.0,1.0,,,1.0,32.0,12.0,64.0,8.0,0.0,11.0,7.0,3.0,0.0,8.0,0.0,0.0,0.0,5.0,,,,,,,,,,,,,
hhl,7,nwqsim,MPI,CPU,sync,1,8,420.67424100241624,7.0,119.0,7.0,7.0,150.0,150.0,0.0,1.0,7.0,34.0,84.0,32.0,0.0,1.0,1.0,151.0,14.0,3.0,1.0,0.0,0.0,0.0,151.0,326.0,122.0,,1.0,8.0,0.0,153.0,43.57142857142857,19.0,132.0,1.0,289.0,1.9266666666666667,1.8442583574133231,0.0,4.0,116.0,1.0,,,1.0,32.0,12.0,64.0,8.0,0.0,11.0,7.0,3.0,0.0,8.0,0.0,0.0,0.0,5.0,,,,,,,,,,,,,
hhl,7,nwqsim,MPI,CPU,sync,1,8,362.24349700205494,7.0,119.0,7.0,7.0,150.0,150.0,0.0,1.0,7.0,34.0,84.0,32.0,0.0,1.0,1.0,151.0,14.0,3.0,1.0,0.0,0.0,0.0,151.0,326.0,122.0,,1.0,8.0,0.0,153.0,43.57142857142857,19.0,132.0,1.0,289.0,1.9266666666666667,1.8442583574133231,0.0,4.0,116.0,1.0,,,1.0,32.0,12.0,64.0,8.0,0.0,11.0,7.0,3.0,0.0,8.0,0.0,0.0,0.0,5.0,,,,,,,,,,,,,
hhl,7,nwqsim,MPI,CPU,sync,1,8,740.1291400019545,7.0,119.0,7.0,7.0,150.0,150.0,0.0,1.0,7.0,34.0,84.0,32.0,0.0,1.0,1.0,151.0,14.0,3.0,1.0,0.0,0.0,0.0,151.0,326.0,122.0,,1.0,8.0,0.0,153.0,43.57142857142857,19.0,132.0,1.0,289.0,1.9266666666666667,1.8442583574133231,0.0,4.0,116.0,1.0,,,1.0,32.0,12.0,64.0,8.0,0.0,11.0,7.0,3.0,0.0,8.0,0.0,0.0,0.0,5.0,,,,,,,,,,,,,
hhl,7,nwqsim,MPI,CPU,sync,1,8,420.67424100241624,7.0,119.0,7.0,7.0,150.0,150.0,0.0,1.0,7.0,34.0,84.0,32.0,0.0,1.0,1.0,151.0,14.0,3.0,1.0,0.0,0.0,0.0,151.0,326.0,122.0,,1.0,8.0,0.0,153.0,43.57142857142857,19.0,132.0,1.0,289.0,1.9266666666666667,1.8442583574133231,0.0,4.0,116.0,1.0,,,1.0,32.0,12.0,64.0,8.0,0.0,11.0,7.0,3.0,0.0,8.0,0.0,0.0,0.0,5.0,,,,,,,,,,,,,
hhl,7,nwqsim,MPI,CPU,sync,1,8,362.24349700205494,7.0,119.0,7.0,7.0,150.0,150.0,0.0,1.0,7.0,34.0,84.0,32.0,0.0,1.0,1.0,151.0,14.0,3.0,1.0,0.0,0.0,0.0,151.0,326.0,122.0,,1.0,8.0,0.0,153.0,43.57142857142857,19.0,132.0,1.0,289.0,1.9266666666666667,1.8442583574133231,0.0,4.0,116.0,1.0,,,1.0,32.0,12.0,64.0,8.0,0.0,11.0,7.0,3.0,0.0,8.0,0.0,0.0,0.0,5.0,,,,,,,,,,,,,
hhl,20,ibmq,ibm_torino,CPU,sync,1,4,14116.053369827569,,,,,,,,,,,,,,,,,,,,,,,,,,,,,,,,,,,,,,,,,,,,,,,,,,,,,,,,,,,,,,,,,,,,,,,
hhl,20,ibmq,ibm_torino,CPU,sync,1,4,14720.407643995713,,,,,,,,,,,,,,,,,,,,,,,,,,,,,,,,,,,,,,,,,,,,,,,,,,,,,,,,,,,,,,,,,,,,,,,
hhl,20,ibmq,ibm_torino,CPU,sync,1,4,13776.17819601437,,,,,,,,,,,,,,,,,,,,,,,,,,,,,,,,,,,,,,,,,,,,,,,,,,,,,,,,,,,,,,,,,,,,,,,
hhl,20,ibmq,ibm_torino,CPU,sync,1,4,13625.009311828762,,,,,,,,,,,,,,,,,,,,,,,,,,,,,,,,,,,,,,,,,,,,,,,,,,,,,,,,,,,,,,,,,,,,,,,
hhl,20,ibmq,ibm_torino,CPU,sync,1,4,12960.679821204394,,,,,,,,,,,,,,,,,,,,,,,,,,,,,,,,,,,,,,,,,,,,,,,,,,,,,,,,,,,,,,,,,,,,,,,
hhl,20,ibmq,ibm_torino,CPU,sync,1,4,16520.749838091433,,,,,,,,,,,,,,,,,,,,,,,,,,,,,,,,,,,,,,,,,,,,,,,,,,,,,,,,,,,,,,,,,,,,,,,
hhl,20,ibmq,ibm_torino,CPU,sync,1,4,12880.55304903537,,,,,,,,,,,,,,,,,,,,,,,,,,,,,,,,,,,,,,,,,,,,,,,,,,,,,,,,,,,,,,,,,,,,,,,
hhl,20,ibmq,ibm_torino,CPU,sync,1,4,14008.686179760844,,,,,,,,,,,,,,,,,,,,,,,,,,,,,,,,,,,,,,,,,,,,,,,,,,,,,,,,,,,,,,,,,,,,,,,
hhl,20,ibmq,ibm_torino,CPU,sync,1,4,13936.304005794227,,,,,,,,,,,,,,,,,,,,,,,,,,,,,,,,,,,,,,,,,,,,,,,,,,,,,,,,,,,,,,,,,,,,,,,
hhl,20,ibmq,ibm_torino,CPU,sync,1,4,13781.762591097504,,,,,,,,,,,,,,,,,,,,,,,,,,,,,,,,,,,,,,,,,,,,,,,,,,,,,,,,,,,,,,,,,,,,,,,
hhl,20,ibmq,ibm_torino,CPU,sync,1,4,12715.051006991416,,,,,,,,,,,,,,,,,,,,,,,,,,,,,,,,,,,,,,,,,,,,,,,,,,,,,,,,,,,,,,,,,,,,,,,
hhl,20,ibmq,ibm_torino,CPU,sync,1,4,13513.968741055578,,,,,,,,,,,,,,,,,,,,,,,,,,,,,,,,,,,,,,,,,,,,,,,,,,,,,,,,,,,,,,,,,,,,,,,
hhl,20,ibmq,ibm_torino,CPU,sync,1,4,13960.784101858735,,,,,,,,,,,,,,,,,,,,,,,,,,,,,,,,,,,,,,,,,,,,,,,,,,,,,,,,,,,,,,,,,,,,,,,
hhl,20,ibmq,ibm_torino,CPU,sync,1,4,13407.168322009966,,,,,,,,,,,,,,,,,,,,,,,,,,,,,,,,,,,,,,,,,,,,,,,,,,,,,,,,,,,,,,,,,,,,,,,
hhl,20,ibmq,ibm_torino,CPU,sync,1,4,13311.86882100883,,,,,,,,,,,,,,,,,,,,,,,,,,,,,,,,,,,,,,,,,,,,,,,,,,,,,,,,,,,,,,,,,,,,,,,
hhl,20,ibmq,ibm_torino,CPU,sync,1,4,14135.465653147548,,,,,,,,,,,,,,,,,,,,,,,,,,,,,,,,,,,,,,,,,,,,,,,,,,,,,,,,,,,,,,,,,,,,,,,
hhl,20,ibmq,ibm_torino,CPU,sync,1,4,13880.545494146645,,,,,,,,,,,,,,,,,,,,,,,,,,,,,,,,,,,,,,,,,,,,,,,,,,,,,,,,,,,,,,,,,,,,,,,
hhl,20,ibmq,ibm_torino,CPU,sync,1,4,13148.825407028198,,,,,,,,,,,,,,,,,,,,,,,,,,,,,,,,,,,,,,,,,,,,,,,,,,,,,,,,,,,,,,,,,,,,,,,
hhl,20,ibmq,ibm_torino,CPU,sync,1,4,14181.847339030355,,,,,,,,,,,,,,,,,,,,,,,,,,,,,,,,,,,,,,,,,,,,,,,,,,,,,,,,,,,,,,,,,,,,,,,
hhl,20,ibmq,ibm_torino,CPU,sync,1,4,14345.290761906654,,,,,,,,,,,,,,,,,,,,,,,,,,,,,,,,,,,,,,,,,,,,,,,,,,,,,,,,,,,,,,,,,,,,,,,
hhl,20,ibmq,ibm_torino,CPU,sync,1,4,13380.717383697629,,,,,,,,,,,,,,,,,,,,,,,,,,,,,,,,,,,,,,,,,,,,,,,,,,,,,,,,,,,,,,,,,,,,,,,
hhl,20,ibmq,ibm_torino,CPU,sync,1,4,13754.239842994139,,,,,,,,,,,,,,,,,,,,,,,,,,,,,,,,,,,,,,,,,,,,,,,,,,,,,,,,,,,,,,,,,,,,,,,
hhl,20,ibmq,ibm_torino,CPU,sync,1,4,13220.994275063276,,,,,,,,,,,,,,,,,,,,,,,,,,,,,,,,,,,,,,,,,,,,,,,,,,,,,,,,,,,,,,,,,,,,,,,
hhl,20,ibmq,ibm_torino,CPU,sync,1,4,13173.98241488263,,,,,,,,,,,,,,,,,,,,,,,,,,,,,,,,,,,,,,,,,,,,,,,,,,,,,,,,,,,,,,,,,,,,,,,
hhl,20,ibmq,ibm_torino,CPU,sync,1,4,13401.757894549519,,,,,,,,,,,,,,,,,,,,,,,,,,,,,,,,,,,,,,,,,,,,,,,,,,,,,,,,,,,,,,,,,,,,,,,
hhl,20,ibmq,ibm_torino,CPU,sync,1,4,12970.237601082772,,,,,,,,,,,,,,,,,,,,,,,,,,,,,,,,,,,,,,,,,,,,,,,,,,,,,,,,,,,,,,,,,,,,,,,
hhl,20,ibmq,ibm_torino,CPU,sync,1,4,13237.932808231562,,,,,,,,,,,,,,,,,,,,,,,,,,,,,,,,,,,,,,,,,,,,,,,,,,,,,,,,,,,,,,,,,,,,,,,
hhl,20,ibmq,ibm_torino,CPU,sync,1,4,12731.380454730242,,,,,,,,,,,,,,,,,,,,,,,,,,,,,,,,,,,,,,,,,,,,,,,,,,,,,,,,,,,,,,,,,,,,,,,
hhl,20,ibmq,ibm_torino,CPU,sync,1,4,13942.897131899372,,,,,,,,,,,,,,,,,,,,,,,,,,,,,,,,,,,,,,,,,,,,,,,,,,,,,,,,,,,,,,,,,,,,,,,
hhl,20,ibmq,ibm_torino,CPU,sync,1,4,13769.8878897354,,,,,,,,,,,,,,,,,,,,,,,,,,,,,,,,,,,,,,,,,,,,,,,,,,,,,,,,,,,,,,,,,,,,,,,
hhl,20,ibmq,ibm_miami,CPU,sync,1,4,11966.069291811436,,,,,,,,,,,,,,,,,,,,,,,,,,,,,,,,,,,,,,,,,,,,,,,,,,,,,,,,,,,,,,,,,,,,,,,
hhl,20,ibmq,ibm_miami,CPU,sync,1,4,12479.520502965897,,,,,,,,,,,,,,,,,,,,,,,,,,,,,,,,,,,,,,,,,,,,,,,,,,,,,,,,,,,,,,,,,,,,,,,
hhl,20,ibmq,ibm_miami,CPU,sync,1,4,12773.027841933072,,,,,,,,,,,,,,,,,,,,,,,,,,,,,,,,,,,,,,,,,,,,,,,,,,,,,,,,,,,,,,,,,,,,,,,
hhl,20,ibmq,ibm_miami,CPU,sync,1,4,12236.931568011642,,,,,,,,,,,,,,,,,,,,,,,,,,,,,,,,,,,,,,,,,,,,,,,,,,,,,,,,,,,,,,,,,,,,,,,
hhl,20,ibmq,ibm_miami,CPU,sync,1,4,12821.015405934304,,,,,,,,,,,,,,,,,,,,,,,,,,,,,,,,,,,,,,,,,,,,,,,,,,,,,,,,,,,,,,,,,,,,,,,
hhl,20,ibmq,ibm_miami,CPU,sync,1,4,12656.30553200026,,,,,,,,,,,,,,,,,,,,,,,,,,,,,,,,,,,,,,,,,,,,,,,,,,,,,,,,,,,,,,,,,,,,,,,
hhl,20,ibmq,ibm_miami,CPU,sync,1,4,13146.007498260587,,,,,,,,,,,,,,,,,,,,,,,,,,,,,,,,,,,,,,,,,,,,,,,,,,,,,,,,,,,,,,,,,,,,,,,
hhl,20,ibmq,ibm_miami,CPU,sync,1,4,12818.794657010585,,,,,,,,,,,,,,,,,,,,,,,,,,,,,,,,,,,,,,,,,,,,,,,,,,,,,,,,,,,,,,,,,,,,,,,
hhl,20,ibmq,ibm_miami,CPU,sync,1,4,13097.787077073008,,,,,,,,,,,,,,,,,,,,,,,,,,,,,,,,,,,,,,,,,,,,,,,,,,,,,,,,,,,,,,,,,,,,,,,
hhl,20,ibmq,ibm_miami,CPU,sync,1,4,12844.72880201065,,,,,,,,,,,,,,,,,,,,,,,,,,,,,,,,,,,,,,,,,,,,,,,,,,,,,,,,,,,,,,,,,,,,,,,
hhl,20,ibmq,ibm_miami,CPU,sync,1,4,12209.182369057089,,,,,,,,,,,,,,,,,,,,,,,,,,,,,,,,,,,,,,,,,,,,,,,,,,,,,,,,,,,,,,,,,,,,,,,
hhl,20,ibmq,ibm_miami,CPU,sync,1,4,12806.10203789547,,,,,,,,,,,,,,,,,,,,,,,,,,,,,,,,,,,,,,,,,,,,,,,,,,,,,,,,,,,,,,,,,,,,,,,
hhl,20,ibmq,ibm_miami,CPU,sync,1,4,12294.42359204404,,,,,,,,,,,,,,,,,,,,,,,,,,,,,,,,,,,,,,,,,,,,,,,,,,,,,,,,,,,,,,,,,,,,,,,
hhl,20,ibmq,ibm_miami,CPU,sync,1,4,12717.302585951984,,,,,,,,,,,,,,,,,,,,,,,,,,,,,,,,,,,,,,,,,,,,,,,,,,,,,,,,,,,,,,,,,,,,,,,
hhl,20,ibmq,ibm_miami,CPU,sync,1,4,12704.149498138577,,,,,,,,,,,,,,,,,,,,,,,,,,,,,,,,,,,,,,,,,,,,,,,,,,,,,,,,,,,,,,,,,,,,,,,
hhl,20,ibmq,ibm_miami,CPU,sync,1,4,12994.476052932441,,,,,,,,,,,,,,,,,,,,,,,,,,,,,,,,,,,,,,,,,,,,,,,,,,,,,,,,,,,,,,,,,,,,,,,
hhl,20,ibmq,ibm_miami,CPU,sync,1,4,11853.955829050392,,,,,,,,,,,,,,,,,,,,,,,,,,,,,,,,,,,,,,,,,,,,,,,,,,,,,,,,,,,,,,,,,,,,,,,
hhl,20,ibmq,ibm_miami,CPU,sync,1,4,12327.276171185076,,,,,,,,,,,,,,,,,,,,,,,,,,,,,,,,,,,,,,,,,,,,,,,,,,,,,,,,,,,,,,,,,,,,,,,
hhl,20,ibmq,ibm_miami,CPU,sync,1,4,12471.372335683554,,,,,,,,,,,,,,,,,,,,,,,,,,,,,,,,,,,,,,,,,,,,,,,,,,,,,,,,,,,,,,,,,,,,,,,
hhl,20,ibmq,ibm_miami,CPU,sync,1,4,12431.00981367752,,,,,,,,,,,,,,,,,,,,,,,,,,,,,,,,,,,,,,,,,,,,,,,,,,,,,,,,,,,,,,,,,,,,,,,
hhl,20,ibmq,ibm_miami,CPU,sync,1,4,12493.802275974303,,,,,,,,,,,,,,,,,,,,,,,,,,,,,,,,,,,,,,,,,,,,,,,,,,,,,,,,,,,,,,,,,,,,,,,
hhl,20,ibmq,ibm_miami,CPU,sync,1,4,12272.903652396053,,,,,,,,,,,,,,,,,,,,,,,,,,,,,,,,,,,,,,,,,,,,,,,,,,,,,,,,,,,,,,,,,,,,,,,
hhl,20,ibmq,ibm_miami,CPU,sync,1,4,12697.576766833663,,,,,,,,,,,,,,,,,,,,,,,,,,,,,,,,,,,,,,,,,,,,,,,,,,,,,,,,,,,,,,,,,,,,,,,
hhl,20,ibmq,ibm_miami,CPU,sync,1,4,12386.658665724099,,,,,,,,,,,,,,,,,,,,,,,,,,,,,,,,,,,,,,,,,,,,,,,,,,,,,,,,,,,,,,,,,,,,,,,
hhl,20,ibmq,ibm_miami,CPU,sync,1,4,12682.792774867266,,,,,,,,,,,,,,,,,,,,,,,,,,,,,,,,,,,,,,,,,,,,,,,,,,,,,,,,,,,,,,,,,,,,,,,
hhl,20,ibmq,ibm_miami,CPU,sync,1,4,12027.958679944277,,,,,,,,,,,,,,,,,,,,,,,,,,,,,,,,,,,,,,,,,,,,,,,,,,,,,,,,,,,,,,,,,,,,,,,
hhl,20,ibmq,ibm_miami,CPU,sync,1,4,12618.934562895447,,,,,,,,,,,,,,,,,,,,,,,,,,,,,,,,,,,,,,,,,,,,,,,,,,,,,,,,,,,,,,,,,,,,,,,
hhl,20,ibmq,ibm_miami,CPU,sync,1,4,12448.441358283162,,,,,,,,,,,,,,,,,,,,,,,,,,,,,,,,,,,,,,,,,,,,,,,,,,,,,,,,,,,,,,,,,,,,,,,
hhl,19,ibmq,ibm_miami,CPU,sync,1,4,2315978.482333012,19.0,1866845.0,19.0,19.0,1866990.0,1866990.0,0.0,1.0,19.0,580.0,1244986.0,621424.0,0.0,1.0,1.0,1866991.0,38.0,3.0,1.0,0.0,0.0,0.0,1866991.0,4354900.0,1866848.0,,1.0,53.0,0.0,843085.0,229202.26315789475,541.0,1866450.0,1.0,4010489.0,2.148104167670957,1.8597713764551675,0.0,4.0,1866410.0,1.0,,,1.0,621424.0,322650.0,921824.0,512.0,0.0,29.0,19.0,9.0,0.0,512.0,0.0,0.0,0.0,11.0,,,,,,,,,,,,,
hhl,19,ibmq,ibm_torino,CPU,sync,1,4,2513883.5196779985,19.0,1866845.0,19.0,19.0,1866990.0,1866990.0,0.0,1.0,19.0,580.0,1244986.0,621424.0,0.0,1.0,1.0,1866991.0,38.0,3.0,1.0,0.0,0.0,0.0,1866991.0,4354900.0,1866848.0,,1.0,53.0,0.0,843085.0,229202.26315789475,541.0,1866450.0,1.0,4010489.0,2.148104167670957,1.8597713764551675,0.0,4.0,1866410.0,1.0,,,1.0,621424.0,322650.0,921824.0,512.0,0.0,29.0,19.0,9.0,0.0,512.0,0.0,0.0,0.0,11.0,,,,,,,,,,,,,
bit_code,16,ibmq,ibm_torino,CPU,sync,1,8,53.647756576538086,,,,,,,,,,,,,,,,,,,,,,,,,,,,,,,,,,,,,,,,,,,,,,,,,,,,,,,,,,,,,,,,,,,,,,,
bit_code,15,ibmq,ibm_torino,CPU,sync,1,8,48.943519592285156,,,,,,,,,,,,,,,,,,,,,,,,,,,,,,,,,,,,,,,,,,,,,,,,,,,,,,,,,,,,,,,,,,,,,,,
bit_code,23,ibmq,ibm_torino,CPU,sync,1,8,48.52724075317383,,,,,,,,,,,,,,,,,,,,,,,,,,,,,,,,,,,,,,,,,,,,,,,,,,,,,,,,,,,,,,,,,,,,,,,
bit_code,4,ibmq,ibm_torino,CPU,sync,1,8,50.197601318359375,,,,,,,,,,,,,,,,,,,,,,,,,,,,,,,,,,,,,,,,,,,,,,,,,,,,,,,,,,,,,,,,,,,,,,,
bit_code,9,ibmq,ibm_torino,CPU,sync,1,8,51.785945892333984,,,,,,,,,,,,,,,,,,,,,,,,,,,,,,,,,,,,,,,,,,,,,,,,,,,,,,,,,,,,,,,,,,,,,,,
bit_code,20,ibmq,ibm_torino,CPU,sync,1,8,56.92863464355469,,,,,,,,,,,,,,,,,,,,,,,,,,,,,,,,,,,,,,,,,,,,,,,,,,,,,,,,,,,,,,,,,,,,,,,
phase_code,23,ibmq,ibm_torino,CPU,sync,1,8,52.720069885253906,,,,,,,,,,,,,,,,,,,,,,,,,,,,,,,,,,,,,,,,,,,,,,,,,,,,,,,,,,,,,,,,,,,,,,,
phase_code,16,ibmq,ibm_torino,CPU,sync,1,8,56.529998779296875,,,,,,,,,,,,,,,,,,,,,,,,,,,,,,,,,,,,,,,,,,,,,,,,,,,,,,,,,,,,,,,,,,,,,,,
phase_code,15,ibmq,ibm_torino,CPU,sync,1,8,49.654483795166016,,,,,,,,,,,,,,,,,,,,,,,,,,,,,,,,,,,,,,,,,,,,,,,,,,,,,,,,,,,,,,,,,,,,,,,
phase_code,20,ibmq,ibm_torino,CPU,sync,1,8,54.030656814575195,,,,,,,,,,,,,,,,,,,,,,,,,,,,,,,,,,,,,,,,,,,,,,,,,,,,,,,,,,,,,,,,,,,,,,,
phase_code,4,ibmq,ibm_torino,CPU,sync,1,8,45.26042938232422,,,,,,,,,,,,,,,,,,,,,,,,,,,,,,,,,,,,,,,,,,,,,,,,,,,,,,,,,,,,,,,,,,,,,,,
phase_code,9,ibmq,ibm_torino,CPU,sync,1,8,56.962013244628906,,,,,,,,,,,,,,,,,,,,,,,,,,,,,,,,,,,,,,,,,,,,,,,,,,,,,,,,,,,,,,,,,,,,,,,
qaoa,8,qtensor,numpy,CPU,sync,1,8,2369008.0,,,,,,,,,,,,,,,,,,,,,,,,,,,,,,,,,,,,,,,,,,,,,,,,,,,,,,,,,,,,,,,,,,,,,,,
qaoa,8,qtensor,numpy,CPU,sync,1,8,2187436.0,,,,,,,,,,,,,,,,,,,,,,,,,,,,,,,,,,,,,,,,,,,,,,,,,,,,,,,,,,,,,,,,,,,,,,,
qaoa,8,qtensor,numpy,CPU,sync,1,8,2231085.0,,,,,,,,,,,,,,,,,,,,,,,,,,,,,,,,,,,,,,,,,,,,,,,,,,,,,,,,,,,,,,,,,,,,,,,
qaoa,8,qtensor,numpy,CPU,sync,1,8,306910.0,,,,,,,,,,,,,,,,,,,,,,,,,,,,,,,,,,,,,,,,,,,,,,,,,,,,,,,,,,,,,,,,,,,,,,,
qaoa,8,qtensor,numpy,CPU,sync,1,8,291329.0,,,,,,,,,,,,,,,,,,,,,,,,,,,,,,,,,,,,,,,,,,,,,,,,,,,,,,,,,,,,,,,,,,,,,,,
qaoa,8,qtensor,numpy,CPU,sync,1,8,314062.0,,,,,,,,,,,,,,,,,,,,,,,,,,,,,,,,,,,,,,,,,,,,,,,,,,,,,,,,,,,,,,,,,,,,,,,
qaoa,8,qtensor,numpy,CPU,sync,1,8,306910.0,,,,,,,,,,,,,,,,,,,,,,,,,,,,,,,,,,,,,,,,,,,,,,,,,,,,,,,,,,,,,,,,,,,,,,,
qaoa,8,qtensor,numpy,CPU,sync,1,8,291329.0,,,,,,,,,,,,,,,,,,,,,,,,,,,,,,,,,,,,,,,,,,,,,,,,,,,,,,,,,,,,,,,,,,,,,,,
qaoa,8,qtensor,numpy,CPU,sync,1,8,314062.0,,,,,,,,,,,,,,,,,,,,,,,,,,,,,,,,,,,,,,,,,,,,,,,,,,,,,,,,,,,,,,,,,,,,,,,
qaoa,8,qtensor,numpy,CPU,sync,1,8,2369008.0,,,,,,,,,,,,,,,,,,,,,,,,,,,,,,,,,,,,,,,,,,,,,,,,,,,,,,,,,,,,,,,,,,,,,,,
qaoa,8,qtensor,numpy,CPU,sync,1,8,2187436.0,,,,,,,,,,,,,,,,,,,,,,,,,,,,,,,,,,,,,,,,,,,,,,,,,,,,,,,,,,,,,,,,,,,,,,,
qaoa,8,qtensor,numpy,CPU,sync,1,8,2231085.0,,,,,,,,,,,,,,,,,,,,,,,,,,,,,,,,,,,,,,,,,,,,,,,,,,,,,,,,,,,,,,,,,,,,,,,
qaoa,8,qtensor,numpy,CPU,sync,1,4,216837.0,,,,,,,,,,,,,,,,,,,,,,,,,,,,,,,,,,,,,,,,,,,,,,,,,,,,,,,,,,,,,,,,,,,,,,,
qaoa,8,qtensor,numpy,CPU,sync,1,4,268914.0,,,,,,,,,,,,,,,,,,,,,,,,,,,,,,,,,,,,,,,,,,,,,,,,,,,,,,,,,,,,,,,,,,,,,,,
qaoa,8,qtensor,numpy,CPU,sync,1,4,258615.0,,,,,,,,,,,,,,,,,,,,,,,,,,,,,,,,,,,,,,,,,,,,,,,,,,,,,,,,,,,,,,,,,,,,,,,
qaoa,8,qtensor,numpy,CPU,sync,1,4,586943.0,,,,,,,,,,,,,,,,,,,,,,,,,,,,,,,,,,,,,,,,,,,,,,,,,,,,,,,,,,,,,,,,,,,,,,,
qaoa,8,qtensor,numpy,CPU,sync,1,4,643717.0,,,,,,,,,,,,,,,,,,,,,,,,,,,,,,,,,,,,,,,,,,,,,,,,,,,,,,,,,,,,,,,,,,,,,,,
qaoa,8,qtensor,numpy,CPU,sync,1,4,782034.0,,,,,,,,,,,,,,,,,,,,,,,,,,,,,,,,,,,,,,,,,,,,,,,,,,,,,,,,,,,,,,,,,,,,,,,
qaoa,8,qtensor,numpy,CPU,sync,1,4,586943.0,,,,,,,,,,,,,,,,,,,,,,,,,,,,,,,,,,,,,,,,,,,,,,,,,,,,,,,,,,,,,,,,,,,,,,,
qaoa,8,qtensor,numpy,CPU,sync,1,4,643717.0,,,,,,,,,,,,,,,,,,,,,,,,,,,,,,,,,,,,,,,,,,,,,,,,,,,,,,,,,,,,,,,,,,,,,,,
qaoa,8,qtensor,numpy,CPU,sync,1,4,782034.0,,,,,,,,,,,,,,,,,,,,,,,,,,,,,,,,,,,,,,,,,,,,,,,,,,,,,,,,,,,,,,,,,,,,,,,
qaoa,8,qtensor,numpy,CPU,sync,1,4,216837.0,,,,,,,,,,,,,,,,,,,,,,,,,,,,,,,,,,,,,,,,,,,,,,,,,,,,,,,,,,,,,,,,,,,,,,,
qaoa,8,qtensor,numpy,CPU,sync,1,4,268914.0,,,,,,,,,,,,,,,,,,,,,,,,,,,,,,,,,,,,,,,,,,,,,,,,,,,,,,,,,,,,,,,,,,,,,,,
qaoa,8,qtensor,numpy,CPU,sync,1,4,258615.0,,,,,,,,,,,,,,,,,,,,,,,,,,,,,,,,,,,,,,,,,,,,,,,,,,,,,,,,,,,,,,,,,,,,,,,
qaoa,8,qiskitaer,statevector,CPU,sync,1,8,114489.0,,,,,,,,,,,,,,,,,,,,,,,,,,,,,,,,,,,,,,,,,,,,,,,,,,,,,,,,,,,,,,,,,,,,,,,
qaoa,8,qiskitaer,statevector,CPU,sync,1,8,123182.0,,,,,,,,,,,,,,,,,,,,,,,,,,,,,,,,,,,,,,,,,,,,,,,,,,,,,,,,,,,,,,,,,,,,,,,
qaoa,8,qiskitaer,statevector,CPU,sync,1,8,104631.0,,,,,,,,,,,,,,,,,,,,,,,,,,,,,,,,,,,,,,,,,,,,,,,,,,,,,,,,,,,,,,,,,,,,,,,
qaoa,8,qiskitaer,statevector,CPU,sync,1,8,828026.0,,,,,,,,,,,,,,,,,,,,,,,,,,,,,,,,,,,,,,,,,,,,,,,,,,,,,,,,,,,,,,,,,,,,,,,
qaoa,8,qiskitaer,statevector,CPU,sync,1,8,812832.0,,,,,,,,,,,,,,,,,,,,,,,,,,,,,,,,,,,,,,,,,,,,,,,,,,,,,,,,,,,,,,,,,,,,,,,
qaoa,8,qiskitaer,statevector,CPU,sync,1,8,872530.0,,,,,,,,,,,,,,,,,,,,,,,,,,,,,,,,,,,,,,,,,,,,,,,,,,,,,,,,,,,,,,,,,,,,,,,
qaoa,8,qiskitaer,statevector,CPU,sync,1,8,78525.0,,,,,,,,,,,,,,,,,,,,,,,,,,,,,,,,,,,,,,,,,,,,,,,,,,,,,,,,,,,,,,,,,,,,,,,
qaoa,8,qiskitaer,statevector,CPU,sync,1,8,77542.0,,,,,,,,,,,,,,,,,,,,,,,,,,,,,,,,,,,,,,,,,,,,,,,,,,,,,,,,,,,,,,,,,,,,,,,
qaoa,8,qiskitaer,statevector,CPU,sync,1,8,80497.0,,,,,,,,,,,,,,,,,,,,,,,,,,,,,,,,,,,,,,,,,,,,,,,,,,,,,,,,,,,,,,,,,,,,,,,
qaoa,8,qiskitaer,statevector,CPU,sync,1,8,76519.0,,,,,,,,,,,,,,,,,,,,,,,,,,,,,,,,,,,,,,,,,,,,,,,,,,,,,,,,,,,,,,,,,,,,,,,
qaoa,8,qiskitaer,statevector,CPU,sync,1,8,86937.0,,,,,,,,,,,,,,,,,,,,,,,,,,,,,,,,,,,,,,,,,,,,,,,,,,,,,,,,,,,,,,,,,,,,,,,
qaoa,8,qiskitaer,statevector,CPU,sync,1,4,101186.0,,,,,,,,,,,,,,,,,,,,,,,,,,,,,,,,,,,,,,,,,,,,,,,,,,,,,,,,,,,,,,,,,,,,,,,
qaoa,8,qiskitaer,statevector,CPU,sync,1,4,113128.0,,,,,,,,,,,,,,,,,,,,,,,,,,,,,,,,,,,,,,,,,,,,,,,,,,,,,,,,,,,,,,,,,,,,,,,
qaoa,8,qiskitaer,statevector,CPU,sync,1,4,90348.0,,,,,,,,,,,,,,,,,,,,,,,,,,,,,,,,,,,,,,,,,,,,,,,,,,,,,,,,,,,,,,,,,,,,,,,
qaoa,8,qiskitaer,statevector,CPU,sync,1,4,240795.0,,,,,,,,,,,,,,,,,,,,,,,,,,,,,,,,,,,,,,,,,,,,,,,,,,,,,,,,,,,,,,,,,,,,,,,
qaoa,8,qiskitaer,statevector,CPU,sync,1,4,246376.0,,,,,,,,,,,,,,,,,,,,,,,,,,,,,,,,,,,,,,,,,,,,,,,,,,,,,,,,,,,,,,,,,,,,,,,
qaoa,8,qiskitaer,statevector,CPU,sync,1,4,217856.0,,,,,,,,,,,,,,,,,,,,,,,,,,,,,,,,,,,,,,,,,,,,,,,,,,,,,,,,,,,,,,,,,,,,,,,
qaoa,8,qiskitaer,statevector,CPU,sync,1,4,240795.0,,,,,,,,,,,,,,,,,,,,,,,,,,,,,,,,,,,,,,,,,,,,,,,,,,,,,,,,,,,,,,,,,,,,,,,
qaoa,8,qiskitaer,statevector,CPU,sync,1,4,246376.0,,,,,,,,,,,,,,,,,,,,,,,,,,,,,,,,,,,,,,,,,,,,,,,,,,,,,,,,,,,,,,,,,,,,,,,
qaoa,8,qiskitaer,statevector,CPU,sync,1,4,217856.0,,,,,,,,,,,,,,,,,,,,,,,,,,,,,,,,,,,,,,,,,,,,,,,,,,,,,,,,,,,,,,,,,,,,,,,
qaoa,8,qiskitaer,statevector,CPU,sync,1,4,101186.0,,,,,,,,,,,,,,,,,,,,,,,,,,,,,,,,,,,,,,,,,,,,,,,,,,,,,,,,,,,,,,,,,,,,,,,
qaoa,8,qiskitaer,statevector,CPU,sync,1,4,113128.0,,,,,,,,,,,,,,,,,,,,,,,,,,,,,,,,,,,,,,,,,,,,,,,,,,,,,,,,,,,,,,,,,,,,,,,
qaoa,8,qiskitaer,statevector,CPU,sync,1,4,90348.0,,,,,,,,,,,,,,,,,,,,,,,,,,,,,,,,,,,,,,,,,,,,,,,,,,,,,,,,,,,,,,,,,,,,,,,
qaoa,8,qiskitaer,matrix,CPU,sync,1,4,131192.0,,,,,,,,,,,,,,,,,,,,,,,,,,,,,,,,,,,,,,,,,,,,,,,,,,,,,,,,,,,,,,,,,,,,,,,
qaoa,8,qiskitaer,matrix,CPU,sync,1,4,89273.0,,,,,,,,,,,,,,,,,,,,,,,,,,,,,,,,,,,,,,,,,,,,,,,,,,,,,,,,,,,,,,,,,,,,,,,
qaoa,8,qiskitaer,matrix,CPU,sync,1,4,106955.0,,,,,,,,,,,,,,,,,,,,,,,,,,,,,,,,,,,,,,,,,,,,,,,,,,,,,,,,,,,,,,,,,,,,,,,
qaoa,8,qiskitaer,matrix,CPU,sync,1,4,250180.0,,,,,,,,,,,,,,,,,,,,,,,,,,,,,,,,,,,,,,,,,,,,,,,,,,,,,,,,,,,,,,,,,,,,,,,
qaoa,8,qiskitaer,matrix,CPU,sync,1,4,252466.0,,,,,,,,,,,,,,,,,,,,,,,,,,,,,,,,,,,,,,,,,,,,,,,,,,,,,,,,,,,,,,,,,,,,,,,
qaoa,8,qiskitaer,matrix,CPU,sync,1,4,195382.0,,,,,,,,,,,,,,,,,,,,,,,,,,,,,,,,,,,,,,,,,,,,,,,,,,,,,,,,,,,,,,,,,,,,,,,
qaoa,8,qiskitaer,matrix,CPU,sync,1,4,250180.0,,,,,,,,,,,,,,,,,,,,,,,,,,,,,,,,,,,,,,,,,,,,,,,,,,,,,,,,,,,,,,,,,,,,,,,
qaoa,8,qiskitaer,matrix,CPU,sync,1,4,252466.0,,,,,,,,,,,,,,,,,,,,,,,,,,,,,,,,,,,,,,,,,,,,,,,,,,,,,,,,,,,,,,,,,,,,,,,
qaoa,8,qiskitaer,matrix,CPU,sync,1,4,195382.0,,,,,,,,,,,,,,,,,,,,,,,,,,,,,,,,,,,,,,,,,,,,,,,,,,,,,,,,,,,,,,,,,,,,,,,
qaoa,8,qiskitaer,matrix,CPU,sync,1,4,131192.0,,,,,,,,,,,,,,,,,,,,,,,,,,,,,,,,,,,,,,,,,,,,,,,,,,,,,,,,,,,,,,,,,,,,,,,
qaoa,8,qiskitaer,matrix,CPU,sync,1,4,89273.0,,,,,,,,,,,,,,,,,,,,,,,,,,,,,,,,,,,,,,,,,,,,,,,,,,,,,,,,,,,,,,,,,,,,,,,
qaoa,8,qiskitaer,matrix,CPU,sync,1,4,106955.0,,,,,,,,,,,,,,,,,,,,,,,,,,,,,,,,,,,,,,,,,,,,,,,,,,,,,,,,,,,,,,,,,,,,,,,
qaoa,8,qiskitaer,matrix,CPU,sync,1,8,101141.0,,,,,,,,,,,,,,,,,,,,,,,,,,,,,,,,,,,,,,,,,,,,,,,,,,,,,,,,,,,,,,,,,,,,,,,
qaoa,8,qiskitaer,matrix,CPU,sync,1,8,126545.0,,,,,,,,,,,,,,,,,,,,,,,,,,,,,,,,,,,,,,,,,,,,,,,,,,,,,,,,,,,,,,,,,,,,,,,
qaoa,8,qiskitaer,matrix,CPU,sync,1,8,116270.0,,,,,,,,,,,,,,,,,,,,,,,,,,,,,,,,,,,,,,,,,,,,,,,,,,,,,,,,,,,,,,,,,,,,,,,
qaoa,8,qiskitaer,matrix,CPU,sync,1,8,785075.0,,,,,,,,,,,,,,,,,,,,,,,,,,,,,,,,,,,,,,,,,,,,,,,,,,,,,,,,,,,,,,,,,,,,,,,
qaoa,8,qiskitaer,matrix,CPU,sync,1,8,778892.0,,,,,,,,,,,,,,,,,,,,,,,,,,,,,,,,,,,,,,,,,,,,,,,,,,,,,,,,,,,,,,,,,,,,,,,
qaoa,8,qiskitaer,matrix,CPU,sync,1,8,810747.0,,,,,,,,,,,,,,,,,,,,,,,,,,,,,,,,,,,,,,,,,,,,,,,,,,,,,,,,,,,,,,,,,,,,,,,
qaoa,8,qiskitaer,matrix,CPU,sync,1,8,178890.0,,,,,,,,,,,,,,,,,,,,,,,,,,,,,,,,,,,,,,,,,,,,,,,,,,,,,,,,,,,,,,,,,,,,,,,
qaoa,8,qiskitaer,matrix,CPU,sync,1,8,203973.0,,,,,,,,,,,,,,,,,,,,,,,,,,,,,,,,,,,,,,,,,,,,,,,,,,,,,,,,,,,,,,,,,,,,,,,
qaoa,8,qiskitaer,matrix,CPU,sync,1,8,185323.0,,,,,,,,,,,,,,,,,,,,,,,,,,,,,,,,,,,,,,,,,,,,,,,,,,,,,,,,,,,,,,,,,,,,,,,
qaoa,8,qiskitaer,matrix,CPU,sync,1,8,194599.0,,,,,,,,,,,,,,,,,,,,,,,,,,,,,,,,,,,,,,,,,,,,,,,,,,,,,,,,,,,,,,,,,,,,,,,
qaoa,8,qiskitaer,matrix,CPU,sync,1,8,222190.0,,,,,,,,,,,,,,,,,,,,,,,,,,,,,,,,,,,,,,,,,,,,,,,,,,,,,,,,,,,,,,,,,,,,,,,
qaoa,8,qiskitaer,automatic,CPU,sync,1,4,93972.0,,,,,,,,,,,,,,,,,,,,,,,,,,,,,,,,,,,,,,,,,,,,,,,,,,,,,,,,,,,,,,,,,,,,,,,
qaoa,8,qiskitaer,automatic,CPU,sync,1,4,88322.0,,,,,,,,,,,,,,,,,,,,,,,,,,,,,,,,,,,,,,,,,,,,,,,,,,,,,,,,,,,,,,,,,,,,,,,
qaoa,8,qiskitaer,automatic,CPU,sync,1,4,96588.0,,,,,,,,,,,,,,,,,,,,,,,,,,,,,,,,,,,,,,,,,,,,,,,,,,,,,,,,,,,,,,,,,,,,,,,
qaoa,8,qiskitaer,automatic,CPU,sync,1,4,261199.0,,,,,,,,,,,,,,,,,,,,,,,,,,,,,,,,,,,,,,,,,,,,,,,,,,,,,,,,,,,,,,,,,,,,,,,
qaoa,8,qiskitaer,automatic,CPU,sync,1,4,251550.0,,,,,,,,,,,,,,,,,,,,,,,,,,,,,,,,,,,,,,,,,,,,,,,,,,,,,,,,,,,,,,,,,,,,,,,
qaoa,8,qiskitaer,automatic,CPU,sync,1,4,209109.0,,,,,,,,,,,,,,,,,,,,,,,,,,,,,,,,,,,,,,,,,,,,,,,,,,,,,,,,,,,,,,,,,,,,,,,
qaoa,8,qiskitaer,automatic,CPU,sync,1,4,261199.0,,,,,,,,,,,,,,,,,,,,,,,,,,,,,,,,,,,,,,,,,,,,,,,,,,,,,,,,,,,,,,,,,,,,,,,
qaoa,8,qiskitaer,automatic,CPU,sync,1,4,251550.0,,,,,,,,,,,,,,,,,,,,,,,,,,,,,,,,,,,,,,,,,,,,,,,,,,,,,,,,,,,,,,,,,,,,,,,
qaoa,8,qiskitaer,automatic,CPU,sync,1,4,209109.0,,,,,,,,,,,,,,,,,,,,,,,,,,,,,,,,,,,,,,,,,,,,,,,,,,,,,,,,,,,,,,,,,,,,,,,
qaoa,8,qiskitaer,automatic,CPU,sync,1,4,93972.0,,,,,,,,,,,,,,,,,,,,,,,,,,,,,,,,,,,,,,,,,,,,,,,,,,,,,,,,,,,,,,,,,,,,,,,
qaoa,8,qiskitaer,automatic,CPU,sync,1,4,88322.0,,,,,,,,,,,,,,,,,,,,,,,,,,,,,,,,,,,,,,,,,,,,,,,,,,,,,,,,,,,,,,,,,,,,,,,
qaoa,8,qiskitaer,automatic,CPU,sync,1,4,96588.0,,,,,,,,,,,,,,,,,,,,,,,,,,,,,,,,,,,,,,,,,,,,,,,,,,,,,,,,,,,,,,,,,,,,,,,
qaoa,8,qiskitaer,automatic,CPU,sync,1,8,106169.0,,,,,,,,,,,,,,,,,,,,,,,,,,,,,,,,,,,,,,,,,,,,,,,,,,,,,,,,,,,,,,,,,,,,,,,
qaoa,8,qiskitaer,automatic,CPU,sync,1,8,126240.0,,,,,,,,,,,,,,,,,,,,,,,,,,,,,,,,,,,,,,,,,,,,,,,,,,,,,,,,,,,,,,,,,,,,,,,
qaoa,8,qiskitaer,automatic,CPU,sync,1,8,136601.0,,,,,,,,,,,,,,,,,,,,,,,,,,,,,,,,,,,,,,,,,,,,,,,,,,,,,,,,,,,,,,,,,,,,,,,
qaoa,8,qiskitaer,automatic,CPU,sync,1,8,831760.0,,,,,,,,,,,,,,,,,,,,,,,,,,,,,,,,,,,,,,,,,,,,,,,,,,,,,,,,,,,,,,,,,,,,,,,
qaoa,8,qiskitaer,automatic,CPU,sync,1,8,840249.0,,,,,,,,,,,,,,,,,,,,,,,,,,,,,,,,,,,,,,,,,,,,,,,,,,,,,,,,,,,,,,,,,,,,,,,
qaoa,8,qiskitaer,automatic,CPU,sync,1,8,878886.0,,,,,,,,,,,,,,,,,,,,,,,,,,,,,,,,,,,,,,,,,,,,,,,,,,,,,,,,,,,,,,,,,,,,,,,
qaoa,8,qiskitaer,automatic,CPU,sync,1,8,77823.0,,,,,,,,,,,,,,,,,,,,,,,,,,,,,,,,,,,,,,,,,,,,,,,,,,,,,,,,,,,,,,,,,,,,,,,
qaoa,8,qiskitaer,automatic,CPU,sync,1,8,77444.0,,,,,,,,,,,,,,,,,,,,,,,,,,,,,,,,,,,,,,,,,,,,,,,,,,,,,,,,,,,,,,,,,,,,,,,
qaoa,8,qiskitaer,automatic,CPU,sync,1,8,81465.0,,,,,,,,,,,,,,,,,,,,,,,,,,,,,,,,,,,,,,,,,,,,,,,,,,,,,,,,,,,,,,,,,,,,,,,
qaoa,8,qiskitaer,automatic,CPU,sync,1,8,76414.0,,,,,,,,,,,,,,,,,,,,,,,,,,,,,,,,,,,,,,,,,,,,,,,,,,,,,,,,,,,,,,,,,,,,,,,
qaoa,8,qiskitaer,automatic,CPU,sync,1,8,85882.0,,,,,,,,,,,,,,,,,,,,,,,,,,,,,,,,,,,,,,,,,,,,,,,,,,,,,,,,,,,,,,,,,,,,,,,
qaoa,8,nwqsim,MPI,CPU,sync,1,8,137653.0,,,,,,,,,,,,,,,,,,,,,,,,,,,,,,,,,,,,,,,,,,,,,,,,,,,,,,,,,,,,,,,,,,,,,,,
qaoa,8,nwqsim,MPI,CPU,sync,1,8,137226.0,,,,,,,,,,,,,,,,,,,,,,,,,,,,,,,,,,,,,,,,,,,,,,,,,,,,,,,,,,,,,,,,,,,,,,,
qaoa,8,nwqsim,MPI,CPU,sync,1,8,137349.0,,,,,,,,,,,,,,,,,,,,,,,,,,,,,,,,,,,,,,,,,,,,,,,,,,,,,,,,,,,,,,,,,,,,,,,
qaoa,8,nwqsim,MPI,CPU,sync,1,8,33912.0,,,,,,,,,,,,,,,,,,,,,,,,,,,,,,,,,,,,,,,,,,,,,,,,,,,,,,,,,,,,,,,,,,,,,,,
qaoa,8,nwqsim,MPI,CPU,sync,1,8,31292.0,,,,,,,,,,,,,,,,,,,,,,,,,,,,,,,,,,,,,,,,,,,,,,,,,,,,,,,,,,,,,,,,,,,,,,,
qaoa,8,nwqsim,MPI,CPU,sync,1,8,31273.0,,,,,,,,,,,,,,,,,,,,,,,,,,,,,,,,,,,,,,,,,,,,,,,,,,,,,,,,,,,,,,,,,,,,,,,
qaoa,8,nwqsim,MPI,CPU,sync,1,8,37034.0,,,,,,,,,,,,,,,,,,,,,,,,,,,,,,,,,,,,,,,,,,,,,,,,,,,,,,,,,,,,,,,,,,,,,,,
qaoa,8,nwqsim,MPI,CPU,sync,1,8,34482.0,,,,,,,,,,,,,,,,,,,,,,,,,,,,,,,,,,,,,,,,,,,,,,,,,,,,,,,,,,,,,,,,,,,,,,,
qaoa,8,nwqsim,MPI,CPU,sync,1,8,34510.0,,,,,,,,,,,,,,,,,,,,,,,,,,,,,,,,,,,,,,,,,,,,,,,,,,,,,,,,,,,,,,,,,,,,,,,
qaoa,8,nwqsim,MPI,CPU,sync,1,8,33393.0,,,,,,,,,,,,,,,,,,,,,,,,,,,,,,,,,,,,,,,,,,,,,,,,,,,,,,,,,,,,,,,,,,,,,,,
qaoa,8,nwqsim,MPI,CPU,sync,1,8,39882.0,,,,,,,,,,,,,,,,,,,,,,,,,,,,,,,,,,,,,,,,,,,,,,,,,,,,,,,,,,,,,,,,,,,,,,,
qaoa,8,nwqsim,MPI,CPU,sync,1,4,30617.0,,,,,,,,,,,,,,,,,,,,,,,,,,,,,,,,,,,,,,,,,,,,,,,,,,,,,,,,,,,,,,,,,,,,,,,
qaoa,8,nwqsim,MPI,CPU,sync,1,4,32362.000000000004,,,,,,,,,,,,,,,,,,,,,,,,,,,,,,,,,,,,,,,,,,,,,,,,,,,,,,,,,,,,,,,,,,,,,,,
qaoa,8,nwqsim,MPI,CPU,sync,1,4,43074.0,,,,,,,,,,,,,,,,,,,,,,,,,,,,,,,,,,,,,,,,,,,,,,,,,,,,,,,,,,,,,,,,,,,,,,,
qaoa,8,nwqsim,MPI,CPU,sync,1,4,13147.0,,,,,,,,,,,,,,,,,,,,,,,,,,,,,,,,,,,,,,,,,,,,,,,,,,,,,,,,,,,,,,,,,,,,,,,
qaoa,8,nwqsim,MPI,CPU,sync,1,4,13949.0,,,,,,,,,,,,,,,,,,,,,,,,,,,,,,,,,,,,,,,,,,,,,,,,,,,,,,,,,,,,,,,,,,,,,,,
qaoa,8,nwqsim,MPI,CPU,sync,1,4,12964.0,,,,,,,,,,,,,,,,,,,,,,,,,,,,,,,,,,,,,,,,,,,,,,,,,,,,,,,,,,,,,,,,,,,,,,,
qaoa,8,nwqsim,MPI,CPU,sync,1,4,13147.0,,,,,,,,,,,,,,,,,,,,,,,,,,,,,,,,,,,,,,,,,,,,,,,,,,,,,,,,,,,,,,,,,,,,,,,
qaoa,8,nwqsim,MPI,CPU,sync,1,4,13949.0,,,,,,,,,,,,,,,,,,,,,,,,,,,,,,,,,,,,,,,,,,,,,,,,,,,,,,,,,,,,,,,,,,,,,,,
qaoa,8,nwqsim,MPI,CPU,sync,1,4,12964.0,,,,,,,,,,,,,,,,,,,,,,,,,,,,,,,,,,,,,,,,,,,,,,,,,,,,,,,,,,,,,,,,,,,,,,,
qaoa,8,nwqsim,MPI,CPU,sync,1,4,30617.0,,,,,,,,,,,,,,,,,,,,,,,,,,,,,,,,,,,,,,,,,,,,,,,,,,,,,,,,,,,,,,,,,,,,,,,
qaoa,8,nwqsim,MPI,CPU,sync,1,4,32362.000000000004,,,,,,,,,,,,,,,,,,,,,,,,,,,,,,,,,,,,,,,,,,,,,,,,,,,,,,,,,,,,,,,,,,,,,,,
qaoa,8,nwqsim,MPI,CPU,sync,1,4,43074.0,,,,,,,,,,,,,,,,,,,,,,,,,,,,,,,,,,,,,,,,,,,,,,,,,,,,,,,,,,,,,,,,,,,,,,,
qaoa,8,nwqsim,MPI,CPU,sync,1,1,189736.861,,,,,,,,,,,,,,,,,,,,,,,,,,,,,,,,,,,,,,,,,,,,,,,,,,,,,,,,,,,,,,,,,,,,,,,
qaoa,8,nwqsim,MPI,CPU,sync,4,1,150730.53999999998,,,,,,,,,,,,,,,,,,,,,,,,,,,,,,,,,,,,,,,,,,,,,,,,,,,,,,,,,,,,,,,,,,,,,,,
qaoa,8,tnqvm,exatn-mps,CPU,sync,1,8,6236841.0,,,,,,,,,,,,,,,,,,,,,,,,,,,,,,,,,,,,,,,,,,,,,,,,,,,,,,,,,,,,,,,,,,,,,,,
qaoa,8,tnqvm,exatn-mps,CPU,sync,1,8,692161.0,,,,,,,,,,,,,,,,,,,,,,,,,,,,,,,,,,,,,,,,,,,,,,,,,,,,,,,,,,,,,,,,,,,,,,,
qaoa,8,tnqvm,exatn-mps,CPU,sync,1,8,653051.0,,,,,,,,,,,,,,,,,,,,,,,,,,,,,,,,,,,,,,,,,,,,,,,,,,,,,,,,,,,,,,,,,,,,,,,
qaoa,8,tnqvm,exatn-mps,CPU,sync,1,8,700255.0,,,,,,,,,,,,,,,,,,,,,,,,,,,,,,,,,,,,,,,,,,,,,,,,,,,,,,,,,,,,,,,,,,,,,,,
qaoa,8,tnqvm,exatn-mps,CPU,sync,1,4,673143.0,,,,,,,,,,,,,,,,,,,,,,,,,,,,,,,,,,,,,,,,,,,,,,,,,,,,,,,,,,,,,,,,,,,,,,,
qaoa,8,tnqvm,exatn-mps,CPU,sync,1,4,679045.0,,,,,,,,,,,,,,,,,,,,,,,,,,,,,,,,,,,,,,,,,,,,,,,,,,,,,,,,,,,,,,,,,,,,,,,
qaoa,8,tnqvm,exatn-mps,CPU,sync,1,4,880390.0,,,,,,,,,,,,,,,,,,,,,,,,,,,,,,,,,,,,,,,,,,,,,,,,,,,,,,,,,,,,,,,,,,,,,,,
qaoa,8,tnqvm,exatn-mps,CPU,sync,1,4,804491.0,,,,,,,,,,,,,,,,,,,,,,,,,,,,,,,,,,,,,,,,,,,,,,,,,,,,,,,,,,,,,,,,,,,,,,,
qaoa,8,tnqvm,exatn-mps,CPU,sync,1,4,828466.0,,,,,,,,,,,,,,,,,,,,,,,,,,,,,,,,,,,,,,,,,,,,,,,,,,,,,,,,,,,,,,,,,,,,,,,
qaoa,8,tnqvm,exatn-mps,CPU,sync,1,4,817341.0,,,,,,,,,,,,,,,,,,,,,,,,,,,,,,,,,,,,,,,,,,,,,,,,,,,,,,,,,,,,,,,,,,,,,,,
qaoa,8,tnqvm,exatn-mps,CPU,sync,1,4,804491.0,,,,,,,,,,,,,,,,,,,,,,,,,,,,,,,,,,,,,,,,,,,,,,,,,,,,,,,,,,,,,,,,,,,,,,,
qaoa,8,tnqvm,exatn-mps,CPU,sync,1,4,828466.0,,,,,,,,,,,,,,,,,,,,,,,,,,,,,,,,,,,,,,,,,,,,,,,,,,,,,,,,,,,,,,,,,,,,,,,
qaoa,8,tnqvm,exatn-mps,CPU,sync,1,4,817341.0,,,,,,,,,,,,,,,,,,,,,,,,,,,,,,,,,,,,,,,,,,,,,,,,,,,,,,,,,,,,,,,,,,,,,,,
qaoa,8,tnqvm,exatn-mps,CPU,sync,1,4,673143.0,,,,,,,,,,,,,,,,,,,,,,,,,,,,,,,,,,,,,,,,,,,,,,,,,,,,,,,,,,,,,,,,,,,,,,,
qaoa,8,tnqvm,exatn-mps,CPU,sync,1,4,679045.0,,,,,,,,,,,,,,,,,,,,,,,,,,,,,,,,,,,,,,,,,,,,,,,,,,,,,,,,,,,,,,,,,,,,,,,
qaoa,8,tnqvm,exatn-mps,CPU,sync,1,4,880390.0,,,,,,,,,,,,,,,,,,,,,,,,,,,,,,,,,,,,,,,,,,,,,,,,,,,,,,,,,,,,,,,,,,,,,,,
qaoa,8,tnqvm,tnqvm,CPU,sync,1,1,1217154.172,,,,,,,,,,,,,,,,,,,,,,,,,,,,,,,,,,,,,,,,,,,,,,,,,,,,,,,,,,,,,,,,,,,,,,,
qaoa,8,ionq,simulator,CPU,sync,1,4,83763.0,,,,,,,,,,,,,,,,,,,,,,,,,,,,,,,,,,,,,,,,,,,,,,,,,,,,,,,,,,,,,,,,,,,,,,,
qaoa,8,ionq,simulator,CPU,sync,1,4,86910.0,,,,,,,,,,,,,,,,,,,,,,,,,,,,,,,,,,,,,,,,,,,,,,,,,,,,,,,,,,,,,,,,,,,,,,,
qaoa,8,ionq,simulator,CPU,sync,1,4,67386.0,,,,,,,,,,,,,,,,,,,,,,,,,,,,,,,,,,,,,,,,,,,,,,,,,,,,,,,,,,,,,,,,,,,,,,,
qaoa,8,ionq,simulator,CPU,sync,1,4,83763.0,,,,,,,,,,,,,,,,,,,,,,,,,,,,,,,,,,,,,,,,,,,,,,,,,,,,,,,,,,,,,,,,,,,,,,,
qaoa,8,ionq,simulator,CPU,sync,1,4,86910.0,,,,,,,,,,,,,,,,,,,,,,,,,,,,,,,,,,,,,,,,,,,,,,,,,,,,,,,,,,,,,,,,,,,,,,,
qaoa,8,ionq,simulator,CPU,sync,1,4,67386.0,,,,,,,,,,,,,,,,,,,,,,,,,,,,,,,,,,,,,,,,,,,,,,,,,,,,,,,,,,,,,,,,,,,,,,,
qaoa,4,qtensor,numpy,CPU,sync,1,4,253026.0,,,,,,,,,,,,,,,,,,,,,,,,,,,,,,,,,,,,,,,,,,,,,,,,,,,,,,,,,,,,,,,,,,,,,,,
qaoa,4,qtensor,numpy,CPU,sync,1,4,263877.0,,,,,,,,,,,,,,,,,,,,,,,,,,,,,,,,,,,,,,,,,,,,,,,,,,,,,,,,,,,,,,,,,,,,,,,
qaoa,4,qtensor,numpy,CPU,sync,1,4,192334.0,,,,,,,,,,,,,,,,,,,,,,,,,,,,,,,,,,,,,,,,,,,,,,,,,,,,,,,,,,,,,,,,,,,,,,,
qaoa,4,qtensor,numpy,CPU,sync,1,4,913159.0,,,,,,,,,,,,,,,,,,,,,,,,,,,,,,,,,,,,,,,,,,,,,,,,,,,,,,,,,,,,,,,,,,,,,,,
qaoa,4,qtensor,numpy,CPU,sync,1,4,1363909.0,,,,,,,,,,,,,,,,,,,,,,,,,,,,,,,,,,,,,,,,,,,,,,,,,,,,,,,,,,,,,,,,,,,,,,,
qaoa,4,qtensor,numpy,CPU,sync,1,4,875629.0,,,,,,,,,,,,,,,,,,,,,,,,,,,,,,,,,,,,,,,,,,,,,,,,,,,,,,,,,,,,,,,,,,,,,,,
qaoa,4,qtensor,numpy,CPU,sync,1,4,913159.0,,,,,,,,,,,,,,,,,,,,,,,,,,,,,,,,,,,,,,,,,,,,,,,,,,,,,,,,,,,,,,,,,,,,,,,
qaoa,4,qtensor,numpy,CPU,sync,1,4,1363909.0,,,,,,,,,,,,,,,,,,,,,,,,,,,,,,,,,,,,,,,,,,,,,,,,,,,,,,,,,,,,,,,,,,,,,,,
qaoa,4,qtensor,numpy,CPU,sync,1,4,875629.0,,,,,,,,,,,,,,,,,,,,,,,,,,,,,,,,,,,,,,,,,,,,,,,,,,,,,,,,,,,,,,,,,,,,,,,
qaoa,4,qtensor,numpy,CPU,sync,1,4,253026.0,,,,,,,,,,,,,,,,,,,,,,,,,,,,,,,,,,,,,,,,,,,,,,,,,,,,,,,,,,,,,,,,,,,,,,,
qaoa,4,qtensor,numpy,CPU,sync,1,4,263877.0,,,,,,,,,,,,,,,,,,,,,,,,,,,,,,,,,,,,,,,,,,,,,,,,,,,,,,,,,,,,,,,,,,,,,,,
qaoa,4,qtensor,numpy,CPU,sync,1,4,192334.0,,,,,,,,,,,,,,,,,,,,,,,,,,,,,,,,,,,,,,,,,,,,,,,,,,,,,,,,,,,,,,,,,,,,,,,
qaoa,4,nwqsim,MPI,CPU,sync,1,4,39504.0,,,,,,,,,,,,,,,,,,,,,,,,,,,,,,,,,,,,,,,,,,,,,,,,,,,,,,,,,,,,,,,,,,,,,,,
qaoa,4,nwqsim,MPI,CPU,sync,1,4,34717.0,,,,,,,,,,,,,,,,,,,,,,,,,,,,,,,,,,,,,,,,,,,,,,,,,,,,,,,,,,,,,,,,,,,,,,,
qaoa,4,nwqsim,MPI,CPU,sync,1,4,32616.999999999996,,,,,,,,,,,,,,,,,,,,,,,,,,,,,,,,,,,,,,,,,,,,,,,,,,,,,,,,,,,,,,,,,,,,,,,
qaoa,4,nwqsim,MPI,CPU,sync,1,4,20779.0,,,,,,,,,,,,,,,,,,,,,,,,,,,,,,,,,,,,,,,,,,,,,,,,,,,,,,,,,,,,,,,,,,,,,,,
qaoa,4,nwqsim,MPI,CPU,sync,1,4,11888.0,,,,,,,,,,,,,,,,,,,,,,,,,,,,,,,,,,,,,,,,,,,,,,,,,,,,,,,,,,,,,,,,,,,,,,,
qaoa,4,nwqsim,MPI,CPU,sync,1,4,11333.0,,,,,,,,,,,,,,,,,,,,,,,,,,,,,,,,,,,,,,,,,,,,,,,,,,,,,,,,,,,,,,,,,,,,,,,
qaoa,4,nwqsim,MPI,CPU,sync,1,4,20779.0,,,,,,,,,,,,,,,,,,,,,,,,,,,,,,,,,,,,,,,,,,,,,,,,,,,,,,,,,,,,,,,,,,,,,,,
qaoa,4,nwqsim,MPI,CPU,sync,1,4,11888.0,,,,,,,,,,,,,,,,,,,,,,,,,,,,,,,,,,,,,,,,,,,,,,,,,,,,,,,,,,,,,,,,,,,,,,,
qaoa,4,nwqsim,MPI,CPU,sync,1,4,11333.0,,,,,,,,,,,,,,,,,,,,,,,,,,,,,,,,,,,,,,,,,,,,,,,,,,,,,,,,,,,,,,,,,,,,,,,
qaoa,4,nwqsim,MPI,CPU,sync,1,4,33071.0,,,,,,,,,,,,,,,,,,,,,,,,,,,,,,,,,,,,,,,,,,,,,,,,,,,,,,,,,,,,,,,,,,,,,,,
qaoa,4,nwqsim,MPI,CPU,sync,1,4,35820.0,,,,,,,,,,,,,,,,,,,,,,,,,,,,,,,,,,,,,,,,,,,,,,,,,,,,,,,,,,,,,,,,,,,,,,,
qaoa,4,nwqsim,MPI,CPU,sync,1,4,32665.0,,,,,,,,,,,,,,,,,,,,,,,,,,,,,,,,,,,,,,,,,,,,,,,,,,,,,,,,,,,,,,,,,,,,,,,
qaoa,4,nwqsim,MPI,CPU,sync,1,4,30569.0,,,,,,,,,,,,,,,,,,,,,,,,,,,,,,,,,,,,,,,,,,,,,,,,,,,,,,,,,,,,,,,,,,,,,,,
qaoa,4,nwqsim,MPI,CPU,sync,1,4,31619.0,,,,,,,,,,,,,,,,,,,,,,,,,,,,,,,,,,,,,,,,,,,,,,,,,,,,,,,,,,,,,,,,,,,,,,,
qaoa,4,nwqsim,MPI,CPU,sync,1,1,150817.663,,,,,,,,,,,,,,,,,,,,,,,,,,,,,,,,,,,,,,,,,,,,,,,,,,,,,,,,,,,,,,,,,,,,,,,
qaoa,4,tnqvm,exatn-mps,CPU,sync,1,4,109682.0,,,,,,,,,,,,,,,,,,,,,,,,,,,,,,,,,,,,,,,,,,,,,,,,,,,,,,,,,,,,,,,,,,,,,,,
qaoa,4,tnqvm,exatn-mps,CPU,sync,1,4,113303.0,,,,,,,,,,,,,,,,,,,,,,,,,,,,,,,,,,,,,,,,,,,,,,,,,,,,,,,,,,,,,,,,,,,,,,,
qaoa,4,tnqvm,exatn-mps,CPU,sync,1,4,111100.0,,,,,,,,,,,,,,,,,,,,,,,,,,,,,,,,,,,,,,,,,,,,,,,,,,,,,,,,,,,,,,,,,,,,,,,
qaoa,4,tnqvm,exatn-mps,CPU,sync,1,4,114674.0,,,,,,,,,,,,,,,,,,,,,,,,,,,,,,,,,,,,,,,,,,,,,,,,,,,,,,,,,,,,,,,,,,,,,,,
qaoa,4,tnqvm,exatn-mps,CPU,sync,1,4,98635.0,,,,,,,,,,,,,,,,,,,,,,,,,,,,,,,,,,,,,,,,,,,,,,,,,,,,,,,,,,,,,,,,,,,,,,,
qaoa,4,tnqvm,exatn-mps,CPU,sync,1,4,102792.0,,,,,,,,,,,,,,,,,,,,,,,,,,,,,,,,,,,,,,,,,,,,,,,,,,,,,,,,,,,,,,,,,,,,,,,
qaoa,4,tnqvm,exatn-mps,CPU,sync,1,4,114674.0,,,,,,,,,,,,,,,,,,,,,,,,,,,,,,,,,,,,,,,,,,,,,,,,,,,,,,,,,,,,,,,,,,,,,,,
qaoa,4,tnqvm,exatn-mps,CPU,sync,1,4,98635.0,,,,,,,,,,,,,,,,,,,,,,,,,,,,,,,,,,,,,,,,,,,,,,,,,,,,,,,,,,,,,,,,,,,,,,,
qaoa,4,tnqvm,exatn-mps,CPU,sync,1,4,102792.0,,,,,,,,,,,,,,,,,,,,,,,,,,,,,,,,,,,,,,,,,,,,,,,,,,,,,,,,,,,,,,,,,,,,,,,
qaoa,4,tnqvm,exatn-mps,CPU,sync,1,4,138163.0,,,,,,,,,,,,,,,,,,,,,,,,,,,,,,,,,,,,,,,,,,,,,,,,,,,,,,,,,,,,,,,,,,,,,,,
qaoa,4,tnqvm,exatn-mps,CPU,sync,1,4,131649.0,,,,,,,,,,,,,,,,,,,,,,,,,,,,,,,,,,,,,,,,,,,,,,,,,,,,,,,,,,,,,,,,,,,,,,,
qaoa,4,tnqvm,exatn-mps,CPU,sync,1,4,113159.0,,,,,,,,,,,,,,,,,,,,,,,,,,,,,,,,,,,,,,,,,,,,,,,,,,,,,,,,,,,,,,,,,,,,,,,
qaoa,4,tnqvm,exatn-mps,CPU,sync,1,4,108042.0,,,,,,,,,,,,,,,,,,,,,,,,,,,,,,,,,,,,,,,,,,,,,,,,,,,,,,,,,,,,,,,,,,,,,,,
qaoa,4,tnqvm,exatn-mps,CPU,sync,1,4,146061.0,,,,,,,,,,,,,,,,,,,,,,,,,,,,,,,,,,,,,,,,,,,,,,,,,,,,,,,,,,,,,,,,,,,,,,,
qaoa,4,tnqvm,tnqvm,CPU,sync,1,1,353932.186,,,,,,,,,,,,,,,,,,,,,,,,,,,,,,,,,,,,,,,,,,,,,,,,,,,,,,,,,,,,,,,,,,,,,,,
qaoa,4,qiskitaer,automatic,CPU,sync,1,4,86957.0,,,,,,,,,,,,,,,,,,,,,,,,,,,,,,,,,,,,,,,,,,,,,,,,,,,,,,,,,,,,,,,,,,,,,,,
qaoa,4,qiskitaer,automatic,CPU,sync,1,4,98919.0,,,,,,,,,,,,,,,,,,,,,,,,,,,,,,,,,,,,,,,,,,,,,,,,,,,,,,,,,,,,,,,,,,,,,,,
qaoa,4,qiskitaer,automatic,CPU,sync,1,4,92740.0,,,,,,,,,,,,,,,,,,,,,,,,,,,,,,,,,,,,,,,,,,,,,,,,,,,,,,,,,,,,,,,,,,,,,,,
qaoa,4,qiskitaer,automatic,CPU,sync,1,4,404554.0,,,,,,,,,,,,,,,,,,,,,,,,,,,,,,,,,,,,,,,,,,,,,,,,,,,,,,,,,,,,,,,,,,,,,,,
qaoa,4,qiskitaer,automatic,CPU,sync,1,4,239521.0,,,,,,,,,,,,,,,,,,,,,,,,,,,,,,,,,,,,,,,,,,,,,,,,,,,,,,,,,,,,,,,,,,,,,,,
qaoa,4,qiskitaer,automatic,CPU,sync,1,4,219307.0,,,,,,,,,,,,,,,,,,,,,,,,,,,,,,,,,,,,,,,,,,,,,,,,,,,,,,,,,,,,,,,,,,,,,,,
qaoa,4,qiskitaer,automatic,CPU,sync,1,4,404554.0,,,,,,,,,,,,,,,,,,,,,,,,,,,,,,,,,,,,,,,,,,,,,,,,,,,,,,,,,,,,,,,,,,,,,,,
qaoa,4,qiskitaer,automatic,CPU,sync,1,4,239521.0,,,,,,,,,,,,,,,,,,,,,,,,,,,,,,,,,,,,,,,,,,,,,,,,,,,,,,,,,,,,,,,,,,,,,,,
qaoa,4,qiskitaer,automatic,CPU,sync,1,4,219307.0,,,,,,,,,,,,,,,,,,,,,,,,,,,,,,,,,,,,,,,,,,,,,,,,,,,,,,,,,,,,,,,,,,,,,,,
qaoa,4,qiskitaer,automatic,CPU,sync,1,4,79806.0,,,,,,,,,,,,,,,,,,,,,,,,,,,,,,,,,,,,,,,,,,,,,,,,,,,,,,,,,,,,,,,,,,,,,,,
qaoa,4,qiskitaer,automatic,CPU,sync,1,4,74277.0,,,,,,,,,,,,,,,,,,,,,,,,,,,,,,,,,,,,,,,,,,,,,,,,,,,,,,,,,,,,,,,,,,,,,,,
qaoa,4,qiskitaer,automatic,CPU,sync,1,4,81183.0,,,,,,,,,,,,,,,,,,,,,,,,,,,,,,,,,,,,,,,,,,,,,,,,,,,,,,,,,,,,,,,,,,,,,,,
qaoa,4,qiskitaer,automatic,CPU,sync,1,4,86432.0,,,,,,,,,,,,,,,,,,,,,,,,,,,,,,,,,,,,,,,,,,,,,,,,,,,,,,,,,,,,,,,,,,,,,,,
qaoa,4,qiskitaer,automatic,CPU,sync,1,4,79437.0,,,,,,,,,,,,,,,,,,,,,,,,,,,,,,,,,,,,,,,,,,,,,,,,,,,,,,,,,,,,,,,,,,,,,,,
qaoa,4,qiskitaer,matrix,CPU,sync,1,4,101467.0,,,,,,,,,,,,,,,,,,,,,,,,,,,,,,,,,,,,,,,,,,,,,,,,,,,,,,,,,,,,,,,,,,,,,,,
qaoa,4,qiskitaer,matrix,CPU,sync,1,4,112232.0,,,,,,,,,,,,,,,,,,,,,,,,,,,,,,,,,,,,,,,,,,,,,,,,,,,,,,,,,,,,,,,,,,,,,,,
qaoa,4,qiskitaer,matrix,CPU,sync,1,4,92652.0,,,,,,,,,,,,,,,,,,,,,,,,,,,,,,,,,,,,,,,,,,,,,,,,,,,,,,,,,,,,,,,,,,,,,,,
qaoa,4,qiskitaer,matrix,CPU,sync,1,4,388089.0,,,,,,,,,,,,,,,,,,,,,,,,,,,,,,,,,,,,,,,,,,,,,,,,,,,,,,,,,,,,,,,,,,,,,,,
qaoa,4,qiskitaer,matrix,CPU,sync,1,4,269817.0,,,,,,,,,,,,,,,,,,,,,,,,,,,,,,,,,,,,,,,,,,,,,,,,,,,,,,,,,,,,,,,,,,,,,,,
qaoa,4,qiskitaer,matrix,CPU,sync,1,4,261353.0,,,,,,,,,,,,,,,,,,,,,,,,,,,,,,,,,,,,,,,,,,,,,,,,,,,,,,,,,,,,,,,,,,,,,,,
qaoa,4,qiskitaer,matrix,CPU,sync,1,4,388089.0,,,,,,,,,,,,,,,,,,,,,,,,,,,,,,,,,,,,,,,,,,,,,,,,,,,,,,,,,,,,,,,,,,,,,,,
qaoa,4,qiskitaer,matrix,CPU,sync,1,4,269817.0,,,,,,,,,,,,,,,,,,,,,,,,,,,,,,,,,,,,,,,,,,,,,,,,,,,,,,,,,,,,,,,,,,,,,,,
qaoa,4,qiskitaer,matrix,CPU,sync,1,4,261353.0,,,,,,,,,,,,,,,,,,,,,,,,,,,,,,,,,,,,,,,,,,,,,,,,,,,,,,,,,,,,,,,,,,,,,,,
qaoa,4,qiskitaer,matrix,CPU,sync,1,4,174647.0,,,,,,,,,,,,,,,,,,,,,,,,,,,,,,,,,,,,,,,,,,,,,,,,,,,,,,,,,,,,,,,,,,,,,,,
qaoa,4,qiskitaer,matrix,CPU,sync,1,4,176399.0,,,,,,,,,,,,,,,,,,,,,,,,,,,,,,,,,,,,,,,,,,,,,,,,,,,,,,,,,,,,,,,,,,,,,,,
qaoa,4,qiskitaer,matrix,CPU,sync,1,4,179443.0,,,,,,,,,,,,,,,,,,,,,,,,,,,,,,,,,,,,,,,,,,,,,,,,,,,,,,,,,,,,,,,,,,,,,,,
qaoa,4,qiskitaer,matrix,CPU,sync,1,4,190862.0,,,,,,,,,,,,,,,,,,,,,,,,,,,,,,,,,,,,,,,,,,,,,,,,,,,,,,,,,,,,,,,,,,,,,,,
qaoa,4,qiskitaer,matrix,CPU,sync,1,4,166169.0,,,,,,,,,,,,,,,,,,,,,,,,,,,,,,,,,,,,,,,,,,,,,,,,,,,,,,,,,,,,,,,,,,,,,,,
qaoa,4,qiskitaer,statevector,CPU,sync,1,4,90011.0,,,,,,,,,,,,,,,,,,,,,,,,,,,,,,,,,,,,,,,,,,,,,,,,,,,,,,,,,,,,,,,,,,,,,,,
qaoa,4,qiskitaer,statevector,CPU,sync,1,4,89599.0,,,,,,,,,,,,,,,,,,,,,,,,,,,,,,,,,,,,,,,,,,,,,,,,,,,,,,,,,,,,,,,,,,,,,,,
qaoa,4,qiskitaer,statevector,CPU,sync,1,4,119455.0,,,,,,,,,,,,,,,,,,,,,,,,,,,,,,,,,,,,,,,,,,,,,,,,,,,,,,,,,,,,,,,,,,,,,,,
qaoa,4,qiskitaer,statevector,CPU,sync,1,4,378586.0,,,,,,,,,,,,,,,,,,,,,,,,,,,,,,,,,,,,,,,,,,,,,,,,,,,,,,,,,,,,,,,,,,,,,,,
qaoa,4,qiskitaer,statevector,CPU,sync,1,4,290609.0,,,,,,,,,,,,,,,,,,,,,,,,,,,,,,,,,,,,,,,,,,,,,,,,,,,,,,,,,,,,,,,,,,,,,,,
qaoa,4,qiskitaer,statevector,CPU,sync,1,4,288228.0,,,,,,,,,,,,,,,,,,,,,,,,,,,,,,,,,,,,,,,,,,,,,,,,,,,,,,,,,,,,,,,,,,,,,,,
qaoa,4,qiskitaer,statevector,CPU,sync,1,4,378586.0,,,,,,,,,,,,,,,,,,,,,,,,,,,,,,,,,,,,,,,,,,,,,,,,,,,,,,,,,,,,,,,,,,,,,,,
qaoa,4,qiskitaer,statevector,CPU,sync,1,4,290609.0,,,,,,,,,,,,,,,,,,,,,,,,,,,,,,,,,,,,,,,,,,,,,,,,,,,,,,,,,,,,,,,,,,,,,,,
qaoa,4,qiskitaer,statevector,CPU,sync,1,4,288228.0,,,,,,,,,,,,,,,,,,,,,,,,,,,,,,,,,,,,,,,,,,,,,,,,,,,,,,,,,,,,,,,,,,,,,,,
qaoa,4,qiskitaer,statevector,CPU,sync,1,4,78871.0,,,,,,,,,,,,,,,,,,,,,,,,,,,,,,,,,,,,,,,,,,,,,,,,,,,,,,,,,,,,,,,,,,,,,,,
qaoa,4,qiskitaer,statevector,CPU,sync,1,4,75361.0,,,,,,,,,,,,,,,,,,,,,,,,,,,,,,,,,,,,,,,,,,,,,,,,,,,,,,,,,,,,,,,,,,,,,,,
qaoa,4,qiskitaer,statevector,CPU,sync,1,4,80378.0,,,,,,,,,,,,,,,,,,,,,,,,,,,,,,,,,,,,,,,,,,,,,,,,,,,,,,,,,,,,,,,,,,,,,,,
qaoa,4,qiskitaer,statevector,CPU,sync,1,4,91851.0,,,,,,,,,,,,,,,,,,,,,,,,,,,,,,,,,,,,,,,,,,,,,,,,,,,,,,,,,,,,,,,,,,,,,,,
qaoa,4,qiskitaer,statevector,CPU,sync,1,4,81635.0,,,,,,,,,,,,,,,,,,,,,,,,,,,,,,,,,,,,,,,,,,,,,,,,,,,,,,,,,,,,,,,,,,,,,,,
qaoa,4,ionq,simulator,CPU,sync,1,4,72424.0,,,,,,,,,,,,,,,,,,,,,,,,,,,,,,,,,,,,,,,,,,,,,,,,,,,,,,,,,,,,,,,,,,,,,,,
qaoa,4,ionq,simulator,CPU,sync,1,4,70531.0,,,,,,,,,,,,,,,,,,,,,,,,,,,,,,,,,,,,,,,,,,,,,,,,,,,,,,,,,,,,,,,,,,,,,,,
qaoa,4,ionq,simulator,CPU,sync,1,4,72639.0,,,,,,,,,,,,,,,,,,,,,,,,,,,,,,,,,,,,,,,,,,,,,,,,,,,,,,,,,,,,,,,,,,,,,,,
qaoa,4,ionq,simulator,CPU,sync,1,4,72424.0,,,,,,,,,,,,,,,,,,,,,,,,,,,,,,,,,,,,,,,,,,,,,,,,,,,,,,,,,,,,,,,,,,,,,,,
qaoa,4,ionq,simulator,CPU,sync,1,4,70531.0,,,,,,,,,,,,,,,,,,,,,,,,,,,,,,,,,,,,,,,,,,,,,,,,,,,,,,,,,,,,,,,,,,,,,,,
qaoa,4,ionq,simulator,CPU,sync,1,4,72639.0,,,,,,,,,,,,,,,,,,,,,,,,,,,,,,,,,,,,,,,,,,,,,,,,,,,,,,,,,,,,,,,,,,,,,,,
qaoa,16,nwqsim,MPI,CPU,sync,2,8,161576.0,,,,,,,,,,,,,,,,,,,,,,,,,,,,,,,,,,,,,,,,,,,,,,,,,,,,,,,,,,,,,,,,,,,,,,,
qaoa,16,nwqsim,MPI,CPU,sync,2,8,160907.0,,,,,,,,,,,,,,,,,,,,,,,,,,,,,,,,,,,,,,,,,,,,,,,,,,,,,,,,,,,,,,,,,,,,,,,
qaoa,16,nwqsim,MPI,CPU,sync,2,8,160441.0,,,,,,,,,,,,,,,,,,,,,,,,,,,,,,,,,,,,,,,,,,,,,,,,,,,,,,,,,,,,,,,,,,,,,,,
qaoa,16,nwqsim,MPI,CPU,sync,2,8,46763.0,,,,,,,,,,,,,,,,,,,,,,,,,,,,,,,,,,,,,,,,,,,,,,,,,,,,,,,,,,,,,,,,,,,,,,,
qaoa,16,nwqsim,MPI,CPU,sync,2,8,42762.0,,,,,,,,,,,,,,,,,,,,,,,,,,,,,,,,,,,,,,,,,,,,,,,,,,,,,,,,,,,,,,,,,,,,,,,
qaoa,16,nwqsim,MPI,CPU,sync,2,8,40572.0,,,,,,,,,,,,,,,,,,,,,,,,,,,,,,,,,,,,,,,,,,,,,,,,,,,,,,,,,,,,,,,,,,,,,,,
qaoa,16,nwqsim,MPI,CPU,sync,2,8,165027.0,,,,,,,,,,,,,,,,,,,,,,,,,,,,,,,,,,,,,,,,,,,,,,,,,,,,,,,,,,,,,,,,,,,,,,,
qaoa,16,nwqsim,MPI,CPU,sync,2,8,164957.0,,,,,,,,,,,,,,,,,,,,,,,,,,,,,,,,,,,,,,,,,,,,,,,,,,,,,,,,,,,,,,,,,,,,,,,
qaoa,16,nwqsim,MPI,CPU,sync,2,8,164986.0,,,,,,,,,,,,,,,,,,,,,,,,,,,,,,,,,,,,,,,,,,,,,,,,,,,,,,,,,,,,,,,,,,,,,,,
qaoa,16,nwqsim,MPI,CPU,sync,2,4,19247.0,,,,,,,,,,,,,,,,,,,,,,,,,,,,,,,,,,,,,,,,,,,,,,,,,,,,,,,,,,,,,,,,,,,,,,,
qaoa,16,nwqsim,MPI,CPU,sync,2,4,19035.0,,,,,,,,,,,,,,,,,,,,,,,,,,,,,,,,,,,,,,,,,,,,,,,,,,,,,,,,,,,,,,,,,,,,,,,
qaoa,16,nwqsim,MPI,CPU,sync,2,4,19331.0,,,,,,,,,,,,,,,,,,,,,,,,,,,,,,,,,,,,,,,,,,,,,,,,,,,,,,,,,,,,,,,,,,,,,,,
qaoa,16,nwqsim,MPI,CPU,sync,2,4,19247.0,,,,,,,,,,,,,,,,,,,,,,,,,,,,,,,,,,,,,,,,,,,,,,,,,,,,,,,,,,,,,,,,,,,,,,,
qaoa,16,nwqsim,MPI,CPU,sync,2,4,19035.0,,,,,,,,,,,,,,,,,,,,,,,,,,,,,,,,,,,,,,,,,,,,,,,,,,,,,,,,,,,,,,,,,,,,,,,
qaoa,16,nwqsim,MPI,CPU,sync,2,4,19331.0,,,,,,,,,,,,,,,,,,,,,,,,,,,,,,,,,,,,,,,,,,,,,,,,,,,,,,,,,,,,,,,,,,,,,,,
qaoa,16,nwqsim,MPI,CPU,sync,2,2,18396.0,,,,,,,,,,,,,,,,,,,,,,,,,,,,,,,,,,,,,,,,,,,,,,,,,,,,,,,,,,,,,,,,,,,,,,,
qaoa,16,nwqsim,MPI,CPU,sync,2,2,15556.0,,,,,,,,,,,,,,,,,,,,,,,,,,,,,,,,,,,,,,,,,,,,,,,,,,,,,,,,,,,,,,,,,,,,,,,
qaoa,16,nwqsim,MPI,CPU,sync,2,2,16512.0,,,,,,,,,,,,,,,,,,,,,,,,,,,,,,,,,,,,,,,,,,,,,,,,,,,,,,,,,,,,,,,,,,,,,,,
qaoa,16,nwqsim,MPI,CPU,sync,2,2,18396.0,,,,,,,,,,,,,,,,,,,,,,,,,,,,,,,,,,,,,,,,,,,,,,,,,,,,,,,,,,,,,,,,,,,,,,,
qaoa,16,nwqsim,MPI,CPU,sync,2,2,15556.0,,,,,,,,,,,,,,,,,,,,,,,,,,,,,,,,,,,,,,,,,,,,,,,,,,,,,,,,,,,,,,,,,,,,,,,
qaoa,16,nwqsim,MPI,CPU,sync,2,2,16512.0,,,,,,,,,,,,,,,,,,,,,,,,,,,,,,,,,,,,,,,,,,,,,,,,,,,,,,,,,,,,,,,,,,,,,,,
qaoa,16,nwqsim,MPI,CPU,sync,1,4,20651.0,,,,,,,,,,,,,,,,,,,,,,,,,,,,,,,,,,,,,,,,,,,,,,,,,,,,,,,,,,,,,,,,,,,,,,,
qaoa,16,nwqsim,MPI,CPU,sync,1,4,15925.0,,,,,,,,,,,,,,,,,,,,,,,,,,,,,,,,,,,,,,,,,,,,,,,,,,,,,,,,,,,,,,,,,,,,,,,
qaoa,16,nwqsim,MPI,CPU,sync,1,4,19501.0,,,,,,,,,,,,,,,,,,,,,,,,,,,,,,,,,,,,,,,,,,,,,,,,,,,,,,,,,,,,,,,,,,,,,,,
qaoa,16,nwqsim,MPI,CPU,sync,1,4,20651.0,,,,,,,,,,,,,,,,,,,,,,,,,,,,,,,,,,,,,,,,,,,,,,,,,,,,,,,,,,,,,,,,,,,,,,,
qaoa,16,nwqsim,MPI,CPU,sync,1,4,15925.0,,,,,,,,,,,,,,,,,,,,,,,,,,,,,,,,,,,,,,,,,,,,,,,,,,,,,,,,,,,,,,,,,,,,,,,
qaoa,16,nwqsim,MPI,CPU,sync,1,4,19501.0,,,,,,,,,,,,,,,,,,,,,,,,,,,,,,,,,,,,,,,,,,,,,,,,,,,,,,,,,,,,,,,,,,,,,,,
qaoa,16,nwqsim,MPI,CPU,sync,1,16,31604.0,,,,,,,,,,,,,,,,,,,,,,,,,,,,,,,,,,,,,,,,,,,,,,,,,,,,,,,,,,,,,,,,,,,,,,,
qaoa,16,nwqsim,MPI,CPU,sync,1,16,34567.0,,,,,,,,,,,,,,,,,,,,,,,,,,,,,,,,,,,,,,,,,,,,,,,,,,,,,,,,,,,,,,,,,,,,,,,
qaoa,16,nwqsim,MPI,CPU,sync,1,16,32232.999999999996,,,,,,,,,,,,,,,,,,,,,,,,,,,,,,,,,,,,,,,,,,,,,,,,,,,,,,,,,,,,,,,,,,,,,,,
qaoa,16,nwqsim,MPI,CPU,sync,1,32,32606.0,,,,,,,,,,,,,,,,,,,,,,,,,,,,,,,,,,,,,,,,,,,,,,,,,,,,,,,,,,,,,,,,,,,,,,,
qaoa,16,nwqsim,MPI,CPU,sync,1,32,44063.0,,,,,,,,,,,,,,,,,,,,,,,,,,,,,,,,,,,,,,,,,,,,,,,,,,,,,,,,,,,,,,,,,,,,,,,
qaoa,16,nwqsim,MPI,CPU,sync,1,32,38052.0,,,,,,,,,,,,,,,,,,,,,,,,,,,,,,,,,,,,,,,,,,,,,,,,,,,,,,,,,,,,,,,,,,,,,,,
qaoa,16,ionq,simulator,CPU,sync,2,4,156306.0,,,,,,,,,,,,,,,,,,,,,,,,,,,,,,,,,,,,,,,,,,,,,,,,,,,,,,,,,,,,,,,,,,,,,,,
qaoa,16,ionq,simulator,CPU,sync,2,4,140503.0,,,,,,,,,,,,,,,,,,,,,,,,,,,,,,,,,,,,,,,,,,,,,,,,,,,,,,,,,,,,,,,,,,,,,,,
qaoa,16,ionq,simulator,CPU,sync,2,4,139318.0,,,,,,,,,,,,,,,,,,,,,,,,,,,,,,,,,,,,,,,,,,,,,,,,,,,,,,,,,,,,,,,,,,,,,,,
qaoa,16,ionq,simulator,CPU,sync,2,4,156306.0,,,,,,,,,,,,,,,,,,,,,,,,,,,,,,,,,,,,,,,,,,,,,,,,,,,,,,,,,,,,,,,,,,,,,,,
qaoa,16,ionq,simulator,CPU,sync,2,4,140503.0,,,,,,,,,,,,,,,,,,,,,,,,,,,,,,,,,,,,,,,,,,,,,,,,,,,,,,,,,,,,,,,,,,,,,,,
qaoa,16,ionq,simulator,CPU,sync,2,4,139318.0,,,,,,,,,,,,,,,,,,,,,,,,,,,,,,,,,,,,,,,,,,,,,,,,,,,,,,,,,,,,,,,,,,,,,,,
qaoa,16,ionq,simulator,CPU,sync,1,4,156306.0,,,,,,,,,,,,,,,,,,,,,,,,,,,,,,,,,,,,,,,,,,,,,,,,,,,,,,,,,,,,,,,,,,,,,,,
qaoa,16,ionq,simulator,CPU,sync,1,4,140503.0,,,,,,,,,,,,,,,,,,,,,,,,,,,,,,,,,,,,,,,,,,,,,,,,,,,,,,,,,,,,,,,,,,,,,,,
qaoa,16,ionq,simulator,CPU,sync,1,4,139318.0,,,,,,,,,,,,,,,,,,,,,,,,,,,,,,,,,,,,,,,,,,,,,,,,,,,,,,,,,,,,,,,,,,,,,,,
qaoa,16,ionq,simulator,CPU,sync,1,4,156306.0,,,,,,,,,,,,,,,,,,,,,,,,,,,,,,,,,,,,,,,,,,,,,,,,,,,,,,,,,,,,,,,,,,,,,,,
qaoa,16,ionq,simulator,CPU,sync,1,4,140503.0,,,,,,,,,,,,,,,,,,,,,,,,,,,,,,,,,,,,,,,,,,,,,,,,,,,,,,,,,,,,,,,,,,,,,,,
qaoa,16,ionq,simulator,CPU,sync,1,4,139318.0,,,,,,,,,,,,,,,,,,,,,,,,,,,,,,,,,,,,,,,,,,,,,,,,,,,,,,,,,,,,,,,,,,,,,,,
qaoa,16,qiskitaer,matrix,CPU,sync,2,2,301324.0,,,,,,,,,,,,,,,,,,,,,,,,,,,,,,,,,,,,,,,,,,,,,,,,,,,,,,,,,,,,,,,,,,,,,,,
qaoa,16,qiskitaer,matrix,CPU,sync,2,2,296318.0,,,,,,,,,,,,,,,,,,,,,,,,,,,,,,,,,,,,,,,,,,,,,,,,,,,,,,,,,,,,,,,,,,,,,,,
qaoa,16,qiskitaer,matrix,CPU,sync,2,2,575090.0,,,,,,,,,,,,,,,,,,,,,,,,,,,,,,,,,,,,,,,,,,,,,,,,,,,,,,,,,,,,,,,,,,,,,,,
qaoa,16,qiskitaer,matrix,CPU,sync,2,2,301324.0,,,,,,,,,,,,,,,,,,,,,,,,,,,,,,,,,,,,,,,,,,,,,,,,,,,,,,,,,,,,,,,,,,,,,,,
qaoa,16,qiskitaer,matrix,CPU,sync,2,2,296318.0,,,,,,,,,,,,,,,,,,,,,,,,,,,,,,,,,,,,,,,,,,,,,,,,,,,,,,,,,,,,,,,,,,,,,,,
qaoa,16,qiskitaer,matrix,CPU,sync,2,2,575090.0,,,,,,,,,,,,,,,,,,,,,,,,,,,,,,,,,,,,,,,,,,,,,,,,,,,,,,,,,,,,,,,,,,,,,,,
qaoa,16,qiskitaer,automatic,CPU,sync,1,32,103905.0,,,,,,,,,,,,,,,,,,,,,,,,,,,,,,,,,,,,,,,,,,,,,,,,,,,,,,,,,,,,,,,,,,,,,,,
qaoa,16,qiskitaer,automatic,CPU,sync,1,32,105536.0,,,,,,,,,,,,,,,,,,,,,,,,,,,,,,,,,,,,,,,,,,,,,,,,,,,,,,,,,,,,,,,,,,,,,,,
qaoa,16,qiskitaer,automatic,CPU,sync,1,32,100140.0,,,,,,,,,,,,,,,,,,,,,,,,,,,,,,,,,,,,,,,,,,,,,,,,,,,,,,,,,,,,,,,,,,,,,,,
qaoa,16,qiskitaer,automatic,CPU,sync,1,16,93327.0,,,,,,,,,,,,,,,,,,,,,,,,,,,,,,,,,,,,,,,,,,,,,,,,,,,,,,,,,,,,,,,,,,,,,,,
qaoa,16,qiskitaer,automatic,CPU,sync,1,16,91865.0,,,,,,,,,,,,,,,,,,,,,,,,,,,,,,,,,,,,,,,,,,,,,,,,,,,,,,,,,,,,,,,,,,,,,,,
qaoa,16,qiskitaer,automatic,CPU,sync,1,16,95972.0,,,,,,,,,,,,,,,,,,,,,,,,,,,,,,,,,,,,,,,,,,,,,,,,,,,,,,,,,,,,,,,,,,,,,,,
qaoa,16,qiskitaer,statevector,CPU,sync,1,16,95513.0,,,,,,,,,,,,,,,,,,,,,,,,,,,,,,,,,,,,,,,,,,,,,,,,,,,,,,,,,,,,,,,,,,,,,,,
qaoa,16,qiskitaer,statevector,CPU,sync,1,16,90789.0,,,,,,,,,,,,,,,,,,,,,,,,,,,,,,,,,,,,,,,,,,,,,,,,,,,,,,,,,,,,,,,,,,,,,,,
qaoa,16,qiskitaer,statevector,CPU,sync,1,16,92942.0,,,,,,,,,,,,,,,,,,,,,,,,,,,,,,,,,,,,,,,,,,,,,,,,,,,,,,,,,,,,,,,,,,,,,,,
qaoa,16,qiskitaer,statevector,CPU,sync,1,32,105763.0,,,,,,,,,,,,,,,,,,,,,,,,,,,,,,,,,,,,,,,,,,,,,,,,,,,,,,,,,,,,,,,,,,,,,,,
qaoa,16,qiskitaer,statevector,CPU,sync,1,32,109659.0,,,,,,,,,,,,,,,,,,,,,,,,,,,,,,,,,,,,,,,,,,,,,,,,,,,,,,,,,,,,,,,,,,,,,,,
qaoa,16,qiskitaer,statevector,CPU,sync,1,32,100173.0,,,,,,,,,,,,,,,,,,,,,,,,,,,,,,,,,,,,,,,,,,,,,,,,,,,,,,,,,,,,,,,,,,,,,,,
qaoa,20,nwqsim,MPI,CPU,sync,2,8,28844.0,,,,,,,,,,,,,,,,,,,,,,,,,,,,,,,,,,,,,,,,,,,,,,,,,,,,,,,,,,,,,,,,,,,,,,,
qaoa,20,nwqsim,MPI,CPU,sync,2,8,43604.0,,,,,,,,,,,,,,,,,,,,,,,,,,,,,,,,,,,,,,,,,,,,,,,,,,,,,,,,,,,,,,,,,,,,,,,
qaoa,20,nwqsim,MPI,CPU,sync,2,8,34190.0,,,,,,,,,,,,,,,,,,,,,,,,,,,,,,,,,,,,,,,,,,,,,,,,,,,,,,,,,,,,,,,,,,,,,,,
qaoa,20,nwqsim,MPI,CPU,sync,2,8,34661.0,,,,,,,,,,,,,,,,,,,,,,,,,,,,,,,,,,,,,,,,,,,,,,,,,,,,,,,,,,,,,,,,,,,,,,,
qaoa,20,nwqsim,MPI,CPU,sync,2,8,28844.0,,,,,,,,,,,,,,,,,,,,,,,,,,,,,,,,,,,,,,,,,,,,,,,,,,,,,,,,,,,,,,,,,,,,,,,
qaoa,20,nwqsim,MPI,CPU,sync,2,8,43604.0,,,,,,,,,,,,,,,,,,,,,,,,,,,,,,,,,,,,,,,,,,,,,,,,,,,,,,,,,,,,,,,,,,,,,,,
qaoa,20,nwqsim,MPI,CPU,sync,2,8,34190.0,,,,,,,,,,,,,,,,,,,,,,,,,,,,,,,,,,,,,,,,,,,,,,,,,,,,,,,,,,,,,,,,,,,,,,,
qaoa,20,nwqsim,MPI,CPU,sync,2,8,34661.0,,,,,,,,,,,,,,,,,,,,,,,,,,,,,,,,,,,,,,,,,,,,,,,,,,,,,,,,,,,,,,,,,,,,,,,
qaoa,20,nwqsim,MPI,CPU,sync,2,8,167322.96600000001,,,,,,,,,,,,,,,,,,,,,,,,,,,,,,,,,,,,,,,,,,,,,,,,,,,,,,,,,,,,,,,,,,,,,,,
qaoa,20,nwqsim,MPI,CPU,sync,2,4,194160.268,,,,,,,,,,,,,,,,,,,,,,,,,,,,,,,,,,,,,,,,,,,,,,,,,,,,,,,,,,,,,,,,,,,,,,,
qaoa,20,nwqsim,MPI,CPU,sync,2,4,189790.358,,,,,,,,,,,,,,,,,,,,,,,,,,,,,,,,,,,,,,,,,,,,,,,,,,,,,,,,,,,,,,,,,,,,,,,
qaoa,20,nwqsim,MPI,CPU,sync,2,4,156934.228,,,,,,,,,,,,,,,,,,,,,,,,,,,,,,,,,,,,,,,,,,,,,,,,,,,,,,,,,,,,,,,,,,,,,,,
qaoa,20,nwqsim,MPI,CPU,sync,2,4,178836.964,,,,,,,,,,,,,,,,,,,,,,,,,,,,,,,,,,,,,,,,,,,,,,,,,,,,,,,,,,,,,,,,,,,,,,,
qaoa,20,nwqsim,MPI,CPU,sync,2,4,167868.008,,,,,,,,,,,,,,,,,,,,,,,,,,,,,,,,,,,,,,,,,,,,,,,,,,,,,,,,,,,,,,,,,,,,,,,
qaoa,20,nwqsim,MPI,CPU,sync,2,2,183010.92299999998,,,,,,,,,,,,,,,,,,,,,,,,,,,,,,,,,,,,,,,,,,,,,,,,,,,,,,,,,,,,,,,,,,,,,,,
qaoa,20,nwqsim,MPI,CPU,sync,2,2,195004.011,,,,,,,,,,,,,,,,,,,,,,,,,,,,,,,,,,,,,,,,,,,,,,,,,,,,,,,,,,,,,,,,,,,,,,,
qaoa,20,nwqsim,MPI,CPU,sync,2,2,195106.291,,,,,,,,,,,,,,,,,,,,,,,,,,,,,,,,,,,,,,,,,,,,,,,,,,,,,,,,,,,,,,,,,,,,,,,
qaoa,20,nwqsim,MPI,CPU,sync,2,2,178666.633,,,,,,,,,,,,,,,,,,,,,,,,,,,,,,,,,,,,,,,,,,,,,,,,,,,,,,,,,,,,,,,,,,,,,,,
qaoa,20,nwqsim,MPI,CPU,sync,2,2,173048.93300000002,,,,,,,,,,,,,,,,,,,,,,,,,,,,,,,,,,,,,,,,,,,,,,,,,,,,,,,,,,,,,,,,,,,,,,,
qaoa,20,nwqsim,MPI,CPU,sync,1,8,28256.0,,,,,,,,,,,,,,,,,,,,,,,,,,,,,,,,,,,,,,,,,,,,,,,,,,,,,,,,,,,,,,,,,,,,,,,
qaoa,20,nwqsim,MPI,CPU,sync,1,8,29018.0,,,,,,,,,,,,,,,,,,,,,,,,,,,,,,,,,,,,,,,,,,,,,,,,,,,,,,,,,,,,,,,,,,,,,,,
qaoa,20,nwqsim,MPI,CPU,sync,1,8,32875.0,,,,,,,,,,,,,,,,,,,,,,,,,,,,,,,,,,,,,,,,,,,,,,,,,,,,,,,,,,,,,,,,,,,,,,,
qaoa,20,nwqsim,MPI,CPU,sync,1,8,28256.0,,,,,,,,,,,,,,,,,,,,,,,,,,,,,,,,,,,,,,,,,,,,,,,,,,,,,,,,,,,,,,,,,,,,,,,
qaoa,20,nwqsim,MPI,CPU,sync,1,8,29018.0,,,,,,,,,,,,,,,,,,,,,,,,,,,,,,,,,,,,,,,,,,,,,,,,,,,,,,,,,,,,,,,,,,,,,,,
qaoa,20,nwqsim,MPI,CPU,sync,1,8,32875.0,,,,,,,,,,,,,,,,,,,,,,,,,,,,,,,,,,,,,,,,,,,,,,,,,,,,,,,,,,,,,,,,,,,,,,,
qaoa,20,nwqsim,MPI,CPU,sync,1,8,189322.464,,,,,,,,,,,,,,,,,,,,,,,,,,,,,,,,,,,,,,,,,,,,,,,,,,,,,,,,,,,,,,,,,,,,,,,
qaoa,20,nwqsim,MPI,CPU,sync,1,8,218290.482,,,,,,,,,,,,,,,,,,,,,,,,,,,,,,,,,,,,,,,,,,,,,,,,,,,,,,,,,,,,,,,,,,,,,,,
qaoa,20,nwqsim,MPI,CPU,sync,1,8,174086.196,,,,,,,,,,,,,,,,,,,,,,,,,,,,,,,,,,,,,,,,,,,,,,,,,,,,,,,,,,,,,,,,,,,,,,,
qaoa,20,nwqsim,MPI,CPU,sync,1,8,207651.611,,,,,,,,,,,,,,,,,,,,,,,,,,,,,,,,,,,,,,,,,,,,,,,,,,,,,,,,,,,,,,,,,,,,,,,
qaoa,20,nwqsim,MPI,CPU,sync,1,8,185331.34999999998,,,,,,,,,,,,,,,,,,,,,,,,,,,,,,,,,,,,,,,,,,,,,,,,,,,,,,,,,,,,,,,,,,,,,,,
qaoa,20,nwqsim,MPI,CPU,sync,1,8,174427.77899999998,,,,,,,,,,,,,,,,,,,,,,,,,,,,,,,,,,,,,,,,,,,,,,,,,,,,,,,,,,,,,,,,,,,,,,,
qaoa,20,nwqsim,MPI,CPU,sync,1,2,172396.24599999998,,,,,,,,,,,,,,,,,,,,,,,,,,,,,,,,,,,,,,,,,,,,,,,,,,,,,,,,,,,,,,,,,,,,,,,
qaoa,20,nwqsim,MPI,CPU,sync,1,2,190511.576,,,,,,,,,,,,,,,,,,,,,,,,,,,,,,,,,,,,,,,,,,,,,,,,,,,,,,,,,,,,,,,,,,,,,,,
qaoa,20,nwqsim,MPI,CPU,sync,1,2,174142.01299999998,,,,,,,,,,,,,,,,,,,,,,,,,,,,,,,,,,,,,,,,,,,,,,,,,,,,,,,,,,,,,,,,,,,,,,,
qaoa,20,nwqsim,MPI,CPU,sync,1,2,168864.473,,,,,,,,,,,,,,,,,,,,,,,,,,,,,,,,,,,,,,,,,,,,,,,,,,,,,,,,,,,,,,,,,,,,,,,
qaoa,20,nwqsim,MPI,CPU,sync,1,2,157597.80299999999,,,,,,,,,,,,,,,,,,,,,,,,,,,,,,,,,,,,,,,,,,,,,,,,,,,,,,,,,,,,,,,,,,,,,,,
qaoa,20,nwqsim,MPI,CPU,sync,1,2,191029.767,,,,,,,,,,,,,,,,,,,,,,,,,,,,,,,,,,,,,,,,,,,,,,,,,,,,,,,,,,,,,,,,,,,,,,,
qaoa,20,nwqsim,MPI,CPU,sync,1,16,194695.538,,,,,,,,,,,,,,,,,,,,,,,,,,,,,,,,,,,,,,,,,,,,,,,,,,,,,,,,,,,,,,,,,,,,,,,
qaoa,20,nwqsim,MPI,CPU,sync,1,16,184209.77300000002,,,,,,,,,,,,,,,,,,,,,,,,,,,,,,,,,,,,,,,,,,,,,,,,,,,,,,,,,,,,,,,,,,,,,,,
qaoa,20,nwqsim,MPI,CPU,sync,1,16,190633.371,,,,,,,,,,,,,,,,,,,,,,,,,,,,,,,,,,,,,,,,,,,,,,,,,,,,,,,,,,,,,,,,,,,,,,,
qaoa,20,nwqsim,MPI,CPU,sync,1,16,169198.129,,,,,,,,,,,,,,,,,,,,,,,,,,,,,,,,,,,,,,,,,,,,,,,,,,,,,,,,,,,,,,,,,,,,,,,
qaoa,20,nwqsim,MPI,CPU,sync,1,16,185318.287,,,,,,,,,,,,,,,,,,,,,,,,,,,,,,,,,,,,,,,,,,,,,,,,,,,,,,,,,,,,,,,,,,,,,,,
qaoa,20,nwqsim,MPI,CPU,sync,1,16,179760.65500000003,,,,,,,,,,,,,,,,,,,,,,,,,,,,,,,,,,,,,,,,,,,,,,,,,,,,,,,,,,,,,,,,,,,,,,,
qaoa,20,nwqsim,MPI,CPU,sync,1,16,238455.125,,,,,,,,,,,,,,,,,,,,,,,,,,,,,,,,,,,,,,,,,,,,,,,,,,,,,,,,,,,,,,,,,,,,,,,
qaoa,20,nwqsim,MPI,CPU,sync,1,16,179602.47,,,,,,,,,,,,,,,,,,,,,,,,,,,,,,,,,,,,,,,,,,,,,,,,,,,,,,,,,,,,,,,,,,,,,,,
qaoa,20,nwqsim,MPI,CPU,sync,1,16,168611.352,,,,,,,,,,,,,,,,,,,,,,,,,,,,,,,,,,,,,,,,,,,,,,,,,,,,,,,,,,,,,,,,,,,,,,,
qaoa,20,nwqsim,MPI,CPU,sync,1,16,218707.925,,,,,,,,,,,,,,,,,,,,,,,,,,,,,,,,,,,,,,,,,,,,,,,,,,,,,,,,,,,,,,,,,,,,,,,
qaoa,20,nwqsim,MPI,CPU,sync,1,16,185268.186,,,,,,,,,,,,,,,,,,,,,,,,,,,,,,,,,,,,,,,,,,,,,,,,,,,,,,,,,,,,,,,,,,,,,,,
qaoa,20,nwqsim,MPI,CPU,sync,1,1,166383.45899999997,,,,,,,,,,,,,,,,,,,,,,,,,,,,,,,,,,,,,,,,,,,,,,,,,,,,,,,,,,,,,,,,,,,,,,,
qaoa,20,nwqsim,MPI,CPU,sync,1,1,159967.352,,,,,,,,,,,,,,,,,,,,,,,,,,,,,,,,,,,,,,,,,,,,,,,,,,,,,,,,,,,,,,,,,,,,,,,
qaoa,20,nwqsim,MPI,CPU,sync,1,1,213226.215,,,,,,,,,,,,,,,,,,,,,,,,,,,,,,,,,,,,,,,,,,,,,,,,,,,,,,,,,,,,,,,,,,,,,,,
qaoa,20,nwqsim,MPI,CPU,sync,1,4,161927.109,,,,,,,,,,,,,,,,,,,,,,,,,,,,,,,,,,,,,,,,,,,,,,,,,,,,,,,,,,,,,,,,,,,,,,,
qaoa,20,nwqsim,MPI,CPU,sync,1,4,157434.115,,,,,,,,,,,,,,,,,,,,,,,,,,,,,,,,,,,,,,,,,,,,,,,,,,,,,,,,,,,,,,,,,,,,,,,
qaoa,20,nwqsim,MPI,CPU,sync,1,4,168389.58,,,,,,,,,,,,,,,,,,,,,,,,,,,,,,,,,,,,,,,,,,,,,,,,,,,,,,,,,,,,,,,,,,,,,,,
qaoa,20,nwqsim,MPI,CPU,sync,1,4,174294.511,,,,,,,,,,,,,,,,,,,,,,,,,,,,,,,,,,,,,,,,,,,,,,,,,,,,,,,,,,,,,,,,,,,,,,,
qaoa,20,nwqsim,MPI,CPU,sync,1,4,240914.711,,,,,,,,,,,,,,,,,,,,,,,,,,,,,,,,,,,,,,,,,,,,,,,,,,,,,,,,,,,,,,,,,,,,,,,
qaoa,20,nwqsim,MPI,CPU,sync,1,4,183328.542,,,,,,,,,,,,,,,,,,,,,,,,,,,,,,,,,,,,,,,,,,,,,,,,,,,,,,,,,,,,,,,,,,,,,,,
qaoa,20,nwqsim,MPI,CPU,sync,4,1,177192.078,,,,,,,,,,,,,,,,,,,,,,,,,,,,,,,,,,,,,,,,,,,,,,,,,,,,,,,,,,,,,,,,,,,,,,,
qaoa,20,nwqsim,MPI,CPU,sync,4,8,167283.43899999998,,,,,,,,,,,,,,,,,,,,,,,,,,,,,,,,,,,,,,,,,,,,,,,,,,,,,,,,,,,,,,,,,,,,,,,
qaoa,20,nwqsim,MPI,CPU,sync,4,8,195232.432,,,,,,,,,,,,,,,,,,,,,,,,,,,,,,,,,,,,,,,,,,,,,,,,,,,,,,,,,,,,,,,,,,,,,,,
qaoa,20,nwqsim,MPI,CPU,sync,4,8,167816.98,,,,,,,,,,,,,,,,,,,,,,,,,,,,,,,,,,,,,,,,,,,,,,,,,,,,,,,,,,,,,,,,,,,,,,,
qaoa,20,nwqsim,MPI,CPU,sync,4,8,184345.265,,,,,,,,,,,,,,,,,,,,,,,,,,,,,,,,,,,,,,,,,,,,,,,,,,,,,,,,,,,,,,,,,,,,,,,
qaoa,20,nwqsim,MPI,CPU,sync,4,8,190114.619,,,,,,,,,,,,,,,,,,,,,,,,,,,,,,,,,,,,,,,,,,,,,,,,,,,,,,,,,,,,,,,,,,,,,,,
qaoa,20,nwqsim,MPI,CPU,sync,4,2,171432.541,,,,,,,,,,,,,,,,,,,,,,,,,,,,,,,,,,,,,,,,,,,,,,,,,,,,,,,,,,,,,,,,,,,,,,,
qaoa,20,nwqsim,MPI,CPU,sync,4,4,163925.558,,,,,,,,,,,,,,,,,,,,,,,,,,,,,,,,,,,,,,,,,,,,,,,,,,,,,,,,,,,,,,,,,,,,,,,
qaoa,20,nwqsim,MPI,CPU,sync,4,4,184426.462,,,,,,,,,,,,,,,,,,,,,,,,,,,,,,,,,,,,,,,,,,,,,,,,,,,,,,,,,,,,,,,,,,,,,,,
qaoa,20,nwqsim,MPI,CPU,sync,4,4,178874.583,,,,,,,,,,,,,,,,,,,,,,,,,,,,,,,,,,,,,,,,,,,,,,,,,,,,,,,,,,,,,,,,,,,,,,,
qaoa,20,nwqsim,MPI,CPU,sync,4,4,162261.747,,,,,,,,,,,,,,,,,,,,,,,,,,,,,,,,,,,,,,,,,,,,,,,,,,,,,,,,,,,,,,,,,,,,,,,
qaoa,20,nwqsim,MPI,CPU,sync,4,4,173516.42799999999,,,,,,,,,,,,,,,,,,,,,,,,,,,,,,,,,,,,,,,,,,,,,,,,,,,,,,,,,,,,,,,,,,,,,,,
qaoa,20,ionq,simulator,CPU,sync,1,8,358578.0,,,,,,,,,,,,,,,,,,,,,,,,,,,,,,,,,,,,,,,,,,,,,,,,,,,,,,,,,,,,,,,,,,,,,,,
qaoa,20,ionq,simulator,CPU,sync,1,8,484007.0,,,,,,,,,,,,,,,,,,,,,,,,,,,,,,,,,,,,,,,,,,,,,,,,,,,,,,,,,,,,,,,,,,,,,,,
qaoa,20,ionq,simulator,CPU,sync,1,8,358578.0,,,,,,,,,,,,,,,,,,,,,,,,,,,,,,,,,,,,,,,,,,,,,,,,,,,,,,,,,,,,,,,,,,,,,,,
qaoa,20,ionq,simulator,CPU,sync,1,8,484007.0,,,,,,,,,,,,,,,,,,,,,,,,,,,,,,,,,,,,,,,,,,,,,,,,,,,,,,,,,,,,,,,,,,,,,,,
qaoa,20,ionq,simulator,CPU,sync,2,8,358578.0,,,,,,,,,,,,,,,,,,,,,,,,,,,,,,,,,,,,,,,,,,,,,,,,,,,,,,,,,,,,,,,,,,,,,,,
qaoa,20,ionq,simulator,CPU,sync,2,8,484007.0,,,,,,,,,,,,,,,,,,,,,,,,,,,,,,,,,,,,,,,,,,,,,,,,,,,,,,,,,,,,,,,,,,,,,,,
qaoa,20,ionq,simulator,CPU,sync,2,8,358578.0,,,,,,,,,,,,,,,,,,,,,,,,,,,,,,,,,,,,,,,,,,,,,,,,,,,,,,,,,,,,,,,,,,,,,,,
qaoa,20,ionq,simulator,CPU,sync,2,8,484007.0,,,,,,,,,,,,,,,,,,,,,,,,,,,,,,,,,,,,,,,,,,,,,,,,,,,,,,,,,,,,,,,,,,,,,,,
qaoa,10,qiskitaer,matrix,CPU,sync,1,4,195698.0,,,,,,,,,,,,,,,,,,,,,,,,,,,,,,,,,,,,,,,,,,,,,,,,,,,,,,,,,,,,,,,,,,,,,,,
qaoa,10,qiskitaer,matrix,CPU,sync,1,4,245086.0,,,,,,,,,,,,,,,,,,,,,,,,,,,,,,,,,,,,,,,,,,,,,,,,,,,,,,,,,,,,,,,,,,,,,,,
qaoa,10,qiskitaer,matrix,CPU,sync,1,4,220833.0,,,,,,,,,,,,,,,,,,,,,,,,,,,,,,,,,,,,,,,,,,,,,,,,,,,,,,,,,,,,,,,,,,,,,,,
qaoa,10,qiskitaer,matrix,CPU,sync,1,4,195698.0,,,,,,,,,,,,,,,,,,,,,,,,,,,,,,,,,,,,,,,,,,,,,,,,,,,,,,,,,,,,,,,,,,,,,,,
qaoa,10,qiskitaer,matrix,CPU,sync,1,4,245086.0,,,,,,,,,,,,,,,,,,,,,,,,,,,,,,,,,,,,,,,,,,,,,,,,,,,,,,,,,,,,,,,,,,,,,,,
qaoa,10,qiskitaer,matrix,CPU,sync,1,4,220833.0,,,,,,,,,,,,,,,,,,,,,,,,,,,,,,,,,,,,,,,,,,,,,,,,,,,,,,,,,,,,,,,,,,,,,,,
qaoa,10,qiskitaer,automatic,CPU,sync,1,4,219168.0,,,,,,,,,,,,,,,,,,,,,,,,,,,,,,,,,,,,,,,,,,,,,,,,,,,,,,,,,,,,,,,,,,,,,,,
qaoa,10,qiskitaer,automatic,CPU,sync,1,4,222691.0,,,,,,,,,,,,,,,,,,,,,,,,,,,,,,,,,,,,,,,,,,,,,,,,,,,,,,,,,,,,,,,,,,,,,,,
qaoa,10,qiskitaer,automatic,CPU,sync,1,4,207302.0,,,,,,,,,,,,,,,,,,,,,,,,,,,,,,,,,,,,,,,,,,,,,,,,,,,,,,,,,,,,,,,,,,,,,,,
qaoa,10,qiskitaer,automatic,CPU,sync,1,4,219168.0,,,,,,,,,,,,,,,,,,,,,,,,,,,,,,,,,,,,,,,,,,,,,,,,,,,,,,,,,,,,,,,,,,,,,,,
qaoa,10,qiskitaer,automatic,CPU,sync,1,4,222691.0,,,,,,,,,,,,,,,,,,,,,,,,,,,,,,,,,,,,,,,,,,,,,,,,,,,,,,,,,,,,,,,,,,,,,,,
qaoa,10,qiskitaer,automatic,CPU,sync,1,4,207302.0,,,,,,,,,,,,,,,,,,,,,,,,,,,,,,,,,,,,,,,,,,,,,,,,,,,,,,,,,,,,,,,,,,,,,,,
qaoa,10,qiskitaer,statevector,CPU,sync,1,4,195161.0,,,,,,,,,,,,,,,,,,,,,,,,,,,,,,,,,,,,,,,,,,,,,,,,,,,,,,,,,,,,,,,,,,,,,,,
qaoa,10,qiskitaer,statevector,CPU,sync,1,4,278792.0,,,,,,,,,,,,,,,,,,,,,,,,,,,,,,,,,,,,,,,,,,,,,,,,,,,,,,,,,,,,,,,,,,,,,,,
qaoa,10,qiskitaer,statevector,CPU,sync,1,4,191318.0,,,,,,,,,,,,,,,,,,,,,,,,,,,,,,,,,,,,,,,,,,,,,,,,,,,,,,,,,,,,,,,,,,,,,,,
qaoa,10,qiskitaer,statevector,CPU,sync,1,4,195161.0,,,,,,,,,,,,,,,,,,,,,,,,,,,,,,,,,,,,,,,,,,,,,,,,,,,,,,,,,,,,,,,,,,,,,,,
qaoa,10,qiskitaer,statevector,CPU,sync,1,4,278792.0,,,,,,,,,,,,,,,,,,,,,,,,,,,,,,,,,,,,,,,,,,,,,,,,,,,,,,,,,,,,,,,,,,,,,,,
qaoa,10,qiskitaer,statevector,CPU,sync,1,4,191318.0,,,,,,,,,,,,,,,,,,,,,,,,,,,,,,,,,,,,,,,,,,,,,,,,,,,,,,,,,,,,,,,,,,,,,,,
qaoa,10,qtensor,numpy,CPU,sync,1,4,580340.0,,,,,,,,,,,,,,,,,,,,,,,,,,,,,,,,,,,,,,,,,,,,,,,,,,,,,,,,,,,,,,,,,,,,,,,
qaoa,10,qtensor,numpy,CPU,sync,1,4,812577.0,,,,,,,,,,,,,,,,,,,,,,,,,,,,,,,,,,,,,,,,,,,,,,,,,,,,,,,,,,,,,,,,,,,,,,,
qaoa,10,qtensor,numpy,CPU,sync,1,4,708299.0,,,,,,,,,,,,,,,,,,,,,,,,,,,,,,,,,,,,,,,,,,,,,,,,,,,,,,,,,,,,,,,,,,,,,,,
qaoa,10,qtensor,numpy,CPU,sync,1,4,580340.0,,,,,,,,,,,,,,,,,,,,,,,,,,,,,,,,,,,,,,,,,,,,,,,,,,,,,,,,,,,,,,,,,,,,,,,
qaoa,10,qtensor,numpy,CPU,sync,1,4,812577.0,,,,,,,,,,,,,,,,,,,,,,,,,,,,,,,,,,,,,,,,,,,,,,,,,,,,,,,,,,,,,,,,,,,,,,,
qaoa,10,qtensor,numpy,CPU,sync,1,4,708299.0,,,,,,,,,,,,,,,,,,,,,,,,,,,,,,,,,,,,,,,,,,,,,,,,,,,,,,,,,,,,,,,,,,,,,,,
qaoa,10,nwqsim,MPI,CPU,sync,1,4,15551.0,,,,,,,,,,,,,,,,,,,,,,,,,,,,,,,,,,,,,,,,,,,,,,,,,,,,,,,,,,,,,,,,,,,,,,,
qaoa,10,nwqsim,MPI,CPU,sync,1,4,13247.0,,,,,,,,,,,,,,,,,,,,,,,,,,,,,,,,,,,,,,,,,,,,,,,,,,,,,,,,,,,,,,,,,,,,,,,
qaoa,10,nwqsim,MPI,CPU,sync,1,4,15952.0,,,,,,,,,,,,,,,,,,,,,,,,,,,,,,,,,,,,,,,,,,,,,,,,,,,,,,,,,,,,,,,,,,,,,,,
qaoa,10,nwqsim,MPI,CPU,sync,1,4,15551.0,,,,,,,,,,,,,,,,,,,,,,,,,,,,,,,,,,,,,,,,,,,,,,,,,,,,,,,,,,,,,,,,,,,,,,,
qaoa,10,nwqsim,MPI,CPU,sync,1,4,13247.0,,,,,,,,,,,,,,,,,,,,,,,,,,,,,,,,,,,,,,,,,,,,,,,,,,,,,,,,,,,,,,,,,,,,,,,
qaoa,10,nwqsim,MPI,CPU,sync,1,4,15952.0,,,,,,,,,,,,,,,,,,,,,,,,,,,,,,,,,,,,,,,,,,,,,,,,,,,,,,,,,,,,,,,,,,,,,,,
qaoa,10,nwqsim,MPI,CPU,sync,1,1,158235.234,,,,,,,,,,,,,,,,,,,,,,,,,,,,,,,,,,,,,,,,,,,,,,,,,,,,,,,,,,,,,,,,,,,,,,,
qaoa,10,nwqsim,MPI,CPU,sync,4,1,155658.965,,,,,,,,,,,,,,,,,,,,,,,,,,,,,,,,,,,,,,,,,,,,,,,,,,,,,,,,,,,,,,,,,,,,,,,
qaoa,10,nwqsim,MPI,CPU,sync,4,2,170041.256,,,,,,,,,,,,,,,,,,,,,,,,,,,,,,,,,,,,,,,,,,,,,,,,,,,,,,,,,,,,,,,,,,,,,,,
qaoa,10,nwqsim,MPI,CPU,sync,4,2,206359.225,,,,,,,,,,,,,,,,,,,,,,,,,,,,,,,,,,,,,,,,,,,,,,,,,,,,,,,,,,,,,,,,,,,,,,,
qaoa,10,nwqsim,MPI,CPU,sync,4,2,150483.00900000002,,,,,,,,,,,,,,,,,,,,,,,,,,,,,,,,,,,,,,,,,,,,,,,,,,,,,,,,,,,,,,,,,,,,,,,
qaoa,10,nwqsim,MPI,CPU,sync,4,2,139645.386,,,,,,,,,,,,,,,,,,,,,,,,,,,,,,,,,,,,,,,,,,,,,,,,,,,,,,,,,,,,,,,,,,,,,,,
qaoa,10,nwqsim,MPI,CPU,sync,4,2,169695.62099999998,,,,,,,,,,,,,,,,,,,,,,,,,,,,,,,,,,,,,,,,,,,,,,,,,,,,,,,,,,,,,,,,,,,,,,,
qaoa,10,nwqsim,MPI,CPU,sync,2,4,167677.94799999997,,,,,,,,,,,,,,,,,,,,,,,,,,,,,,,,,,,,,,,,,,,,,,,,,,,,,,,,,,,,,,,,,,,,,,,
qaoa,10,nwqsim,MPI,CPU,sync,2,4,150709.20899999997,,,,,,,,,,,,,,,,,,,,,,,,,,,,,,,,,,,,,,,,,,,,,,,,,,,,,,,,,,,,,,,,,,,,,,,
qaoa,10,nwqsim,MPI,CPU,sync,2,4,139261.04799999998,,,,,,,,,,,,,,,,,,,,,,,,,,,,,,,,,,,,,,,,,,,,,,,,,,,,,,,,,,,,,,,,,,,,,,,
qaoa,10,nwqsim,MPI,CPU,sync,2,4,144779.86000000002,,,,,,,,,,,,,,,,,,,,,,,,,,,,,,,,,,,,,,,,,,,,,,,,,,,,,,,,,,,,,,,,,,,,,,,
qaoa,10,nwqsim,MPI,CPU,sync,2,4,144404.93699999998,,,,,,,,,,,,,,,,,,,,,,,,,,,,,,,,,,,,,,,,,,,,,,,,,,,,,,,,,,,,,,,,,,,,,,,
qaoa,10,nwqsim,MPI,CPU,sync,2,2,170120.247,,,,,,,,,,,,,,,,,,,,,,,,,,,,,,,,,,,,,,,,,,,,,,,,,,,,,,,,,,,,,,,,,,,,,,,
qaoa,10,nwqsim,MPI,CPU,sync,2,2,148168.08800000002,,,,,,,,,,,,,,,,,,,,,,,,,,,,,,,,,,,,,,,,,,,,,,,,,,,,,,,,,,,,,,,,,,,,,,,
qaoa,10,nwqsim,MPI,CPU,sync,2,2,171329.18000000002,,,,,,,,,,,,,,,,,,,,,,,,,,,,,,,,,,,,,,,,,,,,,,,,,,,,,,,,,,,,,,,,,,,,,,,
qaoa,10,nwqsim,MPI,CPU,sync,2,2,211855.698,,,,,,,,,,,,,,,,,,,,,,,,,,,,,,,,,,,,,,,,,,,,,,,,,,,,,,,,,,,,,,,,,,,,,,,
qaoa,10,nwqsim,MPI,CPU,sync,2,2,206194.43000000002,,,,,,,,,,,,,,,,,,,,,,,,,,,,,,,,,,,,,,,,,,,,,,,,,,,,,,,,,,,,,,,,,,,,,,,
qaoa,10,nwqsim,MPI,CPU,sync,2,8,158782.13199999998,,,,,,,,,,,,,,,,,,,,,,,,,,,,,,,,,,,,,,,,,,,,,,,,,,,,,,,,,,,,,,,,,,,,,,,
qaoa,10,nwqsim,MPI,CPU,sync,2,8,176593.447,,,,,,,,,,,,,,,,,,,,,,,,,,,,,,,,,,,,,,,,,,,,,,,,,,,,,,,,,,,,,,,,,,,,,,,
qaoa,10,nwqsim,MPI,CPU,sync,2,8,155596.204,,,,,,,,,,,,,,,,,,,,,,,,,,,,,,,,,,,,,,,,,,,,,,,,,,,,,,,,,,,,,,,,,,,,,,,
qaoa,10,nwqsim,MPI,CPU,sync,2,8,155307.731,,,,,,,,,,,,,,,,,,,,,,,,,,,,,,,,,,,,,,,,,,,,,,,,,,,,,,,,,,,,,,,,,,,,,,,
qaoa,10,nwqsim,MPI,CPU,sync,2,8,155782.587,,,,,,,,,,,,,,,,,,,,,,,,,,,,,,,,,,,,,,,,,,,,,,,,,,,,,,,,,,,,,,,,,,,,,,,
qaoa,30,nwqsim,MPI,CPU,sync,16,8,5148218.6899999995,,,,,,,,,,,,,,,,,,,,,,,,,,,,,,,,,,,,,,,,,,,,,,,,,,,,,,,,,,,,,,,,,,,,,,,
dqaoa,40,ionq,4subs12,CPU,sync,1,56,383000.0,,,,,,,,,,,,,,,,,,,,,,,,,,,,,,,,,,,,,,,,,,,,,,,,,,,,,,,,,,,,,,,,,,,,,,,
dqaoa,40,ionq,4subs12,CPU,sync,1,56,487000.0,,,,,,,,,,,,,,,,,,,,,,,,,,,,,,,,,,,,,,,,,,,,,,,,,,,,,,,,,,,,,,,,,,,,,,,
dqaoa,40,ionq,4subs12,CPU,sync,1,56,636000.0,,,,,,,,,,,,,,,,,,,,,,,,,,,,,,,,,,,,,,,,,,,,,,,,,,,,,,,,,,,,,,,,,,,,,,,
dqaoa,40,ionq,4subs12,CPU,sync,1,56,594000.0,,,,,,,,,,,,,,,,,,,,,,,,,,,,,,,,,,,,,,,,,,,,,,,,,,,,,,,,,,,,,,,,,,,,,,,
dqaoa,40,ionq,4subs12,CPU,sync,1,56,609000.0,,,,,,,,,,,,,,,,,,,,,,,,,,,,,,,,,,,,,,,,,,,,,,,,,,,,,,,,,,,,,,,,,,,,,,,
dqaoa,40,ionq,4subs12,CPU,sync,1,56,992000.0,,,,,,,,,,,,,,,,,,,,,,,,,,,,,,,,,,,,,,,,,,,,,,,,,,,,,,,,,,,,,,,,,,,,,,,
dqaoa,40,ionq,4subs12,CPU,sync,1,56,449000.0,,,,,,,,,,,,,,,,,,,,,,,,,,,,,,,,,,,,,,,,,,,,,,,,,,,,,,,,,,,,,,,,,,,,,,,
dqaoa,40,ionq,4subs12,CPU,sync,1,56,605000.0,,,,,,,,,,,,,,,,,,,,,,,,,,,,,,,,,,,,,,,,,,,,,,,,,,,,,,,,,,,,,,,,,,,,,,,
dqaoa,40,ionq,4subs12,CPU,sync,1,56,628000.0,,,,,,,,,,,,,,,,,,,,,,,,,,,,,,,,,,,,,,,,,,,,,,,,,,,,,,,,,,,,,,,,,,,,,,,
dqaoa,40,ionq,4subs12,CPU,sync,1,56,383000.0,,,,,,,,,,,,,,,,,,,,,,,,,,,,,,,,,,,,,,,,,,,,,,,,,,,,,,,,,,,,,,,,,,,,,,,
dqaoa,40,ionq,4subs12,CPU,sync,1,56,487000.0,,,,,,,,,,,,,,,,,,,,,,,,,,,,,,,,,,,,,,,,,,,,,,,,,,,,,,,,,,,,,,,,,,,,,,,
dqaoa,40,ionq,4subs12,CPU,sync,1,56,636000.0,,,,,,,,,,,,,,,,,,,,,,,,,,,,,,,,,,,,,,,,,,,,,,,,,,,,,,,,,,,,,,,,,,,,,,,
dqaoa,40,ionq,4subs12,CPU,sync,1,56,594000.0,,,,,,,,,,,,,,,,,,,,,,,,,,,,,,,,,,,,,,,,,,,,,,,,,,,,,,,,,,,,,,,,,,,,,,,
dqaoa,40,ionq,4subs12,CPU,sync,1,56,609000.0,,,,,,,,,,,,,,,,,,,,,,,,,,,,,,,,,,,,,,,,,,,,,,,,,,,,,,,,,,,,,,,,,,,,,,,
dqaoa,40,ionq,4subs12,CPU,sync,1,56,992000.0,,,,,,,,,,,,,,,,,,,,,,,,,,,,,,,,,,,,,,,,,,,,,,,,,,,,,,,,,,,,,,,,,,,,,,,
dqaoa,40,ionq,4subs12,CPU,sync,1,56,449000.0,,,,,,,,,,,,,,,,,,,,,,,,,,,,,,,,,,,,,,,,,,,,,,,,,,,,,,,,,,,,,,,,,,,,,,,
dqaoa,40,ionq,4subs12,CPU,sync,1,56,605000.0,,,,,,,,,,,,,,,,,,,,,,,,,,,,,,,,,,,,,,,,,,,,,,,,,,,,,,,,,,,,,,,,,,,,,,,
dqaoa,40,ionq,4subs12,CPU,sync,1,56,628000.0,,,,,,,,,,,,,,,,,,,,,,,,,,,,,,,,,,,,,,,,,,,,,,,,,,,,,,,,,,,,,,,,,,,,,,,
dqaoa,40,ionq,4subs16,CPU,sync,1,56,700000.0,,,,,,,,,,,,,,,,,,,,,,,,,,,,,,,,,,,,,,,,,,,,,,,,,,,,,,,,,,,,,,,,,,,,,,,
dqaoa,40,ionq,4subs16,CPU,sync,1,56,806000.0,,,,,,,,,,,,,,,,,,,,,,,,,,,,,,,,,,,,,,,,,,,,,,,,,,,,,,,,,,,,,,,,,,,,,,,
dqaoa,40,ionq,4subs16,CPU,sync,1,56,800000.0,,,,,,,,,,,,,,,,,,,,,,,,,,,,,,,,,,,,,,,,,,,,,,,,,,,,,,,,,,,,,,,,,,,,,,,
dqaoa,40,ionq,4subs16,CPU,sync,1,56,1278000.0,,,,,,,,,,,,,,,,,,,,,,,,,,,,,,,,,,,,,,,,,,,,,,,,,,,,,,,,,,,,,,,,,,,,,,,
dqaoa,40,ionq,4subs16,CPU,sync,1,56,886000.0,,,,,,,,,,,,,,,,,,,,,,,,,,,,,,,,,,,,,,,,,,,,,,,,,,,,,,,,,,,,,,,,,,,,,,,
dqaoa,40,ionq,4subs16,CPU,sync,1,56,837000.0,,,,,,,,,,,,,,,,,,,,,,,,,,,,,,,,,,,,,,,,,,,,,,,,,,,,,,,,,,,,,,,,,,,,,,,
dqaoa,40,ionq,4subs16,CPU,sync,1,56,700000.0,,,,,,,,,,,,,,,,,,,,,,,,,,,,,,,,,,,,,,,,,,,,,,,,,,,,,,,,,,,,,,,,,,,,,,,
dqaoa,40,ionq,4subs16,CPU,sync,1,56,806000.0,,,,,,,,,,,,,,,,,,,,,,,,,,,,,,,,,,,,,,,,,,,,,,,,,,,,,,,,,,,,,,,,,,,,,,,
dqaoa,40,ionq,4subs16,CPU,sync,1,56,800000.0,,,,,,,,,,,,,,,,,,,,,,,,,,,,,,,,,,,,,,,,,,,,,,,,,,,,,,,,,,,,,,,,,,,,,,,
dqaoa,40,ionq,4subs16,CPU,sync,1,56,1278000.0,,,,,,,,,,,,,,,,,,,,,,,,,,,,,,,,,,,,,,,,,,,,,,,,,,,,,,,,,,,,,,,,,,,,,,,
dqaoa,40,ionq,4subs16,CPU,sync,1,56,886000.0,,,,,,,,,,,,,,,,,,,,,,,,,,,,,,,,,,,,,,,,,,,,,,,,,,,,,,,,,,,,,,,,,,,,,,,
dqaoa,40,ionq,4subs16,CPU,sync,1,56,837000.0,,,,,,,,,,,,,,,,,,,,,,,,,,,,,,,,,,,,,,,,,,,,,,,,,,,,,,,,,,,,,,,,,,,,,,,
dqaoa,40,nwqsim,4subs16,CPU,sync,1,56,201000.0,,,,,,,,,,,,,,,,,,,,,,,,,,,,,,,,,,,,,,,,,,,,,,,,,,,,,,,,,,,,,,,,,,,,,,,
dqaoa,40,nwqsim,4subs16,CPU,sync,1,56,201000.0,,,,,,,,,,,,,,,,,,,,,,,,,,,,,,,,,,,,,,,,,,,,,,,,,,,,,,,,,,,,,,,,,,,,,,,
dqaoa,40,nwqsim,4subs12,CPU,sync,1,56,181000.0,,,,,,,,,,,,,,,,,,,,,,,,,,,,,,,,,,,,,,,,,,,,,,,,,,,,,,,,,,,,,,,,,,,,,,,
dqaoa,40,nwqsim,4subs12,CPU,sync,1,56,222000.0,,,,,,,,,,,,,,,,,,,,,,,,,,,,,,,,,,,,,,,,,,,,,,,,,,,,,,,,,,,,,,,,,,,,,,,
dqaoa,40,nwqsim,4subs12,CPU,sync,1,56,271000.0,,,,,,,,,,,,,,,,,,,,,,,,,,,,,,,,,,,,,,,,,,,,,,,,,,,,,,,,,,,,,,,,,,,,,,,
dqaoa,40,nwqsim,4subs12,CPU,sync,1,56,305000.0,,,,,,,,,,,,,,,,,,,,,,,,,,,,,,,,,,,,,,,,,,,,,,,,,,,,,,,,,,,,,,,,,,,,,,,
dqaoa,40,nwqsim,4subs12,CPU,sync,1,56,352000.0,,,,,,,,,,,,,,,,,,,,,,,,,,,,,,,,,,,,,,,,,,,,,,,,,,,,,,,,,,,,,,,,,,,,,,,
dqaoa,40,nwqsim,4subs12,CPU,sync,1,56,408000.0,,,,,,,,,,,,,,,,,,,,,,,,,,,,,,,,,,,,,,,,,,,,,,,,,,,,,,,,,,,,,,,,,,,,,,,
dqaoa,40,nwqsim,4subs12,CPU,sync,1,56,459000.0,,,,,,,,,,,,,,,,,,,,,,,,,,,,,,,,,,,,,,,,,,,,,,,,,,,,,,,,,,,,,,,,,,,,,,,
dqaoa,40,nwqsim,4subs12,CPU,sync,1,56,475000.0,,,,,,,,,,,,,,,,,,,,,,,,,,,,,,,,,,,,,,,,,,,,,,,,,,,,,,,,,,,,,,,,,,,,,,,
dqaoa,40,nwqsim,4subs12,CPU,sync,1,56,517000.0,,,,,,,,,,,,,,,,,,,,,,,,,,,,,,,,,,,,,,,,,,,,,,,,,,,,,,,,,,,,,,,,,,,,,,,
dqaoa,40,nwqsim,4subs12,CPU,sync,1,56,181000.0,,,,,,,,,,,,,,,,,,,,,,,,,,,,,,,,,,,,,,,,,,,,,,,,,,,,,,,,,,,,,,,,,,,,,,,
dqaoa,40,nwqsim,4subs12,CPU,sync,1,56,222000.0,,,,,,,,,,,,,,,,,,,,,,,,,,,,,,,,,,,,,,,,,,,,,,,,,,,,,,,,,,,,,,,,,,,,,,,
dqaoa,40,nwqsim,4subs12,CPU,sync,1,56,271000.0,,,,,,,,,,,,,,,,,,,,,,,,,,,,,,,,,,,,,,,,,,,,,,,,,,,,,,,,,,,,,,,,,,,,,,,
dqaoa,40,nwqsim,4subs12,CPU,sync,1,56,305000.0,,,,,,,,,,,,,,,,,,,,,,,,,,,,,,,,,,,,,,,,,,,,,,,,,,,,,,,,,,,,,,,,,,,,,,,
dqaoa,40,nwqsim,4subs12,CPU,sync,1,56,352000.0,,,,,,,,,,,,,,,,,,,,,,,,,,,,,,,,,,,,,,,,,,,,,,,,,,,,,,,,,,,,,,,,,,,,,,,
dqaoa,40,nwqsim,4subs12,CPU,sync,1,56,408000.0,,,,,,,,,,,,,,,,,,,,,,,,,,,,,,,,,,,,,,,,,,,,,,,,,,,,,,,,,,,,,,,,,,,,,,,
dqaoa,40,nwqsim,4subs12,CPU,sync,1,56,459000.0,,,,,,,,,,,,,,,,,,,,,,,,,,,,,,,,,,,,,,,,,,,,,,,,,,,,,,,,,,,,,,,,,,,,,,,
dqaoa,40,nwqsim,4subs12,CPU,sync,1,56,475000.0,,,,,,,,,,,,,,,,,,,,,,,,,,,,,,,,,,,,,,,,,,,,,,,,,,,,,,,,,,,,,,,,,,,,,,,
dqaoa,40,nwqsim,4subs12,CPU,sync,1,56,517000.0,,,,,,,,,,,,,,,,,,,,,,,,,,,,,,,,,,,,,,,,,,,,,,,,,,,,,,,,,,,,,,,,,,,,,,,
dqaoa,30,ionq,3subs12,CPU,sync,1,56,494000.0,,,,,,,,,,,,,,,,,,,,,,,,,,,,,,,,,,,,,,,,,,,,,,,,,,,,,,,,,,,,,,,,,,,,,,,
dqaoa,30,ionq,3subs12,CPU,sync,1,56,475000.0,,,,,,,,,,,,,,,,,,,,,,,,,,,,,,,,,,,,,,,,,,,,,,,,,,,,,,,,,,,,,,,,,,,,,,,
dqaoa,30,ionq,3subs12,CPU,sync,1,56,456000.0,,,,,,,,,,,,,,,,,,,,,,,,,,,,,,,,,,,,,,,,,,,,,,,,,,,,,,,,,,,,,,,,,,,,,,,
dqaoa,30,ionq,3subs12,CPU,sync,1,56,460000.0,,,,,,,,,,,,,,,,,,,,,,,,,,,,,,,,,,,,,,,,,,,,,,,,,,,,,,,,,,,,,,,,,,,,,,,
dqaoa,30,ionq,3subs12,CPU,sync,1,56,464000.0,,,,,,,,,,,,,,,,,,,,,,,,,,,,,,,,,,,,,,,,,,,,,,,,,,,,,,,,,,,,,,,,,,,,,,,
dqaoa,30,ionq,3subs12,CPU,sync,1,56,967000.0,,,,,,,,,,,,,,,,,,,,,,,,,,,,,,,,,,,,,,,,,,,,,,,,,,,,,,,,,,,,,,,,,,,,,,,
dqaoa,30,ionq,3subs12,CPU,sync,1,56,494000.0,,,,,,,,,,,,,,,,,,,,,,,,,,,,,,,,,,,,,,,,,,,,,,,,,,,,,,,,,,,,,,,,,,,,,,,
dqaoa,30,ionq,3subs12,CPU,sync,1,56,475000.0,,,,,,,,,,,,,,,,,,,,,,,,,,,,,,,,,,,,,,,,,,,,,,,,,,,,,,,,,,,,,,,,,,,,,,,
dqaoa,30,ionq,3subs12,CPU,sync,1,56,456000.0,,,,,,,,,,,,,,,,,,,,,,,,,,,,,,,,,,,,,,,,,,,,,,,,,,,,,,,,,,,,,,,,,,,,,,,
dqaoa,30,ionq,3subs12,CPU,sync,1,56,460000.0,,,,,,,,,,,,,,,,,,,,,,,,,,,,,,,,,,,,,,,,,,,,,,,,,,,,,,,,,,,,,,,,,,,,,,,
dqaoa,30,ionq,3subs12,CPU,sync,1,56,464000.0,,,,,,,,,,,,,,,,,,,,,,,,,,,,,,,,,,,,,,,,,,,,,,,,,,,,,,,,,,,,,,,,,,,,,,,
dqaoa,30,ionq,3subs12,CPU,sync,1,56,967000.0,,,,,,,,,,,,,,,,,,,,,,,,,,,,,,,,,,,,,,,,,,,,,,,,,,,,,,,,,,,,,,,,,,,,,,,
dqaoa,30,ionq,4subs8,CPU,sync,1,56,375000.0,,,,,,,,,,,,,,,,,,,,,,,,,,,,,,,,,,,,,,,,,,,,,,,,,,,,,,,,,,,,,,,,,,,,,,,
dqaoa,30,ionq,4subs8,CPU,sync,1,56,472000.0,,,,,,,,,,,,,,,,,,,,,,,,,,,,,,,,,,,,,,,,,,,,,,,,,,,,,,,,,,,,,,,,,,,,,,,
dqaoa,30,ionq,4subs8,CPU,sync,1,56,489000.0,,,,,,,,,,,,,,,,,,,,,,,,,,,,,,,,,,,,,,,,,,,,,,,,,,,,,,,,,,,,,,,,,,,,,,,
dqaoa,30,ionq,4subs8,CPU,sync,1,56,465000.0,,,,,,,,,,,,,,,,,,,,,,,,,,,,,,,,,,,,,,,,,,,,,,,,,,,,,,,,,,,,,,,,,,,,,,,
dqaoa,30,ionq,4subs8,CPU,sync,1,56,462000.0,,,,,,,,,,,,,,,,,,,,,,,,,,,,,,,,,,,,,,,,,,,,,,,,,,,,,,,,,,,,,,,,,,,,,,,
dqaoa,30,ionq,4subs8,CPU,sync,1,56,459000.0,,,,,,,,,,,,,,,,,,,,,,,,,,,,,,,,,,,,,,,,,,,,,,,,,,,,,,,,,,,,,,,,,,,,,,,
dqaoa,30,ionq,4subs8,CPU,sync,1,56,969000.0,,,,,,,,,,,,,,,,,,,,,,,,,,,,,,,,,,,,,,,,,,,,,,,,,,,,,,,,,,,,,,,,,,,,,,,
dqaoa,30,ionq,4subs8,CPU,sync,1,56,419000.0,,,,,,,,,,,,,,,,,,,,,,,,,,,,,,,,,,,,,,,,,,,,,,,,,,,,,,,,,,,,,,,,,,,,,,,
dqaoa,30,ionq,4subs8,CPU,sync,1,56,375000.0,,,,,,,,,,,,,,,,,,,,,,,,,,,,,,,,,,,,,,,,,,,,,,,,,,,,,,,,,,,,,,,,,,,,,,,
dqaoa,30,ionq,4subs8,CPU,sync,1,56,472000.0,,,,,,,,,,,,,,,,,,,,,,,,,,,,,,,,,,,,,,,,,,,,,,,,,,,,,,,,,,,,,,,,,,,,,,,
dqaoa,30,ionq,4subs8,CPU,sync,1,56,489000.0,,,,,,,,,,,,,,,,,,,,,,,,,,,,,,,,,,,,,,,,,,,,,,,,,,,,,,,,,,,,,,,,,,,,,,,
dqaoa,30,ionq,4subs8,CPU,sync,1,56,465000.0,,,,,,,,,,,,,,,,,,,,,,,,,,,,,,,,,,,,,,,,,,,,,,,,,,,,,,,,,,,,,,,,,,,,,,,
dqaoa,30,ionq,4subs8,CPU,sync,1,56,462000.0,,,,,,,,,,,,,,,,,,,,,,,,,,,,,,,,,,,,,,,,,,,,,,,,,,,,,,,,,,,,,,,,,,,,,,,
dqaoa,30,ionq,4subs8,CPU,sync,1,56,459000.0,,,,,,,,,,,,,,,,,,,,,,,,,,,,,,,,,,,,,,,,,,,,,,,,,,,,,,,,,,,,,,,,,,,,,,,
dqaoa,30,ionq,4subs8,CPU,sync,1,56,969000.0,,,,,,,,,,,,,,,,,,,,,,,,,,,,,,,,,,,,,,,,,,,,,,,,,,,,,,,,,,,,,,,,,,,,,,,
dqaoa,30,ionq,4subs8,CPU,sync,1,56,419000.0,,,,,,,,,,,,,,,,,,,,,,,,,,,,,,,,,,,,,,,,,,,,,,,,,,,,,,,,,,,,,,,,,,,,,,,
dqaoa,30,ionq,2subs16,CPU,sync,1,56,570000.0,,,,,,,,,,,,,,,,,,,,,,,,,,,,,,,,,,,,,,,,,,,,,,,,,,,,,,,,,,,,,,,,,,,,,,,
dqaoa,30,ionq,2subs16,CPU,sync,1,56,579000.0,,,,,,,,,,,,,,,,,,,,,,,,,,,,,,,,,,,,,,,,,,,,,,,,,,,,,,,,,,,,,,,,,,,,,,,
dqaoa,30,ionq,2subs16,CPU,sync,1,56,556000.0,,,,,,,,,,,,,,,,,,,,,,,,,,,,,,,,,,,,,,,,,,,,,,,,,,,,,,,,,,,,,,,,,,,,,,,
dqaoa,30,ionq,2subs16,CPU,sync,1,56,544000.0,,,,,,,,,,,,,,,,,,,,,,,,,,,,,,,,,,,,,,,,,,,,,,,,,,,,,,,,,,,,,,,,,,,,,,,
dqaoa,30,ionq,2subs16,CPU,sync,1,56,570000.0,,,,,,,,,,,,,,,,,,,,,,,,,,,,,,,,,,,,,,,,,,,,,,,,,,,,,,,,,,,,,,,,,,,,,,,
dqaoa,30,ionq,2subs16,CPU,sync,1,56,579000.0,,,,,,,,,,,,,,,,,,,,,,,,,,,,,,,,,,,,,,,,,,,,,,,,,,,,,,,,,,,,,,,,,,,,,,,
dqaoa,30,ionq,2subs16,CPU,sync,1,56,556000.0,,,,,,,,,,,,,,,,,,,,,,,,,,,,,,,,,,,,,,,,,,,,,,,,,,,,,,,,,,,,,,,,,,,,,,,
dqaoa,30,ionq,2subs16,CPU,sync,1,56,544000.0,,,,,,,,,,,,,,,,,,,,,,,,,,,,,,,,,,,,,,,,,,,,,,,,,,,,,,,,,,,,,,,,,,,,,,,
dqaoa,30,nwqsim,3subs12,CPU,sync,1,56,141000.0,,,,,,,,,,,,,,,,,,,,,,,,,,,,,,,,,,,,,,,,,,,,,,,,,,,,,,,,,,,,,,,,,,,,,,,
dqaoa,30,nwqsim,3subs12,CPU,sync,1,56,167000.0,,,,,,,,,,,,,,,,,,,,,,,,,,,,,,,,,,,,,,,,,,,,,,,,,,,,,,,,,,,,,,,,,,,,,,,
dqaoa,30,nwqsim,3subs12,CPU,sync,1,56,192000.0,,,,,,,,,,,,,,,,,,,,,,,,,,,,,,,,,,,,,,,,,,,,,,,,,,,,,,,,,,,,,,,,,,,,,,,
dqaoa,30,nwqsim,3subs12,CPU,sync,1,56,216000.0,,,,,,,,,,,,,,,,,,,,,,,,,,,,,,,,,,,,,,,,,,,,,,,,,,,,,,,,,,,,,,,,,,,,,,,
dqaoa,30,nwqsim,3subs12,CPU,sync,1,56,235000.0,,,,,,,,,,,,,,,,,,,,,,,,,,,,,,,,,,,,,,,,,,,,,,,,,,,,,,,,,,,,,,,,,,,,,,,
dqaoa,30,nwqsim,3subs12,CPU,sync,1,56,260000.0,,,,,,,,,,,,,,,,,,,,,,,,,,,,,,,,,,,,,,,,,,,,,,,,,,,,,,,,,,,,,,,,,,,,,,,
dqaoa,30,nwqsim,3subs12,CPU,sync,1,56,281000.0,,,,,,,,,,,,,,,,,,,,,,,,,,,,,,,,,,,,,,,,,,,,,,,,,,,,,,,,,,,,,,,,,,,,,,,
dqaoa,30,nwqsim,3subs12,CPU,sync,1,56,329000.0,,,,,,,,,,,,,,,,,,,,,,,,,,,,,,,,,,,,,,,,,,,,,,,,,,,,,,,,,,,,,,,,,,,,,,,
dqaoa,30,nwqsim,3subs12,CPU,sync,1,56,368000.0,,,,,,,,,,,,,,,,,,,,,,,,,,,,,,,,,,,,,,,,,,,,,,,,,,,,,,,,,,,,,,,,,,,,,,,
dqaoa,30,nwqsim,3subs12,CPU,sync,1,56,141000.0,,,,,,,,,,,,,,,,,,,,,,,,,,,,,,,,,,,,,,,,,,,,,,,,,,,,,,,,,,,,,,,,,,,,,,,
dqaoa,30,nwqsim,3subs12,CPU,sync,1,56,167000.0,,,,,,,,,,,,,,,,,,,,,,,,,,,,,,,,,,,,,,,,,,,,,,,,,,,,,,,,,,,,,,,,,,,,,,,
dqaoa,30,nwqsim,3subs12,CPU,sync,1,56,192000.0,,,,,,,,,,,,,,,,,,,,,,,,,,,,,,,,,,,,,,,,,,,,,,,,,,,,,,,,,,,,,,,,,,,,,,,
dqaoa,30,nwqsim,3subs12,CPU,sync,1,56,216000.0,,,,,,,,,,,,,,,,,,,,,,,,,,,,,,,,,,,,,,,,,,,,,,,,,,,,,,,,,,,,,,,,,,,,,,,
dqaoa,30,nwqsim,3subs12,CPU,sync,1,56,235000.0,,,,,,,,,,,,,,,,,,,,,,,,,,,,,,,,,,,,,,,,,,,,,,,,,,,,,,,,,,,,,,,,,,,,,,,
dqaoa,30,nwqsim,3subs12,CPU,sync,1,56,260000.0,,,,,,,,,,,,,,,,,,,,,,,,,,,,,,,,,,,,,,,,,,,,,,,,,,,,,,,,,,,,,,,,,,,,,,,
dqaoa,30,nwqsim,3subs12,CPU,sync,1,56,281000.0,,,,,,,,,,,,,,,,,,,,,,,,,,,,,,,,,,,,,,,,,,,,,,,,,,,,,,,,,,,,,,,,,,,,,,,
dqaoa,30,nwqsim,3subs12,CPU,sync,1,56,329000.0,,,,,,,,,,,,,,,,,,,,,,,,,,,,,,,,,,,,,,,,,,,,,,,,,,,,,,,,,,,,,,,,,,,,,,,
dqaoa,30,nwqsim,3subs12,CPU,sync,1,56,368000.0,,,,,,,,,,,,,,,,,,,,,,,,,,,,,,,,,,,,,,,,,,,,,,,,,,,,,,,,,,,,,,,,,,,,,,,
dqaoa,30,nwqsim,2subs16,CPU,sync,1,56,106000.0,,,,,,,,,,,,,,,,,,,,,,,,,,,,,,,,,,,,,,,,,,,,,,,,,,,,,,,,,,,,,,,,,,,,,,,
dqaoa,30,nwqsim,2subs16,CPU,sync,1,56,130000.0,,,,,,,,,,,,,,,,,,,,,,,,,,,,,,,,,,,,,,,,,,,,,,,,,,,,,,,,,,,,,,,,,,,,,,,
dqaoa,30,nwqsim,2subs16,CPU,sync,1,56,138000.0,,,,,,,,,,,,,,,,,,,,,,,,,,,,,,,,,,,,,,,,,,,,,,,,,,,,,,,,,,,,,,,,,,,,,,,
dqaoa,30,nwqsim,2subs16,CPU,sync,1,56,148000.0,,,,,,,,,,,,,,,,,,,,,,,,,,,,,,,,,,,,,,,,,,,,,,,,,,,,,,,,,,,,,,,,,,,,,,,
dqaoa,30,nwqsim,2subs16,CPU,sync,1,56,158000.0,,,,,,,,,,,,,,,,,,,,,,,,,,,,,,,,,,,,,,,,,,,,,,,,,,,,,,,,,,,,,,,,,,,,,,,
dqaoa,30,nwqsim,2subs16,CPU,sync,1,56,106000.0,,,,,,,,,,,,,,,,,,,,,,,,,,,,,,,,,,,,,,,,,,,,,,,,,,,,,,,,,,,,,,,,,,,,,,,
dqaoa,30,nwqsim,2subs16,CPU,sync,1,56,130000.0,,,,,,,,,,,,,,,,,,,,,,,,,,,,,,,,,,,,,,,,,,,,,,,,,,,,,,,,,,,,,,,,,,,,,,,
dqaoa,30,nwqsim,2subs16,CPU,sync,1,56,138000.0,,,,,,,,,,,,,,,,,,,,,,,,,,,,,,,,,,,,,,,,,,,,,,,,,,,,,,,,,,,,,,,,,,,,,,,
dqaoa,30,nwqsim,2subs16,CPU,sync,1,56,148000.0,,,,,,,,,,,,,,,,,,,,,,,,,,,,,,,,,,,,,,,,,,,,,,,,,,,,,,,,,,,,,,,,,,,,,,,
dqaoa,30,nwqsim,2subs16,CPU,sync,1,56,158000.0,,,,,,,,,,,,,,,,,,,,,,,,,,,,,,,,,,,,,,,,,,,,,,,,,,,,,,,,,,,,,,,,,,,,,,,
dqaoa,30,nwqsim,4subs8,CPU,sync,1,56,158000.0,,,,,,,,,,,,,,,,,,,,,,,,,,,,,,,,,,,,,,,,,,,,,,,,,,,,,,,,,,,,,,,,,,,,,,,
dqaoa,30,nwqsim,4subs8,CPU,sync,1,56,197000.0,,,,,,,,,,,,,,,,,,,,,,,,,,,,,,,,,,,,,,,,,,,,,,,,,,,,,,,,,,,,,,,,,,,,,,,
dqaoa,30,nwqsim,4subs8,CPU,sync,1,56,242000.0,,,,,,,,,,,,,,,,,,,,,,,,,,,,,,,,,,,,,,,,,,,,,,,,,,,,,,,,,,,,,,,,,,,,,,,
dqaoa,30,nwqsim,4subs8,CPU,sync,1,56,279000.0,,,,,,,,,,,,,,,,,,,,,,,,,,,,,,,,,,,,,,,,,,,,,,,,,,,,,,,,,,,,,,,,,,,,,,,
dqaoa,30,nwqsim,4subs8,CPU,sync,1,56,318000.0,,,,,,,,,,,,,,,,,,,,,,,,,,,,,,,,,,,,,,,,,,,,,,,,,,,,,,,,,,,,,,,,,,,,,,,
dqaoa,30,nwqsim,4subs8,CPU,sync,1,56,356000.0,,,,,,,,,,,,,,,,,,,,,,,,,,,,,,,,,,,,,,,,,,,,,,,,,,,,,,,,,,,,,,,,,,,,,,,
dqaoa,30,nwqsim,4subs8,CPU,sync,1,56,158000.0,,,,,,,,,,,,,,,,,,,,,,,,,,,,,,,,,,,,,,,,,,,,,,,,,,,,,,,,,,,,,,,,,,,,,,,
dqaoa,30,nwqsim,4subs8,CPU,sync,1,56,197000.0,,,,,,,,,,,,,,,,,,,,,,,,,,,,,,,,,,,,,,,,,,,,,,,,,,,,,,,,,,,,,,,,,,,,,,,
dqaoa,30,nwqsim,4subs8,CPU,sync,1,56,242000.0,,,,,,,,,,,,,,,,,,,,,,,,,,,,,,,,,,,,,,,,,,,,,,,,,,,,,,,,,,,,,,,,,,,,,,,
dqaoa,30,nwqsim,4subs8,CPU,sync,1,56,279000.0,,,,,,,,,,,,,,,,,,,,,,,,,,,,,,,,,,,,,,,,,,,,,,,,,,,,,,,,,,,,,,,,,,,,,,,
dqaoa,30,nwqsim,4subs8,CPU,sync,1,56,318000.0,,,,,,,,,,,,,,,,,,,,,,,,,,,,,,,,,,,,,,,,,,,,,,,,,,,,,,,,,,,,,,,,,,,,,,,
dqaoa,30,nwqsim,4subs8,CPU,sync,1,56,356000.0,,,,,,,,,,,,,,,,,,,,,,,,,,,,,,,,,,,,,,,,,,,,,,,,,,,,,,,,,,,,,,,,,,,,,,,
,156,ibmq,ibm_pittsburgh,CPU,sync,1,1,34242.535,,,,,,,,,,,,,,,,,,,,,,,,,,,,,,,,,,,,,,,,,,,,,,,,,,,,,,,,,,,d6gvatithhns7391g1eg,Completed,2026-02-27 19:50:14.591476+00:00,2026-02-27 19:50:15.978210+00:00,2026-02-27 19:50:50.220745+00:00,,,,,,,,
,156,ibmq,ibm_pittsburgh,CPU,sync,1,1,33815.515,,,,,,,,,,,,,,,,,,,,,,,,,,,,,,,,,,,,,,,,,,,,,,,,,,,,,,,,,,,d6gv5k1keb2s73bdvlm0,Completed,2026-02-27 19:38:56.596788+00:00,2026-02-27 19:38:57.672018+00:00,2026-02-27 19:39:31.487533+00:00,,,,,,,,
,156,ibmq,ibm_pittsburgh,CPU,sync,1,1,34505.459,,,,,,,,,,,,,,,,,,,,,,,,,,,,,,,,,,,,,,,,,,,,,,,,,,,,,,,,,,,d6gv4m9keb2s73bdvkkg,Completed,2026-02-27 19:36:58.134581+00:00,2026-02-27 19:36:59.060995+00:00,2026-02-27 19:37:33.566454+00:00,,,,,,,,
,156,ibmq,ibm_pittsburgh,CPU,sync,1,1,33737.086,,,,,,,,,,,,,,,,,,,,,,,,,,,,,,,,,,,,,,,,,,,,,,,,,,,,,,,,,,,d6gv1ae48nic73amc8b0,Completed,2026-02-27 19:29:45.311504+00:00,2026-02-27 19:29:46.057064+00:00,2026-02-27 19:30:19.794150+00:00,,,,,,,,
,156,ibmq,ibm_pittsburgh,CPU,sync,1,1,33912.059,,,,,,,,,,,,,,,,,,,,,,,,,,,,,,,,,,,,,,,,,,,,,,,,,,,,,,,,,,,d6guuvn3o3rs73cabc7g,Completed,2026-02-27 19:24:46.503387+00:00,2026-02-27 19:24:47.381003+00:00,2026-02-27 19:25:21.293062+00:00,,,,,,,,
,156,ibmq,ibm_pittsburgh,CPU,sync,1,1,98870.024,,,,,,,,,,,,,,,,,,,,,,,,,,,,,,,,,,,,,,,,,,,,,,,,,,,,,,,,,,,d6gut1ithhns7391fgag,Completed,2026-02-27 19:20:39.075596+00:00,2026-02-27 19:20:40.705093+00:00,2026-02-27 19:22:19.575117+00:00,,,,,,,,
,156,ibmq,ibm_pittsburgh,CPU,sync,1,1,59973.502,,,,,,,,,,,,,,,,,,,,,,,,,,,,,,,,,,,,,,,,,,,,,,,,,,,,,,,,,,,d6gus3hkeb2s73bdv9tg,Completed,2026-02-27 19:18:38.301760+00:00,2026-02-27 19:18:39.102877+00:00,2026-02-27 19:19:39.076379+00:00,,,,,,,,
,120,ibmq,ibm_miami,CPU,sync,1,1,919259.112,,,,,,,,,,,,,,,,,,,,,,,,,,,,,,,,,,,,,,,,,,,,,,,,,,,,,,,,,,,d6gtg0n3o3rs73ca9gsg,Completed,2026-02-27 17:44:34.810816+00:00,2026-02-27 17:44:35.823309+00:00,2026-02-27 17:59:55.082421+00:00,,,,,,,,
,120,ibmq,ibm_miami,CPU,sync,1,1,553042.1209999999,,,,,,,,,,,,,,,,,,,,,,,,,,,,,,,,,,,,,,,,,,,,,,,,,,,,,,,,,,,d6gtfnhkeb2s73bdtigg,Completed,2026-02-27 17:43:58.303705+00:00,2026-02-27 17:43:59.154571+00:00,2026-02-27 17:53:12.196692+00:00,,,,,,,,
,120,ibmq,ibm_miami,CPU,sync,1,1,420022.82,,,,,,,,,,,,,,,,,,,,,,,,,,,,,,,,,,,,,,,,,,,,,,,,,,,,,,,,,,,d6gt0rhkeb2s73bdsu50,Completed,2026-02-27 17:12:14.487696+00:00,2026-02-27 17:12:15.706571+00:00,2026-02-27 17:19:15.729391+00:00,,,,,,,,
,156,ibmq,ibm_pittsburgh,CPU,sync,1,1,33796.848,,,,,,,,,,,,,,,,,,,,,,,,,,,,,,,,,,,,,,,,,,,,,,,,,,,,,,,,,,,d6gs9gf3o3rs73ca7rvg,Completed,2026-02-27 16:22:25.947875+00:00,2026-02-27 16:22:27.438992+00:00,2026-02-27 16:23:01.235840+00:00,,,,,,,,
,156,ibmq,ibm_pittsburgh,CPU,sync,1,1,33152.626,,,,,,,,,,,,,,,,,,,,,,,,,,,,,,,,,,,,,,,,,,,,,,,,,,,,,,,,,,,d6gs95v3o3rs73ca7rk0,Completed,2026-02-27 16:21:43.168578+00:00,2026-02-27 16:21:44.719749+00:00,2026-02-27 16:22:17.872375+00:00,,,,,,,,
,156,ibmq,ibm_pittsburgh,CPU,sync,1,1,59941.174,,,,,,,,,,,,,,,,,,,,,,,,,,,,,,,,,,,,,,,,,,,,,,,,,,,,,,,,,,,d6grp2e48nic73am8230,Completed,2026-02-27 15:47:21.730304+00:00,2026-02-27 15:47:22.846443+00:00,2026-02-27 15:48:22.787617+00:00,,,,,,,,
,156,ibmq,ibm_pittsburgh,CPU,sync,1,1,35379.975,,,,,,,,,,,,,,,,,,,,,,,,,,,,,,,,,,,,,,,,,,,,,,,,,,,,,,,,,,,d6gr05hkeb2s73bdqbl0,Completed,2026-02-27 14:54:14.632562+00:00,2026-02-27 14:54:15.433222+00:00,2026-02-27 14:54:50.813197+00:00,,,,,,,,
,156,ibmq,ibm_fez,CPU,sync,1,1,141078.934,,,,,,,,,,,,,,,,,,,,,,,,,,,,,,,,,,,,,,,,,,,,,,,,,,,,,,,,,,,d6g7buekeflc73ah3fdg,Completed,2026-02-26 16:34:02.003603+00:00,2026-02-26 16:52:41.631415+00:00,2026-02-26 16:55:02.710349+00:00,,,,,,,,
,156,ibmq,ibm_fez,CPU,sync,1,1,58019.509,,,,,,,,,,,,,,,,,,,,,,,,,,,,,,,,,,,,,,,,,,,,,,,,,,,,,,,,,,,d6g6716keflc73ah22kg,Completed,2026-02-26 15:15:16.612005+00:00,2026-02-26 15:21:03.872661+00:00,2026-02-26 15:22:01.892170+00:00,,,,,,,,
,156,ibmq,ibm_pittsburgh,CPU,sync,1,1,352360.831,,,,,,,,,,,,,,,,,,,,,,,,,,,,,,,,,,,,,,,,,,,,,,,,,,,,,,,,,,,d6fhd8p54hss73bc5vt0,Completed,2026-02-25 15:34:59.504842+00:00,2026-02-25 20:27:56.785120+00:00,2026-02-25 20:33:49.145951+00:00,,,,,,,,
,156,ibmq,ibm_fez,CPU,sync,1,1,38383.481,,,,,,,,,,,,,,,,,,,,,,,,,,,,,,,,,,,,,,,,,,,,,,,,,,,,,,,,,,,d6fhd3vg4t5c73892k6g,Completed,2026-02-25 15:34:39.100565+00:00,2026-02-25 15:34:44.210300+00:00,2026-02-25 15:35:22.593781+00:00,,,,,,,,
,156,ibmq,ibm_fez,CPU,sync,1,1,35771.448,,,,,,,,,,,,,,,,,,,,,,,,,,,,,,,,,,,,,,,,,,,,,,,,,,,,,,,,,,,d6fgq2h7ce2c73fk33s0,Completed,2026-02-25 14:54:02.336578+00:00,2026-02-25 15:29:07.184940+00:00,2026-02-25 15:29:42.956388+00:00,,,,,,,,
,156,ibmq,ibm_pittsburgh,CPU,sync,1,1,34952.917,,,,,,,,,,,,,,,,,,,,,,,,,,,,,,,,,,,,,,,,,,,,,,,,,,,,,,,,,,,d6fglevg4t5c73891mj0,Completed,2026-02-25 14:44:11.859798+00:00,2026-02-25 14:44:13.020911+00:00,2026-02-25 14:44:47.973828+00:00,,,,,,,,
,133,ibmq,ibm_torino,CPU,sync,1,1,3598.333,,,,,,,,,,,,,,,,,,,,,,,,,,,,,,,,,,,,,,,,,,,,,,,,,,,,,,,,,,,d6et4ccnsg9c739d1lo0,Completed,2026-02-24 16:30:42.002110+00:00,2026-02-24 16:30:43.071156+00:00,2026-02-24 16:30:46.669489+00:00,,,,,,,,
,133,ibmq,ibm_torino,CPU,sync,1,1,3619.99,,,,,,,,,,,,,,,,,,,,,,,,,,,,,,,,,,,,,,,,,,,,,,,,,,,,,,,,,,,d6ess6fg4t5c7388ao1g,Completed,2026-02-24 16:13:13.339776+00:00,2026-02-24 16:13:14.117214+00:00,2026-02-24 16:13:17.737204+00:00,,,,,,,,
,133,ibmq,ibm_torino,CPU,sync,1,1,22078.471,,,,,,,,,,,,,,,,,,,,,,,,,,,,,,,,,,,,,,,,,,,,,,,,,,,,,,,,,,,d6esng7g4t5c7388aj20,Completed,2026-02-24 16:03:12.972763+00:00,2026-02-24 16:03:25.340948+00:00,2026-02-24 16:03:47.419419+00:00,,,,,,,,
,133,ibmq,ibm_torino,CPU,sync,1,1,10533.309,,,,,,,,,,,,,,,,,,,,,,,,,,,,,,,,,,,,,,,,,,,,,,,,,,,,,,,,,,,d6alltp7ce2c73fee490,Completed,2026-02-18 06:23:51.615068+00:00,2026-02-18 10:55:45.120757+00:00,2026-02-18 10:55:55.654066+00:00,,,,,,,,
,133,ibmq,ibm_torino,CPU,sync,1,1,1988.574269,,,,,,,,,,,,,,,,,,,,,,,,,,,,,,,,,,,,,,,,,,,,,,,,,,,,,,,,,,,d6al0797ce2c73fede20,Cancelled,2026-02-18 05:37:33.669768+00:00,,2026-02-18 05:55:34.475485+00:00,,,,,,,,
,133,ibmq,ibm_torino,CPU,sync,1,1,3029.363,,,,,,,,,,,,,,,,,,,,,,,,,,,,,,,,,,,,,,,,,,,,,,,,,,,,,,,,,,,d69qf0hd1ejc73c7u3i0,Completed,2026-02-16 23:25:54.433026+00:00,2026-02-16 23:25:55.156868+00:00,2026-02-16 23:25:58.186231+00:00,,,,,,,,
,133,ibmq,ibm_torino,CPU,sync,1,1,4011.716,,,,,,,,,,,,,,,,,,,,,,,,,,,,,,,,,,,,,,,,,,,,,,,,,,,,,,,,,,,d69p761d1ejc73c7snp0,Completed,2026-02-16 22:00:56.413806+00:00,2026-02-16 22:00:57.672492+00:00,2026-02-16 22:01:01.684208+00:00,,,,,,,,
,133,ibmq,ibm_torino,CPU,sync,1,1,6653.42,,,,,,,,,,,,,,,,,,,,,,,,,,,,,,,,,,,,,,,,,,,,,,,,,,,,,,,,,,,d692pghv6o8c73d7brjg,Completed,2026-02-15 20:29:54.507261+00:00,2026-02-15 20:29:55.573606+00:00,2026-02-15 20:30:02.227026+00:00,,,,,,,,
,133,ibmq,ibm_torino,CPU,sync,1,1,3193.6,,,,,,,,,,,,,,,,,,,,,,,,,,,,,,,,,,,,,,,,,,,,,,,,,,,,,,,,,,,d692i81v6o8c73d7bj6g,Completed,2026-02-15 20:14:24.550465+00:00,2026-02-15 20:14:25.820131+00:00,2026-02-15 20:14:29.013731+00:00,,,,,,,,
,133,ibmq,ibm_torino,CPU,sync,1,1,456787.8380000001,,,,,,,,,,,,,,,,,,,,,,,,,,,,,,,,,,,,,,,,,,,,,,,,,,,,,,,,,,,d6924dje4kfs73d3msag,Completed,2026-02-15 19:44:54.636665+00:00,2026-02-15 19:44:55.739812+00:00,2026-02-15 19:52:32.527650+00:00,,,,,,,,
,133,ibmq,ibm_torino,CPU,sync,1,1,3505.484,,,,,,,,,,,,,,,,,,,,,,,,,,,,,,,,,,,,,,,,,,,,,,,,,,,,,,,,,,,d691sulbujdc73d1m9pg,Completed,2026-02-15 19:28:58.889926+00:00,2026-02-15 19:29:00.089728+00:00,2026-02-15 19:29:03.595212+00:00,,,,,,,,
,156,ibmq,ibm_pittsburgh,CPU,sync,1,1,17950.243000000002,,,,,,,,,,,,,,,,,,,,,,,,,,,,,,,,,,,,,,,,,,,,,,,,,,,,,,,,,,,d6699t3e4kfs73d0dkl0,Completed,2026-02-11 14:40:52.652080+00:00,2026-02-11 14:40:53.639125+00:00,2026-02-11 14:41:11.589368+00:00,,,,,,,,
,133,ibmq,ibm_torino,CPU,sync,1,1,3803.533,,,,,,,,,,,,,,,,,,,,,,,,,,,,,,,,,,,,,,,,,,,,,,,,,,,,,,,,,,,d64fah3traac73bico6g,Completed,2026-02-08 20:42:44.449124+00:00,2026-02-08 20:42:45.481376+00:00,2026-02-08 20:42:49.284909+00:00,,,,,,,,
,133,ibmq,ibm_torino,CPU,sync,1,1,3169.413,,,,,,,,,,,,,,,,,,,,,,,,,,,,,,,,,,,,,,,,,,,,,,,,,,,,,,,,,,,d64e7ivs6ggc73fj0cog,Completed,2026-02-08 19:28:11.545282+00:00,2026-02-08 19:28:12.282733+00:00,2026-02-08 19:28:15.452146+00:00,,,,,,,,
,133,ibmq,ibm_torino,CPU,sync,1,1,3778.488,,,,,,,,,,,,,,,,,,,,,,,,,,,,,,,,,,,,,,,,,,,,,,,,,,,,,,,,,,,d64dlhbc4tus73ffls00,Completed,2026-02-08 18:49:41.865075+00:00,2026-02-08 18:49:42.852816+00:00,2026-02-08 18:49:46.631304+00:00,,,,,,,,
,133,ibmq,ibm_torino,CPU,sync,1,1,20457.22,,,,,,,,,,,,,,,,,,,,,,,,,,,,,,,,,,,,,,,,,,,,,,,,,,,,,,,,,,,d64d94jc4tus73ffl7gg,Completed,2026-02-08 18:23:14.318771+00:00,2026-02-08 18:23:15.079574+00:00,2026-02-08 18:23:35.536794+00:00,,,,,,,,
,133,ibmq,ibm_torino,CPU,sync,1,1,3340.967,,,,,,,,,,,,,,,,,,,,,,,,,,,,,,,,,,,,,,,,,,,,,,,,,,,,,,,,,,,d634p0jtraac73bgr33g,Completed,2026-02-06 20:18:11.006566+00:00,2026-02-06 20:18:11.864611+00:00,2026-02-06 20:18:15.205578+00:00,,,,,,,,
,156,ibmq,ibm_pittsburgh,CPU,sync,1,1,4862.262000000001,,,,,,,,,,,,,,,,,,,,,,,,,,,,,,,,,,,,,,,,,,,,,,,,,,,,,,,,,,,d61psojtraac73bf9jqg,Completed,2026-02-04 19:30:42.564679+00:00,2026-02-04 19:30:43.313725+00:00,2026-02-04 19:30:48.175987+00:00,,,,,,,,
,156,ibmq,ibm_pittsburgh,CPU,sync,1,1,4959.527999999999,,,,,,,,,,,,,,,,,,,,,,,,,,,,,,,,,,,,,,,,,,,,,,,,,,,,,,,,,,,d61pi4btraac73bf9710,Completed,2026-02-04 19:08:01.933034+00:00,2026-02-04 19:08:03.044817+00:00,2026-02-04 19:08:08.004345+00:00,,,,,,,,
,156,ibmq,ibm_pittsburgh,CPU,sync,1,1,4567.336,,,,,,,,,,,,,,,,,,,,,,,,,,,,,,,,,,,,,,,,,,,,,,,,,,,,,,,,,,,d61mur3traac73bf5ru0,Completed,2026-02-04 16:10:20.664086+00:00,2026-02-04 16:10:21.384152+00:00,2026-02-04 16:10:25.951488+00:00,,,,,,,,
,156,ibmq,ibm_pittsburgh,CPU,sync,1,1,13912.284,,,,,,,,,,,,,,,,,,,,,,,,,,,,,,,,,,,,,,,,,,,,,,,,,,,,,,,,,,,d61mu33c4tus73fcf52g,Completed,2026-02-04 16:08:44.980403+00:00,2026-02-04 16:08:45.521784+00:00,2026-02-04 16:08:59.434068+00:00,,,,,,,,
,120,ibmq,ibm_miami,CPU,sync,1,1,7433.55,,,,,,,,,,,,,,,,,,,,,,,,,,,,,,,,,,,,,,,,,,,,,,,,,,,,,,,,,,,d61lfcns6ggc73ffoo20,Completed,2026-02-04 14:29:07.044028+00:00,2026-02-04 14:29:07.633528+00:00,2026-02-04 14:29:15.067078+00:00,,,,,,,,
,120,ibmq,ibm_miami,CPU,sync,1,1,2253.568504,,,,,,,,,,,,,,,,,,,,,,,,,,,,,,,,,,,,,,,,,,,,,,,,,,,,,,,,,,,d5v3dit7fc0s73atie50,Cancelled,2026-01-31 17:07:23.654690+00:00,,2026-01-31 17:47:07.963075+00:00,,,,,,,,
,120,ibmq,ibm_miami,CPU,sync,1,1,2187.006238,,,,,,,,,,,,,,,,,,,,,,,,,,,,,,,,,,,,,,,,,,,,,,,,,,,,,,,,,,,d5v3acabju6s73bbd5bg,Cancelled,2026-01-31 17:00:33.456259+00:00,,2026-01-31 17:01:04.967475+00:00,,,,,,,,
,120,ibmq,ibm_miami,CPU,sync,1,1,2187.006238,,,,,,,,,,,,,,,,,,,,,,,,,,,,,,,,,,,,,,,,,,,,,,,,,,,,,,,,,,,d5v36f57fc0s73ati690,Cancelled,2026-01-31 16:52:12.743594+00:00,,2026-01-31 17:01:02.200977+00:00,,,,,,,,
,8,ibmq,ibm_miami,CPU,sync,1,1,4064.091405,,,,,,,,,,,,,,,,,,,,,,,,,,,,,,,,,,,,,,,,,,,,,,,,,,,,,,,,,,,d5uo5c4bmr9c739ohc2g,Failed,2026-01-31 04:18:57.217850+00:00,,2026-01-31 04:18:57.666601+00:00,,,,,,,,
,156,ibmq,ibm_boston,CPU,sync,1,1,226012.364,,,,,,,,,,,,,,,,,,,,,,,,,,,,,,,,,,,,,,,,,,,,,,,,,,,,,,,,,,,d5bvqr3ht8fs73a72q80,Completed,2026-01-02 17:16:28.939700+00:00,2026-01-02 17:16:29.346666+00:00,2026-01-02 17:20:15.359030+00:00,,,,,,,,
,156,ibmq,ibm_boston,CPU,sync,1,1,245970.315,,,,,,,,,,,,,,,,,,,,,,,,,,,,,,,,,,,,,,,,,,,,,,,,,,,,,,,,,,,d5bvot3ht8fs73a72ofg,Completed,2026-01-02 17:12:20.274799+00:00,2026-01-02 17:12:21.288959+00:00,2026-01-02 17:16:27.259274+00:00,,,,,,,,
,156,ibmq,ibm_boston,CPU,sync,1,1,245809.31,,,,,,,,,,,,,,,,,,,,,,,,,,,,,,,,,,,,,,,,,,,,,,,,,,,,,,,,,,,d5bvmugnsj9s73b92170,Completed,2026-01-02 17:08:10.459000+00:00,2026-01-02 17:08:11.286910+00:00,2026-01-02 17:12:17.096220+00:00,,,,,,,,
,156,ibmq,ibm_boston,CPU,sync,1,1,256559.612,,,,,,,,,,,,,,,,,,,,,,,,,,,,,,,,,,,,,,,,,,,,,,,,,,,,,,,,,,,d5bvktvp3tbc73auh7d0,Completed,2026-01-02 17:03:51.295113+00:00,2026-01-02 17:03:52.014789+00:00,2026-01-02 17:08:08.574401+00:00,,,,,,,,
,156,ibmq,ibm_boston,CPU,sync,1,1,254605.028,,,,,,,,,,,,,,,,,,,,,,,,,,,,,,,,,,,,,,,,,,,,,,,,,,,,,,,,,,,d5bvitfp3tbc73auh5fg,Completed,2026-01-02 16:59:33.900469+00:00,2026-01-02 16:59:34.669855+00:00,2026-01-02 17:03:49.274883+00:00,,,,,,,,
,156,ibmq,ibm_boston,CPU,sync,1,1,245742.044,,,,,,,,,,,,,,,,,,,,,,,,,,,,,,,,,,,,,,,,,,,,,,,,,,,,,,,,,,,d5bvgv0nsj9s73b91rfg,Completed,2026-01-02 16:55:24.685298+00:00,2026-01-02 16:55:25.857724+00:00,2026-01-02 16:59:31.599768+00:00,,,,,,,,
,156,ibmq,ibm_boston,CPU,sync,1,1,247011.718,,,,,,,,,,,,,,,,,,,,,,,,,,,,,,,,,,,,,,,,,,,,,,,,,,,,,,,,,,,d5bvf0jht8fs73a72f9g,Completed,2026-01-02 16:51:14.720705+00:00,2026-01-02 16:51:15.548627+00:00,2026-01-02 16:55:22.560345+00:00,,,,,,,,
,156,ibmq,ibm_boston,CPU,sync,1,1,246638.665,,,,,,,,,,,,,,,,,,,,,,,,,,,,,,,,,,,,,,,,,,,,,,,,,,,,,,,,,,,d5bvd28nsj9s73b91nk0,Completed,2026-01-02 16:47:05.252709+00:00,2026-01-02 16:47:05.976540+00:00,2026-01-02 16:51:12.615205+00:00,,,,,,,,
,156,ibmq,ibm_boston,CPU,sync,1,1,248220.697,,,,,,,,,,,,,,,,,,,,,,,,,,,,,,,,,,,,,,,,,,,,,,,,,,,,,,,,,,,d5bvb3np3tbc73augtrg,Completed,2026-01-02 16:42:54.705357+00:00,2026-01-02 16:42:55.354109+00:00,2026-01-02 16:47:03.574806+00:00,,,,,,,,
,156,ibmq,ibm_boston,CPU,sync,1,1,249957.707,,,,,,,,,,,,,,,,,,,,,,,,,,,,,,,,,,,,,,,,,,,,,,,,,,,,,,,,,,,d5bv94bht8fs73a729g0,Completed,2026-01-02 16:38:41.734761+00:00,2026-01-02 16:38:42.492073+00:00,2026-01-02 16:42:52.449780+00:00,,,,,,,,
,156,ibmq,ibm_boston,CPU,sync,1,1,247205.321,,,,,,,,,,,,,,,,,,,,,,,,,,,,,,,,,,,,,,,,,,,,,,,,,,,,,,,,,,,d5bv75np3tbc73augqa0,Completed,2026-01-02 16:34:30.272590+00:00,2026-01-02 16:34:31.373283+00:00,2026-01-02 16:38:38.578604+00:00,,,,,,,,
,156,ibmq,ibm_boston,CPU,sync,1,1,248223.812,,,,,,,,,,,,,,,,,,,,,,,,,,,,,,,,,,,,,,,,,,,,,,,,,,,,,,,,,,,d5bv56hsmlfc739mssbg,Completed,2026-01-02 16:30:19.409135+00:00,2026-01-02 16:30:20.122222+00:00,2026-01-02 16:34:28.346034+00:00,,,,,,,,
,156,ibmq,ibm_boston,CPU,sync,1,1,246157.69,,,,,,,,,,,,,,,,,,,,,,,,,,,,,,,,,,,,,,,,,,,,,,,,,,,,,,,,,,,d5bv381smlfc739msqk0,Completed,2026-01-02 16:26:09.555527+00:00,2026-01-02 16:26:10.396123+00:00,2026-01-02 16:30:16.553813+00:00,,,,,,,,
,156,ibmq,ibm_boston,CPU,sync,1,1,249369.423,,,,,,,,,,,,,,,,,,,,,,,,,,,,,,,,,,,,,,,,,,,,,,,,,,,,,,,,,,,d5bv191smlfc739msos0,Completed,2026-01-02 16:21:56.419006+00:00,2026-01-02 16:21:57.160223+00:00,2026-01-02 16:26:06.529646+00:00,,,,,,,,
,156,ibmq,ibm_boston,CPU,sync,1,1,246165.505,,,,,,,,,,,,,,,,,,,,,,,,,,,,,,,,,,,,,,,,,,,,,,,,,,,,,,,,,,,d5buvaonsj9s73b91am0,Completed,2026-01-02 16:17:47.178279+00:00,2026-01-02 16:17:48.484592+00:00,2026-01-02 16:21:54.650097+00:00,,,,,,,,
,156,ibmq,ibm_boston,CPU,sync,1,1,251512.435,,,,,,,,,,,,,,,,,,,,,,,,,,,,,,,,,,,,,,,,,,,,,,,,,,,,,,,,,,,d5butb0nsj9s73b918rg,Completed,2026-01-02 16:13:32.922997+00:00,2026-01-02 16:13:33.777708+00:00,2026-01-02 16:17:45.290143+00:00,,,,,,,,
,156,ibmq,ibm_boston,CPU,sync,1,1,262310.862,,,,,,,,,,,,,,,,,,,,,,,,,,,,,,,,,,,,,,,,,,,,,,,,,,,,,,,,,,,d5bur8np3tbc73augfjg,Completed,2026-01-02 16:09:06.997358+00:00,2026-01-02 16:09:08.126001+00:00,2026-01-02 16:13:30.436863+00:00,,,,,,,,
,156,ibmq,ibm_boston,CPU,sync,1,1,246776.984,,,,,,,,,,,,,,,,,,,,,,,,,,,,,,,,,,,,,,,,,,,,,,,,,,,,,,,,,,,d5bupafp3tbc73augdpg,Completed,2026-01-02 16:04:57.733793+00:00,2026-01-02 16:04:58.098886+00:00,2026-01-02 16:09:04.875870+00:00,,,,,,,,
,156,ibmq,ibm_boston,CPU,sync,1,1,244974.732,,,,,,,,,,,,,,,,,,,,,,,,,,,,,,,,,,,,,,,,,,,,,,,,,,,,,,,,,,,d5buncgnsj9s73b913f0,Completed,2026-01-02 16:00:50.148263+00:00,2026-01-02 16:00:50.860270+00:00,2026-01-02 16:04:55.835002+00:00,,,,,,,,
,156,ibmq,ibm_boston,CPU,sync,1,1,245990.412,,,,,,,,,,,,,,,,,,,,,,,,,,,,,,,,,,,,,,,,,,,,,,,,,,,,,,,,,,,d5bulebht8fs73a71nkg,Completed,2026-01-02 15:56:41.862250+00:00,2026-01-02 15:56:42.302516+00:00,2026-01-02 16:00:48.292928+00:00,,,,,,,,
,156,ibmq,ibm_boston,CPU,sync,1,1,252922.835,,,,,,,,,,,,,,,,,,,,,,,,,,,,,,,,,,,,,,,,,,,,,,,,,,,,,,,,,,,d5buje9smlfc739mscfg,Completed,2026-01-02 15:52:25.722529+00:00,2026-01-02 15:52:26.570237+00:00,2026-01-02 15:56:39.493072+00:00,,,,,,,,
,156,ibmq,ibm_boston,CPU,sync,1,1,265615.59699999995,,,,,,,,,,,,,,,,,,,,,,,,,,,,,,,,,,,,,,,,,,,,,,,,,,,,,,,,,,,d5buhb9smlfc739msakg,Completed,2026-01-02 15:47:57.288052+00:00,2026-01-02 15:47:58.304804+00:00,2026-01-02 15:52:23.920401+00:00,,,,,,,,
,156,ibmq,ibm_boston,CPU,sync,1,1,246047.584,,,,,,,,,,,,,,,,,,,,,,,,,,,,,,,,,,,,,,,,,,,,,,,,,,,,,,,,,,,d5bufd3ht8fs73a71i60,Completed,2026-01-02 15:43:48.338360+00:00,2026-01-02 15:43:49.400211+00:00,2026-01-02 15:47:55.447795+00:00,,,,,,,,
,156,ibmq,ibm_boston,CPU,sync,1,1,248404.216,,,,,,,,,,,,,,,,,,,,,,,,,,,,,,,,,,,,,,,,,,,,,,,,,,,,,,,,,,,d5bude1smlfc739ms73g,Completed,2026-01-02 15:39:36.687000+00:00,2026-01-02 15:39:37.686502+00:00,2026-01-02 15:43:46.090718+00:00,,,,,,,,
,156,ibmq,ibm_boston,CPU,sync,1,1,246163.387,,,,,,,,,,,,,,,,,,,,,,,,,,,,,,,,,,,,,,,,,,,,,,,,,,,,,,,,,,,d5bubfrht8fs73a71ekg,Completed,2026-01-02 15:35:27.956808+00:00,2026-01-02 15:35:28.776123+00:00,2026-01-02 15:39:34.939510+00:00,,,,,,,,
,156,ibmq,ibm_boston,CPU,sync,1,1,249561.803,,,,,,,,,,,,,,,,,,,,,,,,,,,,,,,,,,,,,,,,,,,,,,,,,,,,,,,,,,,d5bu9gonsj9s73b90mhg,Completed,2026-01-02 15:31:15.915396+00:00,2026-01-02 15:31:16.518562+00:00,2026-01-02 15:35:26.080365+00:00,,,,,,,,
,156,ibmq,ibm_boston,CPU,sync,1,1,245706.917,,,,,,,,,,,,,,,,,,,,,,,,,,,,,,,,,,,,,,,,,,,,,,,,,,,,,,,,,,,d5bu7ivp3tbc73auftn0,Completed,2026-01-02 15:27:07.435540+00:00,2026-01-02 15:27:08.145430+00:00,2026-01-02 15:31:13.852347+00:00,,,,,,,,
,156,ibmq,ibm_boston,CPU,sync,1,1,252729.688,,,,,,,,,,,,,,,,,,,,,,,,,,,,,,,,,,,,,,,,,,,,,,,,,,,,,,,,,,,d5bu5ionsj9s73b90is0,Completed,2026-01-02 15:22:51.644099+00:00,2026-01-02 15:22:52.992999+00:00,2026-01-02 15:27:05.722687+00:00,,,,,,,,
,156,ibmq,ibm_boston,CPU,sync,1,1,247690.061,,,,,,,,,,,,,,,,,,,,,,,,,,,,,,,,,,,,,,,,,,,,,,,,,,,,,,,,,,,d5bu3k9smlfc739mru4g,Completed,2026-01-02 15:18:41.237184+00:00,2026-01-02 15:18:42.012294+00:00,2026-01-02 15:22:49.702355+00:00,,,,,,,,
,156,ibmq,ibm_boston,CPU,sync,1,1,246310.487,,,,,,,,,,,,,,,,,,,,,,,,,,,,,,,,,,,,,,,,,,,,,,,,,,,,,,,,,,,d5bu1ljht8fs73a715lg,Completed,2026-01-02 15:14:31.608250+00:00,2026-01-02 15:14:32.366760+00:00,2026-01-02 15:18:38.677247+00:00,,,,,,,,
,156,ibmq,ibm_boston,CPU,sync,1,1,245826.556,,,,,,,,,,,,,,,,,,,,,,,,,,,,,,,,,,,,,,,,,,,,,,,,,,,,,,,,,,,d5btvn8nsj9s73b90dm0,Completed,2026-01-02 15:10:21.144724+00:00,2026-01-02 15:10:22.303990+00:00,2026-01-02 15:14:28.130546+00:00,,,,,,,,
,156,ibmq,ibm_boston,CPU,sync,1,1,246367.456,,,,,,,,,,,,,,,,,,,,,,,,,,,,,,,,,,,,,,,,,,,,,,,,,,,,,,,,,,,d5bttojht8fs73a71260,Completed,2026-01-02 15:06:10.394132+00:00,2026-01-02 15:06:12.292906+00:00,2026-01-02 15:10:18.660362+00:00,,,,,,,,
,156,ibmq,ibm_boston,CPU,sync,1,1,277016.806,,,,,,,,,,,,,,,,,,,,,,,,,,,,,,,,,,,,,,,,,,,,,,,,,,,,,,,,,,,d5btrivp3tbc73aufiv0,Completed,2026-01-02 15:01:31.110170+00:00,2026-01-02 15:01:31.529941+00:00,2026-01-02 15:06:08.546747+00:00,,,,,,,,
,156,ibmq,ibm_boston,CPU,sync,1,1,246141.591,,,,,,,,,,,,,,,,,,,,,,,,,,,,,,,,,,,,,,,,,,,,,,,,,,,,,,,,,,,d5btpkfp3tbc73aufh80,Completed,2026-01-02 14:57:21.084376+00:00,2026-01-02 14:57:21.841054+00:00,2026-01-02 15:01:27.982645+00:00,,,,,,,,
ibmq_cloud,156,ibmq,ibm_pittsburgh,QPU,sync,1,1,34242.535,,512.0,,,7052.0,,,,,5963.0,1089.0,1.0,,,,,,,,,,,,,,,,,,,,,,,,,,,,,,,,,,,,,,,,,,,,,,,,,,,,24.0,512.0,1.0,4381.0,2672.0,0.0,"{""sx"": 3146, ""rz"": 2672, ""cz"": 1089, ""x"": 121, ""measure"": 24, ""barrier"": 1}","{""framework"": ""qiskit"", ""critical_path_length"": 512, ""connected_components"": 1, ""num_cliffords"": 4381, ""num_non_cliffords"": 2672, ""num_parameters"": 0}"
ibmq_cloud,156,ibmq,ibm_pittsburgh,QPU,sync,1,1,33815.515,,412.0,,,4738.0,,,,,4008.0,730.0,1.0,,,,,,,,,,,,,,,,,,,,,,,,,,,,,,,,,,,,,,,,,,,,,,,,,,,,24.0,412.0,1.0,2980.0,1759.0,0.0,"{""sx"": 2200, ""rz"": 1759, ""cz"": 730, ""x"": 25, ""measure"": 24, ""barrier"": 1}","{""framework"": ""qiskit"", ""critical_path_length"": 412, ""connected_components"": 1, ""num_cliffords"": 2980, ""num_non_cliffords"": 1759, ""num_parameters"": 0}"
ibmq_cloud,156,ibmq,ibm_pittsburgh,QPU,sync,1,1,34505.459,,445.0,,,4747.0,,,,,4003.0,744.0,1.0,,,,,,,,,,,,,,,,,,,,,,,,,,,,,,,,,,,,,,,,,,,,,,,,,,,,24.0,445.0,1.0,3010.0,1738.0,0.0,"{""sx"": 2209, ""rz"": 1738, ""cz"": 744, ""x"": 32, ""measure"": 24, ""barrier"": 1}","{""framework"": ""qiskit"", ""critical_path_length"": 445, ""connected_components"": 1, ""num_cliffords"": 3010, ""num_non_cliffords"": 1738, ""num_parameters"": 0}"
ibmq_cloud,156,ibmq,ibm_pittsburgh,QPU,sync,1,1,33737.086,,383.0,,,4645.0,,,,,3945.0,700.0,1.0,,,,,,,,,,,,,,,,,,,,,,,,,,,,,,,,,,,,,,,,,,,,,,,,,,,,24.0,383.0,1.0,2892.0,1754.0,0.0,"{""sx"": 2145, ""rz"": 1754, ""cz"": 700, ""measure"": 24, ""x"": 22, ""barrier"": 1}","{""framework"": ""qiskit"", ""critical_path_length"": 383, ""connected_components"": 1, ""num_cliffords"": 2892, ""num_non_cliffords"": 1754, ""num_parameters"": 0}"
ibmq_cloud,156,ibmq,ibm_pittsburgh,QPU,sync,1,1,33912.059,,245.0,,,2919.0,,,,,2483.0,436.0,1.0,,,,,,,,,,,,,,,,,,,,,,,,,,,,,,,,,,,,,,,,,,,,,,,,,,,,24.0,245.0,1.0,1832.0,1088.0,0.0,"{""sx"": 1354, ""rz"": 1088, ""cz"": 436, ""measure"": 24, ""x"": 17, ""barrier"": 1}","{""framework"": ""qiskit"", ""critical_path_length"": 245, ""connected_components"": 1, ""num_cliffords"": 1832, ""num_non_cliffords"": 1088, ""num_parameters"": 0}"
ibmq_cloud,156,ibmq,ibm_pittsburgh,QPU,sync,1,1,98870.024,,245.0,,,2919.0,,,,,2483.0,436.0,1.0,,,,,,,,,,,,,,,,,,,,,,,,,,,,,,,,,,,,,,,,,,,,,,,,,,,,24.0,245.0,1.0,1832.0,1088.0,0.0,"{""sx"": 1354, ""rz"": 1088, ""cz"": 436, ""measure"": 24, ""x"": 17, ""barrier"": 1}","{""framework"": ""qiskit"", ""critical_path_length"": 245, ""connected_components"": 1, ""num_cliffords"": 1832, ""num_non_cliffords"": 1088, ""num_parameters"": 0}"
ibmq_cloud,156,ibmq,ibm_pittsburgh,QPU,sync,1,1,59973.502,,403.0,,,4707.0,,,,,3981.0,726.0,1.0,,,,,,,,,,,,,,,,,,,,,,,,,,,,,,,,,,,,,,,,,,,,,,,,,,,,24.0,403.0,1.0,2961.0,1747.0,0.0,"{""sx"": 2181, ""rz"": 1747, ""cz"": 726, ""x"": 29, ""measure"": 24, ""barrier"": 1}","{""framework"": ""qiskit"", ""critical_path_length"": 403, ""connected_components"": 1, ""num_cliffords"": 2961, ""num_non_cliffords"": 1747, ""num_parameters"": 0}"
ibmq_cloud,120,ibmq,ibm_miami,QPU,sync,1,1,919259.112,,323.0,,,4127.0,,,,,3595.0,532.0,1.0,,,,,,,,,,,,,,,,,,,,,,,,,,,,,,,,,,,,,,,,,,,,,,,,,,,,24.0,323.0,1.0,2402.0,1726.0,0.0,"{""sx"": 1825, ""rz"": 1726, ""cz"": 532, ""measure"": 24, ""x"": 20, ""barrier"": 1}","{""framework"": ""qiskit"", ""critical_path_length"": 323, ""connected_components"": 1, ""num_cliffords"": 2402, ""num_non_cliffords"": 1726, ""num_parameters"": 0}"
ibmq_cloud,120,ibmq,ibm_miami,QPU,sync,1,1,553042.1209999999,,227.0,,,2705.0,,,,,2340.0,365.0,1.0,,,,,,,,,,,,,,,,,,,,,,,,,,,,,,,,,,,,,,,,,,,,,,,,,,,,24.0,227.0,1.0,1623.0,1083.0,0.0,"{""sx"": 1219, ""rz"": 1083, ""cz"": 365, ""measure"": 24, ""x"": 14, ""barrier"": 1}","{""framework"": ""qiskit"", ""critical_path_length"": 227, ""connected_components"": 1, ""num_cliffords"": 1623, ""num_non_cliffords"": 1083, ""num_parameters"": 0}"
ibmq_cloud,120,ibmq,ibm_miami,QPU,sync,1,1,420022.82,,301.0,,,4032.0,,,,,3512.0,520.0,1.0,,,,,,,,,,,,,,,,,,,,,,,,,,,,,,,,,,,,,,,,,,,,,,,,,,,,24.0,301.0,1.0,2344.0,1689.0,0.0,"{""sx"": 1771, ""rz"": 1689, ""cz"": 520, ""x"": 28, ""measure"": 24, ""barrier"": 1}","{""framework"": ""qiskit"", ""critical_path_length"": 301, ""connected_components"": 1, ""num_cliffords"": 2344, ""num_non_cliffords"": 1689, ""num_parameters"": 0}"
ibmq_cloud,156,ibmq,ibm_pittsburgh,QPU,sync,1,1,33796.848,,429.0,,,4701.0,,,,,3976.0,725.0,1.0,,,,,,,,,,,,,,,,,,,,,,,,,,,,,,,,,,,,,,,,,,,,,,,,,,,,24.0,429.0,1.0,2955.0,1747.0,0.0,"{""sx"": 2178, ""rz"": 1747, ""cz"": 725, ""x"": 27, ""measure"": 24, ""barrier"": 1}","{""framework"": ""qiskit"", ""critical_path_length"": 429, ""connected_components"": 1, ""num_cliffords"": 2955, ""num_non_cliffords"": 1747, ""num_parameters"": 0}"
ibmq_cloud,156,ibmq,ibm_pittsburgh,QPU,sync,1,1,33152.626,,254.0,,,2897.0,,,,,2465.0,432.0,1.0,,,,,,,,,,,,,,,,,,,,,,,,,,,,,,,,,,,,,,,,,,,,,,,,,,,,24.0,254.0,1.0,1815.0,1083.0,0.0,"{""sx"": 1338, ""rz"": 1083, ""cz"": 432, ""measure"": 24, ""x"": 20, ""barrier"": 1}","{""framework"": ""qiskit"", ""critical_path_length"": 254, ""connected_components"": 1, ""num_cliffords"": 1815, ""num_non_cliffords"": 1083, ""num_parameters"": 0}"
ibmq_cloud,156,ibmq,ibm_pittsburgh,QPU,sync,1,1,59941.174,,390.0,,,4470.0,,,,,3793.0,677.0,1.0,,,,,,,,,,,,,,,,,,,,,,,,,,,,,,,,,,,,,,,,,,,,,,,,,,,,24.0,390.0,1.0,2789.0,1682.0,0.0,"{""sx"": 2060, ""rz"": 1682, ""cz"": 677, ""x"": 27, ""measure"": 24, ""barrier"": 1}","{""framework"": ""qiskit"", ""critical_path_length"": 390, ""connected_components"": 1, ""num_cliffords"": 2789, ""num_non_cliffords"": 1682, ""num_parameters"": 0}"
ibmq_cloud,156,ibmq,ibm_pittsburgh,QPU,sync,1,1,35379.975,,2.0,,,18.0,,,,,18.0,0.0,1.0,,,,,,,,,,,,,,,,,,,,,,,,,,,,,,,,,,,,,,,,,,,,,,,,,,,,10.0,2.0,1.0,19.0,0.0,0.0,"{""measure"": 10, ""x"": 8, ""barrier"": 1}","{""framework"": ""qiskit"", ""critical_path_length"": 2, ""connected_components"": 1, ""num_cliffords"": 19, ""num_non_cliffords"": 0, ""num_parameters"": 0}"
ibmq_cloud,156,ibmq,ibm_fez,QPU,sync,1,1,141078.934,,473.0,,,4735.0,,,,,4012.0,723.0,1.0,,,,,,,,,,,,,,,,,,,,,,,,,,,,,,,,,,,,,,,,,,,,,,,,,,,,24.0,473.0,1.0,2971.0,1765.0,0.0,"{""sx"": 2195, ""rz"": 1765, ""cz"": 723, ""x"": 28, ""measure"": 24, ""barrier"": 1}","{""framework"": ""qiskit"", ""critical_path_length"": 473, ""connected_components"": 1, ""num_cliffords"": 2971, ""num_non_cliffords"": 1765, ""num_parameters"": 0}"
ibmq_cloud,156,ibmq,ibm_fez,QPU,sync,1,1,58019.509,,394.0,,,4682.0,,,,,3975.0,707.0,1.0,,,,,,,,,,,,,,,,,,,,,,,,,,,,,,,,,,,,,,,,,,,,,,,,,,,,24.0,394.0,1.0,2919.0,1764.0,0.0,"{""sx"": 2165, ""rz"": 1764, ""cz"": 707, ""measure"": 24, ""x"": 22, ""barrier"": 1}","{""framework"": ""qiskit"", ""critical_path_length"": 394, ""connected_components"": 1, ""num_cliffords"": 2919, ""num_non_cliffords"": 1764, ""num_parameters"": 0}"
ibmq_cloud,156,ibmq,ibm_pittsburgh,QPU,sync,1,1,352360.831,,57.0,,,151.0,,,,,125.0,26.0,1.0,,,,,,,,,,,,,,,,,,,,,,,,,,,,,,,,,,,,,,,,,,,,,,,,,,,,4.0,57.0,1.0,99.0,53.0,0.0,"{""sx"": 66, ""rz"": 53, ""cz"": 26, ""measure"": 4, ""x"": 2, ""barrier"": 1}","{""framework"": ""qiskit"", ""critical_path_length"": 57, ""connected_components"": 1, ""num_cliffords"": 99, ""num_non_cliffords"": 53, ""num_parameters"": 0}"
ibmq_cloud,156,ibmq,ibm_fez,QPU,sync,1,1,38383.481,,56.0,,,149.0,,,,,123.0,26.0,1.0,,,,,,,,,,,,,,,,,,,,,,,,,,,,,,,,,,,,,,,,,,,,,,,,,,,,4.0,56.0,1.0,98.0,52.0,0.0,"{""sx"": 65, ""rz"": 52, ""cz"": 26, ""measure"": 4, ""x"": 2, ""barrier"": 1}","{""framework"": ""qiskit"", ""critical_path_length"": 56, ""connected_components"": 1, ""num_cliffords"": 98, ""num_non_cliffords"": 52, ""num_parameters"": 0}"
ibmq_cloud,156,ibmq,ibm_fez,QPU,sync,1,1,35771.448,,582.0,,,16003.0,,,,,14127.0,1876.0,1.0,,,,,,,,,,,,,,,,,,,,,,,,,,,,,,,,,,,,,,,,,,,,,,,,,,,,52.0,582.0,1.0,9024.0,6980.0,0.0,"{""sx"": 7060, ""rz"": 6980, ""cz"": 1876, ""measure"": 52, ""x"": 35, ""barrier"": 1}","{""framework"": ""qiskit"", ""critical_path_length"": 582, ""connected_components"": 1, ""num_cliffords"": 9024, ""num_non_cliffords"": 6980, ""num_parameters"": 0}"
ibmq_cloud,156,ibmq,ibm_pittsburgh,QPU,sync,1,1,34952.917,,582.0,,,16003.0,,,,,14127.0,1876.0,1.0,,,,,,,,,,,,,,,,,,,,,,,,,,,,,,,,,,,,,,,,,,,,,,,,,,,,52.0,582.0,1.0,9024.0,6980.0,0.0,"{""sx"": 7060, ""rz"": 6980, ""cz"": 1876, ""measure"": 52, ""x"": 35, ""barrier"": 1}","{""framework"": ""qiskit"", ""critical_path_length"": 582, ""connected_components"": 1, ""num_cliffords"": 9024, ""num_non_cliffords"": 6980, ""num_parameters"": 0}"
ibmq_cloud,133,ibmq,ibm_torino,QPU,sync,1,1,3598.333,,64.0,,,124.0,,,,,109.0,15.0,0.0,,,,,,,,,,,,,,,,,,,,,,,,,,,,,,,,,,,,,,,,,,,,,,,,,,,,16.0,64.0,1.0,62.0,62.0,0.0,"{""rz"": 62, ""sx"": 31, ""measure"": 16, ""cz"": 15}","{""framework"": ""qiskit"", ""critical_path_length"": 64, ""connected_components"": 1, ""num_cliffords"": 62, ""num_non_cliffords"": 62, ""num_parameters"": 0}"
ibmq_cloud,133,ibmq,ibm_torino,QPU,sync,1,1,3619.99,,64.0,,,124.0,,,,,109.0,15.0,0.0,,,,,,,,,,,,,,,,,,,,,,,,,,,,,,,,,,,,,,,,,,,,,,,,,,,,16.0,64.0,1.0,62.0,62.0,0.0,"{""rz"": 62, ""sx"": 31, ""measure"": 16, ""cz"": 15}","{""framework"": ""qiskit"", ""critical_path_length"": 64, ""connected_components"": 1, ""num_cliffords"": 62, ""num_non_cliffords"": 62, ""num_parameters"": 0}"
ibmq_cloud,133,ibmq,ibm_torino,QPU,sync,1,1,22078.471,,64.0,,,124.0,,,,,109.0,15.0,0.0,,,,,,,,,,,,,,,,,,,,,,,,,,,,,,,,,,,,,,,,,,,,,,,,,,,,16.0,64.0,1.0,62.0,62.0,0.0,"{""rz"": 62, ""sx"": 31, ""measure"": 16, ""cz"": 15}","{""framework"": ""qiskit"", ""critical_path_length"": 64, ""connected_components"": 1, ""num_cliffords"": 62, ""num_non_cliffords"": 62, ""num_parameters"": 0}"
ibmq_cloud,133,ibmq,ibm_torino,QPU,sync,1,1,10533.309,,32.0,,,60.0,,,,,53.0,7.0,0.0,,,,,,,,,,,,,,,,,,,,,,,,,,,,,,,,,,,,,,,,,,,,,,,,,,,,8.0,32.0,1.0,30.0,30.0,0.0,"{""rz"": 30, ""sx"": 15, ""measure"": 8, ""cz"": 7}","{""framework"": ""qiskit"", ""critical_path_length"": 32, ""connected_components"": 1, ""num_cliffords"": 30, ""num_non_cliffords"": 30, ""num_parameters"": 0}"
ibmq_cloud,133,ibmq,ibm_torino,QPU,sync,1,1,1988.574269,,32.0,,,60.0,,,,,53.0,7.0,0.0,,,,,,,,,,,,,,,,,,,,,,,,,,,,,,,,,,,,,,,,,,,,,,,,,,,,8.0,32.0,1.0,30.0,30.0,0.0,"{""rz"": 30, ""sx"": 15, ""measure"": 8, ""cz"": 7}","{""framework"": ""qiskit"", ""critical_path_length"": 32, ""connected_components"": 1, ""num_cliffords"": 30, ""num_non_cliffords"": 30, ""num_parameters"": 0}"
ibmq_cloud,133,ibmq,ibm_torino,QPU,sync,1,1,3029.363,,216.0,,,369.0,,,,,301.0,68.0,0.0,,,,,,,,,,,,,,,,,,,,,,,,,,,,,,,,,,,,,,,,,,,,,,,,,,,,16.0,216.0,1.0,227.0,142.0,0.0,"{""sx"": 143, ""rz"": 142, ""cz"": 68, ""measure"": 16}","{""framework"": ""qiskit"", ""critical_path_length"": 216, ""connected_components"": 1, ""num_cliffords"": 227, ""num_non_cliffords"": 142, ""num_parameters"": 0}"
ibmq_cloud,133,ibmq,ibm_torino,QPU,sync,1,1,4011.716,,223.0,,,375.0,,,,,304.0,71.0,0.0,,,,,,,,,,,,,,,,,,,,,,,,,,,,,,,,,,,,,,,,,,,,,,,,,,,,16.0,223.0,1.0,236.0,139.0,0.0,"{""sx"": 149, ""rz"": 139, ""cz"": 71, ""measure"": 16}","{""framework"": ""qiskit"", ""critical_path_length"": 223, ""connected_components"": 1, ""num_cliffords"": 236, ""num_non_cliffords"": 139, ""num_parameters"": 0}"
ibmq_cloud,133,ibmq,ibm_torino,QPU,sync,1,1,6653.42,,223.0,,,375.0,,,,,304.0,71.0,0.0,,,,,,,,,,,,,,,,,,,,,,,,,,,,,,,,,,,,,,,,,,,,,,,,,,,,16.0,223.0,1.0,236.0,139.0,0.0,"{""sx"": 149, ""rz"": 139, ""cz"": 71, ""measure"": 16}","{""framework"": ""qiskit"", ""critical_path_length"": 223, ""connected_components"": 1, ""num_cliffords"": 236, ""num_non_cliffords"": 139, ""num_parameters"": 0}"
ibmq_cloud,133,ibmq,ibm_torino,QPU,sync,1,1,3193.6,,217.0,,,375.0,,,,,304.0,71.0,0.0,,,,,,,,,,,,,,,,,,,,,,,,,,,,,,,,,,,,,,,,,,,,,,,,,,,,16.0,217.0,1.0,236.0,139.0,0.0,"{""sx"": 149, ""rz"": 139, ""cz"": 71, ""measure"": 16}","{""framework"": ""qiskit"", ""critical_path_length"": 217, ""connected_components"": 1, ""num_cliffords"": 236, ""num_non_cliffords"": 139, ""num_parameters"": 0}"
ibmq_cloud,133,ibmq,ibm_torino,QPU,sync,1,1,456787.8380000001,,211.0,,,375.0,,,,,304.0,71.0,0.0,,,,,,,,,,,,,,,,,,,,,,,,,,,,,,,,,,,,,,,,,,,,,,,,,,,,16.0,211.0,1.0,236.0,139.0,0.0,"{""sx"": 149, ""rz"": 139, ""cz"": 71, ""measure"": 16}","{""framework"": ""qiskit"", ""critical_path_length"": 211, ""connected_components"": 1, ""num_cliffords"": 236, ""num_non_cliffords"": 139, ""num_parameters"": 0}"
ibmq_cloud,133,ibmq,ibm_torino,QPU,sync,1,1,3505.484,,217.0,,,375.0,,,,,304.0,71.0,0.0,,,,,,,,,,,,,,,,,,,,,,,,,,,,,,,,,,,,,,,,,,,,,,,,,,,,16.0,217.0,1.0,236.0,139.0,0.0,"{""sx"": 149, ""rz"": 139, ""cz"": 71, ""measure"": 16}","{""framework"": ""qiskit"", ""critical_path_length"": 217, ""connected_components"": 1, ""num_cliffords"": 236, ""num_non_cliffords"": 139, ""num_parameters"": 0}"
ibmq_cloud,156,ibmq,ibm_pittsburgh,QPU,sync,1,1,17950.243000000002,,5.0,,,8.0,,,,,8.0,0.0,1.0,,,,,,,,,,,,,,,,,,,,,,,,,,,,,,,,,,,,,,,,,,,,,,,,,,,,4.0,5.0,1.0,7.0,2.0,0.0,"{""measure"": 4, ""sx"": 2, ""rz"": 2, ""barrier"": 1}","{""framework"": ""qiskit"", ""critical_path_length"": 5, ""connected_components"": 1, ""num_cliffords"": 7, ""num_non_cliffords"": 2, ""num_parameters"": 0}"
ibmq_cloud,133,ibmq,ibm_torino,QPU,sync,1,1,3803.533,,32.0,,,60.0,,,,,53.0,7.0,0.0,,,,,,,,,,,,,,,,,,,,,,,,,,,,,,,,,,,,,,,,,,,,,,,,,,,,8.0,32.0,1.0,30.0,30.0,0.0,"{""rz"": 30, ""sx"": 15, ""measure"": 8, ""cz"": 7}","{""framework"": ""qiskit"", ""critical_path_length"": 32, ""connected_components"": 1, ""num_cliffords"": 30, ""num_non_cliffords"": 30, ""num_parameters"": 0}"
ibmq_cloud,133,ibmq,ibm_torino,QPU,sync,1,1,3169.413,,32.0,,,60.0,,,,,53.0,7.0,0.0,,,,,,,,,,,,,,,,,,,,,,,,,,,,,,,,,,,,,,,,,,,,,,,,,,,,8.0,32.0,1.0,30.0,30.0,0.0,"{""rz"": 30, ""sx"": 15, ""measure"": 8, ""cz"": 7}","{""framework"": ""qiskit"", ""critical_path_length"": 32, ""connected_components"": 1, ""num_cliffords"": 30, ""num_non_cliffords"": 30, ""num_parameters"": 0}"
ibmq_cloud,133,ibmq,ibm_torino,QPU,sync,1,1,3778.488,,32.0,,,60.0,,,,,53.0,7.0,0.0,,,,,,,,,,,,,,,,,,,,,,,,,,,,,,,,,,,,,,,,,,,,,,,,,,,,8.0,32.0,1.0,30.0,30.0,0.0,"{""rz"": 30, ""sx"": 15, ""measure"": 8, ""cz"": 7}","{""framework"": ""qiskit"", ""critical_path_length"": 32, ""connected_components"": 1, ""num_cliffords"": 30, ""num_non_cliffords"": 30, ""num_parameters"": 0}"
ibmq_cloud,133,ibmq,ibm_torino,QPU,sync,1,1,20457.22,,32.0,,,60.0,,,,,53.0,7.0,0.0,,,,,,,,,,,,,,,,,,,,,,,,,,,,,,,,,,,,,,,,,,,,,,,,,,,,8.0,32.0,1.0,30.0,30.0,0.0,"{""rz"": 30, ""sx"": 15, ""measure"": 8, ""cz"": 7}","{""framework"": ""qiskit"", ""critical_path_length"": 32, ""connected_components"": 1, ""num_cliffords"": 30, ""num_non_cliffords"": 30, ""num_parameters"": 0}"
ibmq_cloud,133,ibmq,ibm_torino,QPU,sync,1,1,3340.967,,64.0,,,124.0,,,,,109.0,15.0,0.0,,,,,,,,,,,,,,,,,,,,,,,,,,,,,,,,,,,,,,,,,,,,,,,,,,,,16.0,64.0,1.0,62.0,62.0,0.0,"{""rz"": 62, ""sx"": 31, ""measure"": 16, ""cz"": 15}","{""framework"": ""qiskit"", ""critical_path_length"": 64, ""connected_components"": 1, ""num_cliffords"": 62, ""num_non_cliffords"": 62, ""num_parameters"": 0}"
ibmq_cloud,156,ibmq,ibm_pittsburgh,QPU,sync,1,1,4862.262000000001,,5.0,,,13.0,,,,,13.0,0.0,1.0,,,,,,,,,,,,,,,,,,,,,,,,,,,,,,,,,,,,,,,,,,,,,,,,,,,,4.0,5.0,1.0,10.0,4.0,0.0,"{""rz"": 4, ""measure"": 4, ""sx"": 3, ""x"": 2, ""barrier"": 1}","{""framework"": ""qiskit"", ""critical_path_length"": 5, ""connected_components"": 1, ""num_cliffords"": 10, ""num_non_cliffords"": 4, ""num_parameters"": 0}"
ibmq_cloud,156,ibmq,ibm_pittsburgh,QPU,sync,1,1,4959.527999999999,,5.0,,,13.0,,,,,13.0,0.0,1.0,,,,,,,,,,,,,,,,,,,,,,,,,,,,,,,,,,,,,,,,,,,,,,,,,,,,4.0,5.0,1.0,10.0,4.0,0.0,"{""rz"": 4, ""measure"": 4, ""sx"": 3, ""x"": 2, ""barrier"": 1}","{""framework"": ""qiskit"", ""critical_path_length"": 5, ""connected_components"": 1, ""num_cliffords"": 10, ""num_non_cliffords"": 4, ""num_parameters"": 0}"
ibmq_cloud,156,ibmq,ibm_pittsburgh,QPU,sync,1,1,4567.336,,5.0,,,13.0,,,,,13.0,0.0,1.0,,,,,,,,,,,,,,,,,,,,,,,,,,,,,,,,,,,,,,,,,,,,,,,,,,,,4.0,5.0,1.0,10.0,4.0,0.0,"{""rz"": 4, ""measure"": 4, ""sx"": 3, ""x"": 2, ""barrier"": 1}","{""framework"": ""qiskit"", ""critical_path_length"": 5, ""connected_components"": 1, ""num_cliffords"": 10, ""num_non_cliffords"": 4, ""num_parameters"": 0}"
ibmq_cloud,156,ibmq,ibm_pittsburgh,QPU,sync,1,1,13912.284,,5.0,,,13.0,,,,,13.0,0.0,1.0,,,,,,,,,,,,,,,,,,,,,,,,,,,,,,,,,,,,,,,,,,,,,,,,,,,,4.0,5.0,1.0,10.0,4.0,0.0,"{""rz"": 4, ""measure"": 4, ""sx"": 3, ""x"": 2, ""barrier"": 1}","{""framework"": ""qiskit"", ""critical_path_length"": 5, ""connected_components"": 1, ""num_cliffords"": 10, ""num_non_cliffords"": 4, ""num_parameters"": 0}"
ibmq_cloud,120,ibmq,ibm_miami,QPU,sync,1,1,7433.55,,32.0,,,60.0,,,,,53.0,7.0,0.0,,,,,,,,,,,,,,,,,,,,,,,,,,,,,,,,,,,,,,,,,,,,,,,,,,,,8.0,32.0,1.0,30.0,30.0,0.0,"{""rz"": 30, ""sx"": 15, ""measure"": 8, ""cz"": 7}","{""framework"": ""qiskit"", ""critical_path_length"": 32, ""connected_components"": 1, ""num_cliffords"": 30, ""num_non_cliffords"": 30, ""num_parameters"": 0}"
ibmq_cloud,120,ibmq,ibm_miami,QPU,sync,1,1,2253.568504,,32.0,,,60.0,,,,,53.0,7.0,0.0,,,,,,,,,,,,,,,,,,,,,,,,,,,,,,,,,,,,,,,,,,,,,,,,,,,,8.0,32.0,1.0,30.0,30.0,0.0,"{""rz"": 30, ""sx"": 15, ""measure"": 8, ""cz"": 7}","{""framework"": ""qiskit"", ""critical_path_length"": 32, ""connected_components"": 1, ""num_cliffords"": 30, ""num_non_cliffords"": 30, ""num_parameters"": 0}"
ibmq_cloud,120,ibmq,ibm_miami,QPU,sync,1,1,2187.006238,,32.0,,,60.0,,,,,53.0,7.0,0.0,,,,,,,,,,,,,,,,,,,,,,,,,,,,,,,,,,,,,,,,,,,,,,,,,,,,8.0,32.0,1.0,30.0,30.0,0.0,"{""rz"": 30, ""sx"": 15, ""measure"": 8, ""cz"": 7}","{""framework"": ""qiskit"", ""critical_path_length"": 32, ""connected_components"": 1, ""num_cliffords"": 30, ""num_non_cliffords"": 30, ""num_parameters"": 0}"
ibmq_cloud,120,ibmq,ibm_miami,QPU,sync,1,1,2187.006238,,32.0,,,60.0,,,,,53.0,7.0,0.0,,,,,,,,,,,,,,,,,,,,,,,,,,,,,,,,,,,,,,,,,,,,,,,,,,,,8.0,32.0,1.0,30.0,30.0,0.0,"{""rz"": 30, ""sx"": 15, ""measure"": 8, ""cz"": 7}","{""framework"": ""qiskit"", ""critical_path_length"": 32, ""connected_components"": 1, ""num_cliffords"": 30, ""num_non_cliffords"": 30, ""num_parameters"": 0}"
ibmq_cloud,120,ibmq,ibm_miami,QPU,sync,1,1,4064.091405,,32.0,,,60.0,,,,,53.0,7.0,0.0,,,,,,,,,,,,,,,,,,,,,,,,,,,,,,,,,,,,,,,,,,,,,,,,,,,,8.0,32.0,1.0,30.0,30.0,0.0,"{""rz"": 30, ""sx"": 15, ""measure"": 8, ""cz"": 7}","{""framework"": ""qiskit"", ""critical_path_length"": 32, ""connected_components"": 1, ""num_cliffords"": 30, ""num_non_cliffords"": 30, ""num_parameters"": 0}"
ibmq_cloud,156,ibmq,ibm_boston,QPU,sync,1,1,226012.364,,22477.0,,,36780.0,,,,,27453.0,9327.0,1.0,,,,,,,,,,,,,,,,,,,,,,,,,,,,,,,,,,,,,,,,,,,,,,,,,,,,12.0,22477.0,1.0,26246.0,10535.0,0.0,"{""sx"": 16768, ""rz"": 10535, ""cz"": 9327, ""x"": 138, ""measure"": 12, ""barrier"": 1}","{""framework"": ""qiskit"", ""critical_path_length"": 22477, ""connected_components"": 1, ""num_cliffords"": 26246, ""num_non_cliffords"": 10535, ""num_parameters"": 0}"
ibmq_cloud,156,ibmq,ibm_boston,QPU,sync,1,1,245970.315,,24559.0,,,39487.0,,,,,30160.0,9327.0,1.0,,,,,,,,,,,,,,,,,,,,,,,,,,,,,,,,,,,,,,,,,,,,,,,,,,,,12.0,24559.0,1.0,26249.0,13239.0,4.0,"{""sx"": 16771, ""rz"": 13239, ""cz"": 9327, ""x"": 138, ""measure"": 12, ""barrier"": 1}","{""framework"": ""qiskit"", ""critical_path_length"": 24559, ""connected_components"": 1, ""num_cliffords"": 26249, ""num_non_cliffords"": 13239, ""num_parameters"": 4}"
ibmq_cloud,156,ibmq,ibm_boston,QPU,sync,1,1,245809.31,,24559.0,,,39487.0,,,,,30160.0,9327.0,1.0,,,,,,,,,,,,,,,,,,,,,,,,,,,,,,,,,,,,,,,,,,,,,,,,,,,,12.0,24559.0,1.0,26249.0,13239.0,4.0,"{""sx"": 16771, ""rz"": 13239, ""cz"": 9327, ""x"": 138, ""measure"": 12, ""barrier"": 1}","{""framework"": ""qiskit"", ""critical_path_length"": 24559, ""connected_components"": 1, ""num_cliffords"": 26249, ""num_non_cliffords"": 13239, ""num_parameters"": 4}"
ibmq_cloud,156,ibmq,ibm_boston,QPU,sync,1,1,256559.612,,24559.0,,,39487.0,,,,,30160.0,9327.0,1.0,,,,,,,,,,,,,,,,,,,,,,,,,,,,,,,,,,,,,,,,,,,,,,,,,,,,12.0,24559.0,1.0,26249.0,13239.0,4.0,"{""sx"": 16771, ""rz"": 13239, ""cz"": 9327, ""x"": 138, ""measure"": 12, ""barrier"": 1}","{""framework"": ""qiskit"", ""critical_path_length"": 24559, ""connected_components"": 1, ""num_cliffords"": 26249, ""num_non_cliffords"": 13239, ""num_parameters"": 4}"
ibmq_cloud,156,ibmq,ibm_boston,QPU,sync,1,1,254605.028,,24559.0,,,39487.0,,,,,30160.0,9327.0,1.0,,,,,,,,,,,,,,,,,,,,,,,,,,,,,,,,,,,,,,,,,,,,,,,,,,,,12.0,24559.0,1.0,26249.0,13239.0,4.0,"{""sx"": 16771, ""rz"": 13239, ""cz"": 9327, ""x"": 138, ""measure"": 12, ""barrier"": 1}","{""framework"": ""qiskit"", ""critical_path_length"": 24559, ""connected_components"": 1, ""num_cliffords"": 26249, ""num_non_cliffords"": 13239, ""num_parameters"": 4}"
ibmq_cloud,156,ibmq,ibm_boston,QPU,sync,1,1,245742.044,,24559.0,,,39487.0,,,,,30160.0,9327.0,1.0,,,,,,,,,,,,,,,,,,,,,,,,,,,,,,,,,,,,,,,,,,,,,,,,,,,,12.0,24559.0,1.0,26249.0,13239.0,4.0,"{""sx"": 16771, ""rz"": 13239, ""cz"": 9327, ""x"": 138, ""measure"": 12, ""barrier"": 1}","{""framework"": ""qiskit"", ""critical_path_length"": 24559, ""connected_components"": 1, ""num_cliffords"": 26249, ""num_non_cliffords"": 13239, ""num_parameters"": 4}"
ibmq_cloud,156,ibmq,ibm_boston,QPU,sync,1,1,247011.718,,24559.0,,,39487.0,,,,,30160.0,9327.0,1.0,,,,,,,,,,,,,,,,,,,,,,,,,,,,,,,,,,,,,,,,,,,,,,,,,,,,12.0,24559.0,1.0,26249.0,13239.0,4.0,"{""sx"": 16771, ""rz"": 13239, ""cz"": 9327, ""x"": 138, ""measure"": 12, ""barrier"": 1}","{""framework"": ""qiskit"", ""critical_path_length"": 24559, ""connected_components"": 1, ""num_cliffords"": 26249, ""num_non_cliffords"": 13239, ""num_parameters"": 4}"
ibmq_cloud,156,ibmq,ibm_boston,QPU,sync,1,1,246638.665,,24559.0,,,39487.0,,,,,30160.0,9327.0,1.0,,,,,,,,,,,,,,,,,,,,,,,,,,,,,,,,,,,,,,,,,,,,,,,,,,,,12.0,24559.0,1.0,26249.0,13239.0,4.0,"{""sx"": 16771, ""rz"": 13239, ""cz"": 9327, ""x"": 138, ""measure"": 12, ""barrier"": 1}","{""framework"": ""qiskit"", ""critical_path_length"": 24559, ""connected_components"": 1, ""num_cliffords"": 26249, ""num_non_cliffords"": 13239, ""num_parameters"": 4}"
ibmq_cloud,156,ibmq,ibm_boston,QPU,sync,1,1,248220.697,,24559.0,,,39487.0,,,,,30160.0,9327.0,1.0,,,,,,,,,,,,,,,,,,,,,,,,,,,,,,,,,,,,,,,,,,,,,,,,,,,,12.0,24559.0,1.0,26249.0,13239.0,4.0,"{""sx"": 16771, ""rz"": 13239, ""cz"": 9327, ""x"": 138, ""measure"": 12, ""barrier"": 1}","{""framework"": ""qiskit"", ""critical_path_length"": 24559, ""connected_components"": 1, ""num_cliffords"": 26249, ""num_non_cliffords"": 13239, ""num_parameters"": 4}"
ibmq_cloud,156,ibmq,ibm_boston,QPU,sync,1,1,249957.707,,24559.0,,,39487.0,,,,,30160.0,9327.0,1.0,,,,,,,,,,,,,,,,,,,,,,,,,,,,,,,,,,,,,,,,,,,,,,,,,,,,12.0,24559.0,1.0,26249.0,13239.0,4.0,"{""sx"": 16771, ""rz"": 13239, ""cz"": 9327, ""x"": 138, ""measure"": 12, ""barrier"": 1}","{""framework"": ""qiskit"", ""critical_path_length"": 24559, ""connected_components"": 1, ""num_cliffords"": 26249, ""num_non_cliffords"": 13239, ""num_parameters"": 4}"
ibmq_cloud,156,ibmq,ibm_boston,QPU,sync,1,1,247205.321,,24559.0,,,39487.0,,,,,30160.0,9327.0,1.0,,,,,,,,,,,,,,,,,,,,,,,,,,,,,,,,,,,,,,,,,,,,,,,,,,,,12.0,24559.0,1.0,26249.0,13239.0,4.0,"{""sx"": 16771, ""rz"": 13239, ""cz"": 9327, ""x"": 138, ""measure"": 12, ""barrier"": 1}","{""framework"": ""qiskit"", ""critical_path_length"": 24559, ""connected_components"": 1, ""num_cliffords"": 26249, ""num_non_cliffords"": 13239, ""num_parameters"": 4}"
ibmq_cloud,156,ibmq,ibm_boston,QPU,sync,1,1,248223.812,,24559.0,,,39487.0,,,,,30160.0,9327.0,1.0,,,,,,,,,,,,,,,,,,,,,,,,,,,,,,,,,,,,,,,,,,,,,,,,,,,,12.0,24559.0,1.0,26249.0,13239.0,4.0,"{""sx"": 16771, ""rz"": 13239, ""cz"": 9327, ""x"": 138, ""measure"": 12, ""barrier"": 1}","{""framework"": ""qiskit"", ""critical_path_length"": 24559, ""connected_components"": 1, ""num_cliffords"": 26249, ""num_non_cliffords"": 13239, ""num_parameters"": 4}"
ibmq_cloud,156,ibmq,ibm_boston,QPU,sync,1,1,246157.69,,24559.0,,,39487.0,,,,,30160.0,9327.0,1.0,,,,,,,,,,,,,,,,,,,,,,,,,,,,,,,,,,,,,,,,,,,,,,,,,,,,12.0,24559.0,1.0,26249.0,13239.0,4.0,"{""sx"": 16771, ""rz"": 13239, ""cz"": 9327, ""x"": 138, ""measure"": 12, ""barrier"": 1}","{""framework"": ""qiskit"", ""critical_path_length"": 24559, ""connected_components"": 1, ""num_cliffords"": 26249, ""num_non_cliffords"": 13239, ""num_parameters"": 4}"
ibmq_cloud,156,ibmq,ibm_boston,QPU,sync,1,1,249369.423,,24559.0,,,39487.0,,,,,30160.0,9327.0,1.0,,,,,,,,,,,,,,,,,,,,,,,,,,,,,,,,,,,,,,,,,,,,,,,,,,,,12.0,24559.0,1.0,26249.0,13239.0,4.0,"{""sx"": 16771, ""rz"": 13239, ""cz"": 9327, ""x"": 138, ""measure"": 12, ""barrier"": 1}","{""framework"": ""qiskit"", ""critical_path_length"": 24559, ""connected_components"": 1, ""num_cliffords"": 26249, ""num_non_cliffords"": 13239, ""num_parameters"": 4}"
ibmq_cloud,156,ibmq,ibm_boston,QPU,sync,1,1,246165.505,,24559.0,,,39487.0,,,,,30160.0,9327.0,1.0,,,,,,,,,,,,,,,,,,,,,,,,,,,,,,,,,,,,,,,,,,,,,,,,,,,,12.0,24559.0,1.0,26249.0,13239.0,4.0,"{""sx"": 16771, ""rz"": 13239, ""cz"": 9327, ""x"": 138, ""measure"": 12, ""barrier"": 1}","{""framework"": ""qiskit"", ""critical_path_length"": 24559, ""connected_components"": 1, ""num_cliffords"": 26249, ""num_non_cliffords"": 13239, ""num_parameters"": 4}"
ibmq_cloud,156,ibmq,ibm_boston,QPU,sync,1,1,251512.435,,24559.0,,,39487.0,,,,,30160.0,9327.0,1.0,,,,,,,,,,,,,,,,,,,,,,,,,,,,,,,,,,,,,,,,,,,,,,,,,,,,12.0,24559.0,1.0,26249.0,13239.0,4.0,"{""sx"": 16771, ""rz"": 13239, ""cz"": 9327, ""x"": 138, ""measure"": 12, ""barrier"": 1}","{""framework"": ""qiskit"", ""critical_path_length"": 24559, ""connected_components"": 1, ""num_cliffords"": 26249, ""num_non_cliffords"": 13239, ""num_parameters"": 4}"
ibmq_cloud,156,ibmq,ibm_boston,QPU,sync,1,1,262310.862,,24559.0,,,39487.0,,,,,30160.0,9327.0,1.0,,,,,,,,,,,,,,,,,,,,,,,,,,,,,,,,,,,,,,,,,,,,,,,,,,,,12.0,24559.0,1.0,26249.0,13239.0,4.0,"{""sx"": 16771, ""rz"": 13239, ""cz"": 9327, ""x"": 138, ""measure"": 12, ""barrier"": 1}","{""framework"": ""qiskit"", ""critical_path_length"": 24559, ""connected_components"": 1, ""num_cliffords"": 26249, ""num_non_cliffords"": 13239, ""num_parameters"": 4}"
ibmq_cloud,156,ibmq,ibm_boston,QPU,sync,1,1,246776.984,,24559.0,,,39487.0,,,,,30160.0,9327.0,1.0,,,,,,,,,,,,,,,,,,,,,,,,,,,,,,,,,,,,,,,,,,,,,,,,,,,,12.0,24559.0,1.0,26249.0,13239.0,4.0,"{""sx"": 16771, ""rz"": 13239, ""cz"": 9327, ""x"": 138, ""measure"": 12, ""barrier"": 1}","{""framework"": ""qiskit"", ""critical_path_length"": 24559, ""connected_components"": 1, ""num_cliffords"": 26249, ""num_non_cliffords"": 13239, ""num_parameters"": 4}"
ibmq_cloud,156,ibmq,ibm_boston,QPU,sync,1,1,244974.732,,24559.0,,,39487.0,,,,,30160.0,9327.0,1.0,,,,,,,,,,,,,,,,,,,,,,,,,,,,,,,,,,,,,,,,,,,,,,,,,,,,12.0,24559.0,1.0,26249.0,13239.0,4.0,"{""sx"": 16771, ""rz"": 13239, ""cz"": 9327, ""x"": 138, ""measure"": 12, ""barrier"": 1}","{""framework"": ""qiskit"", ""critical_path_length"": 24559, ""connected_components"": 1, ""num_cliffords"": 26249, ""num_non_cliffords"": 13239, ""num_parameters"": 4}"
ibmq_cloud,156,ibmq,ibm_boston,QPU,sync,1,1,245990.412,,24559.0,,,39487.0,,,,,30160.0,9327.0,1.0,,,,,,,,,,,,,,,,,,,,,,,,,,,,,,,,,,,,,,,,,,,,,,,,,,,,12.0,24559.0,1.0,26249.0,13239.0,4.0,"{""sx"": 16771, ""rz"": 13239, ""cz"": 9327, ""x"": 138, ""measure"": 12, ""barrier"": 1}","{""framework"": ""qiskit"", ""critical_path_length"": 24559, ""connected_components"": 1, ""num_cliffords"": 26249, ""num_non_cliffords"": 13239, ""num_parameters"": 4}"
ibmq_cloud,156,ibmq,ibm_boston,QPU,sync,1,1,252922.835,,24559.0,,,39487.0,,,,,30160.0,9327.0,1.0,,,,,,,,,,,,,,,,,,,,,,,,,,,,,,,,,,,,,,,,,,,,,,,,,,,,12.0,24559.0,1.0,26249.0,13239.0,4.0,"{""sx"": 16771, ""rz"": 13239, ""cz"": 9327, ""x"": 138, ""measure"": 12, ""barrier"": 1}","{""framework"": ""qiskit"", ""critical_path_length"": 24559, ""connected_components"": 1, ""num_cliffords"": 26249, ""num_non_cliffords"": 13239, ""num_parameters"": 4}"
ibmq_cloud,156,ibmq,ibm_boston,QPU,sync,1,1,265615.59699999995,,24559.0,,,39487.0,,,,,30160.0,9327.0,1.0,,,,,,,,,,,,,,,,,,,,,,,,,,,,,,,,,,,,,,,,,,,,,,,,,,,,12.0,24559.0,1.0,26249.0,13239.0,4.0,"{""sx"": 16771, ""rz"": 13239, ""cz"": 9327, ""x"": 138, ""measure"": 12, ""barrier"": 1}","{""framework"": ""qiskit"", ""critical_path_length"": 24559, ""connected_components"": 1, ""num_cliffords"": 26249, ""num_non_cliffords"": 13239, ""num_parameters"": 4}"
ibmq_cloud,156,ibmq,ibm_boston,QPU,sync,1,1,246047.584,,24559.0,,,39487.0,,,,,30160.0,9327.0,1.0,,,,,,,,,,,,,,,,,,,,,,,,,,,,,,,,,,,,,,,,,,,,,,,,,,,,12.0,24559.0,1.0,26249.0,13239.0,4.0,"{""sx"": 16771, ""rz"": 13239, ""cz"": 9327, ""x"": 138, ""measure"": 12, ""barrier"": 1}","{""framework"": ""qiskit"", ""critical_path_length"": 24559, ""connected_components"": 1, ""num_cliffords"": 26249, ""num_non_cliffords"": 13239, ""num_parameters"": 4}"
ibmq_cloud,156,ibmq,ibm_boston,QPU,sync,1,1,248404.216,,24559.0,,,39487.0,,,,,30160.0,9327.0,1.0,,,,,,,,,,,,,,,,,,,,,,,,,,,,,,,,,,,,,,,,,,,,,,,,,,,,12.0,24559.0,1.0,26249.0,13239.0,4.0,"{""sx"": 16771, ""rz"": 13239, ""cz"": 9327, ""x"": 138, ""measure"": 12, ""barrier"": 1}","{""framework"": ""qiskit"", ""critical_path_length"": 24559, ""connected_components"": 1, ""num_cliffords"": 26249, ""num_non_cliffords"": 13239, ""num_parameters"": 4}"
ibmq_cloud,156,ibmq,ibm_boston,QPU,sync,1,1,246163.387,,24559.0,,,39487.0,,,,,30160.0,9327.0,1.0,,,,,,,,,,,,,,,,,,,,,,,,,,,,,,,,,,,,,,,,,,,,,,,,,,,,12.0,24559.0,1.0,26249.0,13239.0,4.0,"{""sx"": 16771, ""rz"": 13239, ""cz"": 9327, ""x"": 138, ""measure"": 12, ""barrier"": 1}","{""framework"": ""qiskit"", ""critical_path_length"": 24559, ""connected_components"": 1, ""num_cliffords"": 26249, ""num_non_cliffords"": 13239, ""num_parameters"": 4}"
ibmq_cloud,156,ibmq,ibm_boston,QPU,sync,1,1,249561.803,,24559.0,,,39487.0,,,,,30160.0,9327.0,1.0,,,,,,,,,,,,,,,,,,,,,,,,,,,,,,,,,,,,,,,,,,,,,,,,,,,,12.0,24559.0,1.0,26249.0,13239.0,4.0,"{""sx"": 16771, ""rz"": 13239, ""cz"": 9327, ""x"": 138, ""measure"": 12, ""barrier"": 1}","{""framework"": ""qiskit"", ""critical_path_length"": 24559, ""connected_components"": 1, ""num_cliffords"": 26249, ""num_non_cliffords"": 13239, ""num_parameters"": 4}"
ibmq_cloud,156,ibmq,ibm_boston,QPU,sync,1,1,245706.917,,24559.0,,,39487.0,,,,,30160.0,9327.0,1.0,,,,,,,,,,,,,,,,,,,,,,,,,,,,,,,,,,,,,,,,,,,,,,,,,,,,12.0,24559.0,1.0,26249.0,13239.0,4.0,"{""sx"": 16771, ""rz"": 13239, ""cz"": 9327, ""x"": 138, ""measure"": 12, ""barrier"": 1}","{""framework"": ""qiskit"", ""critical_path_length"": 24559, ""connected_components"": 1, ""num_cliffords"": 26249, ""num_non_cliffords"": 13239, ""num_parameters"": 4}"
ibmq_cloud,156,ibmq,ibm_boston,QPU,sync,1,1,252729.688,,24559.0,,,39487.0,,,,,30160.0,9327.0,1.0,,,,,,,,,,,,,,,,,,,,,,,,,,,,,,,,,,,,,,,,,,,,,,,,,,,,12.0,24559.0,1.0,26249.0,13239.0,4.0,"{""sx"": 16771, ""rz"": 13239, ""cz"": 9327, ""x"": 138, ""measure"": 12, ""barrier"": 1}","{""framework"": ""qiskit"", ""critical_path_length"": 24559, ""connected_components"": 1, ""num_cliffords"": 26249, ""num_non_cliffords"": 13239, ""num_parameters"": 4}"
ibmq_cloud,156,ibmq,ibm_boston,QPU,sync,1,1,247690.061,,24559.0,,,39487.0,,,,,30160.0,9327.0,1.0,,,,,,,,,,,,,,,,,,,,,,,,,,,,,,,,,,,,,,,,,,,,,,,,,,,,12.0,24559.0,1.0,26249.0,13239.0,4.0,"{""sx"": 16771, ""rz"": 13239, ""cz"": 9327, ""x"": 138, ""measure"": 12, ""barrier"": 1}","{""framework"": ""qiskit"", ""critical_path_length"": 24559, ""connected_components"": 1, ""num_cliffords"": 26249, ""num_non_cliffords"": 13239, ""num_parameters"": 4}"
ibmq_cloud,156,ibmq,ibm_boston,QPU,sync,1,1,246310.487,,24559.0,,,39487.0,,,,,30160.0,9327.0,1.0,,,,,,,,,,,,,,,,,,,,,,,,,,,,,,,,,,,,,,,,,,,,,,,,,,,,12.0,24559.0,1.0,26249.0,13239.0,4.0,"{""sx"": 16771, ""rz"": 13239, ""cz"": 9327, ""x"": 138, ""measure"": 12, ""barrier"": 1}","{""framework"": ""qiskit"", ""critical_path_length"": 24559, ""connected_components"": 1, ""num_cliffords"": 26249, ""num_non_cliffords"": 13239, ""num_parameters"": 4}"
ibmq_cloud,156,ibmq,ibm_boston,QPU,sync,1,1,245826.556,,24559.0,,,39487.0,,,,,30160.0,9327.0,1.0,,,,,,,,,,,,,,,,,,,,,,,,,,,,,,,,,,,,,,,,,,,,,,,,,,,,12.0,24559.0,1.0,26249.0,13239.0,4.0,"{""sx"": 16771, ""rz"": 13239, ""cz"": 9327, ""x"": 138, ""measure"": 12, ""barrier"": 1}","{""framework"": ""qiskit"", ""critical_path_length"": 24559, ""connected_components"": 1, ""num_cliffords"": 26249, ""num_non_cliffords"": 13239, ""num_parameters"": 4}"
ibmq_cloud,156,ibmq,ibm_boston,QPU,sync,1,1,246367.456,,24559.0,,,39487.0,,,,,30160.0,9327.0,1.0,,,,,,,,,,,,,,,,,,,,,,,,,,,,,,,,,,,,,,,,,,,,,,,,,,,,12.0,24559.0,1.0,26249.0,13239.0,4.0,"{""sx"": 16771, ""rz"": 13239, ""cz"": 9327, ""x"": 138, ""measure"": 12, ""barrier"": 1}","{""framework"": ""qiskit"", ""critical_path_length"": 24559, ""connected_components"": 1, ""num_cliffords"": 26249, ""num_non_cliffords"": 13239, ""num_parameters"": 4}"
ibmq_cloud,156,ibmq,ibm_boston,QPU,sync,1,1,277016.806,,24559.0,,,39487.0,,,,,30160.0,9327.0,1.0,,,,,,,,,,,,,,,,,,,,,,,,,,,,,,,,,,,,,,,,,,,,,,,,,,,,12.0,24559.0,1.0,26249.0,13239.0,4.0,"{""sx"": 16771, ""rz"": 13239, ""cz"": 9327, ""x"": 138, ""measure"": 12, ""barrier"": 1}","{""framework"": ""qiskit"", ""critical_path_length"": 24559, ""connected_components"": 1, ""num_cliffords"": 26249, ""num_non_cliffords"": 13239, ""num_parameters"": 4}"
ibmq_cloud,156,ibmq,ibm_boston,QPU,sync,1,1,246141.591,,24559.0,,,39487.0,,,,,30160.0,9327.0,1.0,,,,,,,,,,,,,,,,,,,,,,,,,,,,,,,,,,,,,,,,,,,,,,,,,,,,12.0,24559.0,1.0,26249.0,13239.0,4.0,"{""sx"": 16771, ""rz"": 13239, ""cz"": 9327, ""x"": 138, ""measure"": 12, ""barrier"": 1}","{""framework"": ""qiskit"", ""critical_path_length"": 24559, ""connected_components"": 1, ""num_cliffords"": 26249, ""num_non_cliffords"": 13239, ""num_parameters"": 4}"
ibmq_cloud,156,ibmq,ibm_boston,QPU,sync,1,1,248707.023,,24559.0,,,39487.0,,,,,30160.0,9327.0,1.0,,,,,,,,,,,,,,,,,,,,,,,,,,,,,,,,,,,,,,,,,,,,,,,,,,,,12.0,24559.0,1.0,26249.0,13239.0,4.0,"{""sx"": 16771, ""rz"": 13239, ""cz"": 9327, ""x"": 138, ""measure"": 12, ""barrier"": 1}","{""framework"": ""qiskit"", ""critical_path_length"": 24559, ""connected_components"": 1, ""num_cliffords"": 26249, ""num_non_cliffords"": 13239, ""num_parameters"": 4}"
ibmq_cloud,156,ibmq,ibm_boston,QPU,sync,1,1,272928.92100000003,,24559.0,,,39487.0,,,,,30160.0,9327.0,1.0,,,,,,,,,,,,,,,,,,,,,,,,,,,,,,,,,,,,,,,,,,,,,,,,,,,,12.0,24559.0,1.0,26249.0,13239.0,4.0,"{""sx"": 16771, ""rz"": 13239, ""cz"": 9327, ""x"": 138, ""measure"": 12, ""barrier"": 1}","{""framework"": ""qiskit"", ""critical_path_length"": 24559, ""connected_components"": 1, ""num_cliffords"": 26249, ""num_non_cliffords"": 13239, ""num_parameters"": 4}"
ibmq_cloud,156,ibmq,ibm_boston,QPU,sync,1,1,253349.996,,24559.0,,,39487.0,,,,,30160.0,9327.0,1.0,,,,,,,,,,,,,,,,,,,,,,,,,,,,,,,,,,,,,,,,,,,,,,,,,,,,12.0,24559.0,1.0,26249.0,13239.0,4.0,"{""sx"": 16771, ""rz"": 13239, ""cz"": 9327, ""x"": 138, ""measure"": 12, ""barrier"": 1}","{""framework"": ""qiskit"", ""critical_path_length"": 24559, ""connected_components"": 1, ""num_cliffords"": 26249, ""num_non_cliffords"": 13239, ""num_parameters"": 4}"
ibmq_cloud,156,ibmq,ibm_boston,QPU,sync,1,1,260602.484,,24559.0,,,39487.0,,,,,30160.0,9327.0,1.0,,,,,,,,,,,,,,,,,,,,,,,,,,,,,,,,,,,,,,,,,,,,,,,,,,,,12.0,24559.0,1.0,26249.0,13239.0,4.0,"{""sx"": 16771, ""rz"": 13239, ""cz"": 9327, ""x"": 138, ""measure"": 12, ""barrier"": 1}","{""framework"": ""qiskit"", ""critical_path_length"": 24559, ""connected_components"": 1, ""num_cliffords"": 26249, ""num_non_cliffords"": 13239, ""num_parameters"": 4}"
ibmq_cloud,156,ibmq,ibm_boston,QPU,sync,1,1,268838.071,,24559.0,,,39487.0,,,,,30160.0,9327.0,1.0,,,,,,,,,,,,,,,,,,,,,,,,,,,,,,,,,,,,,,,,,,,,,,,,,,,,12.0,24559.0,1.0,26249.0,13239.0,4.0,"{""sx"": 16771, ""rz"": 13239, ""cz"": 9327, ""x"": 138, ""measure"": 12, ""barrier"": 1}","{""framework"": ""qiskit"", ""critical_path_length"": 24559, ""connected_components"": 1, ""num_cliffords"": 26249, ""num_non_cliffords"": 13239, ""num_parameters"": 4}"
ibmq_cloud,156,ibmq,ibm_boston,QPU,sync,1,1,247068.002,,24559.0,,,39487.0,,,,,30160.0,9327.0,1.0,,,,,,,,,,,,,,,,,,,,,,,,,,,,,,,,,,,,,,,,,,,,,,,,,,,,12.0,24559.0,1.0,26249.0,13239.0,4.0,"{""sx"": 16771, ""rz"": 13239, ""cz"": 9327, ""x"": 138, ""measure"": 12, ""barrier"": 1}","{""framework"": ""qiskit"", ""critical_path_length"": 24559, ""connected_components"": 1, ""num_cliffords"": 26249, ""num_non_cliffords"": 13239, ""num_parameters"": 4}"
ibmq_cloud,156,ibmq,ibm_boston,QPU,sync,1,1,251341.231,,24559.0,,,39487.0,,,,,30160.0,9327.0,1.0,,,,,,,,,,,,,,,,,,,,,,,,,,,,,,,,,,,,,,,,,,,,,,,,,,,,12.0,24559.0,1.0,26249.0,13239.0,4.0,"{""sx"": 16771, ""rz"": 13239, ""cz"": 9327, ""x"": 138, ""measure"": 12, ""barrier"": 1}","{""framework"": ""qiskit"", ""critical_path_length"": 24559, ""connected_components"": 1, ""num_cliffords"": 26249, ""num_non_cliffords"": 13239, ""num_parameters"": 4}"
ibmq_cloud,156,ibmq,ibm_boston,QPU,sync,1,1,249463.996,,24559.0,,,39487.0,,,,,30160.0,9327.0,1.0,,,,,,,,,,,,,,,,,,,,,,,,,,,,,,,,,,,,,,,,,,,,,,,,,,,,12.0,24559.0,1.0,26249.0,13239.0,4.0,"{""sx"": 16771, ""rz"": 13239, ""cz"": 9327, ""x"": 138, ""measure"": 12, ""barrier"": 1}","{""framework"": ""qiskit"", ""critical_path_length"": 24559, ""connected_components"": 1, ""num_cliffords"": 26249, ""num_non_cliffords"": 13239, ""num_parameters"": 4}"
ibmq_cloud,156,ibmq,ibm_boston,QPU,sync,1,1,249156.525,,24559.0,,,39487.0,,,,,30160.0,9327.0,1.0,,,,,,,,,,,,,,,,,,,,,,,,,,,,,,,,,,,,,,,,,,,,,,,,,,,,12.0,24559.0,1.0,26249.0,13239.0,4.0,"{""sx"": 16771, ""rz"": 13239, ""cz"": 9327, ""x"": 138, ""measure"": 12, ""barrier"": 1}","{""framework"": ""qiskit"", ""critical_path_length"": 24559, ""connected_components"": 1, ""num_cliffords"": 26249, ""num_non_cliffords"": 13239, ""num_parameters"": 4}"
ibmq_cloud,120,ibmq,ibm_miami,QPU,sync,1,1,90073.923,,23102.0,,,36207.0,,,,,27997.0,8210.0,1.0,,,,,,,,,,,,,,,,,,,,,,,,,,,,,,,,,,,,,,,,,,,,,,,,,,,,12.0,23102.0,1.0,23043.0,13165.0,4.0,"{""sx"": 14735, ""rz"": 13165, ""cz"": 8210, ""x"": 85, ""measure"": 12, ""barrier"": 1}","{""framework"": ""qiskit"", ""critical_path_length"": 23102, ""connected_components"": 1, ""num_cliffords"": 23043, ""num_non_cliffords"": 13165, ""num_parameters"": 4}"
ibmq_cloud,156,ibmq,ibm_boston,QPU,sync,1,1,245878.791,,24559.0,,,39487.0,,,,,30160.0,9327.0,1.0,,,,,,,,,,,,,,,,,,,,,,,,,,,,,,,,,,,,,,,,,,,,,,,,,,,,12.0,24559.0,1.0,26249.0,13239.0,4.0,"{""sx"": 16771, ""rz"": 13239, ""cz"": 9327, ""x"": 138, ""measure"": 12, ""barrier"": 1}","{""framework"": ""qiskit"", ""critical_path_length"": 24559, ""connected_components"": 1, ""num_cliffords"": 26249, ""num_non_cliffords"": 13239, ""num_parameters"": 4}"
ibmq_cloud,156,ibmq,ibm_boston,QPU,sync,1,1,246661.058,,24559.0,,,39487.0,,,,,30160.0,9327.0,1.0,,,,,,,,,,,,,,,,,,,,,,,,,,,,,,,,,,,,,,,,,,,,,,,,,,,,12.0,24559.0,1.0,26249.0,13239.0,4.0,"{""sx"": 16771, ""rz"": 13239, ""cz"": 9327, ""x"": 138, ""measure"": 12, ""barrier"": 1}","{""framework"": ""qiskit"", ""critical_path_length"": 24559, ""connected_components"": 1, ""num_cliffords"": 26249, ""num_non_cliffords"": 13239, ""num_parameters"": 4}"
ibmq_cloud,120,ibmq,ibm_miami,QPU,sync,1,1,427652.128,,23102.0,,,36207.0,,,,,27997.0,8210.0,1.0,,,,,,,,,,,,,,,,,,,,,,,,,,,,,,,,,,,,,,,,,,,,,,,,,,,,12.0,23102.0,1.0,23043.0,13165.0,4.0,"{""sx"": 14735, ""rz"": 13165, ""cz"": 8210, ""x"": 85, ""measure"": 12, ""barrier"": 1}","{""framework"": ""qiskit"", ""critical_path_length"": 23102, ""connected_components"": 1, ""num_cliffords"": 23043, ""num_non_cliffords"": 13165, ""num_parameters"": 4}"
ibmq_cloud,156,ibmq,ibm_boston,QPU,sync,1,1,247915.019,,24559.0,,,39487.0,,,,,30160.0,9327.0,1.0,,,,,,,,,,,,,,,,,,,,,,,,,,,,,,,,,,,,,,,,,,,,,,,,,,,,12.0,24559.0,1.0,26249.0,13239.0,4.0,"{""sx"": 16771, ""rz"": 13239, ""cz"": 9327, ""x"": 138, ""measure"": 12, ""barrier"": 1}","{""framework"": ""qiskit"", ""critical_path_length"": 24559, ""connected_components"": 1, ""num_cliffords"": 26249, ""num_non_cliffords"": 13239, ""num_parameters"": 4}"
ibmq_cloud,156,ibmq,ibm_boston,QPU,sync,1,1,247033.632,,24559.0,,,39487.0,,,,,30160.0,9327.0,1.0,,,,,,,,,,,,,,,,,,,,,,,,,,,,,,,,,,,,,,,,,,,,,,,,,,,,12.0,24559.0,1.0,26249.0,13239.0,4.0,"{""sx"": 16771, ""rz"": 13239, ""cz"": 9327, ""x"": 138, ""measure"": 12, ""barrier"": 1}","{""framework"": ""qiskit"", ""critical_path_length"": 24559, ""connected_components"": 1, ""num_cliffords"": 26249, ""num_non_cliffords"": 13239, ""num_parameters"": 4}"
ibmq_cloud,120,ibmq,ibm_miami,QPU,sync,1,1,426791.346,,23102.0,,,36207.0,,,,,27997.0,8210.0,1.0,,,,,,,,,,,,,,,,,,,,,,,,,,,,,,,,,,,,,,,,,,,,,,,,,,,,12.0,23102.0,1.0,23043.0,13165.0,4.0,"{""sx"": 14735, ""rz"": 13165, ""cz"": 8210, ""x"": 85, ""measure"": 12, ""barrier"": 1}","{""framework"": ""qiskit"", ""critical_path_length"": 23102, ""connected_components"": 1, ""num_cliffords"": 23043, ""num_non_cliffords"": 13165, ""num_parameters"": 4}"
ibmq_cloud,156,ibmq,ibm_boston,QPU,sync,1,1,246867.257,,24559.0,,,39487.0,,,,,30160.0,9327.0,1.0,,,,,,,,,,,,,,,,,,,,,,,,,,,,,,,,,,,,,,,,,,,,,,,,,,,,12.0,24559.0,1.0,26249.0,13239.0,4.0,"{""sx"": 16771, ""rz"": 13239, ""cz"": 9327, ""x"": 138, ""measure"": 12, ""barrier"": 1}","{""framework"": ""qiskit"", ""critical_path_length"": 24559, ""connected_components"": 1, ""num_cliffords"": 26249, ""num_non_cliffords"": 13239, ""num_parameters"": 4}"
ibmq_cloud,120,ibmq,ibm_miami,QPU,sync,1,1,431916.542,,23102.0,,,36207.0,,,,,27997.0,8210.0,1.0,,,,,,,,,,,,,,,,,,,,,,,,,,,,,,,,,,,,,,,,,,,,,,,,,,,,12.0,23102.0,1.0,23043.0,13165.0,4.0,"{""sx"": 14735, ""rz"": 13165, ""cz"": 8210, ""x"": 85, ""measure"": 12, ""barrier"": 1}","{""framework"": ""qiskit"", ""critical_path_length"": 23102, ""connected_components"": 1, ""num_cliffords"": 23043, ""num_non_cliffords"": 13165, ""num_parameters"": 4}"
ibmq_cloud,156,ibmq,ibm_boston,QPU,sync,1,1,256273.757,,24559.0,,,39487.0,,,,,30160.0,9327.0,1.0,,,,,,,,,,,,,,,,,,,,,,,,,,,,,,,,,,,,,,,,,,,,,,,,,,,,12.0,24559.0,1.0,26249.0,13239.0,4.0,"{""sx"": 16771, ""rz"": 13239, ""cz"": 9327, ""x"": 138, ""measure"": 12, ""barrier"": 1}","{""framework"": ""qiskit"", ""critical_path_length"": 24559, ""connected_components"": 1, ""num_cliffords"": 26249, ""num_non_cliffords"": 13239, ""num_parameters"": 4}"
ibmq_cloud,156,ibmq,ibm_fez,QPU,sync,1,1,224351.495,,22480.0,,,37110.0,,,,,27702.0,9408.0,1.0,,,,,,,,,,,,,,,,,,,,,,,,,,,,,,,,,,,,,,,,,,,,,,,,,,,,12.0,22480.0,1.0,26514.0,10597.0,0.0,"{""sx"": 16985, ""rz"": 10597, ""cz"": 9408, ""x"": 108, ""measure"": 12, ""barrier"": 1}","{""framework"": ""qiskit"", ""critical_path_length"": 22480, ""connected_components"": 1, ""num_cliffords"": 26514, ""num_non_cliffords"": 10597, ""num_parameters"": 0}"
ibmq_cloud,156,ibmq,ibm_fez,QPU,sync,1,1,242394.879,,24568.0,,,39920.0,,,,,30512.0,9408.0,1.0,,,,,,,,,,,,,,,,,,,,,,,,,,,,,,,,,,,,,,,,,,,,,,,,,,,,12.0,24568.0,1.0,26517.0,13404.0,4.0,"{""sx"": 16988, ""rz"": 13404, ""cz"": 9408, ""x"": 108, ""measure"": 12, ""barrier"": 1}","{""framework"": ""qiskit"", ""critical_path_length"": 24568, ""connected_components"": 1, ""num_cliffords"": 26517, ""num_non_cliffords"": 13404, ""num_parameters"": 4}"
ibmq_cloud,156,ibmq,ibm_fez,QPU,sync,1,1,253124.437,,24568.0,,,39920.0,,,,,30512.0,9408.0,1.0,,,,,,,,,,,,,,,,,,,,,,,,,,,,,,,,,,,,,,,,,,,,,,,,,,,,12.0,24568.0,1.0,26517.0,13404.0,4.0,"{""sx"": 16988, ""rz"": 13404, ""cz"": 9408, ""x"": 108, ""measure"": 12, ""barrier"": 1}","{""framework"": ""qiskit"", ""critical_path_length"": 24568, ""connected_components"": 1, ""num_cliffords"": 26517, ""num_non_cliffords"": 13404, ""num_parameters"": 4}"
ibmq_cloud,156,ibmq,ibm_fez,QPU,sync,1,1,246120.682,,24568.0,,,39920.0,,,,,30512.0,9408.0,1.0,,,,,,,,,,,,,,,,,,,,,,,,,,,,,,,,,,,,,,,,,,,,,,,,,,,,12.0,24568.0,1.0,26517.0,13404.0,4.0,"{""sx"": 16988, ""rz"": 13404, ""cz"": 9408, ""x"": 108, ""measure"": 12, ""barrier"": 1}","{""framework"": ""qiskit"", ""critical_path_length"": 24568, ""connected_components"": 1, ""num_cliffords"": 26517, ""num_non_cliffords"": 13404, ""num_parameters"": 4}"
ibmq_cloud,156,ibmq,ibm_fez,QPU,sync,1,1,244845.734,,24568.0,,,39920.0,,,,,30512.0,9408.0,1.0,,,,,,,,,,,,,,,,,,,,,,,,,,,,,,,,,,,,,,,,,,,,,,,,,,,,12.0,24568.0,1.0,26517.0,13404.0,4.0,"{""sx"": 16988, ""rz"": 13404, ""cz"": 9408, ""x"": 108, ""measure"": 12, ""barrier"": 1}","{""framework"": ""qiskit"", ""critical_path_length"": 24568, ""connected_components"": 1, ""num_cliffords"": 26517, ""num_non_cliffords"": 13404, ""num_parameters"": 4}"
ibmq_cloud,156,ibmq,ibm_fez,QPU,sync,1,1,263675.323,,24568.0,,,39920.0,,,,,30512.0,9408.0,1.0,,,,,,,,,,,,,,,,,,,,,,,,,,,,,,,,,,,,,,,,,,,,,,,,,,,,12.0,24568.0,1.0,26517.0,13404.0,4.0,"{""sx"": 16988, ""rz"": 13404, ""cz"": 9408, ""x"": 108, ""measure"": 12, ""barrier"": 1}","{""framework"": ""qiskit"", ""critical_path_length"": 24568, ""connected_components"": 1, ""num_cliffords"": 26517, ""num_non_cliffords"": 13404, ""num_parameters"": 4}"
ibmq_cloud,156,ibmq,ibm_fez,QPU,sync,1,1,244155.311,,24568.0,,,39920.0,,,,,30512.0,9408.0,1.0,,,,,,,,,,,,,,,,,,,,,,,,,,,,,,,,,,,,,,,,,,,,,,,,,,,,12.0,24568.0,1.0,26517.0,13404.0,4.0,"{""sx"": 16988, ""rz"": 13404, ""cz"": 9408, ""x"": 108, ""measure"": 12, ""barrier"": 1}","{""framework"": ""qiskit"", ""critical_path_length"": 24568, ""connected_components"": 1, ""num_cliffords"": 26517, ""num_non_cliffords"": 13404, ""num_parameters"": 4}"
ibmq_cloud,156,ibmq,ibm_fez,QPU,sync,1,1,241484.598,,24568.0,,,39920.0,,,,,30512.0,9408.0,1.0,,,,,,,,,,,,,,,,,,,,,,,,,,,,,,,,,,,,,,,,,,,,,,,,,,,,12.0,24568.0,1.0,26517.0,13404.0,4.0,"{""sx"": 16988, ""rz"": 13404, ""cz"": 9408, ""x"": 108, ""measure"": 12, ""barrier"": 1}","{""framework"": ""qiskit"", ""critical_path_length"": 24568, ""connected_components"": 1, ""num_cliffords"": 26517, ""num_non_cliffords"": 13404, ""num_parameters"": 4}"
ibmq_cloud,156,ibmq,ibm_fez,QPU,sync,1,1,243320.896,,24568.0,,,39920.0,,,,,30512.0,9408.0,1.0,,,,,,,,,,,,,,,,,,,,,,,,,,,,,,,,,,,,,,,,,,,,,,,,,,,,12.0,24568.0,1.0,26517.0,13404.0,4.0,"{""sx"": 16988, ""rz"": 13404, ""cz"": 9408, ""x"": 108, ""measure"": 12, ""barrier"": 1}","{""framework"": ""qiskit"", ""critical_path_length"": 24568, ""connected_components"": 1, ""num_cliffords"": 26517, ""num_non_cliffords"": 13404, ""num_parameters"": 4}"
ibmq_cloud,156,ibmq,ibm_fez,QPU,sync,1,1,252725.37,,24568.0,,,39920.0,,,,,30512.0,9408.0,1.0,,,,,,,,,,,,,,,,,,,,,,,,,,,,,,,,,,,,,,,,,,,,,,,,,,,,12.0,24568.0,1.0,26517.0,13404.0,4.0,"{""sx"": 16988, ""rz"": 13404, ""cz"": 9408, ""x"": 108, ""measure"": 12, ""barrier"": 1}","{""framework"": ""qiskit"", ""critical_path_length"": 24568, ""connected_components"": 1, ""num_cliffords"": 26517, ""num_non_cliffords"": 13404, ""num_parameters"": 4}"
ibmq_cloud,156,ibmq,ibm_fez,QPU,sync,1,1,267650.228,,24568.0,,,39920.0,,,,,30512.0,9408.0,1.0,,,,,,,,,,,,,,,,,,,,,,,,,,,,,,,,,,,,,,,,,,,,,,,,,,,,12.0,24568.0,1.0,26517.0,13404.0,4.0,"{""sx"": 16988, ""rz"": 13404, ""cz"": 9408, ""x"": 108, ""measure"": 12, ""barrier"": 1}","{""framework"": ""qiskit"", ""critical_path_length"": 24568, ""connected_components"": 1, ""num_cliffords"": 26517, ""num_non_cliffords"": 13404, ""num_parameters"": 4}"
ibmq_cloud,156,ibmq,ibm_fez,QPU,sync,1,1,417599.089,,24568.0,,,39920.0,,,,,30512.0,9408.0,1.0,,,,,,,,,,,,,,,,,,,,,,,,,,,,,,,,,,,,,,,,,,,,,,,,,,,,12.0,24568.0,1.0,26517.0,13404.0,4.0,"{""sx"": 16988, ""rz"": 13404, ""cz"": 9408, ""x"": 108, ""measure"": 12, ""barrier"": 1}","{""framework"": ""qiskit"", ""critical_path_length"": 24568, ""connected_components"": 1, ""num_cliffords"": 26517, ""num_non_cliffords"": 13404, ""num_parameters"": 4}"
ibmq_cloud,156,ibmq,ibm_fez,QPU,sync,1,1,370557.947,,24568.0,,,39920.0,,,,,30512.0,9408.0,1.0,,,,,,,,,,,,,,,,,,,,,,,,,,,,,,,,,,,,,,,,,,,,,,,,,,,,12.0,24568.0,1.0,26517.0,13404.0,4.0,"{""sx"": 16988, ""rz"": 13404, ""cz"": 9408, ""x"": 108, ""measure"": 12, ""barrier"": 1}","{""framework"": ""qiskit"", ""critical_path_length"": 24568, ""connected_components"": 1, ""num_cliffords"": 26517, ""num_non_cliffords"": 13404, ""num_parameters"": 4}"
ibmq_cloud,156,ibmq,ibm_fez,QPU,sync,1,1,240812.551,,24568.0,,,39920.0,,,,,30512.0,9408.0,1.0,,,,,,,,,,,,,,,,,,,,,,,,,,,,,,,,,,,,,,,,,,,,,,,,,,,,12.0,24568.0,1.0,26517.0,13404.0,4.0,"{""sx"": 16988, ""rz"": 13404, ""cz"": 9408, ""x"": 108, ""measure"": 12, ""barrier"": 1}","{""framework"": ""qiskit"", ""critical_path_length"": 24568, ""connected_components"": 1, ""num_cliffords"": 26517, ""num_non_cliffords"": 13404, ""num_parameters"": 4}"
ibmq_cloud,156,ibmq,ibm_fez,QPU,sync,1,1,294976.904,,24568.0,,,39920.0,,,,,30512.0,9408.0,1.0,,,,,,,,,,,,,,,,,,,,,,,,,,,,,,,,,,,,,,,,,,,,,,,,,,,,12.0,24568.0,1.0,26517.0,13404.0,4.0,"{""sx"": 16988, ""rz"": 13404, ""cz"": 9408, ""x"": 108, ""measure"": 12, ""barrier"": 1}","{""framework"": ""qiskit"", ""critical_path_length"": 24568, ""connected_components"": 1, ""num_cliffords"": 26517, ""num_non_cliffords"": 13404, ""num_parameters"": 4}"
ibmq_cloud,156,ibmq,ibm_fez,QPU,sync,1,1,241384.669,,24568.0,,,39920.0,,,,,30512.0,9408.0,1.0,,,,,,,,,,,,,,,,,,,,,,,,,,,,,,,,,,,,,,,,,,,,,,,,,,,,12.0,24568.0,1.0,26517.0,13404.0,4.0,"{""sx"": 16988, ""rz"": 13404, ""cz"": 9408, ""x"": 108, ""measure"": 12, ""barrier"": 1}","{""framework"": ""qiskit"", ""critical_path_length"": 24568, ""connected_components"": 1, ""num_cliffords"": 26517, ""num_non_cliffords"": 13404, ""num_parameters"": 4}"
ibmq_cloud,156,ibmq,ibm_fez,QPU,sync,1,1,243186.617,,24568.0,,,39920.0,,,,,30512.0,9408.0,1.0,,,,,,,,,,,,,,,,,,,,,,,,,,,,,,,,,,,,,,,,,,,,,,,,,,,,12.0,24568.0,1.0,26517.0,13404.0,4.0,"{""sx"": 16988, ""rz"": 13404, ""cz"": 9408, ""x"": 108, ""measure"": 12, ""barrier"": 1}","{""framework"": ""qiskit"", ""critical_path_length"": 24568, ""connected_components"": 1, ""num_cliffords"": 26517, ""num_non_cliffords"": 13404, ""num_parameters"": 4}"
ibmq_cloud,156,ibmq,ibm_fez,QPU,sync,1,1,242569.688,,24568.0,,,39920.0,,,,,30512.0,9408.0,1.0,,,,,,,,,,,,,,,,,,,,,,,,,,,,,,,,,,,,,,,,,,,,,,,,,,,,12.0,24568.0,1.0,26517.0,13404.0,4.0,"{""sx"": 16988, ""rz"": 13404, ""cz"": 9408, ""x"": 108, ""measure"": 12, ""barrier"": 1}","{""framework"": ""qiskit"", ""critical_path_length"": 24568, ""connected_components"": 1, ""num_cliffords"": 26517, ""num_non_cliffords"": 13404, ""num_parameters"": 4}"
ibmq_cloud,156,ibmq,ibm_fez,QPU,sync,1,1,240411.849,,24568.0,,,39920.0,,,,,30512.0,9408.0,1.0,,,,,,,,,,,,,,,,,,,,,,,,,,,,,,,,,,,,,,,,,,,,,,,,,,,,12.0,24568.0,1.0,26517.0,13404.0,4.0,"{""sx"": 16988, ""rz"": 13404, ""cz"": 9408, ""x"": 108, ""measure"": 12, ""barrier"": 1}","{""framework"": ""qiskit"", ""critical_path_length"": 24568, ""connected_components"": 1, ""num_cliffords"": 26517, ""num_non_cliffords"": 13404, ""num_parameters"": 4}"
ibmq_cloud,156,ibmq,ibm_fez,QPU,sync,1,1,242234.091,,24568.0,,,39920.0,,,,,30512.0,9408.0,1.0,,,,,,,,,,,,,,,,,,,,,,,,,,,,,,,,,,,,,,,,,,,,,,,,,,,,12.0,24568.0,1.0,26517.0,13404.0,4.0,"{""sx"": 16988, ""rz"": 13404, ""cz"": 9408, ""x"": 108, ""measure"": 12, ""barrier"": 1}","{""framework"": ""qiskit"", ""critical_path_length"": 24568, ""connected_components"": 1, ""num_cliffords"": 26517, ""num_non_cliffords"": 13404, ""num_parameters"": 4}"
ibmq_cloud,156,ibmq,ibm_fez,QPU,sync,1,1,266922.228,,24568.0,,,39920.0,,,,,30512.0,9408.0,1.0,,,,,,,,,,,,,,,,,,,,,,,,,,,,,,,,,,,,,,,,,,,,,,,,,,,,12.0,24568.0,1.0,26517.0,13404.0,4.0,"{""sx"": 16988, ""rz"": 13404, ""cz"": 9408, ""x"": 108, ""measure"": 12, ""barrier"": 1}","{""framework"": ""qiskit"", ""critical_path_length"": 24568, ""connected_components"": 1, ""num_cliffords"": 26517, ""num_non_cliffords"": 13404, ""num_parameters"": 4}"
ibmq_cloud,156,ibmq,ibm_fez,QPU,sync,1,1,241699.584,,24568.0,,,39920.0,,,,,30512.0,9408.0,1.0,,,,,,,,,,,,,,,,,,,,,,,,,,,,,,,,,,,,,,,,,,,,,,,,,,,,12.0,24568.0,1.0,26517.0,13404.0,4.0,"{""sx"": 16988, ""rz"": 13404, ""cz"": 9408, ""x"": 108, ""measure"": 12, ""barrier"": 1}","{""framework"": ""qiskit"", ""critical_path_length"": 24568, ""connected_components"": 1, ""num_cliffords"": 26517, ""num_non_cliffords"": 13404, ""num_parameters"": 4}"
ibmq_cloud,156,ibmq,ibm_fez,QPU,sync,1,1,252461.96,,24568.0,,,39920.0,,,,,30512.0,9408.0,1.0,,,,,,,,,,,,,,,,,,,,,,,,,,,,,,,,,,,,,,,,,,,,,,,,,,,,12.0,24568.0,1.0,26517.0,13404.0,4.0,"{""sx"": 16988, ""rz"": 13404, ""cz"": 9408, ""x"": 108, ""measure"": 12, ""barrier"": 1}","{""framework"": ""qiskit"", ""critical_path_length"": 24568, ""connected_components"": 1, ""num_cliffords"": 26517, ""num_non_cliffords"": 13404, ""num_parameters"": 4}"
ibmq_cloud,156,ibmq,ibm_fez,QPU,sync,1,1,247973.7,,24568.0,,,39920.0,,,,,30512.0,9408.0,1.0,,,,,,,,,,,,,,,,,,,,,,,,,,,,,,,,,,,,,,,,,,,,,,,,,,,,12.0,24568.0,1.0,26517.0,13404.0,4.0,"{""sx"": 16988, ""rz"": 13404, ""cz"": 9408, ""x"": 108, ""measure"": 12, ""barrier"": 1}","{""framework"": ""qiskit"", ""critical_path_length"": 24568, ""connected_components"": 1, ""num_cliffords"": 26517, ""num_non_cliffords"": 13404, ""num_parameters"": 4}"
ibmq_cloud,156,ibmq,ibm_fez,QPU,sync,1,1,247575.759,,24568.0,,,39920.0,,,,,30512.0,9408.0,1.0,,,,,,,,,,,,,,,,,,,,,,,,,,,,,,,,,,,,,,,,,,,,,,,,,,,,12.0,24568.0,1.0,26517.0,13404.0,4.0,"{""sx"": 16988, ""rz"": 13404, ""cz"": 9408, ""x"": 108, ""measure"": 12, ""barrier"": 1}","{""framework"": ""qiskit"", ""critical_path_length"": 24568, ""connected_components"": 1, ""num_cliffords"": 26517, ""num_non_cliffords"": 13404, ""num_parameters"": 4}"
ibmq_cloud,156,ibmq,ibm_fez,QPU,sync,1,1,269449.715,,24568.0,,,39920.0,,,,,30512.0,9408.0,1.0,,,,,,,,,,,,,,,,,,,,,,,,,,,,,,,,,,,,,,,,,,,,,,,,,,,,12.0,24568.0,1.0,26517.0,13404.0,4.0,"{""sx"": 16988, ""rz"": 13404, ""cz"": 9408, ""x"": 108, ""measure"": 12, ""barrier"": 1}","{""framework"": ""qiskit"", ""critical_path_length"": 24568, ""connected_components"": 1, ""num_cliffords"": 26517, ""num_non_cliffords"": 13404, ""num_parameters"": 4}"
ibmq_cloud,156,ibmq,ibm_fez,QPU,sync,1,1,242973.02,,24568.0,,,39920.0,,,,,30512.0,9408.0,1.0,,,,,,,,,,,,,,,,,,,,,,,,,,,,,,,,,,,,,,,,,,,,,,,,,,,,12.0,24568.0,1.0,26517.0,13404.0,4.0,"{""sx"": 16988, ""rz"": 13404, ""cz"": 9408, ""x"": 108, ""measure"": 12, ""barrier"": 1}","{""framework"": ""qiskit"", ""critical_path_length"": 24568, ""connected_components"": 1, ""num_cliffords"": 26517, ""num_non_cliffords"": 13404, ""num_parameters"": 4}"
ibmq_cloud,156,ibmq,ibm_fez,QPU,sync,1,1,244457.041,,24568.0,,,39920.0,,,,,30512.0,9408.0,1.0,,,,,,,,,,,,,,,,,,,,,,,,,,,,,,,,,,,,,,,,,,,,,,,,,,,,12.0,24568.0,1.0,26517.0,13404.0,4.0,"{""sx"": 16988, ""rz"": 13404, ""cz"": 9408, ""x"": 108, ""measure"": 12, ""barrier"": 1}","{""framework"": ""qiskit"", ""critical_path_length"": 24568, ""connected_components"": 1, ""num_cliffords"": 26517, ""num_non_cliffords"": 13404, ""num_parameters"": 4}"
ibmq_cloud,156,ibmq,ibm_fez,QPU,sync,1,1,243914.67,,24568.0,,,39920.0,,,,,30512.0,9408.0,1.0,,,,,,,,,,,,,,,,,,,,,,,,,,,,,,,,,,,,,,,,,,,,,,,,,,,,12.0,24568.0,1.0,26517.0,13404.0,4.0,"{""sx"": 16988, ""rz"": 13404, ""cz"": 9408, ""x"": 108, ""measure"": 12, ""barrier"": 1}","{""framework"": ""qiskit"", ""critical_path_length"": 24568, ""connected_components"": 1, ""num_cliffords"": 26517, ""num_non_cliffords"": 13404, ""num_parameters"": 4}"
ibmq_cloud,156,ibmq,ibm_fez,QPU,sync,1,1,244285.621,,24568.0,,,39920.0,,,,,30512.0,9408.0,1.0,,,,,,,,,,,,,,,,,,,,,,,,,,,,,,,,,,,,,,,,,,,,,,,,,,,,12.0,24568.0,1.0,26517.0,13404.0,4.0,"{""sx"": 16988, ""rz"": 13404, ""cz"": 9408, ""x"": 108, ""measure"": 12, ""barrier"": 1}","{""framework"": ""qiskit"", ""critical_path_length"": 24568, ""connected_components"": 1, ""num_cliffords"": 26517, ""num_non_cliffords"": 13404, ""num_parameters"": 4}"
ibmq_cloud,156,ibmq,ibm_fez,QPU,sync,1,1,241934.336,,24568.0,,,39920.0,,,,,30512.0,9408.0,1.0,,,,,,,,,,,,,,,,,,,,,,,,,,,,,,,,,,,,,,,,,,,,,,,,,,,,12.0,24568.0,1.0,26517.0,13404.0,4.0,"{""sx"": 16988, ""rz"": 13404, ""cz"": 9408, ""x"": 108, ""measure"": 12, ""barrier"": 1}","{""framework"": ""qiskit"", ""critical_path_length"": 24568, ""connected_components"": 1, ""num_cliffords"": 26517, ""num_non_cliffords"": 13404, ""num_parameters"": 4}"
ibmq_cloud,156,ibmq,ibm_fez,QPU,sync,1,1,242263.985,,24568.0,,,39920.0,,,,,30512.0,9408.0,1.0,,,,,,,,,,,,,,,,,,,,,,,,,,,,,,,,,,,,,,,,,,,,,,,,,,,,12.0,24568.0,1.0,26517.0,13404.0,4.0,"{""sx"": 16988, ""rz"": 13404, ""cz"": 9408, ""x"": 108, ""measure"": 12, ""barrier"": 1}","{""framework"": ""qiskit"", ""critical_path_length"": 24568, ""connected_components"": 1, ""num_cliffords"": 26517, ""num_non_cliffords"": 13404, ""num_parameters"": 4}"
ibmq_cloud,156,ibmq,ibm_fez,QPU,sync,1,1,243314.729,,24568.0,,,39920.0,,,,,30512.0,9408.0,1.0,,,,,,,,,,,,,,,,,,,,,,,,,,,,,,,,,,,,,,,,,,,,,,,,,,,,12.0,24568.0,1.0,26517.0,13404.0,4.0,"{""sx"": 16988, ""rz"": 13404, ""cz"": 9408, ""x"": 108, ""measure"": 12, ""barrier"": 1}","{""framework"": ""qiskit"", ""critical_path_length"": 24568, ""connected_components"": 1, ""num_cliffords"": 26517, ""num_non_cliffords"": 13404, ""num_parameters"": 4}"
ibmq_cloud,156,ibmq,ibm_fez,QPU,sync,1,1,242211.665,,24568.0,,,39920.0,,,,,30512.0,9408.0,1.0,,,,,,,,,,,,,,,,,,,,,,,,,,,,,,,,,,,,,,,,,,,,,,,,,,,,12.0,24568.0,1.0,26517.0,13404.0,4.0,"{""sx"": 16988, ""rz"": 13404, ""cz"": 9408, ""x"": 108, ""measure"": 12, ""barrier"": 1}","{""framework"": ""qiskit"", ""critical_path_length"": 24568, ""connected_components"": 1, ""num_cliffords"": 26517, ""num_non_cliffords"": 13404, ""num_parameters"": 4}"
ibmq_cloud,156,ibmq,ibm_fez,QPU,sync,1,1,243459.149,,24568.0,,,39920.0,,,,,30512.0,9408.0,1.0,,,,,,,,,,,,,,,,,,,,,,,,,,,,,,,,,,,,,,,,,,,,,,,,,,,,12.0,24568.0,1.0,26517.0,13404.0,4.0,"{""sx"": 16988, ""rz"": 13404, ""cz"": 9408, ""x"": 108, ""measure"": 12, ""barrier"": 1}","{""framework"": ""qiskit"", ""critical_path_length"": 24568, ""connected_components"": 1, ""num_cliffords"": 26517, ""num_non_cliffords"": 13404, ""num_parameters"": 4}"
ibmq_cloud,156,ibmq,ibm_fez,QPU,sync,1,1,249947.252,,24568.0,,,39920.0,,,,,30512.0,9408.0,1.0,,,,,,,,,,,,,,,,,,,,,,,,,,,,,,,,,,,,,,,,,,,,,,,,,,,,12.0,24568.0,1.0,26517.0,13404.0,4.0,"{""sx"": 16988, ""rz"": 13404, ""cz"": 9408, ""x"": 108, ""measure"": 12, ""barrier"": 1}","{""framework"": ""qiskit"", ""critical_path_length"": 24568, ""connected_components"": 1, ""num_cliffords"": 26517, ""num_non_cliffords"": 13404, ""num_parameters"": 4}"
ibmq_cloud,156,ibmq,ibm_fez,QPU,sync,1,1,334406.73500000004,,24568.0,,,39920.0,,,,,30512.0,9408.0,1.0,,,,,,,,,,,,,,,,,,,,,,,,,,,,,,,,,,,,,,,,,,,,,,,,,,,,12.0,24568.0,1.0,26517.0,13404.0,4.0,"{""sx"": 16988, ""rz"": 13404, ""cz"": 9408, ""x"": 108, ""measure"": 12, ""barrier"": 1}","{""framework"": ""qiskit"", ""critical_path_length"": 24568, ""connected_components"": 1, ""num_cliffords"": 26517, ""num_non_cliffords"": 13404, ""num_parameters"": 4}"
ibmq_cloud,156,ibmq,ibm_fez,QPU,sync,1,1,249732.611,,24568.0,,,39920.0,,,,,30512.0,9408.0,1.0,,,,,,,,,,,,,,,,,,,,,,,,,,,,,,,,,,,,,,,,,,,,,,,,,,,,12.0,24568.0,1.0,26517.0,13404.0,4.0,"{""sx"": 16988, ""rz"": 13404, ""cz"": 9408, ""x"": 108, ""measure"": 12, ""barrier"": 1}","{""framework"": ""qiskit"", ""critical_path_length"": 24568, ""connected_components"": 1, ""num_cliffords"": 26517, ""num_non_cliffords"": 13404, ""num_parameters"": 4}"
ibmq_cloud,156,ibmq,ibm_fez,QPU,sync,1,1,239826.689,,24568.0,,,39920.0,,,,,30512.0,9408.0,1.0,,,,,,,,,,,,,,,,,,,,,,,,,,,,,,,,,,,,,,,,,,,,,,,,,,,,12.0,24568.0,1.0,26517.0,13404.0,4.0,"{""sx"": 16988, ""rz"": 13404, ""cz"": 9408, ""x"": 108, ""measure"": 12, ""barrier"": 1}","{""framework"": ""qiskit"", ""critical_path_length"": 24568, ""connected_components"": 1, ""num_cliffords"": 26517, ""num_non_cliffords"": 13404, ""num_parameters"": 4}"
ibmq_cloud,156,ibmq,ibm_fez,QPU,sync,1,1,243514.143,,24568.0,,,39920.0,,,,,30512.0,9408.0,1.0,,,,,,,,,,,,,,,,,,,,,,,,,,,,,,,,,,,,,,,,,,,,,,,,,,,,12.0,24568.0,1.0,26517.0,13404.0,4.0,"{""sx"": 16988, ""rz"": 13404, ""cz"": 9408, ""x"": 108, ""measure"": 12, ""barrier"": 1}","{""framework"": ""qiskit"", ""critical_path_length"": 24568, ""connected_components"": 1, ""num_cliffords"": 26517, ""num_non_cliffords"": 13404, ""num_parameters"": 4}"
ibmq_cloud,156,ibmq,ibm_fez,QPU,sync,1,1,297211.006,,24568.0,,,39920.0,,,,,30512.0,9408.0,1.0,,,,,,,,,,,,,,,,,,,,,,,,,,,,,,,,,,,,,,,,,,,,,,,,,,,,12.0,24568.0,1.0,26517.0,13404.0,4.0,"{""sx"": 16988, ""rz"": 13404, ""cz"": 9408, ""x"": 108, ""measure"": 12, ""barrier"": 1}","{""framework"": ""qiskit"", ""critical_path_length"": 24568, ""connected_components"": 1, ""num_cliffords"": 26517, ""num_non_cliffords"": 13404, ""num_parameters"": 4}"
ibmq_cloud,156,ibmq,ibm_fez,QPU,sync,1,1,286583.331,,24568.0,,,39920.0,,,,,30512.0,9408.0,1.0,,,,,,,,,,,,,,,,,,,,,,,,,,,,,,,,,,,,,,,,,,,,,,,,,,,,12.0,24568.0,1.0,26517.0,13404.0,4.0,"{""sx"": 16988, ""rz"": 13404, ""cz"": 9408, ""x"": 108, ""measure"": 12, ""barrier"": 1}","{""framework"": ""qiskit"", ""critical_path_length"": 24568, ""connected_components"": 1, ""num_cliffords"": 26517, ""num_non_cliffords"": 13404, ""num_parameters"": 4}"
ibmq_cloud,156,ibmq,ibm_kingston,QPU,sync,1,1,1345736.187,,115126.0,,,192397.0,,,,,142516.0,49881.0,1.0,,,,,,,,,,,,,,,,,,,,,,,,,,,,,,,,,,,,,,,,,,,,,,,,,,,,20.0,115126.0,1.0,140264.0,52134.0,0.0,"{""sx"": 89803, ""rz"": 52134, ""cz"": 49881, ""x"": 559, ""measure"": 20, ""barrier"": 1}","{""framework"": ""qiskit"", ""critical_path_length"": 115126, ""connected_components"": 1, ""num_cliffords"": 140264, ""num_non_cliffords"": 52134, ""num_parameters"": 0}"
ibmq_cloud,156,ibmq,ibm_kingston,QPU,sync,1,1,619637.199,,56864.0,,,92582.0,,,,,68908.0,23674.0,1.0,,,,,,,,,,,,,,,,,,,,,,,,,,,,,,,,,,,,,,,,,,,,,,,,,,,,16.0,56864.0,1.0,66499.0,26084.0,0.0,"{""sx"": 42524, ""rz"": 26084, ""cz"": 23674, ""x"": 284, ""measure"": 16, ""barrier"": 1}","{""framework"": ""qiskit"", ""critical_path_length"": 56864, ""connected_components"": 1, ""num_cliffords"": 66499, ""num_non_cliffords"": 26084, ""num_parameters"": 0}"
ibmq_cloud,156,ibmq,ibm_kingston,QPU,sync,1,1,1393929.862,,125784.0,,,206109.0,,,,,156228.0,49881.0,1.0,,,,,,,,,,,,,,,,,,,,,,,,,,,,,,,,,,,,,,,,,,,,,,,,,,,,20.0,125784.0,1.0,140267.0,65843.0,4.0,"{""sx"": 89806, ""rz"": 65843, ""cz"": 49881, ""x"": 559, ""measure"": 20, ""barrier"": 1}","{""framework"": ""qiskit"", ""critical_path_length"": 125784, ""connected_components"": 1, ""num_cliffords"": 140267, ""num_non_cliffords"": 65843, ""num_parameters"": 4}"
ibmq_cloud,156,ibmq,ibm_kingston,QPU,sync,1,1,639865.299,,62135.0,,,99431.0,,,,,75757.0,23674.0,1.0,,,,,,,,,,,,,,,,,,,,,,,,,,,,,,,,,,,,,,,,,,,,,,,,,,,,16.0,62135.0,1.0,66502.0,32930.0,4.0,"{""sx"": 42527, ""rz"": 32930, ""cz"": 23674, ""x"": 284, ""measure"": 16, ""barrier"": 1}","{""framework"": ""qiskit"", ""critical_path_length"": 62135, ""connected_components"": 1, ""num_cliffords"": 66502, ""num_non_cliffords"": 32930, ""num_parameters"": 4}"
ibmq_cloud,156,ibmq,ibm_kingston,QPU,sync,1,1,1366319.52,,115310.0,,,192514.0,,,,,142639.0,49875.0,1.0,,,,,,,,,,,,,,,,,,,,,,,,,,,,,,,,,,,,,,,,,,,,,,,,,,,,20.0,115310.0,1.0,140267.0,52248.0,0.0,"{""sx"": 89858, ""rz"": 52248, ""cz"": 49875, ""x"": 513, ""measure"": 20, ""barrier"": 1}","{""framework"": ""qiskit"", ""critical_path_length"": 115310, ""connected_components"": 1, ""num_cliffords"": 140267, ""num_non_cliffords"": 52248, ""num_parameters"": 0}"
ibmq_cloud,156,ibmq,ibm_kingston,QPU,sync,1,1,640286.267,,56758.0,,,91717.0,,,,,68301.0,23416.0,1.0,,,,,,,,,,,,,,,,,,,,,,,,,,,,,,,,,,,,,,,,,,,,,,,,,,,,16.0,56758.0,1.0,65680.0,26038.0,0.0,"{""sx"": 41940, ""rz"": 26038, ""cz"": 23416, ""x"": 307, ""measure"": 16, ""barrier"": 1}","{""framework"": ""qiskit"", ""critical_path_length"": 56758, ""connected_components"": 1, ""num_cliffords"": 65680, ""num_non_cliffords"": 26038, ""num_parameters"": 0}"
ibmq_cloud,156,ibmq,ibm_kingston,QPU,sync,1,1,1775550.577,,125896.0,,,206129.0,,,,,156254.0,49875.0,1.0,,,,,,,,,,,,,,,,,,,,,,,,,,,,,,,,,,,,,,,,,,,,,,,,,,,,20.0,125896.0,1.0,140272.0,65858.0,4.0,"{""sx"": 89863, ""rz"": 65858, ""cz"": 49875, ""x"": 513, ""measure"": 20, ""barrier"": 1}","{""framework"": ""qiskit"", ""critical_path_length"": 125896, ""connected_components"": 1, ""num_cliffords"": 140272, ""num_non_cliffords"": 65858, ""num_parameters"": 4}"
ibmq_cloud,156,ibmq,ibm_kingston,QPU,sync,1,1,651543.608,,61963.0,,,98535.0,,,,,75119.0,23416.0,1.0,,,,,,,,,,,,,,,,,,,,,,,,,,,,,,,,,,,,,,,,,,,,,,,,,,,,16.0,61963.0,1.0,65683.0,32853.0,4.0,"{""sx"": 41943, ""rz"": 32853, ""cz"": 23416, ""x"": 307, ""measure"": 16, ""barrier"": 1}","{""framework"": ""qiskit"", ""critical_path_length"": 61963, ""connected_components"": 1, ""num_cliffords"": 65683, ""num_non_cliffords"": 32853, ""num_parameters"": 4}"
ibmq_cloud,120,ibmq,ibm_miami,QPU,sync,1,1,2380442.752,,108427.0,,,177203.0,,,,,132941.0,44262.0,1.0,,,,,,,,,,,,,,,,,,,,,,,,,,,,,,,,,,,,,,,,,,,,,,,,,,,,20.0,108427.0,1.0,124647.0,52557.0,0.0,"{""sx"": 80021, ""rz"": 52557, ""cz"": 44262, ""x"": 343, ""measure"": 20, ""barrier"": 1}","{""framework"": ""qiskit"", ""critical_path_length"": 108427, ""connected_components"": 1, ""num_cliffords"": 124647, ""num_non_cliffords"": 52557, ""num_parameters"": 0}"
ibmq_cloud,156,ibmq,ibm_kingston,QPU,sync,1,1,613295.5040000001,,56559.0,,,91067.0,,,,,67943.0,23124.0,1.0,,,,,,,,,,,,,,,,,,,,,,,,,,,,,,,,,,,,,,,,,,,,,,,,,,,,16.0,56559.0,1.0,64927.0,26141.0,0.0,"{""sx"": 41479, ""rz"": 26141, ""cz"": 23124, ""x"": 307, ""measure"": 16, ""barrier"": 1}","{""framework"": ""qiskit"", ""critical_path_length"": 56559, ""connected_components"": 1, ""num_cliffords"": 64927, ""num_non_cliffords"": 26141, ""num_parameters"": 0}"
ibmq_cloud,120,ibmq,ibm_miami,QPU,sync,1,1,9745174.587,,117810.0,,,190445.0,,,,,146183.0,44262.0,1.0,,,,,,,,,,,,,,,,,,,,,,,,,,,,,,,,,,,,,,,,,,,,,,,,,,,,20.0,117810.0,1.0,124650.0,65796.0,4.0,"{""sx"": 80024, ""rz"": 65796, ""cz"": 44262, ""x"": 343, ""measure"": 20, ""barrier"": 1}","{""framework"": ""qiskit"", ""critical_path_length"": 117810, ""connected_components"": 1, ""num_cliffords"": 124650, ""num_non_cliffords"": 65796, ""num_parameters"": 4}"
ibmq_cloud,156,ibmq,ibm_fez,QPU,sync,1,1,3369312.723,,126223.0,,,206666.0,,,,,156530.0,50136.0,1.0,,,,,,,,,,,,,,,,,,,,,,,,,,,,,,,,,,,,,,,,,,,,,,,,,,,,20.0,126223.0,1.0,140935.0,65732.0,4.0,"{""sx"": 90267, ""rz"": 65732, ""cz"": 50136, ""x"": 511, ""measure"": 20, ""barrier"": 1}","{""framework"": ""qiskit"", ""critical_path_length"": 126223, ""connected_components"": 1, ""num_cliffords"": 140935, ""num_non_cliffords"": 65732, ""num_parameters"": 4}"
ibmq_cloud,156,ibmq,ibm_kingston,QPU,sync,1,1,649665.625,,61827.0,,,97937.0,,,,,74813.0,23124.0,1.0,,,,,,,,,,,,,,,,,,,,,,,,,,,,,,,,,,,,,,,,,,,,,,,,,,,,16.0,61827.0,1.0,64930.0,33008.0,4.0,"{""sx"": 41482, ""rz"": 33008, ""cz"": 23124, ""x"": 307, ""measure"": 16, ""barrier"": 1}","{""framework"": ""qiskit"", ""critical_path_length"": 61827, ""connected_components"": 1, ""num_cliffords"": 64930, ""num_non_cliffords"": 33008, ""num_parameters"": 4}"
ibmq_cloud,156,ibmq,ibm_kingston,QPU,sync,1,1,858312.216,,56513.0,,,92068.0,,,,,68575.0,23493.0,1.0,,,,,,,,,,,,,,,,,,,,,,,,,,,,,,,,,,,,,,,,,,,,,,,,,,,,16.0,56513.0,1.0,65983.0,26086.0,0.0,"{""sx"": 42212, ""rz"": 26086, ""cz"": 23493, ""x"": 261, ""measure"": 16, ""barrier"": 1}","{""framework"": ""qiskit"", ""critical_path_length"": 56513, ""connected_components"": 1, ""num_cliffords"": 65983, ""num_non_cliffords"": 26086, ""num_parameters"": 0}"
ibmq_cloud,156,ibmq,ibm_fez,QPU,sync,1,1,0.0,,114993.0,,,192296.0,,,,,142453.0,49843.0,1.0,,,,,,,,,,,,,,,,,,,,,,,,,,,,,,,,,,,,,,,,,,,,,,,,,,,,20.0,114993.0,1.0,140142.0,52155.0,0.0,"{""sx"": 89779, ""rz"": 52155, ""cz"": 49843, ""x"": 499, ""measure"": 20, ""barrier"": 1}","{""framework"": ""qiskit"", ""critical_path_length"": 114993, ""connected_components"": 1, ""num_cliffords"": 140142, ""num_non_cliffords"": 52155, ""num_parameters"": 0}"
ibmq_cloud,156,ibmq,ibm_kingston,QPU,sync,1,1,641844.79,,62105.0,,,100066.0,,,,,76225.0,23841.0,1.0,,,,,,,,,,,,,,,,,,,,,,,,,,,,,,,,,,,,,,,,,,,,,,,,,,,,16.0,62105.0,1.0,67064.0,33003.0,4.0,"{""sx"": 42907, ""rz"": 33003, ""cz"": 23841, ""x"": 299, ""measure"": 16, ""barrier"": 1}","{""framework"": ""qiskit"", ""critical_path_length"": 62105, ""connected_components"": 1, ""num_cliffords"": 67064, ""num_non_cliffords"": 33003, ""num_parameters"": 4}"
ibmq_cloud,156,ibmq,ibm_kingston,QPU,sync,1,1,646719.861,,62105.0,,,100066.0,,,,,76225.0,23841.0,1.0,,,,,,,,,,,,,,,,,,,,,,,,,,,,,,,,,,,,,,,,,,,,,,,,,,,,16.0,62105.0,1.0,67064.0,33003.0,4.0,"{""sx"": 42907, ""rz"": 33003, ""cz"": 23841, ""x"": 299, ""measure"": 16, ""barrier"": 1}","{""framework"": ""qiskit"", ""critical_path_length"": 62105, ""connected_components"": 1, ""num_cliffords"": 67064, ""num_non_cliffords"": 33003, ""num_parameters"": 4}"
ibmq_cloud,156,ibmq,ibm_kingston,QPU,sync,1,1,639622.438,,62105.0,,,100066.0,,,,,76225.0,23841.0,1.0,,,,,,,,,,,,,,,,,,,,,,,,,,,,,,,,,,,,,,,,,,,,,,,,,,,,16.0,62105.0,1.0,67064.0,33003.0,4.0,"{""sx"": 42907, ""rz"": 33003, ""cz"": 23841, ""x"": 299, ""measure"": 16, ""barrier"": 1}","{""framework"": ""qiskit"", ""critical_path_length"": 62105, ""connected_components"": 1, ""num_cliffords"": 67064, ""num_non_cliffords"": 33003, ""num_parameters"": 4}"
ibmq_cloud,156,ibmq,ibm_kingston,QPU,sync,1,1,643816.7220000001,,62105.0,,,100066.0,,,,,76225.0,23841.0,1.0,,,,,,,,,,,,,,,,,,,,,,,,,,,,,,,,,,,,,,,,,,,,,,,,,,,,16.0,62105.0,1.0,67064.0,33003.0,4.0,"{""sx"": 42907, ""rz"": 33003, ""cz"": 23841, ""x"": 299, ""measure"": 16, ""barrier"": 1}","{""framework"": ""qiskit"", ""critical_path_length"": 62105, ""connected_components"": 1, ""num_cliffords"": 67064, ""num_non_cliffords"": 33003, ""num_parameters"": 4}"
ibmq_cloud,156,ibmq,ibm_fez,QPU,sync,1,1,1314459.718,,115211.0,,,191490.0,,,,,141880.0,49610.0,1.0,,,,,,,,,,,,,,,,,,,,,,,,,,,,,,,,,,,,,,,,,,,,,,,,,,,,20.0,115211.0,1.0,139402.0,52089.0,0.0,"{""sx"": 89284, ""rz"": 52089, ""cz"": 49610, ""x"": 487, ""measure"": 20, ""barrier"": 1}","{""framework"": ""qiskit"", ""critical_path_length"": 115211, ""connected_components"": 1, ""num_cliffords"": 139402, ""num_non_cliffords"": 52089, ""num_parameters"": 0}"
ibmq_cloud,156,ibmq,ibm_kingston,QPU,sync,1,1,668718.172,,62105.0,,,100066.0,,,,,76225.0,23841.0,1.0,,,,,,,,,,,,,,,,,,,,,,,,,,,,,,,,,,,,,,,,,,,,,,,,,,,,16.0,62105.0,1.0,67064.0,33003.0,4.0,"{""sx"": 42907, ""rz"": 33003, ""cz"": 23841, ""x"": 299, ""measure"": 16, ""barrier"": 1}","{""framework"": ""qiskit"", ""critical_path_length"": 62105, ""connected_components"": 1, ""num_cliffords"": 67064, ""num_non_cliffords"": 33003, ""num_parameters"": 4}"
ibmq_cloud,156,ibmq,ibm_kingston,QPU,sync,1,1,669313.41,,62105.0,,,100066.0,,,,,76225.0,23841.0,1.0,,,,,,,,,,,,,,,,,,,,,,,,,,,,,,,,,,,,,,,,,,,,,,,,,,,,16.0,62105.0,1.0,67064.0,33003.0,4.0,"{""sx"": 42907, ""rz"": 33003, ""cz"": 23841, ""x"": 299, ""measure"": 16, ""barrier"": 1}","{""framework"": ""qiskit"", ""critical_path_length"": 62105, ""connected_components"": 1, ""num_cliffords"": 67064, ""num_non_cliffords"": 33003, ""num_parameters"": 4}"
ibmq_cloud,156,ibmq,ibm_fez,QPU,sync,1,1,1371666.338,,125858.0,,,205185.0,,,,,155575.0,49610.0,1.0,,,,,,,,,,,,,,,,,,,,,,,,,,,,,,,,,,,,,,,,,,,,,,,,,,,,20.0,125858.0,1.0,139405.0,65781.0,4.0,"{""sx"": 89287, ""rz"": 65781, ""cz"": 49610, ""x"": 487, ""measure"": 20, ""barrier"": 1}","{""framework"": ""qiskit"", ""critical_path_length"": 125858, ""connected_components"": 1, ""num_cliffords"": 139405, ""num_non_cliffords"": 65781, ""num_parameters"": 4}"
ibmq_cloud,156,ibmq,ibm_kingston,QPU,sync,1,1,647656.2259999999,,62105.0,,,100066.0,,,,,76225.0,23841.0,1.0,,,,,,,,,,,,,,,,,,,,,,,,,,,,,,,,,,,,,,,,,,,,,,,,,,,,16.0,62105.0,1.0,67064.0,33003.0,4.0,"{""sx"": 42907, ""rz"": 33003, ""cz"": 23841, ""x"": 299, ""measure"": 16, ""barrier"": 1}","{""framework"": ""qiskit"", ""critical_path_length"": 62105, ""connected_components"": 1, ""num_cliffords"": 67064, ""num_non_cliffords"": 33003, ""num_parameters"": 4}"
ibmq_cloud,156,ibmq,ibm_kingston,QPU,sync,1,1,779008.25,,62105.0,,,100066.0,,,,,76225.0,23841.0,1.0,,,,,,,,,,,,,,,,,,,,,,,,,,,,,,,,,,,,,,,,,,,,,,,,,,,,16.0,62105.0,1.0,67064.0,33003.0,4.0,"{""sx"": 42907, ""rz"": 33003, ""cz"": 23841, ""x"": 299, ""measure"": 16, ""barrier"": 1}","{""framework"": ""qiskit"", ""critical_path_length"": 62105, ""connected_components"": 1, ""num_cliffords"": 67064, ""num_non_cliffords"": 33003, ""num_parameters"": 4}"
ibmq_cloud,156,ibmq,ibm_fez,QPU,sync,1,1,1422300.2759999998,,125858.0,,,205185.0,,,,,155575.0,49610.0,1.0,,,,,,,,,,,,,,,,,,,,,,,,,,,,,,,,,,,,,,,,,,,,,,,,,,,,20.0,125858.0,1.0,139405.0,65781.0,4.0,"{""sx"": 89287, ""rz"": 65781, ""cz"": 49610, ""x"": 487, ""measure"": 20, ""barrier"": 1}","{""framework"": ""qiskit"", ""critical_path_length"": 125858, ""connected_components"": 1, ""num_cliffords"": 139405, ""num_non_cliffords"": 65781, ""num_parameters"": 4}"
ibmq_cloud,156,ibmq,ibm_kingston,QPU,sync,1,1,636056.0850000001,,62105.0,,,100066.0,,,,,76225.0,23841.0,1.0,,,,,,,,,,,,,,,,,,,,,,,,,,,,,,,,,,,,,,,,,,,,,,,,,,,,16.0,62105.0,1.0,67064.0,33003.0,4.0,"{""sx"": 42907, ""rz"": 33003, ""cz"": 23841, ""x"": 299, ""measure"": 16, ""barrier"": 1}","{""framework"": ""qiskit"", ""critical_path_length"": 62105, ""connected_components"": 1, ""num_cliffords"": 67064, ""num_non_cliffords"": 33003, ""num_parameters"": 4}"
ibmq_cloud,156,ibmq,ibm_kingston,QPU,sync,1,1,646586.5179999999,,62105.0,,,100066.0,,,,,76225.0,23841.0,1.0,,,,,,,,,,,,,,,,,,,,,,,,,,,,,,,,,,,,,,,,,,,,,,,,,,,,16.0,62105.0,1.0,67064.0,33003.0,4.0,"{""sx"": 42907, ""rz"": 33003, ""cz"": 23841, ""x"": 299, ""measure"": 16, ""barrier"": 1}","{""framework"": ""qiskit"", ""critical_path_length"": 62105, ""connected_components"": 1, ""num_cliffords"": 67064, ""num_non_cliffords"": 33003, ""num_parameters"": 4}"
ibmq_cloud,156,ibmq,ibm_kingston,QPU,sync,1,1,644276.0329999999,,62105.0,,,100066.0,,,,,76225.0,23841.0,1.0,,,,,,,,,,,,,,,,,,,,,,,,,,,,,,,,,,,,,,,,,,,,,,,,,,,,16.0,62105.0,1.0,67064.0,33003.0,4.0,"{""sx"": 42907, ""rz"": 33003, ""cz"": 23841, ""x"": 299, ""measure"": 16, ""barrier"": 1}","{""framework"": ""qiskit"", ""critical_path_length"": 62105, ""connected_components"": 1, ""num_cliffords"": 67064, ""num_non_cliffords"": 33003, ""num_parameters"": 4}"
ibmq_cloud,156,ibmq,ibm_fez,QPU,sync,1,1,1396513.292,,125858.0,,,205185.0,,,,,155575.0,49610.0,1.0,,,,,,,,,,,,,,,,,,,,,,,,,,,,,,,,,,,,,,,,,,,,,,,,,,,,20.0,125858.0,1.0,139405.0,65781.0,4.0,"{""sx"": 89287, ""rz"": 65781, ""cz"": 49610, ""x"": 487, ""measure"": 20, ""barrier"": 1}","{""framework"": ""qiskit"", ""critical_path_length"": 125858, ""connected_components"": 1, ""num_cliffords"": 139405, ""num_non_cliffords"": 65781, ""num_parameters"": 4}"
ibmq_cloud,156,ibmq,ibm_kingston,QPU,sync,1,1,641811.151,,62105.0,,,100066.0,,,,,76225.0,23841.0,1.0,,,,,,,,,,,,,,,,,,,,,,,,,,,,,,,,,,,,,,,,,,,,,,,,,,,,16.0,62105.0,1.0,67064.0,33003.0,4.0,"{""sx"": 42907, ""rz"": 33003, ""cz"": 23841, ""x"": 299, ""measure"": 16, ""barrier"": 1}","{""framework"": ""qiskit"", ""critical_path_length"": 62105, ""connected_components"": 1, ""num_cliffords"": 67064, ""num_non_cliffords"": 33003, ""num_parameters"": 4}"
ibmq_cloud,156,ibmq,ibm_fez,QPU,sync,1,1,1385896.373,,125858.0,,,205185.0,,,,,155575.0,49610.0,1.0,,,,,,,,,,,,,,,,,,,,,,,,,,,,,,,,,,,,,,,,,,,,,,,,,,,,20.0,125858.0,1.0,139405.0,65781.0,4.0,"{""sx"": 89287, ""rz"": 65781, ""cz"": 49610, ""x"": 487, ""measure"": 20, ""barrier"": 1}","{""framework"": ""qiskit"", ""critical_path_length"": 125858, ""connected_components"": 1, ""num_cliffords"": 139405, ""num_non_cliffords"": 65781, ""num_parameters"": 4}"
ibmq_cloud,156,ibmq,ibm_kingston,QPU,sync,1,1,645120.135,,62105.0,,,100066.0,,,,,76225.0,23841.0,1.0,,,,,,,,,,,,,,,,,,,,,,,,,,,,,,,,,,,,,,,,,,,,,,,,,,,,16.0,62105.0,1.0,67064.0,33003.0,4.0,"{""sx"": 42907, ""rz"": 33003, ""cz"": 23841, ""x"": 299, ""measure"": 16, ""barrier"": 1}","{""framework"": ""qiskit"", ""critical_path_length"": 62105, ""connected_components"": 1, ""num_cliffords"": 67064, ""num_non_cliffords"": 33003, ""num_parameters"": 4}"
ibmq_cloud,156,ibmq,ibm_kingston,QPU,sync,1,1,642200.001,,62105.0,,,100066.0,,,,,76225.0,23841.0,1.0,,,,,,,,,,,,,,,,,,,,,,,,,,,,,,,,,,,,,,,,,,,,,,,,,,,,16.0,62105.0,1.0,67064.0,33003.0,4.0,"{""sx"": 42907, ""rz"": 33003, ""cz"": 23841, ""x"": 299, ""measure"": 16, ""barrier"": 1}","{""framework"": ""qiskit"", ""critical_path_length"": 62105, ""connected_components"": 1, ""num_cliffords"": 67064, ""num_non_cliffords"": 33003, ""num_parameters"": 4}"
ibmq_cloud,156,ibmq,ibm_kingston,QPU,sync,1,1,645143.322,,62105.0,,,100066.0,,,,,76225.0,23841.0,1.0,,,,,,,,,,,,,,,,,,,,,,,,,,,,,,,,,,,,,,,,,,,,,,,,,,,,16.0,62105.0,1.0,67064.0,33003.0,4.0,"{""sx"": 42907, ""rz"": 33003, ""cz"": 23841, ""x"": 299, ""measure"": 16, ""barrier"": 1}","{""framework"": ""qiskit"", ""critical_path_length"": 62105, ""connected_components"": 1, ""num_cliffords"": 67064, ""num_non_cliffords"": 33003, ""num_parameters"": 4}"
ibmq_cloud,156,ibmq,ibm_fez,QPU,sync,1,1,1372743.844,,125858.0,,,205185.0,,,,,155575.0,49610.0,1.0,,,,,,,,,,,,,,,,,,,,,,,,,,,,,,,,,,,,,,,,,,,,,,,,,,,,20.0,125858.0,1.0,139405.0,65781.0,4.0,"{""sx"": 89287, ""rz"": 65781, ""cz"": 49610, ""x"": 487, ""measure"": 20, ""barrier"": 1}","{""framework"": ""qiskit"", ""critical_path_length"": 125858, ""connected_components"": 1, ""num_cliffords"": 139405, ""num_non_cliffords"": 65781, ""num_parameters"": 4}"
ibmq_cloud,156,ibmq,ibm_kingston,QPU,sync,1,1,681033.336,,62105.0,,,100066.0,,,,,76225.0,23841.0,1.0,,,,,,,,,,,,,,,,,,,,,,,,,,,,,,,,,,,,,,,,,,,,,,,,,,,,16.0,62105.0,1.0,67064.0,33003.0,4.0,"{""sx"": 42907, ""rz"": 33003, ""cz"": 23841, ""x"": 299, ""measure"": 16, ""barrier"": 1}","{""framework"": ""qiskit"", ""critical_path_length"": 62105, ""connected_components"": 1, ""num_cliffords"": 67064, ""num_non_cliffords"": 33003, ""num_parameters"": 4}"
ibmq_cloud,156,ibmq,ibm_kingston,QPU,sync,1,1,724361.178,,62105.0,,,100066.0,,,,,76225.0,23841.0,1.0,,,,,,,,,,,,,,,,,,,,,,,,,,,,,,,,,,,,,,,,,,,,,,,,,,,,16.0,62105.0,1.0,67064.0,33003.0,4.0,"{""sx"": 42907, ""rz"": 33003, ""cz"": 23841, ""x"": 299, ""measure"": 16, ""barrier"": 1}","{""framework"": ""qiskit"", ""critical_path_length"": 62105, ""connected_components"": 1, ""num_cliffords"": 67064, ""num_non_cliffords"": 33003, ""num_parameters"": 4}"
ibmq_cloud,156,ibmq,ibm_fez,QPU,sync,1,1,1381423.874,,125858.0,,,205185.0,,,,,155575.0,49610.0,1.0,,,,,,,,,,,,,,,,,,,,,,,,,,,,,,,,,,,,,,,,,,,,,,,,,,,,20.0,125858.0,1.0,139405.0,65781.0,4.0,"{""sx"": 89287, ""rz"": 65781, ""cz"": 49610, ""x"": 487, ""measure"": 20, ""barrier"": 1}","{""framework"": ""qiskit"", ""critical_path_length"": 125858, ""connected_components"": 1, ""num_cliffords"": 139405, ""num_non_cliffords"": 65781, ""num_parameters"": 4}"
ibmq_cloud,156,ibmq,ibm_kingston,QPU,sync,1,1,694892.451,,62105.0,,,100066.0,,,,,76225.0,23841.0,1.0,,,,,,,,,,,,,,,,,,,,,,,,,,,,,,,,,,,,,,,,,,,,,,,,,,,,16.0,62105.0,1.0,67064.0,33003.0,4.0,"{""sx"": 42907, ""rz"": 33003, ""cz"": 23841, ""x"": 299, ""measure"": 16, ""barrier"": 1}","{""framework"": ""qiskit"", ""critical_path_length"": 62105, ""connected_components"": 1, ""num_cliffords"": 67064, ""num_non_cliffords"": 33003, ""num_parameters"": 4}"
ibmq_cloud,156,ibmq,ibm_kingston,QPU,sync,1,1,658130.888,,62105.0,,,100066.0,,,,,76225.0,23841.0,1.0,,,,,,,,,,,,,,,,,,,,,,,,,,,,,,,,,,,,,,,,,,,,,,,,,,,,16.0,62105.0,1.0,67064.0,33003.0,4.0,"{""sx"": 42907, ""rz"": 33003, ""cz"": 23841, ""x"": 299, ""measure"": 16, ""barrier"": 1}","{""framework"": ""qiskit"", ""critical_path_length"": 62105, ""connected_components"": 1, ""num_cliffords"": 67064, ""num_non_cliffords"": 33003, ""num_parameters"": 4}"
ibmq_cloud,156,ibmq,ibm_fez,QPU,sync,1,1,1369743.884,,125858.0,,,205185.0,,,,,155575.0,49610.0,1.0,,,,,,,,,,,,,,,,,,,,,,,,,,,,,,,,,,,,,,,,,,,,,,,,,,,,20.0,125858.0,1.0,139405.0,65781.0,4.0,"{""sx"": 89287, ""rz"": 65781, ""cz"": 49610, ""x"": 487, ""measure"": 20, ""barrier"": 1}","{""framework"": ""qiskit"", ""critical_path_length"": 125858, ""connected_components"": 1, ""num_cliffords"": 139405, ""num_non_cliffords"": 65781, ""num_parameters"": 4}"
ibmq_cloud,156,ibmq,ibm_kingston,QPU,sync,1,1,649975.458,,62105.0,,,100066.0,,,,,76225.0,23841.0,1.0,,,,,,,,,,,,,,,,,,,,,,,,,,,,,,,,,,,,,,,,,,,,,,,,,,,,16.0,62105.0,1.0,67064.0,33003.0,4.0,"{""sx"": 42907, ""rz"": 33003, ""cz"": 23841, ""x"": 299, ""measure"": 16, ""barrier"": 1}","{""framework"": ""qiskit"", ""critical_path_length"": 62105, ""connected_components"": 1, ""num_cliffords"": 67064, ""num_non_cliffords"": 33003, ""num_parameters"": 4}"
ibmq_cloud,156,ibmq,ibm_kingston,QPU,sync,1,1,672267.6830000001,,62105.0,,,100066.0,,,,,76225.0,23841.0,1.0,,,,,,,,,,,,,,,,,,,,,,,,,,,,,,,,,,,,,,,,,,,,,,,,,,,,16.0,62105.0,1.0,67064.0,33003.0,4.0,"{""sx"": 42907, ""rz"": 33003, ""cz"": 23841, ""x"": 299, ""measure"": 16, ""barrier"": 1}","{""framework"": ""qiskit"", ""critical_path_length"": 62105, ""connected_components"": 1, ""num_cliffords"": 67064, ""num_non_cliffords"": 33003, ""num_parameters"": 4}"
ibmq_cloud,156,ibmq,ibm_kingston,QPU,sync,1,1,699723.081,,62105.0,,,100066.0,,,,,76225.0,23841.0,1.0,,,,,,,,,,,,,,,,,,,,,,,,,,,,,,,,,,,,,,,,,,,,,,,,,,,,16.0,62105.0,1.0,67064.0,33003.0,4.0,"{""sx"": 42907, ""rz"": 33003, ""cz"": 23841, ""x"": 299, ""measure"": 16, ""barrier"": 1}","{""framework"": ""qiskit"", ""critical_path_length"": 62105, ""connected_components"": 1, ""num_cliffords"": 67064, ""num_non_cliffords"": 33003, ""num_parameters"": 4}"
ibmq_cloud,156,ibmq,ibm_fez,QPU,sync,1,1,1380429.664,,125858.0,,,205185.0,,,,,155575.0,49610.0,1.0,,,,,,,,,,,,,,,,,,,,,,,,,,,,,,,,,,,,,,,,,,,,,,,,,,,,20.0,125858.0,1.0,139405.0,65781.0,4.0,"{""sx"": 89287, ""rz"": 65781, ""cz"": 49610, ""x"": 487, ""measure"": 20, ""barrier"": 1}","{""framework"": ""qiskit"", ""critical_path_length"": 125858, ""connected_components"": 1, ""num_cliffords"": 139405, ""num_non_cliffords"": 65781, ""num_parameters"": 4}"
ibmq_cloud,156,ibmq,ibm_kingston,QPU,sync,1,1,683941.4480000001,,62105.0,,,100066.0,,,,,76225.0,23841.0,1.0,,,,,,,,,,,,,,,,,,,,,,,,,,,,,,,,,,,,,,,,,,,,,,,,,,,,16.0,62105.0,1.0,67064.0,33003.0,4.0,"{""sx"": 42907, ""rz"": 33003, ""cz"": 23841, ""x"": 299, ""measure"": 16, ""barrier"": 1}","{""framework"": ""qiskit"", ""critical_path_length"": 62105, ""connected_components"": 1, ""num_cliffords"": 67064, ""num_non_cliffords"": 33003, ""num_parameters"": 4}"
ibmq_cloud,156,ibmq,ibm_kingston,QPU,sync,1,1,637521.511,,62105.0,,,100066.0,,,,,76225.0,23841.0,1.0,,,,,,,,,,,,,,,,,,,,,,,,,,,,,,,,,,,,,,,,,,,,,,,,,,,,16.0,62105.0,1.0,67064.0,33003.0,4.0,"{""sx"": 42907, ""rz"": 33003, ""cz"": 23841, ""x"": 299, ""measure"": 16, ""barrier"": 1}","{""framework"": ""qiskit"", ""critical_path_length"": 62105, ""connected_components"": 1, ""num_cliffords"": 67064, ""num_non_cliffords"": 33003, ""num_parameters"": 4}"
ibmq_cloud,156,ibmq,ibm_fez,QPU,sync,1,1,1351248.94,,125858.0,,,205185.0,,,,,155575.0,49610.0,1.0,,,,,,,,,,,,,,,,,,,,,,,,,,,,,,,,,,,,,,,,,,,,,,,,,,,,20.0,125858.0,1.0,139405.0,65781.0,4.0,"{""sx"": 89287, ""rz"": 65781, ""cz"": 49610, ""x"": 487, ""measure"": 20, ""barrier"": 1}","{""framework"": ""qiskit"", ""critical_path_length"": 125858, ""connected_components"": 1, ""num_cliffords"": 139405, ""num_non_cliffords"": 65781, ""num_parameters"": 4}"
ibmq_cloud,156,ibmq,ibm_kingston,QPU,sync,1,1,638803.3219999999,,62105.0,,,100066.0,,,,,76225.0,23841.0,1.0,,,,,,,,,,,,,,,,,,,,,,,,,,,,,,,,,,,,,,,,,,,,,,,,,,,,16.0,62105.0,1.0,67064.0,33003.0,4.0,"{""sx"": 42907, ""rz"": 33003, ""cz"": 23841, ""x"": 299, ""measure"": 16, ""barrier"": 1}","{""framework"": ""qiskit"", ""critical_path_length"": 62105, ""connected_components"": 1, ""num_cliffords"": 67064, ""num_non_cliffords"": 33003, ""num_parameters"": 4}"
ibmq_cloud,156,ibmq,ibm_kingston,QPU,sync,1,1,639448.351,,62105.0,,,100066.0,,,,,76225.0,23841.0,1.0,,,,,,,,,,,,,,,,,,,,,,,,,,,,,,,,,,,,,,,,,,,,,,,,,,,,16.0,62105.0,1.0,67064.0,33003.0,4.0,"{""sx"": 42907, ""rz"": 33003, ""cz"": 23841, ""x"": 299, ""measure"": 16, ""barrier"": 1}","{""framework"": ""qiskit"", ""critical_path_length"": 62105, ""connected_components"": 1, ""num_cliffords"": 67064, ""num_non_cliffords"": 33003, ""num_parameters"": 4}"
ibmq_cloud,156,ibmq,ibm_kingston,QPU,sync,1,1,640389.256,,62105.0,,,100066.0,,,,,76225.0,23841.0,1.0,,,,,,,,,,,,,,,,,,,,,,,,,,,,,,,,,,,,,,,,,,,,,,,,,,,,16.0,62105.0,1.0,67064.0,33003.0,4.0,"{""sx"": 42907, ""rz"": 33003, ""cz"": 23841, ""x"": 299, ""measure"": 16, ""barrier"": 1}","{""framework"": ""qiskit"", ""critical_path_length"": 62105, ""connected_components"": 1, ""num_cliffords"": 67064, ""num_non_cliffords"": 33003, ""num_parameters"": 4}"
ibmq_cloud,156,ibmq,ibm_kingston,QPU,sync,1,1,639990.421,,62105.0,,,100066.0,,,,,76225.0,23841.0,1.0,,,,,,,,,,,,,,,,,,,,,,,,,,,,,,,,,,,,,,,,,,,,,,,,,,,,16.0,62105.0,1.0,67064.0,33003.0,4.0,"{""sx"": 42907, ""rz"": 33003, ""cz"": 23841, ""x"": 299, ""measure"": 16, ""barrier"": 1}","{""framework"": ""qiskit"", ""critical_path_length"": 62105, ""connected_components"": 1, ""num_cliffords"": 67064, ""num_non_cliffords"": 33003, ""num_parameters"": 4}"
ibmq_cloud,156,ibmq,ibm_fez,QPU,sync,1,1,2585133.1810000003,,125858.0,,,205185.0,,,,,155575.0,49610.0,1.0,,,,,,,,,,,,,,,,,,,,,,,,,,,,,,,,,,,,,,,,,,,,,,,,,,,,20.0,125858.0,1.0,139405.0,65781.0,4.0,"{""sx"": 89287, ""rz"": 65781, ""cz"": 49610, ""x"": 487, ""measure"": 20, ""barrier"": 1}","{""framework"": ""qiskit"", ""critical_path_length"": 125858, ""connected_components"": 1, ""num_cliffords"": 139405, ""num_non_cliffords"": 65781, ""num_parameters"": 4}"
ibmq_cloud,156,ibmq,ibm_kingston,QPU,sync,1,1,1447953.474,,62105.0,,,100066.0,,,,,76225.0,23841.0,1.0,,,,,,,,,,,,,,,,,,,,,,,,,,,,,,,,,,,,,,,,,,,,,,,,,,,,16.0,62105.0,1.0,67064.0,33003.0,4.0,"{""sx"": 42907, ""rz"": 33003, ""cz"": 23841, ""x"": 299, ""measure"": 16, ""barrier"": 1}","{""framework"": ""qiskit"", ""critical_path_length"": 62105, ""connected_components"": 1, ""num_cliffords"": 67064, ""num_non_cliffords"": 33003, ""num_parameters"": 4}"
ibmq_cloud,156,ibmq,ibm_kingston,QPU,sync,1,1,644394.769,,62105.0,,,100066.0,,,,,76225.0,23841.0,1.0,,,,,,,,,,,,,,,,,,,,,,,,,,,,,,,,,,,,,,,,,,,,,,,,,,,,16.0,62105.0,1.0,67064.0,33003.0,4.0,"{""sx"": 42907, ""rz"": 33003, ""cz"": 23841, ""x"": 299, ""measure"": 16, ""barrier"": 1}","{""framework"": ""qiskit"", ""critical_path_length"": 62105, ""connected_components"": 1, ""num_cliffords"": 67064, ""num_non_cliffords"": 33003, ""num_parameters"": 4}"
ibmq_cloud,156,ibmq,ibm_kingston,QPU,sync,1,1,641116.383,,62105.0,,,100066.0,,,,,76225.0,23841.0,1.0,,,,,,,,,,,,,,,,,,,,,,,,,,,,,,,,,,,,,,,,,,,,,,,,,,,,16.0,62105.0,1.0,67064.0,33003.0,4.0,"{""sx"": 42907, ""rz"": 33003, ""cz"": 23841, ""x"": 299, ""measure"": 16, ""barrier"": 1}","{""framework"": ""qiskit"", ""critical_path_length"": 62105, ""connected_components"": 1, ""num_cliffords"": 67064, ""num_non_cliffords"": 33003, ""num_parameters"": 4}"
ibmq_cloud,156,ibmq,ibm_fez,QPU,sync,1,1,2026894.206,,125828.0,,,202607.0,,,,,153747.0,48860.0,1.0,,,,,,,,,,,,,,,,,,,,,,,,,,,,,,,,,,,,,,,,,,,,,,,,,,,,20.0,125828.0,1.0,137041.0,65567.0,4.0,"{""sx"": 87712, ""rz"": 65567, ""cz"": 48860, ""x"": 448, ""measure"": 20, ""barrier"": 1}","{""framework"": ""qiskit"", ""critical_path_length"": 125828, ""connected_components"": 1, ""num_cliffords"": 137041, ""num_non_cliffords"": 65567, ""num_parameters"": 4}"
ibmq_cloud,156,ibmq,ibm_kingston,QPU,sync,1,1,748313.144,,62105.0,,,100066.0,,,,,76225.0,23841.0,1.0,,,,,,,,,,,,,,,,,,,,,,,,,,,,,,,,,,,,,,,,,,,,,,,,,,,,16.0,62105.0,1.0,67064.0,33003.0,4.0,"{""sx"": 42907, ""rz"": 33003, ""cz"": 23841, ""x"": 299, ""measure"": 16, ""barrier"": 1}","{""framework"": ""qiskit"", ""critical_path_length"": 62105, ""connected_components"": 1, ""num_cliffords"": 67064, ""num_non_cliffords"": 33003, ""num_parameters"": 4}"
