filename,arg_benchmark_name,arg_number_of_qubits,arg_simulator_type,arg_sub_backend,arg_device,arg_run_mode,arg_number_of_iterations,arg_optimization_level,timestamp,slurm_num_nodes,slurm_num_cpus,slurm_num_tasks,slurm_cluster,slurm_account,algo_depth,algo_width,algo_num_qubits,algo_num_clbits,algo_num_ops,algo_num_2q_gates,algo_num_cliffords,algo_num_non_cliffords,algo_critical_path_length,algo_connected_components,algo_num_parameters,algo_shots,algo_gate_measure,algo_gate_cx,algo_gate_h,transpile_opt_level,hw_circ_depth,hw_circ_width,hw_circ_num_ops,hw_circ_num_2q_gates,hw_circ_swaps,hw_circ_connected_components,hw_circ_connectivity_degree_max,hw_circ_connectivity_degree_avg,hw_gate_cz,hw_gate_measure,hw_gate_rz,hw_gate_sx,be_backend_name,be_backend_type,be_backend_is_simulator,exec_openmp_num_threads,exec_mpi_rank,exec_mpi_size,exec_transpile_time,depth_ratio,twoq_ratio,hw_gate_cx,hw_gate_h,algo_gate_rz,algo_gate_cz,algo_gate_s,algo_gate_swap,algo_gate_rx,hw_gate_x,arg_qasm_file,algo_gate_cu,algo_gate_ccx,algo_gate_cp,algo_gate_u2,algo_gate_ry,algo_gate_p,algo_gate_barrier,hw_gate_barrier,hw_gate_rx,algo_gate_reset,hw_gate_reset,hw_gate_gpi2,hw_gate_ms,hw_gate_gpi,hw_gate_ry
ghz_nq15_ibmq_ibm_boston_CPU_sync_itrs1_opt0_20260503T001112Z.json,ghz,15,ibmq,ibm_boston,CPU,sync,1,0.0,2026-05-03T00:11:12.755135Z,1,112,1,frontier,gen006,16,15,15.0,15,30,14,15,15,16,1,0,,15,14.0,1.0,0.0,60.0,156.0,116.0,14.0,0.0,142.0,2.0,0.1794871794871795,14.0,15.0,58.0,29.0,,hardware,False,1.0,0.0,1.0,1.1845547663979232,3.75,1.0,,,,,,,,,,,,,,,,,,,,,,,,
ghz_nq15_ibmq_ibm_boston_CPU_sync_itrs1_opt1_20260503T001110Z.json,ghz,15,ibmq,ibm_boston,CPU,sync,1,1.0,2026-05-03T00:11:10.499071Z,1,112,1,frontier,gen006,16,15,15.0,15,30,14,15,15,16,1,0,,15,14.0,1.0,1.0,60.0,156.0,116.0,14.0,0.0,142.0,2.0,0.1794871794871795,14.0,15.0,58.0,29.0,,hardware,False,1.0,0.0,1.0,1.0886093871667981,3.75,1.0,,,,,,,,,,,,,,,,,,,,,,,,
ghz_nq15_ibmq_ibm_boston_CPU_sync_itrs1_opt2_20260503T001116Z.json,ghz,15,ibmq,ibm_boston,CPU,sync,1,2.0,2026-05-03T00:11:16.783338Z,1,112,1,frontier,gen006,16,15,15.0,15,30,14,15,15,16,1,0,,15,14.0,1.0,2.0,46.0,156.0,102.0,14.0,0.0,142.0,2.0,0.1794871794871795,14.0,15.0,44.0,29.0,,hardware,False,1.0,0.0,1.0,1.2024717298336327,2.875,1.0,,,,,,,,,,,,,,,,,,,,,,,,
ghz_nq15_ibmq_ibm_boston_CPU_sync_itrs1_opt3_20260503T001109Z.json,ghz,15,ibmq,ibm_boston,CPU,sync,1,3.0,2026-05-03T00:11:09.334531Z,1,112,1,frontier,gen006,16,15,15.0,15,30,14,15,15,16,1,0,,15,14.0,1.0,3.0,46.0,156.0,102.0,14.0,0.0,142.0,2.0,0.1794871794871795,14.0,15.0,44.0,29.0,,hardware,False,1.0,0.0,1.0,1.386151323094964,2.875,1.0,,,,,,,,,,,,,,,,,,,,,,,,
ghz_nq15_ibmq_ibm_miami_CPU_sync_itrs1_opt0_20260416T045117Z.json,ghz,15,ibmq,ibm_miami,CPU,sync,1,0.0,2026-04-16T04:51:17.315483Z,1,112,1,frontier,gen006,16,15,15.0,15,30,14,15,15,16,1,0,,15,14.0,1.0,0.0,102.0,120.0,197.0,41.0,0.0,106.0,3.0,0.23333333333333334,41.0,15.0,58.0,83.0,ibm_miami,hardware,False,1.0,0.0,1.0,1.088314349995926,6.375,2.9285714285714284,,,,,,,,,,,,,,,,,,,,,,,,
ghz_nq15_ibmq_ibm_miami_CPU_sync_itrs1_opt0_20260502T235142Z.json,ghz,15,ibmq,ibm_miami,CPU,sync,1,0.0,2026-05-02T23:51:42.555649Z,1,112,1,frontier,gen006,16,15,15.0,15,30,14,15,15,16,1,0,,15,14.0,1.0,0.0,119.0,120.0,233.0,53.0,0.0,106.0,3.0,0.25,53.0,15.0,58.0,107.0,,hardware,False,1.0,0.0,1.0,1.0471045267768204,7.4375,3.7857142857142856,,,,,,,,,,,,,,,,,,,,,,,,
ghz_nq15_ibmq_ibm_miami_CPU_sync_itrs1_opt1_20260416T045117Z.json,ghz,15,ibmq,ibm_miami,CPU,sync,1,1.0,2026-04-16T04:51:17.317904Z,1,112,1,frontier,gen006,16,15,15.0,15,30,14,15,15,16,1,0,,15,14.0,1.0,1.0,60.0,120.0,116.0,14.0,0.0,106.0,2.0,0.23333333333333334,14.0,15.0,58.0,29.0,ibm_miami,hardware,False,1.0,0.0,1.0,1.119415060034953,3.75,1.0,,,,,,,,,,,,,,,,,,,,,,,,
ghz_nq15_ibmq_ibm_miami_CPU_sync_itrs1_opt1_20260502T235123Z.json,ghz,15,ibmq,ibm_miami,CPU,sync,1,1.0,2026-05-02T23:51:23.446611Z,1,112,1,frontier,gen006,16,15,15.0,15,30,14,15,15,16,1,0,,15,14.0,1.0,1.0,60.0,120.0,116.0,14.0,0.0,106.0,2.0,0.23333333333333334,14.0,15.0,58.0,29.0,,hardware,False,1.0,0.0,1.0,0.8477812106721103,3.75,1.0,,,,,,,,,,,,,,,,,,,,,,,,
ghz_nq15_ibmq_ibm_miami_CPU_sync_itrs1_opt2_20260416T045117Z.json,ghz,15,ibmq,ibm_miami,CPU,sync,1,2.0,2026-04-16T04:51:17.315192Z,1,112,1,frontier,gen006,16,15,15.0,15,30,14,15,15,16,1,0,,15,14.0,1.0,2.0,46.0,120.0,102.0,14.0,0.0,106.0,2.0,0.23333333333333334,14.0,15.0,44.0,29.0,ibm_miami,hardware,False,1.0,0.0,1.0,1.139644784037955,2.875,1.0,,,,,,,,,,,,,,,,,,,,,,,,
ghz_nq15_ibmq_ibm_miami_CPU_sync_itrs1_opt2_20260502T235139Z.json,ghz,15,ibmq,ibm_miami,CPU,sync,1,2.0,2026-05-02T23:51:39.518076Z,1,112,1,frontier,gen006,16,15,15.0,15,30,14,15,15,16,1,0,,15,14.0,1.0,2.0,46.0,120.0,102.0,14.0,0.0,106.0,2.0,0.23333333333333334,14.0,15.0,44.0,29.0,,hardware,False,1.0,0.0,1.0,0.8570879930630326,2.875,1.0,,,,,,,,,,,,,,,,,,,,,,,,
ghz_nq15_ibmq_ibm_miami_CPU_sync_itrs1_opt3_20260416T045119Z.json,ghz,15,ibmq,ibm_miami,CPU,sync,1,3.0,2026-04-16T04:51:19.829582Z,1,112,1,frontier,gen006,16,15,15.0,15,30,14,15,15,16,1,0,,15,14.0,1.0,3.0,46.0,120.0,102.0,14.0,0.0,106.0,2.0,0.23333333333333334,14.0,15.0,44.0,29.0,ibm_miami,hardware,False,1.0,0.0,1.0,4.5108119440265,2.875,1.0,,,,,,,,,,,,,,,,,,,,,,,,
ghz_nq15_ibmq_ibm_miami_CPU_sync_itrs1_opt3_20260502T235207Z.json,ghz,15,ibmq,ibm_miami,CPU,sync,1,3.0,2026-05-02T23:52:07.221920Z,1,112,1,frontier,gen006,16,15,15.0,15,30,14,15,15,16,1,0,,15,14.0,1.0,3.0,46.0,120.0,102.0,14.0,0.0,106.0,2.0,0.23333333333333334,14.0,15.0,44.0,29.0,,hardware,False,1.0,0.0,1.0,4.265633841510862,2.875,1.0,,,,,,,,,,,,,,,,,,,,,,,,
ghz_nq15_nwqsim_MPI_CPU_sync_itrs1_opt0_20260419T035619Z.json,ghz,15,nwqsim,MPI,CPU,sync,1,0.0,2026-04-19T03:56:19.203590Z,1,112,1,frontier,gen006,16,15,,15,30,14,15,15,16,1,0,,15,14.0,1.0,,,,,,,,,,,,,,,,,1.0,0.0,1.0,,,,,,,,,,,,,,,,,,,,,,,,,,,
ghz_nq16_ibmq_ibm_boston_CPU_sync_itrs1_opt0_20260503T001256Z.json,ghz,16,ibmq,ibm_boston,CPU,sync,1,0.0,2026-05-03T00:12:56.288363Z,1,112,1,frontier,gen006,17,16,16.0,16,32,15,16,16,17,1,0,,16,15.0,1.0,0.0,64.0,156.0,124.0,15.0,0.0,141.0,2.0,0.19230769230769232,15.0,16.0,62.0,31.0,,hardware,False,1.0,0.0,1.0,0.9975526272319257,3.764705882352941,1.0,,,,,,,,,,,,,,,,,,,,,,,,
ghz_nq16_ibmq_ibm_boston_CPU_sync_itrs1_opt1_20260503T001251Z.json,ghz,16,ibmq,ibm_boston,CPU,sync,1,1.0,2026-05-03T00:12:51.306487Z,1,112,1,frontier,gen006,17,16,16.0,16,32,15,16,16,17,1,0,,16,15.0,1.0,1.0,64.0,156.0,124.0,15.0,0.0,141.0,2.0,0.19230769230769232,15.0,16.0,62.0,31.0,,hardware,False,1.0,0.0,1.0,1.1257306137122214,3.764705882352941,1.0,,,,,,,,,,,,,,,,,,,,,,,,
ghz_nq16_ibmq_ibm_boston_CPU_sync_itrs1_opt2_20260503T001238Z.json,ghz,16,ibmq,ibm_boston,CPU,sync,1,2.0,2026-05-03T00:12:38.165258Z,1,112,1,frontier,gen006,17,16,16.0,16,32,15,16,16,17,1,0,,16,15.0,1.0,2.0,49.0,156.0,109.0,15.0,0.0,141.0,2.0,0.19230769230769232,15.0,16.0,47.0,31.0,,hardware,False,1.0,0.0,1.0,0.9936535810120404,2.8823529411764706,1.0,,,,,,,,,,,,,,,,,,,,,,,,
ghz_nq16_ibmq_ibm_boston_CPU_sync_itrs1_opt3_20260503T001252Z.json,ghz,16,ibmq,ibm_boston,CPU,sync,1,3.0,2026-05-03T00:12:52.621535Z,1,112,1,frontier,gen006,17,16,16.0,16,32,15,16,16,17,1,0,,16,15.0,1.0,3.0,49.0,156.0,109.0,15.0,0.0,141.0,2.0,0.19230769230769232,15.0,16.0,47.0,31.0,,hardware,False,1.0,0.0,1.0,1.3105020388029516,2.8823529411764706,1.0,,,,,,,,,,,,,,,,,,,,,,,,
ghz_nq16_ibmq_ibm_miami_CPU_sync_itrs1_opt0_20260416T144654Z.json,ghz,16,ibmq,ibm_miami,CPU,sync,1,0.0,2026-04-16T14:46:54.662586Z,1,112,1,frontier,gen006,17,16,16.0,16,32,15,16,16,17,1,0,,16,15.0,1.0,0.0,94.0,120.0,232.0,51.0,0.0,105.0,3.0,0.25,51.0,16.0,62.0,103.0,ibm_miami,hardware,False,1.0,0.0,1.0,1.085008149035275,5.529411764705882,3.4,,,,,,,,,,,,,,,,,,,,,,,,
ghz_nq16_ibmq_ibm_miami_CPU_sync_itrs1_opt0_20260503T000100Z.json,ghz,16,ibmq,ibm_miami,CPU,sync,1,0.0,2026-05-03T00:01:00.329131Z,1,112,1,frontier,gen006,17,16,16.0,16,32,15,16,16,17,1,0,,16,15.0,1.0,0.0,118.0,120.0,268.0,63.0,0.0,101.0,2.0,0.31666666666666665,63.0,16.0,62.0,127.0,,hardware,False,1.0,0.0,1.0,1.1076954076997936,6.9411764705882355,4.2,,,,,,,,,,,,,,,,,,,,,,,,
ghz_nq16_ibmq_ibm_miami_CPU_sync_itrs1_opt1_20260416T144657Z.json,ghz,16,ibmq,ibm_miami,CPU,sync,1,1.0,2026-04-16T14:46:57.187539Z,1,112,1,frontier,gen006,17,16,16.0,16,32,15,16,16,17,1,0,,16,15.0,1.0,1.0,64.0,120.0,124.0,15.0,0.0,105.0,2.0,0.25,15.0,16.0,62.0,31.0,ibm_miami,hardware,False,1.0,0.0,1.0,1.0561541969655082,3.764705882352941,1.0,,,,,,,,,,,,,,,,,,,,,,,,
ghz_nq16_ibmq_ibm_miami_CPU_sync_itrs1_opt1_20260503T000047Z.json,ghz,16,ibmq,ibm_miami,CPU,sync,1,1.0,2026-05-03T00:00:47.596173Z,1,112,1,frontier,gen006,17,16,16.0,16,32,15,16,16,17,1,0,,16,15.0,1.0,1.0,64.0,120.0,124.0,15.0,0.0,105.0,2.0,0.25,15.0,16.0,62.0,31.0,,hardware,False,1.0,0.0,1.0,0.9877314320765436,3.764705882352941,1.0,,,,,,,,,,,,,,,,,,,,,,,,
ghz_nq16_ibmq_ibm_miami_CPU_sync_itrs1_opt2_20260416T144654Z.json,ghz,16,ibmq,ibm_miami,CPU,sync,1,2.0,2026-04-16T14:46:54.659448Z,1,112,1,frontier,gen006,17,16,16.0,16,32,15,16,16,17,1,0,,16,15.0,1.0,2.0,49.0,120.0,109.0,15.0,0.0,105.0,2.0,0.25,15.0,16.0,47.0,31.0,ibm_miami,hardware,False,1.0,0.0,1.0,0.9281368509400636,2.8823529411764706,1.0,,,,,,,,,,,,,,,,,,,,,,,,
ghz_nq16_ibmq_ibm_miami_CPU_sync_itrs1_opt2_20260503T000050Z.json,ghz,16,ibmq,ibm_miami,CPU,sync,1,2.0,2026-05-03T00:00:50.540647Z,1,112,1,frontier,gen006,17,16,16.0,16,32,15,16,16,17,1,0,,16,15.0,1.0,2.0,49.0,120.0,109.0,15.0,0.0,105.0,2.0,0.25,15.0,16.0,47.0,31.0,,hardware,False,1.0,0.0,1.0,1.0872608060017228,2.8823529411764706,1.0,,,,,,,,,,,,,,,,,,,,,,,,
ghz_nq16_ibmq_ibm_miami_CPU_sync_itrs1_opt3_20260416T144655Z.json,ghz,16,ibmq,ibm_miami,CPU,sync,1,3.0,2026-04-16T14:46:55.103697Z,1,112,1,frontier,gen006,17,16,16.0,16,32,15,16,16,17,1,0,,16,15.0,1.0,3.0,49.0,120.0,109.0,15.0,0.0,105.0,2.0,0.25,15.0,16.0,47.0,31.0,ibm_miami,hardware,False,1.0,0.0,1.0,4.65969311108347,2.8823529411764706,1.0,,,,,,,,,,,,,,,,,,,,,,,,
ghz_nq16_ibmq_ibm_miami_CPU_sync_itrs1_opt3_20260503T000140Z.json,ghz,16,ibmq,ibm_miami,CPU,sync,1,3.0,2026-05-03T00:01:40.824770Z,1,112,1,frontier,gen006,17,16,16.0,16,32,15,16,16,17,1,0,,16,15.0,1.0,3.0,49.0,120.0,109.0,15.0,0.0,105.0,2.0,0.25,15.0,16.0,47.0,31.0,,hardware,False,1.0,0.0,1.0,4.525722272694111,2.8823529411764706,1.0,,,,,,,,,,,,,,,,,,,,,,,,
ghz_nq16_nwqsim_MPI_CPU_sync_itrs1_opt0_20260419T035757Z.json,ghz,16,nwqsim,MPI,CPU,sync,1,0.0,2026-04-19T03:57:57.483520Z,1,112,1,frontier,gen006,17,16,,16,32,15,16,16,17,1,0,,16,15.0,1.0,,,,,,,,,,,,,,,,,1.0,0.0,1.0,,,,,,,,,,,,,,,,,,,,,,,,,,,
ghz_nq20_ibmq_ibm_boston_CPU_sync_itrs1_opt0_20260503T001250Z.json,ghz,20,ibmq,ibm_boston,CPU,sync,1,0.0,2026-05-03T00:12:50.257170Z,1,112,1,frontier,gen006,21,20,20.0,20,40,19,20,20,21,1,0,,20,19.0,1.0,0.0,122.0,156.0,345.0,82.0,0.0,137.0,3.0,0.24358974358974358,82.0,20.0,78.0,165.0,,hardware,False,1.0,0.0,1.0,1.0632640551775694,5.809523809523809,4.315789473684211,,,,,,,,,,,,,,,,,,,,,,,,
ghz_nq20_ibmq_ibm_miami_CPU_sync_itrs1_opt0_20260416T164818Z.json,ghz,20,ibmq,ibm_miami,CPU,sync,1,0.0,2026-04-16T16:48:18.732780Z,1,112,1,frontier,gen006,21,20,20.0,20,40,19,20,20,21,1,0,,20,19.0,1.0,0.0,122.0,120.0,255.0,52.0,0.0,101.0,3.0,0.31666666666666665,52.0,20.0,78.0,105.0,ibm_miami,hardware,False,1.0,0.0,1.0,0.8953875839943066,5.809523809523809,2.736842105263158,,,,,,,,,,,,,,,,,,,,,,,,
ghz_nq20_ibmq_ibm_miami_CPU_sync_itrs1_opt0_20260503T000110Z.json,ghz,20,ibmq,ibm_miami,CPU,sync,1,0.0,2026-05-03T00:01:10.330015Z,1,112,1,frontier,gen006,21,20,20.0,20,40,19,20,20,21,1,0,,20,19.0,1.0,0.0,140.0,120.0,282.0,61.0,0.0,101.0,2.0,0.31666666666666665,61.0,20.0,78.0,123.0,,hardware,False,1.0,0.0,1.0,0.7897464516572654,6.666666666666667,3.210526315789474,,,,,,,,,,,,,,,,,,,,,,,,
ghz_nq20_ibmq_ibm_miami_CPU_sync_itrs1_opt1_20260416T164818Z.json,ghz,20,ibmq,ibm_miami,CPU,sync,1,1.0,2026-04-16T16:48:18.734812Z,1,112,1,frontier,gen006,21,20,20.0,20,40,19,20,20,21,1,0,,20,19.0,1.0,1.0,80.0,120.0,156.0,19.0,0.0,101.0,2.0,0.31666666666666665,19.0,20.0,78.0,39.0,ibm_miami,hardware,False,1.0,0.0,1.0,0.9708465320290998,3.8095238095238093,1.0,,,,,,,,,,,,,,,,,,,,,,,,
ghz_nq20_ibmq_ibm_miami_CPU_sync_itrs1_opt1_20260503T000114Z.json,ghz,20,ibmq,ibm_miami,CPU,sync,1,1.0,2026-05-03T00:01:14.867792Z,1,112,1,frontier,gen006,21,20,20.0,20,40,19,20,20,21,1,0,,20,19.0,1.0,1.0,80.0,120.0,156.0,19.0,0.0,101.0,2.0,0.31666666666666665,19.0,20.0,78.0,39.0,,hardware,False,1.0,0.0,1.0,1.0890995603986084,3.8095238095238093,1.0,,,,,,,,,,,,,,,,,,,,,,,,
ghz_nq20_ibmq_ibm_miami_CPU_sync_itrs1_opt2_20260416T164819Z.json,ghz,20,ibmq,ibm_miami,CPU,sync,1,2.0,2026-04-16T16:48:19.115550Z,1,112,1,frontier,gen006,21,20,20.0,20,40,19,20,20,21,1,0,,20,19.0,1.0,2.0,61.0,120.0,137.0,19.0,0.0,101.0,2.0,0.31666666666666665,19.0,20.0,59.0,39.0,ibm_miami,hardware,False,1.0,0.0,1.0,1.241314424900338,2.9047619047619047,1.0,,,,,,,,,,,,,,,,,,,,,,,,
ghz_nq20_ibmq_ibm_miami_CPU_sync_itrs1_opt2_20260503T000135Z.json,ghz,20,ibmq,ibm_miami,CPU,sync,1,2.0,2026-05-03T00:01:35.727537Z,1,112,1,frontier,gen006,21,20,20.0,20,40,19,20,20,21,1,0,,20,19.0,1.0,2.0,61.0,120.0,137.0,19.0,0.0,101.0,2.0,0.31666666666666665,19.0,20.0,59.0,39.0,,hardware,False,1.0,0.0,1.0,1.0610175440087914,2.9047619047619047,1.0,,,,,,,,,,,,,,,,,,,,,,,,
ghz_nq20_ibmq_ibm_miami_CPU_sync_itrs1_opt3_20260416T164821Z.json,ghz,20,ibmq,ibm_miami,CPU,sync,1,3.0,2026-04-16T16:48:21.249283Z,1,112,1,frontier,gen006,21,20,20.0,20,40,19,20,20,21,1,0,,20,19.0,1.0,3.0,61.0,120.0,137.0,19.0,0.0,101.0,2.0,0.31666666666666665,19.0,20.0,59.0,39.0,ibm_miami,hardware,False,1.0,0.0,1.0,4.976212466019206,2.9047619047619047,1.0,,,,,,,,,,,,,,,,,,,,,,,,
ghz_nq20_ibmq_ibm_miami_CPU_sync_itrs1_opt3_20260503T000149Z.json,ghz,20,ibmq,ibm_miami,CPU,sync,1,3.0,2026-05-03T00:01:49.025218Z,1,112,1,frontier,gen006,21,20,20.0,20,40,19,20,20,21,1,0,,20,19.0,1.0,3.0,61.0,120.0,137.0,19.0,0.0,101.0,2.0,0.31666666666666665,19.0,20.0,59.0,39.0,,hardware,False,1.0,0.0,1.0,4.709974881727248,2.9047619047619047,1.0,,,,,,,,,,,,,,,,,,,,,,,,
ghz_nq20_nwqsim_MPI_CPU_sync_itrs1_opt0_20260419T035855Z.json,ghz,20,nwqsim,MPI,CPU,sync,1,0.0,2026-04-19T03:58:55.771781Z,1,112,1,frontier,gen006,21,20,,20,40,19,20,20,21,1,0,,20,19.0,1.0,,,,,,,,,,,,,,,,,1.0,0.0,1.0,,,,,,,,,,,,,,,,,,,,,,,,,,,
ghz_nq23_ibmq_ibm_boston_CPU_sync_itrs1_opt0_20260503T024409Z.json,ghz,23,ibmq,ibm_boston,CPU,sync,1,0.0,2026-05-03T02:44:09.297174Z,1,112,1,frontier,gen006,24,23,23.0,23,46,22,23,23,24,1,0,,23,22.0,1.0,0.0,224.0,156.0,558.0,148.0,0.0,121.0,3.0,0.44871794871794873,148.0,23.0,90.0,297.0,,hardware,False,1.0,0.0,1.0,1.0820444258861244,9.333333333333334,6.7272727272727275,,,,,,,,,,,,,,,,,,,,,,,,
ghz_nq23_ibmq_ibm_boston_CPU_sync_itrs1_opt1_20260503T024416Z.json,ghz,23,ibmq,ibm_boston,CPU,sync,1,1.0,2026-05-03T02:44:16.015332Z,1,112,1,frontier,gen006,24,23,23.0,23,46,22,23,23,24,1,0,,23,22.0,1.0,1.0,92.0,156.0,180.0,22.0,0.0,134.0,2.0,0.28205128205128205,22.0,23.0,90.0,45.0,,hardware,False,1.0,0.0,1.0,1.1371484869159758,3.8333333333333335,1.0,,,,,,,,,,,,,,,,,,,,,,,,
ghz_nq23_ibmq_ibm_boston_CPU_sync_itrs1_opt3_20260503T024410Z.json,ghz,23,ibmq,ibm_boston,CPU,sync,1,3.0,2026-05-03T02:44:10.844878Z,1,112,1,frontier,gen006,24,23,23.0,23,46,22,23,23,24,1,0,,23,22.0,1.0,3.0,70.0,156.0,158.0,22.0,0.0,134.0,2.0,0.28205128205128205,22.0,23.0,68.0,45.0,,hardware,False,1.0,0.0,1.0,2.648604915011674,2.9166666666666665,1.0,,,,,,,,,,,,,,,,,,,,,,,,
ghz_nq23_ibmq_ibm_miami_CPU_sync_itrs1_opt0_20260416T195413Z.json,ghz,23,ibmq,ibm_miami,CPU,sync,1,0.0,2026-04-16T19:54:13.571936Z,1,112,1,frontier,gen006,24,23,23.0,23,46,22,23,23,24,1,0,,23,22.0,1.0,0.0,194.0,120.0,414.0,100.0,0.0,97.0,3.0,0.38333333333333336,100.0,23.0,90.0,201.0,ibm_miami,hardware,False,1.0,0.0,1.0,1.0823385189287364,8.083333333333334,4.545454545454546,,,,,,,,,,,,,,,,,,,,,,,,
ghz_nq23_ibmq_ibm_miami_CPU_sync_itrs1_opt1_20260416T195411Z.json,ghz,23,ibmq,ibm_miami,CPU,sync,1,1.0,2026-04-16T19:54:11.448554Z,1,112,1,frontier,gen006,24,23,23.0,23,46,22,23,23,24,1,0,,23,22.0,1.0,1.0,92.0,120.0,180.0,22.0,0.0,98.0,2.0,0.36666666666666664,22.0,23.0,90.0,45.0,ibm_miami,hardware,False,1.0,0.0,1.0,1.136584913940169,3.8333333333333335,1.0,,,,,,,,,,,,,,,,,,,,,,,,
ghz_nq23_ibmq_ibm_miami_CPU_sync_itrs1_opt2_20260416T195413Z.json,ghz,23,ibmq,ibm_miami,CPU,sync,1,2.0,2026-04-16T19:54:13.565237Z,1,112,1,frontier,gen006,24,23,23.0,23,46,22,23,23,24,1,0,,23,22.0,1.0,2.0,70.0,120.0,158.0,22.0,0.0,98.0,2.0,0.36666666666666664,22.0,23.0,68.0,45.0,ibm_miami,hardware,False,1.0,0.0,1.0,1.0110244519310072,2.9166666666666665,1.0,,,,,,,,,,,,,,,,,,,,,,,,
ghz_nq23_ibmq_ibm_miami_CPU_sync_itrs1_opt2_20260503T024458Z.json,ghz,23,ibmq,ibm_miami,CPU,sync,1,2.0,2026-05-03T02:44:58.195472Z,1,112,1,frontier,gen006,24,23,23.0,23,46,22,23,23,24,1,0,,23,22.0,1.0,2.0,70.0,120.0,158.0,22.0,0.0,98.0,2.0,0.36666666666666664,22.0,23.0,68.0,45.0,,hardware,False,1.0,0.0,1.0,1.0839471430517733,2.9166666666666665,1.0,,,,,,,,,,,,,,,,,,,,,,,,
ghz_nq23_ibmq_ibm_miami_CPU_sync_itrs1_opt3_20260416T195416Z.json,ghz,23,ibmq,ibm_miami,CPU,sync,1,3.0,2026-04-16T19:54:16.036964Z,1,112,1,frontier,gen006,24,23,23.0,23,46,22,23,23,24,1,0,,23,22.0,1.0,3.0,70.0,120.0,158.0,22.0,0.0,98.0,2.0,0.36666666666666664,22.0,23.0,68.0,45.0,ibm_miami,hardware,False,1.0,0.0,1.0,5.260457350988872,2.9166666666666665,1.0,,,,,,,,,,,,,,,,,,,,,,,,
ghz_nq23_ibmq_ibm_miami_CPU_sync_itrs1_opt3_20260503T024420Z.json,ghz,23,ibmq,ibm_miami,CPU,sync,1,3.0,2026-05-03T02:44:20.327692Z,1,112,1,frontier,gen006,24,23,23.0,23,46,22,23,23,24,1,0,,23,22.0,1.0,3.0,70.0,120.0,158.0,22.0,0.0,98.0,2.0,0.36666666666666664,22.0,23.0,68.0,45.0,,hardware,False,1.0,0.0,1.0,5.321595058077946,2.9166666666666665,1.0,,,,,,,,,,,,,,,,,,,,,,,,
ghz_nq23_nwqsim_MPI_CPU_sync_itrs1_opt0_20260419T035853Z.json,ghz,23,nwqsim,MPI,CPU,sync,1,0.0,2026-04-19T03:58:53.990203Z,1,112,1,frontier,gen006,24,23,,23,46,22,23,23,24,1,0,,23,22.0,1.0,,,,,,,,,,,,,,,,,1.0,0.0,1.0,,,,,,,,,,,,,,,,,,,,,,,,,,,
ghz_nq24_ibmq_ibm_boston_CPU_sync_itrs1_opt1_20260503T024407Z.json,ghz,24,ibmq,ibm_boston,CPU,sync,1,1.0,2026-05-03T02:44:07.712930Z,1,112,1,frontier,gen006,25,24,24.0,24,48,23,24,24,25,1,0,,24,23.0,1.0,1.0,96.0,156.0,188.0,23.0,0.0,133.0,2.0,0.2948717948717949,23.0,24.0,94.0,47.0,,hardware,False,1.0,0.0,1.0,1.1601254832930863,3.84,1.0,,,,,,,,,,,,,,,,,,,,,,,,
ghz_nq24_ibmq_ibm_boston_CPU_sync_itrs1_opt2_20260503T024402Z.json,ghz,24,ibmq,ibm_boston,CPU,sync,1,2.0,2026-05-03T02:44:02.800918Z,1,112,1,frontier,gen006,25,24,24.0,24,48,23,24,24,25,1,0,,24,23.0,1.0,2.0,73.0,156.0,165.0,23.0,0.0,133.0,2.0,0.2948717948717949,23.0,24.0,71.0,47.0,,hardware,False,1.0,0.0,1.0,0.9669140423648059,2.92,1.0,,,,,,,,,,,,,,,,,,,,,,,,
ghz_nq24_ibmq_ibm_boston_CPU_sync_itrs1_opt3_20260503T024456Z.json,ghz,24,ibmq,ibm_boston,CPU,sync,1,3.0,2026-05-03T02:44:56.536921Z,1,112,1,frontier,gen006,25,24,24.0,24,48,23,24,24,25,1,0,,24,23.0,1.0,3.0,73.0,156.0,165.0,23.0,0.0,133.0,2.0,0.2948717948717949,23.0,24.0,71.0,47.0,,hardware,False,1.0,0.0,1.0,3.0398683082312346,2.92,1.0,,,,,,,,,,,,,,,,,,,,,,,,
ghz_nq24_ibmq_ibm_miami_CPU_sync_itrs1_opt0_20260503T024431Z.json,ghz,24,ibmq,ibm_miami,CPU,sync,1,0.0,2026-05-03T02:44:31.390769Z,1,112,1,frontier,gen006,25,24,24.0,24,48,23,24,24,25,1,0,,24,23.0,1.0,0.0,198.0,120.0,422.0,101.0,0.0,96.0,3.0,0.45,101.0,24.0,94.0,203.0,,hardware,False,1.0,0.0,1.0,0.7909973235800862,7.92,4.391304347826087,,,,,,,,,,,,,,,,,,,,,,,,
ghz_nq24_ibmq_ibm_miami_CPU_sync_itrs1_opt3_20260503T024415Z.json,ghz,24,ibmq,ibm_miami,CPU,sync,1,3.0,2026-05-03T02:44:15.599315Z,1,112,1,frontier,gen006,25,24,24.0,24,48,23,24,24,25,1,0,,24,23.0,1.0,3.0,73.0,120.0,165.0,23.0,0.0,97.0,2.0,0.38333333333333336,23.0,24.0,71.0,47.0,,hardware,False,1.0,0.0,1.0,5.135953783988953,2.92,1.0,,,,,,,,,,,,,,,,,,,,,,,,
ghz_nq25_ibmq_ibm_boston_CPU_sync_itrs1_opt0_20260503T025028Z.json,ghz,25,ibmq,ibm_boston,CPU,sync,1,0.0,2026-05-03T02:50:28.750209Z,1,112,1,frontier,gen006,26,25,25.0,25,50,24,25,25,26,1,0,,25,24.0,1.0,0.0,239.0,156.0,592.0,156.0,0.0,125.0,3.0,0.3974358974358974,156.0,25.0,98.0,313.0,,hardware,False,1.0,0.0,1.0,1.0656457711011171,9.192307692307692,6.5,,,,,,,,,,,,,,,,,,,,,,,,
ghz_nq25_ibmq_ibm_boston_CPU_sync_itrs1_opt1_20260503T025029Z.json,ghz,25,ibmq,ibm_boston,CPU,sync,1,1.0,2026-05-03T02:50:29.921433Z,1,112,1,frontier,gen006,26,25,25.0,25,50,24,25,25,26,1,0,,25,24.0,1.0,1.0,100.0,156.0,196.0,24.0,0.0,132.0,2.0,0.3076923076923077,24.0,25.0,98.0,49.0,,hardware,False,1.0,0.0,1.0,0.971391471568495,3.8461538461538463,1.0,,,,,,,,,,,,,,,,,,,,,,,,
ghz_nq25_ibmq_ibm_boston_CPU_sync_itrs1_opt2_20260503T025028Z.json,ghz,25,ibmq,ibm_boston,CPU,sync,1,2.0,2026-05-03T02:50:28.996646Z,1,112,1,frontier,gen006,26,25,25.0,25,50,24,25,25,26,1,0,,25,24.0,1.0,2.0,76.0,156.0,172.0,24.0,0.0,132.0,2.0,0.3076923076923077,24.0,25.0,74.0,49.0,,hardware,False,1.0,0.0,1.0,1.310657564084977,2.923076923076923,1.0,,,,,,,,,,,,,,,,,,,,,,,,
ghz_nq25_ibmq_ibm_boston_CPU_sync_itrs1_opt3_20260503T025042Z.json,ghz,25,ibmq,ibm_boston,CPU,sync,1,3.0,2026-05-03T02:50:42.636211Z,1,112,1,frontier,gen006,26,25,25.0,25,50,24,25,25,26,1,0,,25,24.0,1.0,3.0,76.0,156.0,172.0,24.0,0.0,132.0,2.0,0.3076923076923077,24.0,25.0,74.0,49.0,,hardware,False,1.0,0.0,1.0,3.657861940097064,2.923076923076923,1.0,,,,,,,,,,,,,,,,,,,,,,,,
ghz_nq25_ibmq_ibm_miami_CPU_sync_itrs1_opt0_20260503T025057Z.json,ghz,25,ibmq,ibm_miami,CPU,sync,1,0.0,2026-05-03T02:50:57.188293Z,1,112,1,frontier,gen006,26,25,25.0,25,50,24,25,25,26,1,0,,25,24.0,1.0,0.0,196.0,120.0,466.0,114.0,0.0,96.0,3.0,0.4166666666666667,114.0,25.0,98.0,229.0,,hardware,False,1.0,0.0,1.0,0.9024250255897641,7.538461538461538,4.75,,,,,,,,,,,,,,,,,,,,,,,,
ghz_nq25_ibmq_ibm_miami_CPU_sync_itrs1_opt1_20260503T025052Z.json,ghz,25,ibmq,ibm_miami,CPU,sync,1,1.0,2026-05-03T02:50:52.545182Z,1,112,1,frontier,gen006,26,25,25.0,25,50,24,25,25,26,1,0,,25,24.0,1.0,1.0,100.0,120.0,196.0,24.0,0.0,96.0,2.0,0.4,24.0,25.0,98.0,49.0,,hardware,False,1.0,0.0,1.0,1.1275135516189039,3.8461538461538463,1.0,,,,,,,,,,,,,,,,,,,,,,,,
ghz_nq25_ibmq_ibm_miami_CPU_sync_itrs1_opt2_20260503T025047Z.json,ghz,25,ibmq,ibm_miami,CPU,sync,1,2.0,2026-05-03T02:50:47.641970Z,1,112,1,frontier,gen006,26,25,25.0,25,50,24,25,25,26,1,0,,25,24.0,1.0,2.0,76.0,120.0,172.0,24.0,0.0,96.0,2.0,0.4,24.0,25.0,74.0,49.0,,hardware,False,1.0,0.0,1.0,1.0474938028492033,2.923076923076923,1.0,,,,,,,,,,,,,,,,,,,,,,,,
ghz_nq25_ibmq_ibm_miami_CPU_sync_itrs1_opt3_20260503T025107Z.json,ghz,25,ibmq,ibm_miami,CPU,sync,1,3.0,2026-05-03T02:51:07.359848Z,1,112,1,frontier,gen006,26,25,25.0,25,50,24,25,25,26,1,0,,25,24.0,1.0,3.0,76.0,120.0,172.0,24.0,0.0,96.0,2.0,0.4,24.0,25.0,74.0,49.0,,hardware,False,1.0,0.0,1.0,5.206562320003286,2.923076923076923,1.0,,,,,,,,,,,,,,,,,,,,,,,,
ghz_nq25_ionq_simulator_CPU_sync_itrs1_opt0_20260503T044225Z.json,ghz,25,ionq,simulator,CPU,sync,1,0.0,2026-05-03T04:42:25.368239Z,1,112,1,frontier,gen006,26,25,25.0,25,50,24,25,25,26,1,0,,25,24.0,1.0,0.0,26.0,25.0,50.0,24.0,0.0,1.0,2.0,1.92,,25.0,,,ionq_simulator,simulator,True,1.0,0.0,1.0,0.4189791511744261,1.0,1.0,24.0,1.0,,,,,,,,,,,,,,,,,,,,,,
ghz_nq25_ionq_simulator_CPU_sync_itrs1_opt1_20260503T044225Z.json,ghz,25,ionq,simulator,CPU,sync,1,1.0,2026-05-03T04:42:25.442908Z,1,112,1,frontier,gen006,26,25,25.0,25,50,24,25,25,26,1,0,,25,24.0,1.0,1.0,26.0,25.0,50.0,24.0,0.0,1.0,2.0,1.92,,25.0,,,ionq_simulator,simulator,True,1.0,0.0,1.0,0.484026781283319,1.0,1.0,24.0,1.0,,,,,,,,,,,,,,,,,,,,,,
ghz_nq25_ionq_simulator_CPU_sync_itrs1_opt2_20260503T044225Z.json,ghz,25,ionq,simulator,CPU,sync,1,2.0,2026-05-03T04:42:25.416918Z,1,112,1,frontier,gen006,26,25,25.0,25,50,24,25,25,26,1,0,,25,24.0,1.0,2.0,26.0,25.0,50.0,24.0,0.0,1.0,2.0,1.92,,25.0,,,ionq_simulator,simulator,True,1.0,0.0,1.0,0.44636387610808015,1.0,1.0,24.0,1.0,,,,,,,,,,,,,,,,,,,,,,
ghz_nq25_ionq_simulator_CPU_sync_itrs1_opt3_20260503T044314Z.json,ghz,25,ionq,simulator,CPU,sync,1,3.0,2026-05-03T04:43:14.379621Z,1,112,1,frontier,gen006,26,25,25.0,25,50,24,25,25,26,1,0,,25,24.0,1.0,3.0,26.0,25.0,50.0,24.0,0.0,1.0,2.0,1.92,,25.0,,,ionq_simulator,simulator,True,1.0,0.0,1.0,0.4620678168721497,1.0,1.0,24.0,1.0,,,,,,,,,,,,,,,,,,,,,,
ghz_nq26_ibmq_ibm_boston_CPU_sync_itrs1_opt0_20260503T025134Z.json,ghz,26,ibmq,ibm_boston,CPU,sync,1,0.0,2026-05-03T02:51:34.529046Z,1,112,1,frontier,gen006,27,26,26.0,26,52,25,26,26,27,1,0,,26,25.0,1.0,0.0,248.0,156.0,564.0,145.0,0.0,131.0,3.0,0.32051282051282054,145.0,26.0,102.0,291.0,,hardware,False,1.0,0.0,1.0,1.1317415293306112,9.185185185185185,5.8,,,,,,,,,,,,,,,,,,,,,,,,
ghz_nq26_ibmq_ibm_boston_CPU_sync_itrs1_opt1_20260503T025116Z.json,ghz,26,ibmq,ibm_boston,CPU,sync,1,1.0,2026-05-03T02:51:16.760215Z,1,112,1,frontier,gen006,27,26,26.0,26,52,25,26,26,27,1,0,,26,25.0,1.0,1.0,104.0,156.0,204.0,25.0,0.0,131.0,2.0,0.32051282051282054,25.0,26.0,102.0,51.0,,hardware,False,1.0,0.0,1.0,0.9699327861890197,3.8518518518518516,1.0,,,,,,,,,,,,,,,,,,,,,,,,
ghz_nq26_ibmq_ibm_boston_CPU_sync_itrs1_opt2_20260503T025117Z.json,ghz,26,ibmq,ibm_boston,CPU,sync,1,2.0,2026-05-03T02:51:17.472508Z,1,112,1,frontier,gen006,27,26,26.0,26,52,25,26,26,27,1,0,,26,25.0,1.0,2.0,79.0,156.0,179.0,25.0,0.0,131.0,2.0,0.32051282051282054,25.0,26.0,77.0,51.0,,hardware,False,1.0,0.0,1.0,1.0074011506512761,2.925925925925926,1.0,,,,,,,,,,,,,,,,,,,,,,,,
ghz_nq26_ibmq_ibm_boston_CPU_sync_itrs1_opt3_20260503T025129Z.json,ghz,26,ibmq,ibm_boston,CPU,sync,1,3.0,2026-05-03T02:51:29.647840Z,1,112,1,frontier,gen006,27,26,26.0,26,52,25,26,26,27,1,0,,26,25.0,1.0,3.0,79.0,156.0,179.0,25.0,0.0,131.0,2.0,0.32051282051282054,25.0,26.0,77.0,51.0,,hardware,False,1.0,0.0,1.0,4.360387175343931,2.925925925925926,1.0,,,,,,,,,,,,,,,,,,,,,,,,
ghz_nq26_ibmq_ibm_miami_CPU_sync_itrs1_opt0_20260503T025124Z.json,ghz,26,ibmq,ibm_miami,CPU,sync,1,0.0,2026-05-03T02:51:24.698021Z,1,112,1,frontier,gen006,27,26,26.0,26,52,25,26,26,27,1,0,,26,25.0,1.0,0.0,194.0,120.0,447.0,106.0,0.0,95.0,3.0,0.45,106.0,26.0,102.0,213.0,,hardware,False,1.0,0.0,1.0,1.0027650608681142,7.185185185185185,4.24,,,,,,,,,,,,,,,,,,,,,,,,
ghz_nq26_ibmq_ibm_miami_CPU_sync_itrs1_opt1_20260503T025145Z.json,ghz,26,ibmq,ibm_miami,CPU,sync,1,1.0,2026-05-03T02:51:45.431170Z,1,112,1,frontier,gen006,27,26,26.0,26,52,25,26,26,27,1,0,,26,25.0,1.0,1.0,104.0,120.0,204.0,25.0,0.0,95.0,2.0,0.4166666666666667,25.0,26.0,102.0,51.0,,hardware,False,1.0,0.0,1.0,0.8501531160436571,3.8518518518518516,1.0,,,,,,,,,,,,,,,,,,,,,,,,
ghz_nq26_ibmq_ibm_miami_CPU_sync_itrs1_opt2_20260503T025134Z.json,ghz,26,ibmq,ibm_miami,CPU,sync,1,2.0,2026-05-03T02:51:34.734705Z,1,112,1,frontier,gen006,27,26,26.0,26,52,25,26,26,27,1,0,,26,25.0,1.0,2.0,79.0,120.0,179.0,25.0,0.0,95.0,2.0,0.4166666666666667,25.0,26.0,77.0,51.0,,hardware,False,1.0,0.0,1.0,0.8305640709586442,2.925925925925926,1.0,,,,,,,,,,,,,,,,,,,,,,,,
ghz_nq26_ibmq_ibm_miami_CPU_sync_itrs1_opt3_20260503T025139Z.json,ghz,26,ibmq,ibm_miami,CPU,sync,1,3.0,2026-05-03T02:51:39.687972Z,1,112,1,frontier,gen006,27,26,26.0,26,52,25,26,26,27,1,0,,26,25.0,1.0,3.0,79.0,120.0,179.0,25.0,0.0,95.0,2.0,0.4166666666666667,25.0,26.0,77.0,51.0,,hardware,False,1.0,0.0,1.0,5.232460396364331,2.925925925925926,1.0,,,,,,,,,,,,,,,,,,,,,,,,
ghz_nq26_ionq_simulator_CPU_sync_itrs1_opt0_20260503T044322Z.json,ghz,26,ionq,simulator,CPU,sync,1,0.0,2026-05-03T04:43:22.557170Z,1,112,1,frontier,gen006,27,26,26.0,26,52,25,26,26,27,1,0,,26,25.0,1.0,0.0,27.0,26.0,52.0,25.0,0.0,1.0,2.0,1.9230769230769231,,26.0,,,ionq_simulator,simulator,True,1.0,0.0,1.0,0.41658469615504146,1.0,1.0,25.0,1.0,,,,,,,,,,,,,,,,,,,,,,
ghz_nq26_ionq_simulator_CPU_sync_itrs1_opt1_20260503T044322Z.json,ghz,26,ionq,simulator,CPU,sync,1,1.0,2026-05-03T04:43:22.533760Z,1,112,1,frontier,gen006,27,26,26.0,26,52,25,26,26,27,1,0,,26,25.0,1.0,1.0,27.0,26.0,52.0,25.0,0.0,1.0,2.0,1.9230769230769231,,26.0,,,ionq_simulator,simulator,True,1.0,0.0,1.0,0.4218968963250518,1.0,1.0,25.0,1.0,,,,,,,,,,,,,,,,,,,,,,
ghz_nq26_ionq_simulator_CPU_sync_itrs1_opt2_20260503T044310Z.json,ghz,26,ionq,simulator,CPU,sync,1,2.0,2026-05-03T04:43:10.004804Z,1,112,1,frontier,gen006,27,26,26.0,26,52,25,26,26,27,1,0,,26,25.0,1.0,2.0,27.0,26.0,52.0,25.0,0.0,1.0,2.0,1.9230769230769231,,26.0,,,ionq_simulator,simulator,True,1.0,0.0,1.0,0.4426456270739436,1.0,1.0,25.0,1.0,,,,,,,,,,,,,,,,,,,,,,
ghz_nq26_ionq_simulator_CPU_sync_itrs1_opt3_20260503T044318Z.json,ghz,26,ionq,simulator,CPU,sync,1,3.0,2026-05-03T04:43:18.506758Z,1,112,1,frontier,gen006,27,26,26.0,26,52,25,26,26,27,1,0,,26,25.0,1.0,3.0,27.0,26.0,52.0,25.0,0.0,1.0,2.0,1.9230769230769231,,26.0,,,ionq_simulator,simulator,True,1.0,0.0,1.0,0.45930498372763395,1.0,1.0,25.0,1.0,,,,,,,,,,,,,,,,,,,,,,
ghz_nq27_ibmq_ibm_boston_CPU_sync_itrs1_opt0_20260503T025519Z.json,ghz,27,ibmq,ibm_boston,CPU,sync,1,0.0,2026-05-03T02:55:19.234854Z,1,112,1,frontier,gen006,28,27,27.0,27,54,26,27,27,28,1,0,,27,26.0,1.0,0.0,262.0,156.0,590.0,152.0,0.0,130.0,3.0,0.3333333333333333,152.0,27.0,106.0,305.0,,hardware,False,1.0,0.0,1.0,0.9364677672274411,9.357142857142858,5.846153846153846,,,,,,,,,,,,,,,,,,,,,,,,
ghz_nq27_ibmq_ibm_boston_CPU_sync_itrs1_opt1_20260503T025528Z.json,ghz,27,ibmq,ibm_boston,CPU,sync,1,1.0,2026-05-03T02:55:28.204484Z,1,112,1,frontier,gen006,28,27,27.0,27,54,26,27,27,28,1,0,,27,26.0,1.0,1.0,108.0,156.0,212.0,26.0,0.0,130.0,2.0,0.3333333333333333,26.0,27.0,106.0,53.0,,hardware,False,1.0,0.0,1.0,1.2522671520709991,3.857142857142857,1.0,,,,,,,,,,,,,,,,,,,,,,,,
ghz_nq27_ibmq_ibm_boston_CPU_sync_itrs1_opt2_20260503T025535Z.json,ghz,27,ibmq,ibm_boston,CPU,sync,1,2.0,2026-05-03T02:55:35.551345Z,1,112,1,frontier,gen006,28,27,27.0,27,54,26,27,27,28,1,0,,27,26.0,1.0,2.0,82.0,156.0,186.0,26.0,0.0,130.0,2.0,0.3333333333333333,26.0,27.0,80.0,53.0,,hardware,False,1.0,0.0,1.0,0.9502768260426819,2.9285714285714284,1.0,,,,,,,,,,,,,,,,,,,,,,,,
ghz_nq27_ibmq_ibm_boston_CPU_sync_itrs1_opt3_20260503T025530Z.json,ghz,27,ibmq,ibm_boston,CPU,sync,1,3.0,2026-05-03T02:55:30.922617Z,1,112,1,frontier,gen006,28,27,27.0,27,54,26,27,27,28,1,0,,27,26.0,1.0,3.0,82.0,156.0,186.0,26.0,0.0,130.0,2.0,0.3333333333333333,26.0,27.0,80.0,53.0,,hardware,False,1.0,0.0,1.0,5.54904070449993,2.9285714285714284,1.0,,,,,,,,,,,,,,,,,,,,,,,,
ghz_nq27_ibmq_ibm_miami_CPU_sync_itrs1_opt0_20260503T025551Z.json,ghz,27,ibmq,ibm_miami,CPU,sync,1,0.0,2026-05-03T02:55:51.221768Z,1,112,1,frontier,gen006,28,27,27.0,27,54,26,27,27,28,1,0,,27,26.0,1.0,0.0,234.0,120.0,473.0,113.0,0.0,91.0,3.0,0.48333333333333334,113.0,27.0,106.0,227.0,,hardware,False,1.0,0.0,1.0,0.9770547421649098,8.357142857142858,4.346153846153846,,,,,,,,,,,,,,,,,,,,,,,,
ghz_nq27_ibmq_ibm_miami_CPU_sync_itrs1_opt1_20260503T025525Z.json,ghz,27,ibmq,ibm_miami,CPU,sync,1,1.0,2026-05-03T02:55:25.551318Z,1,112,1,frontier,gen006,28,27,27.0,27,54,26,27,27,28,1,0,,27,26.0,1.0,1.0,108.0,120.0,212.0,26.0,0.0,94.0,2.0,0.43333333333333335,26.0,27.0,106.0,53.0,,hardware,False,1.0,0.0,1.0,1.0837437408044934,3.857142857142857,1.0,,,,,,,,,,,,,,,,,,,,,,,,
ghz_nq27_ibmq_ibm_miami_CPU_sync_itrs1_opt2_20260503T025606Z.json,ghz,27,ibmq,ibm_miami,CPU,sync,1,2.0,2026-05-03T02:56:06.062828Z,1,112,1,frontier,gen006,28,27,27.0,27,54,26,27,27,28,1,0,,27,26.0,1.0,2.0,82.0,120.0,186.0,26.0,0.0,94.0,2.0,0.43333333333333335,26.0,27.0,80.0,53.0,,hardware,False,1.0,0.0,1.0,1.069561974145472,2.9285714285714284,1.0,,,,,,,,,,,,,,,,,,,,,,,,
ghz_nq27_ibmq_ibm_miami_CPU_sync_itrs1_opt3_20260503T025609Z.json,ghz,27,ibmq,ibm_miami,CPU,sync,1,3.0,2026-05-03T02:56:09.633348Z,1,112,1,frontier,gen006,28,27,27.0,27,54,26,27,27,28,1,0,,27,26.0,1.0,3.0,82.0,120.0,186.0,26.0,0.0,94.0,2.0,0.43333333333333335,26.0,27.0,80.0,53.0,,hardware,False,1.0,0.0,1.0,5.53065058006905,2.9285714285714284,1.0,,,,,,,,,,,,,,,,,,,,,,,,
ghz_nq27_ionq_simulator_CPU_sync_itrs1_opt1_20260503T044318Z.json,ghz,27,ionq,simulator,CPU,sync,1,1.0,2026-05-03T04:43:18.372876Z,1,112,1,frontier,gen006,28,27,27.0,27,54,26,27,27,28,1,0,,27,26.0,1.0,1.0,28.0,27.0,54.0,26.0,0.0,1.0,2.0,1.9259259259259258,,27.0,,,ionq_simulator,simulator,True,1.0,0.0,1.0,0.4324165917932987,1.0,1.0,26.0,1.0,,,,,,,,,,,,,,,,,,,,,,
ghz_nq27_ionq_simulator_CPU_sync_itrs1_opt2_20260503T044328Z.json,ghz,27,ionq,simulator,CPU,sync,1,2.0,2026-05-03T04:43:28.533507Z,1,112,1,frontier,gen006,28,27,27.0,27,54,26,27,27,28,1,0,,27,26.0,1.0,2.0,28.0,27.0,54.0,26.0,0.0,1.0,2.0,1.9259259259259258,,27.0,,,ionq_simulator,simulator,True,1.0,0.0,1.0,0.4326510760001838,1.0,1.0,26.0,1.0,,,,,,,,,,,,,,,,,,,,,,
ghz_nq27_ionq_simulator_CPU_sync_itrs1_opt3_20260503T044403Z.json,ghz,27,ionq,simulator,CPU,sync,1,3.0,2026-05-03T04:44:03.482921Z,1,112,1,frontier,gen006,28,27,27.0,27,54,26,27,27,28,1,0,,27,26.0,1.0,3.0,28.0,27.0,54.0,26.0,0.0,1.0,2.0,1.9259259259259258,,27.0,,,ionq_simulator,simulator,True,1.0,0.0,1.0,0.47909194277599454,1.0,1.0,26.0,1.0,,,,,,,,,,,,,,,,,,,,,,
ghz_nq28_ibmq_ibm_boston_CPU_sync_itrs1_opt0_20260503T025609Z.json,ghz,28,ibmq,ibm_boston,CPU,sync,1,0.0,2026-05-03T02:56:09.500733Z,1,112,1,frontier,gen006,29,28,28.0,28,56,27,28,28,29,1,0,,28,27.0,1.0,0.0,244.0,156.0,661.0,174.0,0.0,121.0,3.0,0.44871794871794873,174.0,28.0,110.0,349.0,,hardware,False,1.0,0.0,1.0,0.9377551889047027,8.413793103448276,6.444444444444445,,,,,,,,,,,,,,,,,,,,,,,,
ghz_nq28_ibmq_ibm_boston_CPU_sync_itrs1_opt1_20260503T025607Z.json,ghz,28,ibmq,ibm_boston,CPU,sync,1,1.0,2026-05-03T02:56:07.991623Z,1,112,1,frontier,gen006,29,28,28.0,28,56,27,28,28,29,1,0,,28,27.0,1.0,1.0,112.0,156.0,220.0,27.0,0.0,129.0,2.0,0.34615384615384615,27.0,28.0,110.0,55.0,,hardware,False,1.0,0.0,1.0,1.1866015121340752,3.8620689655172415,1.0,,,,,,,,,,,,,,,,,,,,,,,,
ghz_nq28_ibmq_ibm_boston_CPU_sync_itrs1_opt2_20260503T025612Z.json,ghz,28,ibmq,ibm_boston,CPU,sync,1,2.0,2026-05-03T02:56:12.619324Z,1,112,1,frontier,gen006,29,28,28.0,28,56,27,28,28,29,1,0,,28,27.0,1.0,2.0,85.0,156.0,193.0,27.0,0.0,129.0,2.0,0.34615384615384615,27.0,28.0,83.0,55.0,,hardware,False,1.0,0.0,1.0,1.1124935364350677,2.9310344827586206,1.0,,,,,,,,,,,,,,,,,,,,,,,,
ghz_nq28_ibmq_ibm_boston_CPU_sync_itrs1_opt3_20260503T025626Z.json,ghz,28,ibmq,ibm_boston,CPU,sync,1,3.0,2026-05-03T02:56:26.168967Z,1,112,1,frontier,gen006,29,28,28.0,28,56,27,28,28,29,1,0,,28,27.0,1.0,3.0,85.0,156.0,193.0,27.0,0.0,129.0,2.0,0.34615384615384615,27.0,28.0,83.0,55.0,,hardware,False,1.0,0.0,1.0,6.480579163413495,2.9310344827586206,1.0,,,,,,,,,,,,,,,,,,,,,,,,
ghz_nq28_ibmq_ibm_miami_CPU_sync_itrs1_opt0_20260503T025540Z.json,ghz,28,ibmq,ibm_miami,CPU,sync,1,0.0,2026-05-03T02:55:40.262661Z,1,112,1,frontier,gen006,29,28,28.0,28,56,27,28,28,29,1,0,,28,27.0,1.0,0.0,184.0,120.0,463.0,108.0,0.0,93.0,4.0,0.5,108.0,28.0,110.0,217.0,,hardware,False,1.0,0.0,1.0,0.977647967170924,6.344827586206897,4.0,,,,,,,,,,,,,,,,,,,,,,,,
ghz_nq28_ibmq_ibm_miami_CPU_sync_itrs1_opt1_20260503T025521Z.json,ghz,28,ibmq,ibm_miami,CPU,sync,1,1.0,2026-05-03T02:55:21.087800Z,1,112,1,frontier,gen006,29,28,28.0,28,56,27,28,28,29,1,0,,28,27.0,1.0,1.0,112.0,120.0,220.0,27.0,0.0,93.0,2.0,0.45,27.0,28.0,110.0,55.0,,hardware,False,1.0,0.0,1.0,1.1512062051333487,3.8620689655172415,1.0,,,,,,,,,,,,,,,,,,,,,,,,
ghz_nq28_ibmq_ibm_miami_CPU_sync_itrs1_opt2_20260503T025535Z.json,ghz,28,ibmq,ibm_miami,CPU,sync,1,2.0,2026-05-03T02:55:35.321022Z,1,112,1,frontier,gen006,29,28,28.0,28,56,27,28,28,29,1,0,,28,27.0,1.0,2.0,85.0,120.0,193.0,27.0,0.0,93.0,2.0,0.45,27.0,28.0,83.0,55.0,,hardware,False,1.0,0.0,1.0,0.886190471239388,2.9310344827586206,1.0,,,,,,,,,,,,,,,,,,,,,,,,
ghz_nq28_ibmq_ibm_miami_CPU_sync_itrs1_opt3_20260503T025635Z.json,ghz,28,ibmq,ibm_miami,CPU,sync,1,3.0,2026-05-03T02:56:35.433366Z,1,112,1,frontier,gen006,29,28,28.0,28,56,27,28,28,29,1,0,,28,27.0,1.0,3.0,85.0,120.0,193.0,27.0,0.0,93.0,2.0,0.45,27.0,28.0,83.0,55.0,,hardware,False,1.0,0.0,1.0,5.8752293032594025,2.9310344827586206,1.0,,,,,,,,,,,,,,,,,,,,,,,,
ghz_nq29_ibmq_ibm_boston_CPU_sync_itrs1_opt0_20260503T030030Z.json,ghz,29,ibmq,ibm_boston,CPU,sync,1,0.0,2026-05-03T03:00:30.686058Z,1,112,1,frontier,gen006,30,29,29.0,29,58,28,29,29,30,1,0,,29,28.0,1.0,0.0,236.0,156.0,597.0,151.0,0.0,121.0,3.0,0.44871794871794873,151.0,29.0,114.0,303.0,,hardware,False,1.0,0.0,1.0,0.9719481710344553,7.866666666666666,5.392857142857143,,,,,,,,,,,,,,,,,,,,,,,,
ghz_nq29_ibmq_ibm_boston_CPU_sync_itrs1_opt1_20260503T030013Z.json,ghz,29,ibmq,ibm_boston,CPU,sync,1,1.0,2026-05-03T03:00:13.136804Z,1,112,1,frontier,gen006,30,29,29.0,29,58,28,29,29,30,1,0,,29,28.0,1.0,1.0,116.0,156.0,228.0,28.0,0.0,128.0,2.0,0.358974358974359,28.0,29.0,114.0,57.0,,hardware,False,1.0,0.0,1.0,1.066627458203584,3.8666666666666667,1.0,,,,,,,,,,,,,,,,,,,,,,,,
ghz_nq29_ibmq_ibm_boston_CPU_sync_itrs1_opt2_20260503T030011Z.json,ghz,29,ibmq,ibm_boston,CPU,sync,1,2.0,2026-05-03T03:00:11.498758Z,1,112,1,frontier,gen006,30,29,29.0,29,58,28,29,29,30,1,0,,29,28.0,1.0,2.0,88.0,156.0,200.0,28.0,0.0,128.0,2.0,0.358974358974359,28.0,29.0,86.0,57.0,,hardware,False,1.0,0.0,1.0,1.0689545911736786,2.933333333333333,1.0,,,,,,,,,,,,,,,,,,,,,,,,
ghz_nq29_ibmq_ibm_boston_CPU_sync_itrs1_opt3_20260503T030034Z.json,ghz,29,ibmq,ibm_boston,CPU,sync,1,3.0,2026-05-03T03:00:34.401039Z,1,112,1,frontier,gen006,30,29,29.0,29,58,28,29,29,30,1,0,,29,28.0,1.0,3.0,88.0,156.0,200.0,28.0,0.0,128.0,2.0,0.358974358974359,28.0,29.0,86.0,57.0,,hardware,False,1.0,0.0,1.0,6.710443608928472,2.933333333333333,1.0,,,,,,,,,,,,,,,,,,,,,,,,
ghz_nq29_ibmq_ibm_miami_CPU_sync_itrs1_opt0_20260503T030046Z.json,ghz,29,ibmq,ibm_miami,CPU,sync,1,0.0,2026-05-03T03:00:46.995797Z,1,112,1,frontier,gen006,30,29,29.0,29,58,28,29,29,30,1,0,,29,28.0,1.0,0.0,218.0,120.0,507.0,121.0,0.0,92.0,3.0,0.4666666666666667,121.0,29.0,114.0,243.0,,hardware,False,1.0,0.0,1.0,0.8090051929466426,7.266666666666667,4.321428571428571,,,,,,,,,,,,,,,,,,,,,,,,
ghz_nq29_ibmq_ibm_miami_CPU_sync_itrs1_opt1_20260503T030050Z.json,ghz,29,ibmq,ibm_miami,CPU,sync,1,1.0,2026-05-03T03:00:50.509087Z,1,112,1,frontier,gen006,30,29,29.0,29,58,28,29,29,30,1,0,,29,28.0,1.0,1.0,116.0,120.0,228.0,28.0,0.0,92.0,2.0,0.4666666666666667,28.0,29.0,114.0,57.0,,hardware,False,1.0,0.0,1.0,1.2295490698888898,3.8666666666666667,1.0,,,,,,,,,,,,,,,,,,,,,,,,
ghz_nq29_ibmq_ibm_miami_CPU_sync_itrs1_opt2_20260503T030100Z.json,ghz,29,ibmq,ibm_miami,CPU,sync,1,2.0,2026-05-03T03:01:00.593853Z,1,112,1,frontier,gen006,30,29,29.0,29,58,28,29,29,30,1,0,,29,28.0,1.0,2.0,88.0,120.0,200.0,28.0,0.0,92.0,2.0,0.4666666666666667,28.0,29.0,86.0,57.0,,hardware,False,1.0,0.0,1.0,1.119317354168743,2.933333333333333,1.0,,,,,,,,,,,,,,,,,,,,,,,,
ghz_nq29_ibmq_ibm_miami_CPU_sync_itrs1_opt3_20260503T030115Z.json,ghz,29,ibmq,ibm_miami,CPU,sync,1,3.0,2026-05-03T03:01:15.164176Z,1,112,1,frontier,gen006,30,29,29.0,29,58,28,29,29,30,1,0,,29,28.0,1.0,3.0,88.0,120.0,200.0,28.0,0.0,92.0,2.0,0.4666666666666667,28.0,29.0,86.0,57.0,,hardware,False,1.0,0.0,1.0,5.9527093269862235,2.933333333333333,1.0,,,,,,,,,,,,,,,,,,,,,,,,
ghz_nq30_ibmq_ibm_boston_CPU_sync_itrs1_opt0_20260503T030032Z.json,ghz,30,ibmq,ibm_boston,CPU,sync,1,0.0,2026-05-03T03:00:32.302732Z,1,112,1,frontier,gen006,31,30,30.0,30,60,29,30,30,31,1,0,,30,29.0,1.0,0.0,265.0,156.0,641.0,164.0,0.0,125.0,3.0,0.3974358974358974,164.0,30.0,118.0,329.0,,hardware,False,1.0,0.0,1.0,1.3455705349333584,8.548387096774194,5.655172413793103,,,,,,,,,,,,,,,,,,,,,,,,
ghz_nq30_ibmq_ibm_boston_CPU_sync_itrs1_opt1_20260503T030033Z.json,ghz,30,ibmq,ibm_boston,CPU,sync,1,1.0,2026-05-03T03:00:33.587179Z,1,112,1,frontier,gen006,31,30,30.0,30,60,29,30,30,31,1,0,,30,29.0,1.0,1.0,120.0,156.0,236.0,29.0,0.0,127.0,2.0,0.3717948717948718,29.0,30.0,118.0,59.0,,hardware,False,1.0,0.0,1.0,1.2008729800581932,3.870967741935484,1.0,,,,,,,,,,,,,,,,,,,,,,,,
ghz_nq30_ibmq_ibm_boston_CPU_sync_itrs1_opt2_20260503T030023Z.json,ghz,30,ibmq,ibm_boston,CPU,sync,1,2.0,2026-05-03T03:00:23.916269Z,1,112,1,frontier,gen006,31,30,30.0,30,60,29,30,30,31,1,0,,30,29.0,1.0,2.0,91.0,156.0,207.0,29.0,0.0,127.0,2.0,0.3717948717948718,29.0,30.0,89.0,59.0,,hardware,False,1.0,0.0,1.0,1.3628634680062532,2.935483870967742,1.0,,,,,,,,,,,,,,,,,,,,,,,,
ghz_nq30_ibmq_ibm_boston_CPU_sync_itrs1_opt3_20260503T030035Z.json,ghz,30,ibmq,ibm_boston,CPU,sync,1,3.0,2026-05-03T03:00:35.512790Z,1,112,1,frontier,gen006,31,30,30.0,30,60,29,30,30,31,1,0,,30,29.0,1.0,3.0,91.0,156.0,207.0,29.0,0.0,127.0,2.0,0.3717948717948718,29.0,30.0,89.0,59.0,,hardware,False,1.0,0.0,1.0,6.924287240020931,2.935483870967742,1.0,,,,,,,,,,,,,,,,,,,,,,,,
ghz_nq30_ibmq_ibm_miami_CPU_sync_itrs1_opt0_20260503T030055Z.json,ghz,30,ibmq,ibm_miami,CPU,sync,1,0.0,2026-05-03T03:00:55.735268Z,1,112,1,frontier,gen006,31,30,30.0,30,60,29,30,30,31,1,0,,30,29.0,1.0,0.0,228.0,120.0,524.0,125.0,0.0,91.0,3.0,0.48333333333333334,125.0,30.0,118.0,251.0,,hardware,False,1.0,0.0,1.0,0.8603954142890871,7.354838709677419,4.310344827586207,,,,,,,,,,,,,,,,,,,,,,,,
ghz_nq30_ibmq_ibm_miami_CPU_sync_itrs1_opt1_20260503T030015Z.json,ghz,30,ibmq,ibm_miami,CPU,sync,1,1.0,2026-05-03T03:00:15.309587Z,1,112,1,frontier,gen006,31,30,30.0,30,60,29,30,30,31,1,0,,30,29.0,1.0,1.0,120.0,120.0,236.0,29.0,0.0,91.0,2.0,0.48333333333333334,29.0,30.0,118.0,59.0,,hardware,False,1.0,0.0,1.0,1.0698138428851962,3.870967741935484,1.0,,,,,,,,,,,,,,,,,,,,,,,,
ghz_nq30_ibmq_ibm_miami_CPU_sync_itrs1_opt2_20260503T030109Z.json,ghz,30,ibmq,ibm_miami,CPU,sync,1,2.0,2026-05-03T03:01:09.791793Z,1,112,1,frontier,gen006,31,30,30.0,30,60,29,30,30,31,1,0,,30,29.0,1.0,2.0,91.0,120.0,207.0,29.0,0.0,91.0,2.0,0.48333333333333334,29.0,30.0,89.0,59.0,,hardware,False,1.0,0.0,1.0,1.0203866860829294,2.935483870967742,1.0,,,,,,,,,,,,,,,,,,,,,,,,
ghz_nq30_ibmq_ibm_miami_CPU_sync_itrs1_opt3_20260503T030120Z.json,ghz,30,ibmq,ibm_miami,CPU,sync,1,3.0,2026-05-03T03:01:20.253479Z,1,112,1,frontier,gen006,31,30,30.0,30,60,29,30,30,31,1,0,,30,29.0,1.0,3.0,91.0,120.0,207.0,29.0,0.0,91.0,2.0,0.48333333333333334,29.0,30.0,89.0,59.0,,hardware,False,1.0,0.0,1.0,6.157055181916803,2.935483870967742,1.0,,,,,,,,,,,,,,,,,,,,,,,,
ghz_nq31_ibmq_ibm_boston_CPU_sync_itrs1_opt0_20260503T030528Z.json,ghz,31,ibmq,ibm_boston,CPU,sync,1,0.0,2026-05-03T03:05:28.515783Z,1,112,1,frontier,gen006,32,31,31.0,31,62,30,31,31,32,1,0,,31,30.0,1.0,0.0,279.0,156.0,694.0,180.0,0.0,126.0,3.0,0.38461538461538464,180.0,31.0,122.0,361.0,,hardware,False,1.0,0.0,1.0,1.058200849685818,8.71875,6.0,,,,,,,,,,,,,,,,,,,,,,,,
ghz_nq31_ibmq_ibm_boston_CPU_sync_itrs1_opt1_20260503T030512Z.json,ghz,31,ibmq,ibm_boston,CPU,sync,1,1.0,2026-05-03T03:05:12.623434Z,1,112,1,frontier,gen006,32,31,31.0,31,62,30,31,31,32,1,0,,31,30.0,1.0,1.0,124.0,156.0,244.0,30.0,0.0,126.0,2.0,0.38461538461538464,30.0,31.0,122.0,61.0,,hardware,False,1.0,0.0,1.0,1.0660273698158562,3.875,1.0,,,,,,,,,,,,,,,,,,,,,,,,
ghz_nq31_ibmq_ibm_boston_CPU_sync_itrs1_opt2_20260503T030532Z.json,ghz,31,ibmq,ibm_boston,CPU,sync,1,2.0,2026-05-03T03:05:32.617354Z,1,112,1,frontier,gen006,32,31,31.0,31,62,30,31,31,32,1,0,,31,30.0,1.0,2.0,94.0,156.0,214.0,30.0,0.0,126.0,2.0,0.38461538461538464,30.0,31.0,92.0,61.0,,hardware,False,1.0,0.0,1.0,1.1743501760065556,2.9375,1.0,,,,,,,,,,,,,,,,,,,,,,,,
ghz_nq31_ibmq_ibm_boston_CPU_sync_itrs1_opt3_20260503T030538Z.json,ghz,31,ibmq,ibm_boston,CPU,sync,1,3.0,2026-05-03T03:05:38.328514Z,1,112,1,frontier,gen006,32,31,31.0,31,62,30,31,31,32,1,0,,31,30.0,1.0,3.0,94.0,156.0,214.0,30.0,0.0,126.0,2.0,0.38461538461538464,30.0,31.0,92.0,61.0,,hardware,False,1.0,0.0,1.0,6.847858904860914,2.9375,1.0,,,,,,,,,,,,,,,,,,,,,,,,
ghz_nq31_ibmq_ibm_miami_CPU_sync_itrs1_opt0_20260503T030535Z.json,ghz,31,ibmq,ibm_miami,CPU,sync,1,0.0,2026-05-03T03:05:35.137180Z,1,112,1,frontier,gen006,32,31,31.0,31,62,30,31,31,32,1,0,,31,30.0,1.0,0.0,260.0,120.0,613.0,153.0,0.0,81.0,4.0,0.6666666666666666,153.0,31.0,122.0,307.0,,hardware,False,1.0,0.0,1.0,0.9763374761678278,8.125,5.1,,,,,,,,,,,,,,,,,,,,,,,,
ghz_nq31_ibmq_ibm_miami_CPU_sync_itrs1_opt1_20260503T030525Z.json,ghz,31,ibmq,ibm_miami,CPU,sync,1,1.0,2026-05-03T03:05:25.327076Z,1,112,1,frontier,gen006,32,31,31.0,31,62,30,31,31,32,1,0,,31,30.0,1.0,1.0,124.0,120.0,244.0,30.0,0.0,90.0,2.0,0.5,30.0,31.0,122.0,61.0,,hardware,False,1.0,0.0,1.0,0.9140662932768464,3.875,1.0,,,,,,,,,,,,,,,,,,,,,,,,
ghz_nq31_ibmq_ibm_miami_CPU_sync_itrs1_opt2_20260503T030515Z.json,ghz,31,ibmq,ibm_miami,CPU,sync,1,2.0,2026-05-03T03:05:15.687508Z,1,112,1,frontier,gen006,32,31,31.0,31,62,30,31,31,32,1,0,,31,30.0,1.0,2.0,94.0,120.0,214.0,30.0,0.0,90.0,2.0,0.5,30.0,31.0,92.0,61.0,,hardware,False,1.0,0.0,1.0,1.0886059855110943,2.9375,1.0,,,,,,,,,,,,,,,,,,,,,,,,
ghz_nq31_ibmq_ibm_miami_CPU_sync_itrs1_opt3_20260503T030614Z.json,ghz,31,ibmq,ibm_miami,CPU,sync,1,3.0,2026-05-03T03:06:14.553184Z,1,112,1,frontier,gen006,32,31,31.0,31,62,30,31,31,32,1,0,,31,30.0,1.0,3.0,94.0,120.0,214.0,30.0,0.0,90.0,2.0,0.5,30.0,31.0,92.0,61.0,,hardware,False,1.0,0.0,1.0,6.042438686126843,2.9375,1.0,,,,,,,,,,,,,,,,,,,,,,,,
ghz_nq32_ibmq_ibm_boston_CPU_sync_itrs1_opt0_20260503T030513Z.json,ghz,32,ibmq,ibm_boston,CPU,sync,1,0.0,2026-05-03T03:05:13.230233Z,1,112,1,frontier,gen006,33,32,32.0,32,64,31,32,32,33,1,0,,32,31.0,1.0,0.0,278.0,156.0,657.0,166.0,0.0,121.0,3.0,0.44871794871794873,166.0,32.0,126.0,333.0,,hardware,False,1.0,0.0,1.0,0.991736656986177,8.424242424242424,5.354838709677419,,,,,,,,,,,,,,,,,,,,,,,,
ghz_nq32_ibmq_ibm_boston_CPU_sync_itrs1_opt1_20260503T030524Z.json,ghz,32,ibmq,ibm_boston,CPU,sync,1,1.0,2026-05-03T03:05:24.962144Z,1,112,1,frontier,gen006,33,32,32.0,32,64,31,32,32,33,1,0,,32,31.0,1.0,1.0,128.0,156.0,252.0,31.0,0.0,125.0,2.0,0.3974358974358974,31.0,32.0,126.0,63.0,,hardware,False,1.0,0.0,1.0,1.1107692820951343,3.878787878787879,1.0,,,,,,,,,,,,,,,,,,,,,,,,
ghz_nq32_ibmq_ibm_boston_CPU_sync_itrs1_opt2_20260503T030530Z.json,ghz,32,ibmq,ibm_boston,CPU,sync,1,2.0,2026-05-03T03:05:30.070670Z,1,112,1,frontier,gen006,33,32,32.0,32,64,31,32,32,33,1,0,,32,31.0,1.0,2.0,97.0,156.0,221.0,31.0,0.0,125.0,2.0,0.3974358974358974,31.0,32.0,95.0,63.0,,hardware,False,1.0,0.0,1.0,0.9934061500243843,2.9393939393939394,1.0,,,,,,,,,,,,,,,,,,,,,,,,
ghz_nq32_ibmq_ibm_boston_CPU_sync_itrs1_opt3_20260503T030542Z.json,ghz,32,ibmq,ibm_boston,CPU,sync,1,3.0,2026-05-03T03:05:42.158495Z,1,112,1,frontier,gen006,33,32,32.0,32,64,31,32,32,33,1,0,,32,31.0,1.0,3.0,97.0,156.0,221.0,31.0,0.0,125.0,2.0,0.3974358974358974,31.0,32.0,95.0,63.0,,hardware,False,1.0,0.0,1.0,7.153433080762625,2.9393939393939394,1.0,,,,,,,,,,,,,,,,,,,,,,,,
ghz_nq32_ibmq_ibm_miami_CPU_sync_itrs1_opt0_20260503T030601Z.json,ghz,32,ibmq,ibm_miami,CPU,sync,1,0.0,2026-05-03T03:06:01.042640Z,1,112,1,frontier,gen006,33,32,32.0,32,64,31,32,32,33,1,0,,32,31.0,1.0,0.0,278.0,120.0,621.0,154.0,0.0,82.0,3.0,0.65,154.0,32.0,126.0,309.0,,hardware,False,1.0,0.0,1.0,0.9490782073698938,8.424242424242424,4.967741935483871,,,,,,,,,,,,,,,,,,,,,,,,
ghz_nq32_ibmq_ibm_miami_CPU_sync_itrs1_opt1_20260503T030604Z.json,ghz,32,ibmq,ibm_miami,CPU,sync,1,1.0,2026-05-03T03:06:04.657924Z,1,112,1,frontier,gen006,33,32,32.0,32,64,31,32,32,33,1,0,,32,31.0,1.0,1.0,128.0,120.0,252.0,31.0,0.0,89.0,2.0,0.5166666666666667,31.0,32.0,126.0,63.0,,hardware,False,1.0,0.0,1.0,1.0896460828371346,3.878787878787879,1.0,,,,,,,,,,,,,,,,,,,,,,,,
ghz_nq32_ibmq_ibm_miami_CPU_sync_itrs1_opt2_20260503T030550Z.json,ghz,32,ibmq,ibm_miami,CPU,sync,1,2.0,2026-05-03T03:05:50.430826Z,1,112,1,frontier,gen006,33,32,32.0,32,64,31,32,32,33,1,0,,32,31.0,1.0,2.0,97.0,120.0,221.0,31.0,0.0,89.0,2.0,0.5166666666666667,31.0,32.0,95.0,63.0,,hardware,False,1.0,0.0,1.0,0.8720625676214695,2.9393939393939394,1.0,,,,,,,,,,,,,,,,,,,,,,,,
ghz_nq32_ibmq_ibm_miami_CPU_sync_itrs1_opt3_20260503T030619Z.json,ghz,32,ibmq,ibm_miami,CPU,sync,1,3.0,2026-05-03T03:06:19.287647Z,1,112,1,frontier,gen006,33,32,32.0,32,64,31,32,32,33,1,0,,32,31.0,1.0,3.0,97.0,120.0,221.0,31.0,0.0,89.0,2.0,0.5166666666666667,31.0,32.0,95.0,63.0,,hardware,False,1.0,0.0,1.0,6.140312955249101,2.9393939393939394,1.0,,,,,,,,,,,,,,,,,,,,,,,,
ghz_nq33_ibmq_ibm_boston_CPU_sync_itrs1_opt0_20260503T031155Z.json,ghz,33,ibmq,ibm_boston,CPU,sync,1,0.0,2026-05-03T03:11:55.204961Z,1,112,1,frontier,gen006,34,33,33.0,33,66,32,33,33,34,1,0,,33,32.0,1.0,0.0,288.0,156.0,737.0,191.0,0.0,121.0,3.0,0.44871794871794873,191.0,33.0,130.0,383.0,,hardware,False,1.0,0.0,1.0,0.9473356558009982,8.470588235294118,5.96875,,,,,,,,,,,,,,,,,,,,,,,,
ghz_nq33_ibmq_ibm_boston_CPU_sync_itrs1_opt1_20260503T031213Z.json,ghz,33,ibmq,ibm_boston,CPU,sync,1,1.0,2026-05-03T03:12:13.992561Z,1,112,1,frontier,gen006,34,33,33.0,33,66,32,33,33,34,1,0,,33,32.0,1.0,1.0,132.0,156.0,260.0,32.0,0.0,124.0,2.0,0.41025641025641024,32.0,33.0,130.0,65.0,,hardware,False,1.0,0.0,1.0,1.3262275611050427,3.8823529411764706,1.0,,,,,,,,,,,,,,,,,,,,,,,,
ghz_nq33_ibmq_ibm_boston_CPU_sync_itrs1_opt2_20260503T031155Z.json,ghz,33,ibmq,ibm_boston,CPU,sync,1,2.0,2026-05-03T03:11:55.705288Z,1,112,1,frontier,gen006,34,33,33.0,33,66,32,33,33,34,1,0,,33,32.0,1.0,2.0,100.0,156.0,228.0,32.0,0.0,124.0,2.0,0.41025641025641024,32.0,33.0,98.0,65.0,,hardware,False,1.0,0.0,1.0,1.0271178497932851,2.9411764705882355,1.0,,,,,,,,,,,,,,,,,,,,,,,,
ghz_nq33_ibmq_ibm_boston_CPU_sync_itrs1_opt3_20260503T031222Z.json,ghz,33,ibmq,ibm_boston,CPU,sync,1,3.0,2026-05-03T03:12:22.351672Z,1,112,1,frontier,gen006,34,33,33.0,33,66,32,33,33,34,1,0,,33,32.0,1.0,3.0,100.0,156.0,228.0,32.0,0.0,124.0,2.0,0.41025641025641024,32.0,33.0,98.0,65.0,,hardware,False,1.0,0.0,1.0,7.044813676271588,2.9411764705882355,1.0,,,,,,,,,,,,,,,,,,,,,,,,
ghz_nq33_ibmq_ibm_miami_CPU_sync_itrs1_opt0_20260503T031157Z.json,ghz,33,ibmq,ibm_miami,CPU,sync,1,0.0,2026-05-03T03:11:57.552036Z,1,112,1,frontier,gen006,34,33,33.0,33,66,32,33,33,34,1,0,,33,32.0,1.0,0.0,294.0,120.0,647.0,161.0,0.0,82.0,3.0,0.65,161.0,33.0,130.0,323.0,,hardware,False,1.0,0.0,1.0,0.7961280778981745,8.647058823529411,5.03125,,,,,,,,,,,,,,,,,,,,,,,,
ghz_nq33_ibmq_ibm_miami_CPU_sync_itrs1_opt1_20260503T031221Z.json,ghz,33,ibmq,ibm_miami,CPU,sync,1,1.0,2026-05-03T03:12:21.734772Z,1,112,1,frontier,gen006,34,33,33.0,33,66,32,33,33,34,1,0,,33,32.0,1.0,1.0,132.0,120.0,260.0,32.0,0.0,88.0,2.0,0.5333333333333333,32.0,33.0,130.0,65.0,,hardware,False,1.0,0.0,1.0,1.0025709057226777,3.8823529411764706,1.0,,,,,,,,,,,,,,,,,,,,,,,,
ghz_nq33_ibmq_ibm_miami_CPU_sync_itrs1_opt2_20260503T031202Z.json,ghz,33,ibmq,ibm_miami,CPU,sync,1,2.0,2026-05-03T03:12:02.628689Z,1,112,1,frontier,gen006,34,33,33.0,33,66,32,33,33,34,1,0,,33,32.0,1.0,2.0,100.0,120.0,228.0,32.0,0.0,88.0,2.0,0.5333333333333333,32.0,33.0,98.0,65.0,,hardware,False,1.0,0.0,1.0,0.9243384911678731,2.9411764705882355,1.0,,,,,,,,,,,,,,,,,,,,,,,,
ghz_nq33_ibmq_ibm_miami_CPU_sync_itrs1_opt3_20260503T031305Z.json,ghz,33,ibmq,ibm_miami,CPU,sync,1,3.0,2026-05-03T03:13:05.554094Z,1,112,1,frontier,gen006,34,33,33.0,33,66,32,33,33,34,1,0,,33,32.0,1.0,3.0,100.0,120.0,228.0,32.0,0.0,88.0,2.0,0.5333333333333333,32.0,33.0,98.0,65.0,,hardware,False,1.0,0.0,1.0,6.3227938211057335,2.9411764705882355,1.0,,,,,,,,,,,,,,,,,,,,,,,,
ghz_nq34_ibmq_ibm_boston_CPU_sync_itrs1_opt0_20260503T031212Z.json,ghz,34,ibmq,ibm_boston,CPU,sync,1,0.0,2026-05-03T03:12:12.307782Z,1,112,1,frontier,gen006,35,34,34.0,34,68,33,34,34,35,1,0,,34,33.0,1.0,0.0,286.0,156.0,718.0,183.0,0.0,121.0,3.0,0.44871794871794873,183.0,34.0,134.0,367.0,,hardware,False,1.0,0.0,1.0,0.9624583907425404,8.17142857142857,5.545454545454546,,,,,,,,,,,,,,,,,,,,,,,,
ghz_nq34_ibmq_ibm_boston_CPU_sync_itrs1_opt1_20260503T031206Z.json,ghz,34,ibmq,ibm_boston,CPU,sync,1,1.0,2026-05-03T03:12:06.892795Z,1,112,1,frontier,gen006,35,34,34.0,34,68,33,34,34,35,1,0,,34,33.0,1.0,1.0,136.0,156.0,268.0,33.0,0.0,123.0,2.0,0.4230769230769231,33.0,34.0,134.0,67.0,,hardware,False,1.0,0.0,1.0,1.197611911688,3.8857142857142857,1.0,,,,,,,,,,,,,,,,,,,,,,,,
ghz_nq34_ibmq_ibm_boston_CPU_sync_itrs1_opt2_20260503T031211Z.json,ghz,34,ibmq,ibm_boston,CPU,sync,1,2.0,2026-05-03T03:12:11.546300Z,1,112,1,frontier,gen006,35,34,34.0,34,68,33,34,34,35,1,0,,34,33.0,1.0,2.0,103.0,156.0,235.0,33.0,0.0,123.0,2.0,0.4230769230769231,33.0,34.0,101.0,67.0,,hardware,False,1.0,0.0,1.0,1.0396501789800823,2.942857142857143,1.0,,,,,,,,,,,,,,,,,,,,,,,,
ghz_nq34_ibmq_ibm_boston_CPU_sync_itrs1_opt3_20260503T031221Z.json,ghz,34,ibmq,ibm_boston,CPU,sync,1,3.0,2026-05-03T03:12:21.240115Z,1,112,1,frontier,gen006,35,34,34.0,34,68,33,34,34,35,1,0,,34,33.0,1.0,3.0,103.0,156.0,235.0,33.0,0.0,123.0,2.0,0.4230769230769231,33.0,34.0,101.0,67.0,,hardware,False,1.0,0.0,1.0,7.61042784107849,2.942857142857143,1.0,,,,,,,,,,,,,,,,,,,,,,,,
ghz_nq34_ibmq_ibm_miami_CPU_sync_itrs1_opt0_20260503T031216Z.json,ghz,34,ibmq,ibm_miami,CPU,sync,1,0.0,2026-05-03T03:12:16.854144Z,1,112,1,frontier,gen006,35,34,34.0,34,68,33,34,34,35,1,0,,34,33.0,1.0,0.0,298.0,120.0,664.0,165.0,0.0,87.0,4.0,0.5833333333333334,165.0,34.0,134.0,331.0,,hardware,False,1.0,0.0,1.0,0.7779189660213888,8.514285714285714,5.0,,,,,,,,,,,,,,,,,,,,,,,,
ghz_nq34_ibmq_ibm_miami_CPU_sync_itrs1_opt1_20260503T031207Z.json,ghz,34,ibmq,ibm_miami,CPU,sync,1,1.0,2026-05-03T03:12:07.258669Z,1,112,1,frontier,gen006,35,34,34.0,34,68,33,34,34,35,1,0,,34,33.0,1.0,1.0,136.0,120.0,268.0,33.0,0.0,87.0,2.0,0.55,33.0,34.0,134.0,67.0,,hardware,False,1.0,0.0,1.0,0.8748738947324455,3.8857142857142857,1.0,,,,,,,,,,,,,,,,,,,,,,,,
ghz_nq34_ibmq_ibm_miami_CPU_sync_itrs1_opt2_20260503T031241Z.json,ghz,34,ibmq,ibm_miami,CPU,sync,1,2.0,2026-05-03T03:12:41.236227Z,1,112,1,frontier,gen006,35,34,34.0,34,68,33,34,34,35,1,0,,34,33.0,1.0,2.0,103.0,120.0,235.0,33.0,0.0,87.0,2.0,0.55,33.0,34.0,101.0,67.0,,hardware,False,1.0,0.0,1.0,1.0192808276042342,2.942857142857143,1.0,,,,,,,,,,,,,,,,,,,,,,,,
ghz_nq34_ibmq_ibm_miami_CPU_sync_itrs1_opt3_20260503T031300Z.json,ghz,34,ibmq,ibm_miami,CPU,sync,1,3.0,2026-05-03T03:13:00.750414Z,1,112,1,frontier,gen006,35,34,34.0,34,68,33,34,34,35,1,0,,34,33.0,1.0,3.0,103.0,120.0,235.0,33.0,0.0,87.0,2.0,0.55,33.0,34.0,101.0,67.0,,hardware,False,1.0,0.0,1.0,6.392330090980977,2.942857142857143,1.0,,,,,,,,,,,,,,,,,,,,,,,,
ghz_nq4_ibmq_ibm_boston_CPU_sync_itrs1_opt0_20260503T001020Z.json,ghz,4,ibmq,ibm_boston,CPU,sync,1,0.0,2026-05-03T00:10:20.076834Z,1,112,1,frontier,gen006,5,4,4.0,4,8,3,4,4,5,1,0,,4,3.0,1.0,0.0,16.0,156.0,28.0,3.0,0.0,153.0,2.0,0.038461538461538464,3.0,4.0,14.0,7.0,,hardware,False,1.0,0.0,1.0,1.1937835826538503,3.2,1.0,,,,,,,,,,,,,,,,,,,,,,,,
ghz_nq4_ibmq_ibm_boston_CPU_sync_itrs1_opt1_20260503T001047Z.json,ghz,4,ibmq,ibm_boston,CPU,sync,1,1.0,2026-05-03T00:10:47.512847Z,1,112,1,frontier,gen006,5,4,4.0,4,8,3,4,4,5,1,0,,4,3.0,1.0,1.0,16.0,156.0,28.0,3.0,0.0,153.0,2.0,0.038461538461538464,3.0,4.0,14.0,7.0,,hardware,False,1.0,0.0,1.0,0.8847532570362091,3.2,1.0,,,,,,,,,,,,,,,,,,,,,,,,
ghz_nq4_ibmq_ibm_boston_CPU_sync_itrs1_opt2_20260503T001020Z.json,ghz,4,ibmq,ibm_boston,CPU,sync,1,2.0,2026-05-03T00:10:20.831608Z,1,112,1,frontier,gen006,5,4,4.0,4,8,3,4,4,5,1,0,,4,3.0,1.0,2.0,13.0,156.0,25.0,3.0,0.0,153.0,2.0,0.038461538461538464,3.0,4.0,11.0,7.0,,hardware,False,1.0,0.0,1.0,1.0363491512835026,2.6,1.0,,,,,,,,,,,,,,,,,,,,,,,,
ghz_nq4_ibmq_ibm_boston_CPU_sync_itrs1_opt3_20260503T001031Z.json,ghz,4,ibmq,ibm_boston,CPU,sync,1,3.0,2026-05-03T00:10:31.906025Z,1,112,1,frontier,gen006,5,4,4.0,4,8,3,4,4,5,1,0,,4,3.0,1.0,3.0,13.0,156.0,25.0,3.0,0.0,153.0,2.0,0.038461538461538464,3.0,4.0,11.0,7.0,,hardware,False,1.0,0.0,1.0,1.1409245640970767,2.6,1.0,,,,,,,,,,,,,,,,,,,,,,,,
ghz_nq4_ibmq_ibm_miami_CPU_sync_itrs1_opt0_20260416T000608Z.json,ghz,4,ibmq,ibm_miami,CPU,sync,1,0.0,2026-04-16T00:06:08.775364Z,1,112,1,frontier,gen006,5,4,4.0,4,8,3,4,4,5,1,0,,4,3.0,1.0,0.0,16.0,120.0,28.0,3.0,0.0,117.0,2.0,0.05,3.0,4.0,14.0,7.0,ibm_miami,hardware,False,1.0,0.0,1.0,1.0999290460022166,3.2,1.0,,,,,,,,,,,,,,,,,,,,,,,,
ghz_nq4_ibmq_ibm_miami_CPU_sync_itrs1_opt0_20260502T003249Z.json,ghz,4,ibmq,ibm_miami,CPU,sync,1,0.0,2026-05-02T00:32:49.901534Z,1,112,1,frontier,gen006,5,4,4.0,4,8,3,4,4,5,1,0,,4,3.0,1.0,0.0,16.0,120.0,28.0,3.0,0.0,117.0,2.0,0.05,3.0,4.0,14.0,7.0,,hardware,False,1.0,0.0,1.0,1.1141489171423018,3.2,1.0,,,,,,,,,,,,,,,,,,,,,,,,
ghz_nq4_ibmq_ibm_miami_CPU_sync_itrs1_opt0_20260502T162810Z.json,ghz,4,ibmq,ibm_miami,CPU,sync,1,0.0,2026-05-02T16:28:10.553386Z,1,112,1,frontier,gen006,5,4,4.0,4,8,3,4,4,5,1,0,,4,3.0,1.0,0.0,16.0,120.0,28.0,3.0,0.0,117.0,2.0,0.05,3.0,4.0,14.0,7.0,,hardware,False,1.0,0.0,1.0,1.1238799253478646,3.2,1.0,,,,,,,,,,,,,,,,,,,,,,,,
ghz_nq4_ibmq_ibm_miami_CPU_sync_itrs1_opt0_20260502T223401Z.json,ghz,4,ibmq,ibm_miami,CPU,sync,1,0.0,2026-05-02T22:34:01.794712Z,1,112,1,frontier,gen006,5,4,4.0,4,8,3,4,4,5,1,0,,4,3.0,1.0,0.0,16.0,120.0,28.0,3.0,0.0,117.0,2.0,0.05,3.0,4.0,14.0,7.0,,hardware,False,1.0,0.0,1.0,0.7821250818669796,3.2,1.0,,,,,,,,,,,,,,,,,,,,,,,,
ghz_nq4_ibmq_ibm_miami_CPU_sync_itrs1_opt0_20260502T234658Z.json,ghz,4,ibmq,ibm_miami,CPU,sync,1,0.0,2026-05-02T23:46:58.205004Z,1,112,1,frontier,gen006,5,4,4.0,4,8,3,4,4,5,1,0,,4,3.0,1.0,0.0,16.0,120.0,28.0,3.0,0.0,117.0,2.0,0.05,3.0,4.0,14.0,7.0,,hardware,False,1.0,0.0,1.0,0.9974666745401919,3.2,1.0,,,,,,,,,,,,,,,,,,,,,,,,
ghz_nq4_ibmq_ibm_miami_CPU_sync_itrs1_opt1_20260416T000744Z.json,ghz,4,ibmq,ibm_miami,CPU,sync,1,1.0,2026-04-16T00:07:44.293529Z,1,112,1,frontier,gen006,5,4,4.0,4,8,3,4,4,5,1,0,,4,3.0,1.0,1.0,16.0,120.0,28.0,3.0,0.0,117.0,2.0,0.05,3.0,4.0,14.0,7.0,ibm_miami,hardware,False,1.0,0.0,1.0,1.6689644629368559,3.2,1.0,,,,,,,,,,,,,,,,,,,,,,,,
ghz_nq4_ibmq_ibm_miami_CPU_sync_itrs1_opt1_20260502T003505Z.json,ghz,4,ibmq,ibm_miami,CPU,sync,1,1.0,2026-05-02T00:35:05.682649Z,1,112,1,frontier,gen006,5,4,4.0,4,8,3,4,4,5,1,0,,4,3.0,1.0,1.0,16.0,120.0,28.0,3.0,0.0,117.0,2.0,0.05,3.0,4.0,14.0,7.0,,hardware,False,1.0,0.0,1.0,0.81408526818268,3.2,1.0,,,,,,,,,,,,,,,,,,,,,,,,
ghz_nq4_ibmq_ibm_miami_CPU_sync_itrs1_opt1_20260502T223406Z.json,ghz,4,ibmq,ibm_miami,CPU,sync,1,1.0,2026-05-02T22:34:06.608505Z,1,112,1,frontier,gen006,5,4,4.0,4,8,3,4,4,5,1,0,,4,3.0,1.0,1.0,16.0,120.0,28.0,3.0,0.0,117.0,2.0,0.05,3.0,4.0,14.0,7.0,,hardware,False,1.0,0.0,1.0,0.8071825164370239,3.2,1.0,,,,,,,,,,,,,,,,,,,,,,,,
ghz_nq4_ibmq_ibm_miami_CPU_sync_itrs1_opt1_20260502T234653Z.json,ghz,4,ibmq,ibm_miami,CPU,sync,1,1.0,2026-05-02T23:46:53.341997Z,1,112,1,frontier,gen006,5,4,4.0,4,8,3,4,4,5,1,0,,4,3.0,1.0,1.0,16.0,120.0,28.0,3.0,0.0,117.0,2.0,0.05,3.0,4.0,14.0,7.0,,hardware,False,1.0,0.0,1.0,0.8250367441214621,3.2,1.0,,,,,,,,,,,,,,,,,,,,,,,,
ghz_nq4_ibmq_ibm_miami_CPU_sync_itrs1_opt2_20260502T003648Z.json,ghz,4,ibmq,ibm_miami,CPU,sync,1,2.0,2026-05-02T00:36:48.798669Z,1,112,1,frontier,gen006,5,4,4.0,4,8,3,4,4,5,1,0,,4,3.0,1.0,2.0,13.0,120.0,25.0,3.0,0.0,117.0,2.0,0.05,3.0,4.0,11.0,7.0,,hardware,False,1.0,0.0,1.0,1.0375213520601392,2.6,1.0,,,,,,,,,,,,,,,,,,,,,,,,
ghz_nq4_ibmq_ibm_miami_CPU_sync_itrs1_opt2_20260502T223356Z.json,ghz,4,ibmq,ibm_miami,CPU,sync,1,2.0,2026-05-02T22:33:56.916333Z,1,112,1,frontier,gen006,5,4,4.0,4,8,3,4,4,5,1,0,,4,3.0,1.0,2.0,13.0,120.0,25.0,3.0,0.0,117.0,2.0,0.05,3.0,4.0,11.0,7.0,,hardware,False,1.0,0.0,1.0,0.8222728697583079,2.6,1.0,,,,,,,,,,,,,,,,,,,,,,,,
ghz_nq4_ibmq_ibm_miami_CPU_sync_itrs1_opt2_20260502T234740Z.json,ghz,4,ibmq,ibm_miami,CPU,sync,1,2.0,2026-05-02T23:47:40.894188Z,1,112,1,frontier,gen006,5,4,4.0,4,8,3,4,4,5,1,0,,4,3.0,1.0,2.0,13.0,120.0,25.0,3.0,0.0,117.0,2.0,0.05,3.0,4.0,11.0,7.0,,hardware,False,1.0,0.0,1.0,0.8052712068893015,2.6,1.0,,,,,,,,,,,,,,,,,,,,,,,,
ghz_nq4_ibmq_ibm_miami_CPU_sync_itrs1_opt3_20260416T000925Z.json,ghz,4,ibmq,ibm_miami,CPU,sync,1,3.0,2026-04-16T00:09:25.074764Z,1,112,1,frontier,gen006,5,4,4.0,4,8,3,4,4,5,1,0,,4,3.0,1.0,3.0,13.0,120.0,25.0,3.0,0.0,117.0,2.0,0.05,3.0,4.0,11.0,7.0,ibm_miami,hardware,False,1.0,0.0,1.0,0.9039771220413968,2.6,1.0,,,,,,,,,,,,,,,,,,,,,,,,
ghz_nq4_ibmq_ibm_miami_CPU_sync_itrs1_opt3_20260502T003834Z.json,ghz,4,ibmq,ibm_miami,CPU,sync,1,3.0,2026-05-02T00:38:34.881467Z,1,112,1,frontier,gen006,5,4,4.0,4,8,3,4,4,5,1,0,,4,3.0,1.0,3.0,13.0,120.0,25.0,3.0,0.0,117.0,2.0,0.05,3.0,4.0,11.0,7.0,,hardware,False,1.0,0.0,1.0,1.151349897729233,2.6,1.0,,,,,,,,,,,,,,,,,,,,,,,,
ghz_nq4_ibmq_ibm_miami_CPU_sync_itrs1_opt3_20260502T223411Z.json,ghz,4,ibmq,ibm_miami,CPU,sync,1,3.0,2026-05-02T22:34:11.603890Z,1,112,1,frontier,gen006,5,4,4.0,4,8,3,4,4,5,1,0,,4,3.0,1.0,3.0,13.0,120.0,25.0,3.0,0.0,117.0,2.0,0.05,3.0,4.0,11.0,7.0,,hardware,False,1.0,0.0,1.0,1.1028374609304592,2.6,1.0,,,,,,,,,,,,,,,,,,,,,,,,
ghz_nq4_ibmq_ibm_miami_CPU_sync_itrs1_opt3_20260502T234746Z.json,ghz,4,ibmq,ibm_miami,CPU,sync,1,3.0,2026-05-02T23:47:46.429479Z,1,112,1,frontier,gen006,5,4,4.0,4,8,3,4,4,5,1,0,,4,3.0,1.0,3.0,13.0,120.0,25.0,3.0,0.0,117.0,2.0,0.05,3.0,4.0,11.0,7.0,,hardware,False,1.0,0.0,1.0,0.8701334507204592,2.6,1.0,,,,,,,,,,,,,,,,,,,,,,,,
ghz_nq4_ionq_simulator_CPU_sync_itrs1_opt0_20260502T222705Z.json,ghz,4,ionq,simulator,CPU,sync,1,0.0,2026-05-02T22:27:05.738480Z,1,112,1,frontier,gen006,5,4,4.0,4,8,3,4,4,5,1,0,,4,3.0,1.0,0.0,5.0,4.0,8.0,3.0,0.0,1.0,2.0,1.5,,4.0,,,ionq_simulator,simulator,True,1.0,0.0,1.0,0.4926436999812722,1.0,1.0,3.0,1.0,,,,,,,,,,,,,,,,,,,,,,
ghz_nq4_nwqsim_MPI_CPU_sync_itrs1_opt0_20260419T035619Z.json,ghz,4,nwqsim,MPI,CPU,sync,1,0.0,2026-04-19T03:56:19.266682Z,1,112,1,frontier,gen006,5,4,,4,8,3,4,4,5,1,0,,4,3.0,1.0,,,,,,,,,,,,,,,,,1.0,0.0,1.0,,,,,,,,,,,,,,,,,,,,,,,,,,,
ghz_nq4_qtensor_numpy_CPU_sync_itrs1_opt0_20260419T035625Z.json,ghz,4,qtensor,numpy,CPU,sync,1,0.0,2026-04-19T03:56:25.042184Z,1,112,1,frontier,gen006,5,4,,4,8,3,4,4,5,1,0,,4,3.0,1.0,,,,,,,,,,,,,,,,,1.0,0.0,1.0,,,,,,,,,,,,,,,,,,,,,,,,,,,
ghz_nq8_ibmq_ibm_boston_CPU_sync_itrs1_opt0_20260503T001035Z.json,ghz,8,ibmq,ibm_boston,CPU,sync,1,0.0,2026-05-03T00:10:35.121973Z,1,112,1,frontier,gen006,9,8,8.0,8,16,7,8,8,9,1,0,,8,7.0,1.0,0.0,32.0,156.0,60.0,7.0,0.0,149.0,2.0,0.08974358974358974,7.0,8.0,30.0,15.0,,hardware,False,1.0,0.0,1.0,1.0153342089615762,3.5555555555555554,1.0,,,,,,,,,,,,,,,,,,,,,,,,
ghz_nq8_ibmq_ibm_boston_CPU_sync_itrs1_opt1_20260503T001038Z.json,ghz,8,ibmq,ibm_boston,CPU,sync,1,1.0,2026-05-03T00:10:38.925201Z,1,112,1,frontier,gen006,9,8,8.0,8,16,7,8,8,9,1,0,,8,7.0,1.0,1.0,32.0,156.0,60.0,7.0,0.0,149.0,2.0,0.08974358974358974,7.0,8.0,30.0,15.0,,hardware,False,1.0,0.0,1.0,1.1204779180698097,3.5555555555555554,1.0,,,,,,,,,,,,,,,,,,,,,,,,
ghz_nq8_ibmq_ibm_boston_CPU_sync_itrs1_opt2_20260503T001032Z.json,ghz,8,ibmq,ibm_boston,CPU,sync,1,2.0,2026-05-03T00:10:32.777035Z,1,112,1,frontier,gen006,9,8,8.0,8,16,7,8,8,9,1,0,,8,7.0,1.0,2.0,25.0,156.0,53.0,7.0,0.0,149.0,2.0,0.08974358974358974,7.0,8.0,23.0,15.0,,hardware,False,1.0,0.0,1.0,0.9621364613994956,2.7777777777777777,1.0,,,,,,,,,,,,,,,,,,,,,,,,
ghz_nq8_ibmq_ibm_boston_CPU_sync_itrs1_opt3_20260503T001021Z.json,ghz,8,ibmq,ibm_boston,CPU,sync,1,3.0,2026-05-03T00:10:21.858502Z,1,112,1,frontier,gen006,9,8,8.0,8,16,7,8,8,9,1,0,,8,7.0,1.0,3.0,25.0,156.0,53.0,7.0,0.0,149.0,2.0,0.08974358974358974,7.0,8.0,23.0,15.0,,hardware,False,1.0,0.0,1.0,1.2440372137352824,2.7777777777777777,1.0,,,,,,,,,,,,,,,,,,,,,,,,
ghz_nq8_ibmq_ibm_miami_CPU_sync_itrs1_opt0_20260502T223435Z.json,ghz,8,ibmq,ibm_miami,CPU,sync,1,0.0,2026-05-02T22:34:35.640015Z,1,112,1,frontier,gen006,9,8,8.0,8,16,7,8,8,9,1,0,,8,7.0,1.0,0.0,32.0,120.0,60.0,7.0,0.0,113.0,2.0,0.11666666666666667,7.0,8.0,30.0,15.0,,hardware,False,1.0,0.0,1.0,1.0877932151779532,3.5555555555555554,1.0,,,,,,,,,,,,,,,,,,,,,,,,
ghz_nq8_ibmq_ibm_miami_CPU_sync_itrs1_opt0_20260502T234757Z.json,ghz,8,ibmq,ibm_miami,CPU,sync,1,0.0,2026-05-02T23:47:57.146751Z,1,112,1,frontier,gen006,9,8,8.0,8,16,7,8,8,9,1,0,,8,7.0,1.0,0.0,32.0,120.0,60.0,7.0,0.0,113.0,2.0,0.11666666666666667,7.0,8.0,30.0,15.0,,hardware,False,1.0,0.0,1.0,0.8091887980699539,3.5555555555555554,1.0,,,,,,,,,,,,,,,,,,,,,,,,
ghz_nq8_ibmq_ibm_miami_CPU_sync_itrs1_opt1_20260502T223454Z.json,ghz,8,ibmq,ibm_miami,CPU,sync,1,1.0,2026-05-02T22:34:54.491651Z,1,112,1,frontier,gen006,9,8,8.0,8,16,7,8,8,9,1,0,,8,7.0,1.0,1.0,32.0,120.0,60.0,7.0,0.0,113.0,2.0,0.11666666666666667,7.0,8.0,30.0,15.0,,hardware,False,1.0,0.0,1.0,0.7687256801873446,3.5555555555555554,1.0,,,,,,,,,,,,,,,,,,,,,,,,
ghz_nq8_ibmq_ibm_miami_CPU_sync_itrs1_opt1_20260502T234824Z.json,ghz,8,ibmq,ibm_miami,CPU,sync,1,1.0,2026-05-02T23:48:24.961976Z,1,112,1,frontier,gen006,9,8,8.0,8,16,7,8,8,9,1,0,,8,7.0,1.0,1.0,32.0,120.0,60.0,7.0,0.0,113.0,2.0,0.11666666666666667,7.0,8.0,30.0,15.0,,hardware,False,1.0,0.0,1.0,0.8252884582616389,3.5555555555555554,1.0,,,,,,,,,,,,,,,,,,,,,,,,
ghz_nq8_ibmq_ibm_miami_CPU_sync_itrs1_opt2_20260502T223444Z.json,ghz,8,ibmq,ibm_miami,CPU,sync,1,2.0,2026-05-02T22:34:44.951748Z,1,112,1,frontier,gen006,9,8,8.0,8,16,7,8,8,9,1,0,,8,7.0,1.0,2.0,25.0,120.0,53.0,7.0,0.0,113.0,2.0,0.11666666666666667,7.0,8.0,23.0,15.0,,hardware,False,1.0,0.0,1.0,1.0385248730890453,2.7777777777777777,1.0,,,,,,,,,,,,,,,,,,,,,,,,
ghz_nq8_ibmq_ibm_miami_CPU_sync_itrs1_opt2_20260502T234802Z.json,ghz,8,ibmq,ibm_miami,CPU,sync,1,2.0,2026-05-02T23:48:02.199219Z,1,112,1,frontier,gen006,9,8,8.0,8,16,7,8,8,9,1,0,,8,7.0,1.0,2.0,25.0,120.0,53.0,7.0,0.0,113.0,2.0,0.11666666666666667,7.0,8.0,23.0,15.0,,hardware,False,1.0,0.0,1.0,1.1439005392603576,2.7777777777777777,1.0,,,,,,,,,,,,,,,,,,,,,,,,
ghz_nq8_ibmq_ibm_miami_CPU_sync_itrs1_opt3_20260502T223501Z.json,ghz,8,ibmq,ibm_miami,CPU,sync,1,3.0,2026-05-02T22:35:01.357883Z,1,112,1,frontier,gen006,9,8,8.0,8,16,7,8,8,9,1,0,,8,7.0,1.0,3.0,25.0,120.0,53.0,7.0,0.0,113.0,2.0,0.11666666666666667,7.0,8.0,23.0,15.0,,hardware,False,1.0,0.0,1.0,2.3877901560626924,2.7777777777777777,1.0,,,,,,,,,,,,,,,,,,,,,,,,
ghz_nq8_ibmq_ibm_miami_CPU_sync_itrs1_opt3_20260502T234819Z.json,ghz,8,ibmq,ibm_miami,CPU,sync,1,3.0,2026-05-02T23:48:19.784065Z,1,112,1,frontier,gen006,9,8,8.0,8,16,7,8,8,9,1,0,,8,7.0,1.0,3.0,25.0,120.0,53.0,7.0,0.0,113.0,2.0,0.11666666666666667,7.0,8.0,23.0,15.0,,hardware,False,1.0,0.0,1.0,2.2208265005610883,2.7777777777777777,1.0,,,,,,,,,,,,,,,,,,,,,,,,
ghz_nq8_nwqsim_MPI_CPU_sync_itrs1_opt0_20260419T035619Z.json,ghz,8,nwqsim,MPI,CPU,sync,1,0.0,2026-04-19T03:56:19.337276Z,1,112,1,frontier,gen006,9,8,,8,16,7,8,8,9,1,0,,8,7.0,1.0,,,,,,,,,,,,,,,,,1.0,0.0,1.0,,,,,,,,,,,,,,,,,,,,,,,,,,,
ghz_nq8_qtensor_numpy_CPU_sync_itrs1_opt0_20260419T035625Z.json,ghz,8,qtensor,numpy,CPU,sync,1,0.0,2026-04-19T03:56:25.115307Z,1,112,1,frontier,gen006,9,8,,8,16,7,8,8,9,1,0,,8,7.0,1.0,,,,,,,,,,,,,,,,,1.0,0.0,1.0,,,,,,,,,,,,,,,,,,,,,,,,,,,
ghz_nq9_ibmq_ibm_boston_CPU_sync_itrs1_opt0_20260503T001206Z.json,ghz,9,ibmq,ibm_boston,CPU,sync,1,0.0,2026-05-03T00:12:06.234324Z,1,112,1,frontier,gen006,10,9,9.0,9,18,8,9,9,10,1,0,,9,8.0,1.0,0.0,36.0,156.0,68.0,8.0,0.0,148.0,2.0,0.10256410256410256,8.0,9.0,34.0,17.0,,hardware,False,1.0,0.0,1.0,0.8625638228841126,3.6,1.0,,,,,,,,,,,,,,,,,,,,,,,,
ghz_nq9_ibmq_ibm_boston_CPU_sync_itrs1_opt1_20260503T001153Z.json,ghz,9,ibmq,ibm_boston,CPU,sync,1,1.0,2026-05-03T00:11:53.307868Z,1,112,1,frontier,gen006,10,9,9.0,9,18,8,9,9,10,1,0,,9,8.0,1.0,1.0,36.0,156.0,68.0,8.0,0.0,148.0,2.0,0.10256410256410256,8.0,9.0,34.0,17.0,,hardware,False,1.0,0.0,1.0,1.072581946849823,3.6,1.0,,,,,,,,,,,,,,,,,,,,,,,,
ghz_nq9_ibmq_ibm_boston_CPU_sync_itrs1_opt2_20260503T001154Z.json,ghz,9,ibmq,ibm_boston,CPU,sync,1,2.0,2026-05-03T00:11:54.634057Z,1,112,1,frontier,gen006,10,9,9.0,9,18,8,9,9,10,1,0,,9,8.0,1.0,2.0,28.0,156.0,60.0,8.0,0.0,148.0,2.0,0.10256410256410256,8.0,9.0,26.0,17.0,,hardware,False,1.0,0.0,1.0,1.1572925141081214,2.8,1.0,,,,,,,,,,,,,,,,,,,,,,,,
ghz_nq9_ibmq_ibm_boston_CPU_sync_itrs1_opt3_20260503T001151Z.json,ghz,9,ibmq,ibm_boston,CPU,sync,1,3.0,2026-05-03T00:11:51.293749Z,1,112,1,frontier,gen006,10,9,9.0,9,18,8,9,9,10,1,0,,9,8.0,1.0,3.0,28.0,156.0,60.0,8.0,0.0,148.0,2.0,0.10256410256410256,8.0,9.0,26.0,17.0,,hardware,False,1.0,0.0,1.0,1.216679286211729,2.8,1.0,,,,,,,,,,,,,,,,,,,,,,,,
ghz_nq9_ibmq_ibm_miami_CPU_sync_itrs1_opt0_20260416T025121Z.json,ghz,9,ibmq,ibm_miami,CPU,sync,1,0.0,2026-04-16T02:51:21.291548Z,1,112,1,frontier,gen006,10,9,9.0,9,18,8,9,9,10,1,0,,9,8.0,1.0,0.0,36.0,120.0,68.0,8.0,0.0,112.0,2.0,0.13333333333333333,8.0,9.0,34.0,17.0,ibm_miami,hardware,False,1.0,0.0,1.0,0.9736272408626974,3.6,1.0,,,,,,,,,,,,,,,,,,,,,,,,
ghz_nq9_ibmq_ibm_miami_CPU_sync_itrs1_opt0_20260502T235118Z.json,ghz,9,ibmq,ibm_miami,CPU,sync,1,0.0,2026-05-02T23:51:18.977673Z,1,112,1,frontier,gen006,10,9,9.0,9,18,8,9,9,10,1,0,,9,8.0,1.0,0.0,36.0,120.0,68.0,8.0,0.0,112.0,2.0,0.13333333333333333,8.0,9.0,34.0,17.0,,hardware,False,1.0,0.0,1.0,0.858822506852448,3.6,1.0,,,,,,,,,,,,,,,,,,,,,,,,
ghz_nq9_ibmq_ibm_miami_CPU_sync_itrs1_opt1_20260416T025102Z.json,ghz,9,ibmq,ibm_miami,CPU,sync,1,1.0,2026-04-16T02:51:02.752082Z,1,112,1,frontier,gen006,10,9,9.0,9,18,8,9,9,10,1,0,,9,8.0,1.0,1.0,36.0,120.0,68.0,8.0,0.0,112.0,2.0,0.13333333333333333,8.0,9.0,34.0,17.0,ibm_miami,hardware,False,1.0,0.0,1.0,1.0203805101336911,3.6,1.0,,,,,,,,,,,,,,,,,,,,,,,,
ghz_nq9_ibmq_ibm_miami_CPU_sync_itrs1_opt1_20260502T235211Z.json,ghz,9,ibmq,ibm_miami,CPU,sync,1,1.0,2026-05-02T23:52:11.918919Z,1,112,1,frontier,gen006,10,9,9.0,9,18,8,9,9,10,1,0,,9,8.0,1.0,1.0,36.0,120.0,68.0,8.0,0.0,112.0,2.0,0.13333333333333333,8.0,9.0,34.0,17.0,,hardware,False,1.0,0.0,1.0,0.9336228710599244,3.6,1.0,,,,,,,,,,,,,,,,,,,,,,,,
ghz_nq9_ibmq_ibm_miami_CPU_sync_itrs1_opt2_20260416T025103Z.json,ghz,9,ibmq,ibm_miami,CPU,sync,1,2.0,2026-04-16T02:51:03.576584Z,1,112,1,frontier,gen006,10,9,9.0,9,18,8,9,9,10,1,0,,9,8.0,1.0,2.0,28.0,120.0,60.0,8.0,0.0,112.0,2.0,0.13333333333333333,8.0,9.0,26.0,17.0,ibm_miami,hardware,False,1.0,0.0,1.0,0.8879434659611434,2.8,1.0,,,,,,,,,,,,,,,,,,,,,,,,
ghz_nq9_ibmq_ibm_miami_CPU_sync_itrs1_opt2_20260502T235152Z.json,ghz,9,ibmq,ibm_miami,CPU,sync,1,2.0,2026-05-02T23:51:52.995053Z,1,112,1,frontier,gen006,10,9,9.0,9,18,8,9,9,10,1,0,,9,8.0,1.0,2.0,28.0,120.0,60.0,8.0,0.0,112.0,2.0,0.13333333333333333,8.0,9.0,26.0,17.0,,hardware,False,1.0,0.0,1.0,0.9324032608419657,2.8,1.0,,,,,,,,,,,,,,,,,,,,,,,,
ghz_nq9_ibmq_ibm_miami_CPU_sync_itrs1_opt3_20260416T025117Z.json,ghz,9,ibmq,ibm_miami,CPU,sync,1,3.0,2026-04-16T02:51:17.995295Z,1,112,1,frontier,gen006,10,9,9.0,9,18,8,9,9,10,1,0,,9,8.0,1.0,3.0,28.0,120.0,60.0,8.0,0.0,112.0,2.0,0.13333333333333333,8.0,9.0,26.0,17.0,ibm_miami,hardware,False,1.0,0.0,1.0,3.6115079590817913,2.8,1.0,,,,,,,,,,,,,,,,,,,,,,,,
ghz_nq9_ibmq_ibm_miami_CPU_sync_itrs1_opt3_20260502T235147Z.json,ghz,9,ibmq,ibm_miami,CPU,sync,1,3.0,2026-05-02T23:51:47.307751Z,1,112,1,frontier,gen006,10,9,9.0,9,18,8,9,9,10,1,0,,9,8.0,1.0,3.0,28.0,120.0,60.0,8.0,0.0,112.0,2.0,0.13333333333333333,8.0,9.0,26.0,17.0,,hardware,False,1.0,0.0,1.0,3.5596841890364885,2.8,1.0,,,,,,,,,,,,,,,,,,,,,,,,
ghz_nq9_nwqsim_MPI_CPU_sync_itrs1_opt0_20260419T035620Z.json,ghz,9,nwqsim,MPI,CPU,sync,1,0.0,2026-04-19T03:56:20.875657Z,1,112,1,frontier,gen006,10,9,,9,18,8,9,9,10,1,0,,9,8.0,1.0,,,,,,,,,,,,,,,,,1.0,0.0,1.0,,,,,,,,,,,,,,,,,,,,,,,,,,,
ghz_nq9_qtensor_numpy_CPU_sync_itrs1_opt0_20260419T035625Z.json,ghz,9,qtensor,numpy,CPU,sync,1,0.0,2026-04-19T03:56:25.050129Z,1,112,1,frontier,gen006,10,9,,9,18,8,9,9,10,1,0,,9,8.0,1.0,,,,,,,,,,,,,,,,,1.0,0.0,1.0,,,,,,,,,,,,,,,,,,,,,,,,,,,
ham_nq15_nwqsim_MPI_CPU_sync_itrs1_opt0_20260419T040117Z.json,ham,15,nwqsim,MPI,CPU,sync,1,0.0,2026-04-19T04:01:17.776740Z,1,112,1,frontier,gen006,46,15,,15,102,28,58,44,46,1,0,,15,28.0,30.0,,,,,,,,,,,,,,,,,1.0,0.0,1.0,,,,,,29.0,,,,,,,,,,,,,,,,,,,,,
ham_nq16_ibmq_ibm_miami_CPU_sync_itrs1_opt0_20260417T052653Z.json,ham,16,ibmq,ibm_miami,CPU,sync,1,0.0,2026-04-17T05:26:53.224712Z,1,112,1,frontier,gen006,49,16,16.0,16,109,30,62,47,49,1,0,,16,30.0,32.0,0.0,233.0,120.0,461.0,66.0,0.0,105.0,3.0,0.25,66.0,16.0,215.0,164.0,ibm_miami,hardware,False,1.0,0.0,1.0,0.9157619329635054,4.755102040816326,2.2,,,31.0,,,,,,,,,,,,,,,,,,,,,
ham_nq16_ibmq_ibm_miami_CPU_sync_itrs1_opt1_20260417T052653Z.json,ham,16,ibmq,ibm_miami,CPU,sync,1,1.0,2026-04-17T05:26:53.424589Z,1,112,1,frontier,gen006,49,16,16.0,16,109,30,62,47,49,1,0,,16,30.0,32.0,1.0,126.0,120.0,186.0,30.0,0.0,105.0,2.0,0.25,30.0,16.0,93.0,47.0,ibm_miami,hardware,False,1.0,0.0,1.0,1.1648740660166368,2.5714285714285716,1.0,,,31.0,,,,,,,,,,,,,,,,,,,,,
ham_nq16_ibmq_ibm_miami_CPU_sync_itrs1_opt2_20260417T052653Z.json,ham,16,ibmq,ibm_miami,CPU,sync,1,2.0,2026-04-17T05:26:53.685795Z,1,112,1,frontier,gen006,49,16,16.0,16,109,30,62,47,49,1,0,,16,30.0,32.0,2.0,21.0,120.0,109.0,15.0,0.0,105.0,2.0,0.25,15.0,16.0,46.0,32.0,ibm_miami,hardware,False,1.0,0.0,1.0,1.1760685261106119,0.42857142857142855,0.5,,,31.0,,,,,,,,,,,,,,,,,,,,,
ham_nq16_ibmq_ibm_miami_CPU_sync_itrs1_opt3_20260417T052655Z.json,ham,16,ibmq,ibm_miami,CPU,sync,1,3.0,2026-04-17T05:26:55.643837Z,1,112,1,frontier,gen006,49,16,16.0,16,109,30,62,47,49,1,0,,16,30.0,32.0,3.0,21.0,120.0,109.0,15.0,0.0,105.0,2.0,0.25,15.0,16.0,46.0,32.0,ibm_miami,hardware,False,1.0,0.0,1.0,4.631372569943778,0.42857142857142855,0.5,,,31.0,,,,,,,,,,,,,,,,,,,,,
ham_nq16_nwqsim_MPI_CPU_sync_itrs1_opt0_20260419T040220Z.json,ham,16,nwqsim,MPI,CPU,sync,1,0.0,2026-04-19T04:02:20.829967Z,1,112,1,frontier,gen006,49,16,,16,109,30,62,47,49,1,0,,16,30.0,32.0,,,,,,,,,,,,,,,,,1.0,0.0,1.0,,,,,,31.0,,,,,,,,,,,,,,,,,,,,,
ham_nq20_nwqsim_MPI_CPU_sync_itrs1_opt0_20260419T040252Z.json,ham,20,nwqsim,MPI,CPU,sync,1,0.0,2026-04-19T04:02:52.997517Z,1,112,1,frontier,gen006,61,20,,20,137,38,78,59,61,1,0,,20,38.0,40.0,,,,,,,,,,,,,,,,,1.0,0.0,1.0,,,,,,39.0,,,,,,,,,,,,,,,,,,,,,
ham_nq23_ibmq_ibm_miami_CPU_sync_itrs1_opt0_20260418T150047Z.json,ham,23,ibmq,ibm_miami,CPU,sync,1,0.0,2026-04-18T15:00:47.451112Z,1,112,1,frontier,gen006,70,23,23.0,23,158,44,90,68,70,1,0,,23,44.0,46.0,0.0,371.0,120.0,748.0,122.0,0.0,98.0,3.0,0.4,122.0,23.0,313.0,290.0,ibm_miami,hardware,False,1.0,0.0,1.0,1.0785364980110899,5.3,2.772727272727273,,,45.0,,,,,,,,,,,,,,,,,,,,,
ham_nq23_ibmq_ibm_miami_CPU_sync_itrs1_opt1_20260418T150115Z.json,ham,23,ibmq,ibm_miami,CPU,sync,1,1.0,2026-04-18T15:01:15.955830Z,1,112,1,frontier,gen006,70,23,23.0,23,158,44,90,68,70,1,0,,23,44.0,46.0,1.0,182.0,120.0,270.0,44.0,0.0,98.0,2.0,0.36666666666666664,44.0,23.0,135.0,68.0,ibm_miami,hardware,False,1.0,0.0,1.0,0.9926619291072711,2.6,1.0,,,45.0,,,,,,,,,,,,,,,,,,,,,
ham_nq23_ibmq_ibm_miami_CPU_sync_itrs1_opt2_20260418T150116Z.json,ham,23,ibmq,ibm_miami,CPU,sync,1,2.0,2026-04-18T15:01:16.672522Z,1,112,1,frontier,gen006,70,23,23.0,23,158,44,90,68,70,1,0,,23,44.0,46.0,2.0,28.0,120.0,158.0,22.0,0.0,98.0,2.0,0.36666666666666664,22.0,23.0,67.0,46.0,ibm_miami,hardware,False,1.0,0.0,1.0,1.0004894690355286,0.4,0.5,,,45.0,,,,,,,,,,,,,,,,,,,,,
ham_nq23_ibmq_ibm_miami_CPU_sync_itrs1_opt3_20260418T150119Z.json,ham,23,ibmq,ibm_miami,CPU,sync,1,3.0,2026-04-18T15:01:19.029009Z,1,112,1,frontier,gen006,70,23,23.0,23,158,44,90,68,70,1,0,,23,44.0,46.0,3.0,28.0,120.0,158.0,22.0,0.0,98.0,2.0,0.36666666666666664,22.0,23.0,67.0,46.0,ibm_miami,hardware,False,1.0,0.0,1.0,5.254815127002075,0.4,0.5,,,45.0,,,,,,,,,,,,,,,,,,,,,
ham_nq23_nwqsim_MPI_CPU_sync_itrs1_opt0_20260419T040401Z.json,ham,23,nwqsim,MPI,CPU,sync,1,0.0,2026-04-19T04:04:01.190633Z,1,112,1,frontier,gen006,70,23,,23,158,44,90,68,70,1,0,,23,44.0,46.0,,,,,,,,,,,,,,,,,1.0,0.0,1.0,,,,,,45.0,,,,,,,,,,,,,,,,,,,,,
ham_nq4_ibmq_ibm_miami_CPU_sync_itrs1_opt0_20260416T204756Z.json,ham,4,ibmq,ibm_miami,CPU,sync,1,0.0,2026-04-16T20:47:56.516293Z,1,112,1,frontier,gen006,13,4,4.0,4,25,6,14,11,13,1,0,,4,6.0,8.0,0.0,47.0,120.0,77.0,6.0,0.0,117.0,2.0,0.05,6.0,4.0,47.0,20.0,ibm_miami,hardware,False,1.0,0.0,1.0,1.1401805630885065,3.6153846153846154,1.0,,,7.0,,,,,,,,,,,,,,,,,,,,,
ham_nq4_ibmq_ibm_miami_CPU_sync_itrs1_opt1_20260416T204756Z.json,ham,4,ibmq,ibm_miami,CPU,sync,1,1.0,2026-04-16T20:47:56.280499Z,1,112,1,frontier,gen006,13,4,4.0,4,25,6,14,11,13,1,0,,4,6.0,8.0,1.0,30.0,120.0,42.0,6.0,0.0,117.0,2.0,0.05,6.0,4.0,21.0,11.0,ibm_miami,hardware,False,1.0,0.0,1.0,0.917944842018187,2.3076923076923075,1.0,,,7.0,,,,,,,,,,,,,,,,,,,,,
ham_nq4_nwqsim_MPI_CPU_sync_itrs1_opt0_20260419T035902Z.json,ham,4,nwqsim,MPI,CPU,sync,1,0.0,2026-04-19T03:59:02.683727Z,1,112,1,frontier,gen006,13,4,,4,25,6,14,11,13,1,0,,4,6.0,8.0,,,,,,,,,,,,,,,,,1.0,0.0,1.0,,,,,,7.0,,,,,,,,,,,,,,,,,,,,,
ham_nq4_qtensor_numpy_CPU_sync_itrs1_opt0_20260419T035941Z.json,ham,4,qtensor,numpy,CPU,sync,1,0.0,2026-04-19T03:59:41.406492Z,1,112,1,frontier,gen006,13,4,,4,25,6,14,11,13,1,0,,4,6.0,8.0,,,,,,,,,,,,,,,,,1.0,0.0,1.0,,,,,,7.0,,,,,,,,,,,,,,,,,,,,,
ham_nq8_nwqsim_MPI_CPU_sync_itrs1_opt0_20260419T040009Z.json,ham,8,nwqsim,MPI,CPU,sync,1,0.0,2026-04-19T04:00:09.284537Z,1,112,1,frontier,gen006,25,8,,8,53,14,30,23,25,1,0,,8,14.0,16.0,,,,,,,,,,,,,,,,,1.0,0.0,1.0,,,,,,15.0,,,,,,,,,,,,,,,,,,,,,
ham_nq8_qtensor_numpy_CPU_sync_itrs1_opt0_20260419T040012Z.json,ham,8,qtensor,numpy,CPU,sync,1,0.0,2026-04-19T04:00:12.692444Z,1,112,1,frontier,gen006,25,8,,8,53,14,30,23,25,1,0,,8,14.0,16.0,,,,,,,,,,,,,,,,,1.0,0.0,1.0,,,,,,15.0,,,,,,,,,,,,,,,,,,,,,
ham_nq9_ibmq_ibm_miami_CPU_sync_itrs1_opt0_20260417T012041Z.json,ham,9,ibmq,ibm_miami,CPU,sync,1,0.0,2026-04-17T01:20:41.431150Z,1,112,1,frontier,gen006,28,9,9.0,9,60,16,34,26,28,1,0,,9,16.0,18.0,0.0,107.0,120.0,192.0,16.0,0.0,112.0,2.0,0.13333333333333333,16.0,9.0,117.0,50.0,ibm_miami,hardware,False,1.0,0.0,1.0,1.1193998599192128,3.8214285714285716,1.0,,,17.0,,,,,,,,,,,,,,,,,,,,,
ham_nq9_ibmq_ibm_miami_CPU_sync_itrs1_opt1_20260417T012041Z.json,ham,9,ibmq,ibm_miami,CPU,sync,1,1.0,2026-04-17T01:20:41.432133Z,1,112,1,frontier,gen006,28,9,9.0,9,60,16,34,26,28,1,0,,9,16.0,18.0,1.0,70.0,120.0,102.0,16.0,0.0,112.0,2.0,0.13333333333333333,16.0,9.0,51.0,26.0,ibm_miami,hardware,False,1.0,0.0,1.0,1.0201171020744368,2.5,1.0,,,17.0,,,,,,,,,,,,,,,,,,,,,
ham_nq9_ibmq_ibm_miami_CPU_sync_itrs1_opt2_20260417T012238Z.json,ham,9,ibmq,ibm_miami,CPU,sync,1,2.0,2026-04-17T01:22:38.157109Z,1,112,1,frontier,gen006,28,9,9.0,9,60,16,34,26,28,1,0,,9,16.0,18.0,2.0,14.0,120.0,60.0,8.0,0.0,112.0,2.0,0.13333333333333333,8.0,9.0,25.0,18.0,ibm_miami,hardware,False,1.0,0.0,1.0,1.0467590041225776,0.5,0.5,,,17.0,,,,,,,,,,,,,,,,,,,,,
ham_nq9_ibmq_ibm_miami_CPU_sync_itrs1_opt3_20260417T012238Z.json,ham,9,ibmq,ibm_miami,CPU,sync,1,3.0,2026-04-17T01:22:38.155603Z,1,112,1,frontier,gen006,28,9,9.0,9,60,16,34,26,28,1,0,,9,16.0,18.0,3.0,14.0,120.0,60.0,8.0,0.0,112.0,2.0,0.13333333333333333,8.0,9.0,25.0,18.0,ibm_miami,hardware,False,1.0,0.0,1.0,3.446079407003708,0.5,0.5,,,17.0,,,,,,,,,,,,,,,,,,,,,
ham_nq9_nwqsim_MPI_CPU_sync_itrs1_opt0_20260419T040040Z.json,ham,9,nwqsim,MPI,CPU,sync,1,0.0,2026-04-19T04:00:40.864040Z,1,112,1,frontier,gen006,28,9,,9,60,16,34,26,28,1,0,,9,16.0,18.0,,,,,,,,,,,,,,,,,1.0,0.0,1.0,,,,,,17.0,,,,,,,,,,,,,,,,,,,,,
ham_nq9_qtensor_numpy_CPU_sync_itrs1_opt0_20260419T040047Z.json,ham,9,qtensor,numpy,CPU,sync,1,0.0,2026-04-19T04:00:47.954863Z,1,112,1,frontier,gen006,28,9,,9,60,16,34,26,28,1,0,,9,16.0,18.0,,,,,,,,,,,,,,,,,1.0,0.0,1.0,,,,,,17.0,,,,,,,,,,,,,,,,,,,,,
mermin_bell_nq16_ibmq_ibm_miami_CPU_sync_itrs1_opt0_20260419T013447Z.json,mermin_bell,16,ibmq,ibm_miami,CPU,sync,1,0.0,2026-04-19T01:34:47.457301Z,1,112,1,frontier,gen006,78,16,16.0,16,221,157,204,17,78,1,0,,16,45.0,31.0,0.0,938.0,120.0,2656.0,852.0,0.0,101.0,3.0,0.4666666666666667,852.0,16.0,261.0,1527.0,ibm_miami,hardware,False,1.0,0.0,1.0,1.4129703709622845,12.025641025641026,5.426751592356688,,,,105.0,16.0,7.0,1.0,,,,,,,,,,,,,,,,,
mermin_bell_nq16_ibmq_ibm_miami_CPU_sync_itrs1_opt1_20260419T013446Z.json,mermin_bell,16,ibmq,ibm_miami,CPU,sync,1,1.0,2026-04-19T01:34:46.875403Z,1,112,1,frontier,gen006,78,16,16.0,16,221,157,204,17,78,1,0,,16,45.0,31.0,1.0,577.0,120.0,1414.0,495.0,0.0,102.0,4.0,0.4666666666666667,495.0,16.0,165.0,738.0,ibm_miami,hardware,False,1.0,0.0,1.0,1.0242708410369232,7.397435897435898,3.1528662420382165,,,,105.0,16.0,7.0,1.0,,,,,,,,,,,,,,,,,
mermin_bell_nq16_ibmq_ibm_miami_CPU_sync_itrs1_opt2_20260419T013444Z.json,mermin_bell,16,ibmq,ibm_miami,CPU,sync,1,2.0,2026-04-19T01:34:44.519172Z,1,112,1,frontier,gen006,78,16,16.0,16,221,157,204,17,78,1,0,,16,45.0,31.0,2.0,466.0,120.0,1068.0,355.0,0.0,104.0,4.0,0.4166666666666667,355.0,16.0,175.0,518.0,ibm_miami,hardware,False,1.0,0.0,1.0,1.3304677550913766,5.9743589743589745,2.261146496815287,,,,105.0,16.0,7.0,1.0,4.0,,,,,,,,,,,,,,,,
mermin_bell_nq16_ibmq_ibm_miami_CPU_sync_itrs1_opt3_20260419T013447Z.json,mermin_bell,16,ibmq,ibm_miami,CPU,sync,1,3.0,2026-04-19T01:34:47.282468Z,1,112,1,frontier,gen006,78,16,16.0,16,221,157,204,17,78,1,0,,16,45.0,31.0,3.0,444.0,120.0,1077.0,349.0,0.0,105.0,4.0,0.38333333333333336,349.0,16.0,193.0,517.0,ibm_miami,hardware,False,1.0,0.0,1.0,1.6246008018497378,5.6923076923076925,2.2229299363057327,,,,105.0,16.0,7.0,1.0,2.0,,,,,,,,,,,,,,,,
mermin_bell_nq20_ibmq_ibm_miami_CPU_sync_itrs1_opt0_20260419T033735Z.json,mermin_bell,20,ibmq,ibm_miami,CPU,sync,1,0.0,2026-04-19T03:37:35.207799Z,1,112,1,frontier,gen006,98,20,20.0,20,317,237,296,21,98,1,0,,20,57.0,39.0,0.0,1376.0,120.0,4305.0,1419.0,0.0,101.0,3.0,0.4666666666666667,1419.0,20.0,329.0,2537.0,ibm_miami,hardware,False,1.0,0.0,1.0,1.106260099913925,14.040816326530612,5.987341772151899,,,,171.0,20.0,9.0,1.0,,,,,,,,,,,,,,,,,
mermin_bell_nq20_ibmq_ibm_miami_CPU_sync_itrs1_opt1_20260419T033808Z.json,mermin_bell,20,ibmq,ibm_miami,CPU,sync,1,1.0,2026-04-19T03:38:08.451441Z,1,112,1,frontier,gen006,98,20,20.0,20,317,237,296,21,98,1,0,,20,57.0,39.0,1.0,768.0,120.0,2163.0,771.0,0.0,101.0,4.0,0.5,771.0,20.0,225.0,1147.0,ibm_miami,hardware,False,1.0,0.0,1.0,1.2160691730678082,7.836734693877551,3.2531645569620253,,,,171.0,20.0,9.0,1.0,,,,,,,,,,,,,,,,,
mermin_bell_nq20_ibmq_ibm_miami_CPU_sync_itrs1_opt2_20260419T033806Z.json,mermin_bell,20,ibmq,ibm_miami,CPU,sync,1,2.0,2026-04-19T03:38:06.484795Z,1,112,1,frontier,gen006,98,20,20.0,20,317,237,296,21,98,1,0,,20,57.0,39.0,2.0,697.0,120.0,1740.0,560.0,0.0,100.0,4.0,0.5,560.0,20.0,297.0,849.0,ibm_miami,hardware,False,1.0,0.0,1.0,1.6148896369850263,7.112244897959184,2.3628691983122363,,,,171.0,20.0,9.0,1.0,14.0,,,,,,,,,,,,,,,,
mermin_bell_nq20_ibmq_ibm_miami_CPU_sync_itrs1_opt3_20260419T033808Z.json,mermin_bell,20,ibmq,ibm_miami,CPU,sync,1,3.0,2026-04-19T03:38:08.527932Z,1,112,1,frontier,gen006,98,20,20.0,20,317,237,296,21,98,1,0,,20,57.0,39.0,3.0,730.0,120.0,1828.0,614.0,0.0,99.0,4.0,0.55,614.0,20.0,240.0,944.0,ibm_miami,hardware,False,1.0,0.0,1.0,1.987173963105306,7.448979591836735,2.590717299578059,,,,171.0,20.0,9.0,1.0,10.0,,,,,,,,,,,,,,,,
mermin_bell_nq23_ibmq_ibm_miami_CPU_sync_itrs1_opt0_20260419T161404Z.json,mermin_bell,23,ibmq,ibm_miami,CPU,sync,1,0.0,2026-04-19T16:14:04.671693Z,1,112,1,frontier,gen006,113,23,23.0,23,399,307,375,24,113,1,0,,23,66.0,45.0,0.0,1468.0,120.0,5082.0,1698.0,0.0,91.0,4.0,0.7833333333333333,1698.0,23.0,380.0,2981.0,ibm_miami,hardware,False,1.0,0.0,1.0,1.2113413729239255,12.991150442477876,5.530944625407166,,,,231.0,23.0,10.0,1.0,,,,,,,,,,,,,,,,,
mermin_bell_nq23_ibmq_ibm_miami_CPU_sync_itrs1_opt1_20260419T161350Z.json,mermin_bell,23,ibmq,ibm_miami,CPU,sync,1,1.0,2026-04-19T16:13:50.861351Z,1,112,1,frontier,gen006,113,23,23.0,23,399,307,375,24,113,1,0,,23,66.0,45.0,1.0,953.0,120.0,2879.0,1047.0,0.0,93.0,4.0,0.7333333333333333,1047.0,23.0,240.0,1569.0,ibm_miami,hardware,False,1.0,0.0,1.0,1.2360955469775945,8.43362831858407,3.41042345276873,,,,231.0,23.0,10.0,1.0,,,,,,,,,,,,,,,,,
mermin_bell_nq23_ibmq_ibm_miami_CPU_sync_itrs1_opt2_20260419T161347Z.json,mermin_bell,23,ibmq,ibm_miami,CPU,sync,1,2.0,2026-04-19T16:13:47.995848Z,1,112,1,frontier,gen006,113,23,23.0,23,399,307,375,24,113,1,0,,23,66.0,45.0,2.0,822.0,120.0,2420.0,798.0,0.0,95.0,4.0,0.65,798.0,23.0,341.0,1245.0,ibm_miami,hardware,False,1.0,0.0,1.0,1.7873077159747481,7.274336283185841,2.599348534201954,,,,231.0,23.0,10.0,1.0,13.0,,,,,,,,,,,,,,,,
mermin_bell_nq23_ibmq_ibm_miami_CPU_sync_itrs1_opt3_20260419T161405Z.json,mermin_bell,23,ibmq,ibm_miami,CPU,sync,1,3.0,2026-04-19T16:14:05.131838Z,1,112,1,frontier,gen006,113,23,23.0,23,399,307,375,24,113,1,0,,23,66.0,45.0,3.0,766.0,120.0,2295.0,754.0,0.0,96.0,4.0,0.6166666666666667,754.0,23.0,344.0,1160.0,ibm_miami,hardware,False,1.0,0.0,1.0,2.120475990930572,6.778761061946903,2.456026058631922,,,,231.0,23.0,10.0,1.0,14.0,,,,,,,,,,,,,,,,
mermin_bell_nq4_ibmq_ibm_miami_CPU_sync_itrs1_opt0_20260418T150248Z.json,mermin_bell,4,ibmq,ibm_miami,CPU,sync,1,0.0,2026-04-18T15:02:48.840338Z,1,112,1,frontier,gen006,18,4,4.0,4,29,13,24,5,18,1,0,,4,9.0,7.0,0.0,104.0,120.0,163.0,33.0,0.0,117.0,2.0,0.05,33.0,4.0,57.0,69.0,ibm_miami,hardware,False,1.0,0.0,1.0,0.9272957480279729,5.777777777777778,2.5384615384615383,,,,3.0,4.0,1.0,1.0,,,,,,,,,,,,,,,,,
mermin_bell_nq4_ibmq_ibm_miami_CPU_sync_itrs1_opt1_20260418T150421Z.json,mermin_bell,4,ibmq,ibm_miami,CPU,sync,1,1.0,2026-04-18T15:04:21.539127Z,1,112,1,frontier,gen006,18,4,4.0,4,29,13,24,5,18,1,0,,4,9.0,7.0,1.0,65.0,120.0,106.0,27.0,0.0,117.0,2.0,0.06666666666666667,27.0,4.0,33.0,42.0,ibm_miami,hardware,False,1.0,0.0,1.0,0.8786335729528219,3.611111111111111,2.076923076923077,,,,3.0,4.0,1.0,1.0,,,,,,,,,,,,,,,,,
mermin_bell_nq4_ibmq_ibm_miami_CPU_sync_itrs1_opt2_20260418T150524Z.json,mermin_bell,4,ibmq,ibm_miami,CPU,sync,1,2.0,2026-04-18T15:05:24.321800Z,1,112,1,frontier,gen006,18,4,4.0,4,29,13,24,5,18,1,0,,4,9.0,7.0,2.0,49.0,120.0,82.0,16.0,0.0,117.0,3.0,0.05,16.0,4.0,28.0,30.0,ibm_miami,hardware,False,1.0,0.0,1.0,0.9254708300577477,2.7222222222222223,1.2307692307692308,,,,3.0,4.0,1.0,1.0,4.0,,,,,,,,,,,,,,,,
mermin_bell_nq4_ibmq_ibm_miami_CPU_sync_itrs1_opt3_20260418T150627Z.json,mermin_bell,4,ibmq,ibm_miami,CPU,sync,1,3.0,2026-04-18T15:06:27.329600Z,1,112,1,frontier,gen006,18,4,4.0,4,29,13,24,5,18,1,0,,4,9.0,7.0,3.0,55.0,120.0,90.0,18.0,0.0,117.0,2.0,0.06666666666666667,18.0,4.0,31.0,33.0,ibm_miami,hardware,False,1.0,0.0,1.0,1.0606824369169772,3.0555555555555554,1.3846153846153846,,,,3.0,4.0,1.0,1.0,4.0,,,,,,,,,,,,,,,,
mermin_bell_nq4_nwqsim_MPI_CPU_sync_itrs1_opt0_20260419T040505Z.json,mermin_bell,4,nwqsim,MPI,CPU,sync,1,0.0,2026-04-19T04:05:05.025096Z,1,112,1,frontier,gen006,18,4,,4,29,13,24,5,18,1,0,,4,9.0,7.0,,,,,,,,,,,,,,,,,1.0,0.0,1.0,,,,,,,3.0,4.0,1.0,1.0,,,,,,,,,,,,,,,,,
mermin_bell_nq4_qtensor_numpy_CPU_sync_itrs1_opt0_20260419T040508Z.json,mermin_bell,4,qtensor,numpy,CPU,sync,1,0.0,2026-04-19T04:05:08.024776Z,1,112,1,frontier,gen006,18,4,,4,29,13,24,5,18,1,0,,4,9.0,7.0,,,,,,,,,,,,,,,,,1.0,0.0,1.0,,,,,,,3.0,4.0,1.0,1.0,,,,,,,,,,,,,,,,,
mermin_bell_nq8_nwqsim_MPI_CPU_sync_itrs1_opt0_20260419T040539Z.json,mermin_bell,8,nwqsim,MPI,CPU,sync,1,0.0,2026-04-19T04:05:39.262528Z,1,112,1,frontier,gen006,38,8,,8,77,45,68,9,38,1,0,,8,21.0,15.0,,,,,,,,,,,,,,,,,1.0,0.0,1.0,,,,,,,21.0,8.0,3.0,1.0,,,,,,,,,,,,,,,,,
mermin_bell_nq9_ibmq_ibm_miami_CPU_sync_itrs1_opt0_20260418T190231Z.json,mermin_bell,9,ibmq,ibm_miami,CPU,sync,1,0.0,2026-04-18T19:02:31.281567Z,1,112,1,frontier,gen006,43,9,9.0,9,91,55,81,10,43,1,0,,9,24.0,17.0,0.0,472.0,120.0,1116.0,334.0,0.0,112.0,2.0,0.13333333333333333,334.0,9.0,142.0,631.0,ibm_miami,hardware,False,1.0,0.0,1.0,0.8431425660382956,10.976744186046512,6.072727272727272,,,,28.0,9.0,3.0,1.0,,,,,,,,,,,,,,,,,
mermin_bell_nq9_ibmq_ibm_miami_CPU_sync_itrs1_opt1_20260418T190232Z.json,mermin_bell,9,ibmq,ibm_miami,CPU,sync,1,1.0,2026-04-18T19:02:32.434003Z,1,112,1,frontier,gen006,43,9,9.0,9,91,55,81,10,43,1,0,,9,24.0,17.0,1.0,202.0,120.0,454.0,145.0,0.0,111.0,4.0,0.21666666666666667,145.0,9.0,86.0,214.0,ibm_miami,hardware,False,1.0,0.0,1.0,1.3033459150465205,4.6976744186046515,2.6363636363636362,,,,28.0,9.0,3.0,1.0,,,,,,,,,,,,,,,,,
mermin_bell_nq9_ibmq_ibm_miami_CPU_sync_itrs1_opt2_20260418T190231Z.json,mermin_bell,9,ibmq,ibm_miami,CPU,sync,1,2.0,2026-04-18T19:02:31.968063Z,1,112,1,frontier,gen006,43,9,9.0,9,91,55,81,10,43,1,0,,9,24.0,17.0,2.0,187.0,120.0,350.0,109.0,0.0,110.0,4.0,0.23333333333333334,109.0,9.0,76.0,156.0,ibm_miami,hardware,False,1.0,0.0,1.0,1.0403447729768232,4.348837209302325,1.981818181818182,,,,28.0,9.0,3.0,1.0,,,,,,,,,,,,,,,,,
mermin_bell_nq9_ibmq_ibm_miami_CPU_sync_itrs1_opt3_20260418T192110Z.json,mermin_bell,9,ibmq,ibm_miami,CPU,sync,1,3.0,2026-04-18T19:21:10.127714Z,1,112,1,frontier,gen006,43,9,9.0,9,91,55,81,10,43,1,0,,9,24.0,17.0,3.0,190.0,120.0,359.0,112.0,0.0,111.0,4.0,0.21666666666666667,112.0,9.0,76.0,162.0,ibm_miami,hardware,False,1.0,0.0,1.0,1.3254534520674497,4.4186046511627906,2.036363636363636,,,,28.0,9.0,3.0,1.0,,,,,,,,,,,,,,,,,
nqmatrix1_nq5_ibmq_ibm_miami_CPU_sync_itrs1_opt0_20260421T231828Z.json,hhl,5,ibmq,ibm_miami,CPU,sync,1,0.0,2026-04-21T23:18:28.732426Z,1,112,1,frontier,gen006,40,5,5.0,5,55,4,12,44,41,1,0,,5,4.0,8.0,0.0,964.0,120.0,1272.0,179.0,0.0,116.0,4.0,0.16666666666666666,179.0,5.0,638.0,450.0,ibm_miami,hardware,False,1.0,0.0,1.0,0.899659208022058,24.1,44.75,,,,,,,,,sample_HHL_circ_nqmatrix1.qasm,14.0,8.0,6.0,4.0,4.0,2.0,1.0,1.0,,,,,,,
nqmatrix1_nq5_ibmq_ibm_miami_CPU_sync_itrs1_opt1_20260421T231830Z.json,hhl,5,ibmq,ibm_miami,CPU,sync,1,1.0,2026-04-21T23:18:30.656868Z,1,112,1,frontier,gen006,40,5,5.0,5,55,4,12,44,41,1,0,,5,4.0,8.0,1.0,486.0,120.0,673.0,131.0,0.0,116.0,4.0,0.16666666666666666,131.0,5.0,283.0,254.0,ibm_miami,hardware,False,1.0,0.0,1.0,1.1490953019820154,12.15,32.75,,,,,,,,,sample_HHL_circ_nqmatrix1.qasm,14.0,8.0,6.0,4.0,4.0,2.0,1.0,1.0,,,,,,,
nqmatrix1_nq5_ibmq_ibm_miami_CPU_sync_itrs1_opt2_20260421T231830Z.json,hhl,5,ibmq,ibm_miami,CPU,sync,1,2.0,2026-04-21T23:18:30.566998Z,1,112,1,frontier,gen006,40,5,5.0,5,55,4,12,44,41,1,0,,5,4.0,8.0,2.0,399.0,120.0,603.0,115.0,0.0,116.0,4.0,0.16666666666666666,115.0,5.0,221.0,244.0,ibm_miami,hardware,False,1.0,0.0,1.0,1.2134899080265313,9.975,28.75,,,,,,,,18.0,sample_HHL_circ_nqmatrix1.qasm,14.0,8.0,6.0,4.0,4.0,2.0,1.0,1.0,,,,,,,
nqmatrix1_nq5_ibmq_ibm_miami_CPU_sync_itrs1_opt3_20260421T231828Z.json,hhl,5,ibmq,ibm_miami,CPU,sync,1,3.0,2026-04-21T23:18:28.900327Z,1,112,1,frontier,gen006,40,5,5.0,5,55,4,12,44,41,1,0,,5,4.0,8.0,3.0,391.0,120.0,597.0,119.0,0.0,116.0,4.0,0.16666666666666666,119.0,5.0,212.0,245.0,ibm_miami,hardware,False,1.0,0.0,1.0,1.0970609101932496,9.775,29.75,,,,,,,,16.0,sample_HHL_circ_nqmatrix1.qasm,14.0,8.0,6.0,4.0,4.0,2.0,1.0,1.0,,,,,,,
nqmatrix3_nq9_ibmq_ibm_miami_CPU_sync_itrs1_opt0_20260422T012700Z.json,hhl,9,ibmq,ibm_miami,CPU,sync,1,0.0,2026-04-22T01:27:00.159214Z,1,112,1,frontier,gen006,676,9,9.0,9,721,16,30,692,677,1,0,,9,16.0,14.0,0.0,23338.0,120.0,30664.0,4549.0,0.0,112.0,8.0,0.6,4549.0,9.0,15004.0,11102.0,ibm_miami,hardware,False,1.0,0.0,1.0,1.9935210573021322,34.523668639053255,284.3125,,,,,,,,,sample_HHL_circ_nqmatrix3.qasm,376.0,224.0,56.0,6.0,16.0,4.0,1.0,1.0,,,,,,,
nqmatrix3_nq9_ibmq_ibm_miami_CPU_sync_itrs1_opt1_20260422T012658Z.json,hhl,9,ibmq,ibm_miami,CPU,sync,1,1.0,2026-04-22T01:26:58.649762Z,1,112,1,frontier,gen006,676,9,9.0,9,721,16,30,692,677,1,0,,9,16.0,14.0,1.0,13098.0,120.0,18467.0,3928.0,0.0,110.0,9.0,0.6833333333333333,3928.0,9.0,7174.0,7350.0,ibm_miami,hardware,False,1.0,0.0,1.0,3.002142135752365,19.375739644970412,245.5,,,,,,,,6.0,sample_HHL_circ_nqmatrix3.qasm,376.0,224.0,56.0,6.0,16.0,4.0,1.0,1.0,,,,,,,
nqmatrix3_nq9_ibmq_ibm_miami_CPU_sync_itrs1_opt2_20260422T012701Z.json,hhl,9,ibmq,ibm_miami,CPU,sync,1,2.0,2026-04-22T01:27:01.936654Z,1,112,1,frontier,gen006,676,9,9.0,9,721,16,30,692,677,1,0,,9,16.0,14.0,2.0,9179.0,120.0,14431.0,3159.0,0.0,109.0,10.0,0.7,3159.0,9.0,4475.0,6451.0,ibm_miami,hardware,False,1.0,0.0,1.0,5.946336848894134,13.578402366863905,197.4375,,,,,,,,337.0,sample_HHL_circ_nqmatrix3.qasm,376.0,224.0,56.0,6.0,16.0,4.0,1.0,1.0,,,,,,,
nqmatrix3_nq9_ibmq_ibm_miami_CPU_sync_itrs1_opt3_20260422T012702Z.json,hhl,9,ibmq,ibm_miami,CPU,sync,1,3.0,2026-04-22T01:27:02.810753Z,1,112,1,frontier,gen006,676,9,9.0,9,721,16,30,692,677,1,0,,9,16.0,14.0,3.0,9108.0,120.0,14295.0,3151.0,0.0,112.0,8.0,0.6,3151.0,9.0,4389.0,6418.0,ibm_miami,hardware,False,1.0,0.0,1.0,7.992835283977911,13.47337278106509,196.9375,,,,,,,,328.0,sample_HHL_circ_nqmatrix3.qasm,376.0,224.0,56.0,6.0,16.0,4.0,1.0,1.0,,,,,,,
nqmatrix6_nq15_ibmq_ibm_miami_CPU_sync_itrs1_opt0_20260422T145437Z.json,hhl,15,ibmq,ibm_miami,CPU,sync,1,0.0,2026-04-22T14:54:37.116076Z,1,112,1,frontier,gen006,90955,15,15.0,15,91054,128,151,90904,90956,1,0,,15,128.0,23.0,0.0,3016769.0,120.0,3953459.0,572807.0,0.0,102.0,16.0,1.85,572807.0,15.0,1993711.0,1386926.0,ibm_miami,hardware,False,1.0,0.0,1.0,89.09690329385921,33.16770930680006,4475.0546875,,,,,,,,,sample_HHL_circ_nqmatrix6.qasm,45184.0,30144.0,15416.0,9.0,128.0,7.0,1.0,1.0,,,,,,,
nqmatrix6_nq15_ibmq_ibm_miami_CPU_sync_itrs1_opt1_20260422T145528Z.json,hhl,15,ibmq,ibm_miami,CPU,sync,1,1.0,2026-04-22T14:55:28.760275Z,1,112,1,frontier,gen006,90955,15,15.0,15,91054,128,151,90904,90956,1,0,,15,128.0,23.0,1.0,1799333.0,120.0,2500032.0,540965.0,0.0,106.0,14.0,1.75,540965.0,15.0,964983.0,994069.0,ibm_miami,hardware,False,1.0,0.0,1.0,197.4330578148365,19.782672750261117,4226.2890625,,,,,,,,,sample_HHL_circ_nqmatrix6.qasm,45184.0,30144.0,15416.0,9.0,128.0,7.0,1.0,1.0,,,,,,,
nqmatrix6_nq15_ibmq_ibm_miami_CPU_sync_itrs1_opt2_20260422T145907Z.json,hhl,15,ibmq,ibm_miami,CPU,sync,1,2.0,2026-04-22T14:59:07.948470Z,1,112,1,frontier,gen006,90955,15,15.0,15,91054,128,151,90904,90956,1,0,,15,128.0,23.0,2.0,1200679.0,120.0,1910006.0,438660.0,0.0,105.0,15.0,1.7833333333333334,438660.0,15.0,563094.0,869338.0,ibm_miami,hardware,False,1.0,0.0,1.0,640.5963293528184,13.200802594689682,3427.03125,,,,,,,,38899.0,sample_HHL_circ_nqmatrix6.qasm,45184.0,30144.0,15416.0,9.0,128.0,7.0,1.0,1.0,,,,,,,
nqmatrix8_nq19_ibmq_ibm_miami_CPU_sync_itrs1_opt0_20260422T172833Z.json,hhl,19,ibmq,ibm_miami,CPU,sync,1,0.0,2026-04-22T17:28:33.800409Z,1,112,1,frontier,gen006,1866845,19,19.0,19,1866990,512,541,1866450,1866846,1,0,,19,512.0,29.0,0.0,61400371.0,120.0,80767631.0,11620911.0,0.0,101.0,19.0,2.8833333333333333,11620911.0,19.0,40973671.0,28173030.0,ibm_miami,hardware,False,1.0,0.0,1.0,2013.2534401027951,32.88991373145601,22697.091796875,,,,,,,,,sample_HHL_circ_nqmatrix8.qasm,921824.0,621424.0,322650.0,11.0,512.0,9.0,1.0,1.0,,,,,,,
tfim_nq16_ibmq_ibm_boston_CPU_sync_itrs1_opt0_20260503T032333Z.json,tfim,16,ibmq,ibm_boston,CPU,sync,1,0.0,2026-05-03T03:23:33.625553Z,1,112,1,frontier,gen006,50,16,16.0,16,80,32,32,48,50,1,0,,16,32.0,,0.0,219.0,156.0,462.0,74.0,0.0,141.0,2.0,0.19230769230769232,74.0,16.0,192.0,180.0,,hardware,False,1.0,0.0,1.0,0.9244251870550215,4.38,2.3125,,,16.0,,,,16.0,,,,,,,,,,,,,,,,,
tfim_nq16_ibmq_ibm_boston_CPU_sync_itrs1_opt1_20260503T032333Z.json,tfim,16,ibmq,ibm_boston,CPU,sync,1,1.0,2026-05-03T03:23:33.241927Z,1,112,1,frontier,gen006,50,16,16.0,16,80,32,32,48,50,1,0,,16,32.0,,1.0,215.0,156.0,336.0,68.0,0.0,137.0,3.0,0.2564102564102564,68.0,16.0,118.0,134.0,,hardware,False,1.0,0.0,1.0,1.384435247629881,4.3,2.125,,,16.0,,,,16.0,,,,,,,,,,,,,,,,,
tfim_nq16_ibmq_ibm_boston_CPU_sync_itrs1_opt2_20260503T032338Z.json,tfim,16,ibmq,ibm_boston,CPU,sync,1,2.0,2026-05-03T03:23:38.488044Z,1,112,1,frontier,gen006,50,16,16.0,16,80,32,32,48,50,1,0,,16,32.0,,2.0,166.0,156.0,303.0,64.0,0.0,137.0,3.0,0.2564102564102564,64.0,16.0,87.0,130.0,,hardware,False,1.0,0.0,1.0,1.1640169955790043,3.32,2.0,,,16.0,,,,16.0,6.0,,,,,,,,,,,,,,,,
tfim_nq16_ibmq_ibm_boston_CPU_sync_itrs1_opt3_20260503T032335Z.json,tfim,16,ibmq,ibm_boston,CPU,sync,1,3.0,2026-05-03T03:23:35.321680Z,1,112,1,frontier,gen006,50,16,16.0,16,80,32,32,48,50,1,0,,16,32.0,,3.0,163.0,156.0,305.0,63.0,0.0,137.0,3.0,0.2564102564102564,63.0,16.0,89.0,129.0,,hardware,False,1.0,0.0,1.0,1.1143668359145522,3.26,1.96875,,,16.0,,,,16.0,8.0,,,,,,,,,,,,,,,,
tfim_nq16_ibmq_ibm_miami_CPU_sync_itrs1_opt0_20260421T185252Z.json,tfim,16,ibmq,ibm_miami,CPU,sync,1,0.0,2026-04-21T18:52:52.665920Z,1,112,1,frontier,gen006,50,16,16.0,16,80,32,32,48,50,1,0,,16,32.0,,0.0,267.0,120.0,489.0,83.0,0.0,105.0,3.0,0.2833333333333333,83.0,16.0,192.0,198.0,ibm_miami,hardware,False,1.0,0.0,1.0,1.1188879618421197,5.34,2.59375,,,16.0,,,,16.0,,,,,,,,,,,,,,,,,
tfim_nq16_ibmq_ibm_miami_CPU_sync_itrs1_opt0_20260426T221901Z.json,tfim,16,ibmq,ibm_miami,CPU,sync,1,0.0,2026-04-26T22:19:01.426761Z,1,112,1,frontier,gen006,50,16,16.0,16,80,32,32,48,50,1,0,,16,32.0,,0.0,273.0,120.0,489.0,83.0,0.0,102.0,3.0,0.31666666666666665,83.0,16.0,192.0,198.0,ibm_miami,hardware,False,1.0,0.0,1.0,0.8193988532293588,5.46,2.59375,,,16.0,,,,16.0,,,,,,,,,,,,,,,,,
tfim_nq16_ibmq_ibm_miami_CPU_sync_itrs1_opt0_20260503T032421Z.json,tfim,16,ibmq,ibm_miami,CPU,sync,1,0.0,2026-05-03T03:24:21.223472Z,1,112,1,frontier,gen006,50,16,16.0,16,80,32,32,48,50,1,0,,16,32.0,,0.0,243.0,120.0,489.0,83.0,0.0,105.0,3.0,0.2833333333333333,83.0,16.0,192.0,198.0,,hardware,False,1.0,0.0,1.0,1.4050858179107308,4.86,2.59375,,,16.0,,,,16.0,,,,,,,,,,,,,,,,,
tfim_nq16_ibmq_ibm_miami_CPU_sync_itrs1_opt1_20260421T185252Z.json,tfim,16,ibmq,ibm_miami,CPU,sync,1,1.0,2026-04-21T18:52:52.032599Z,1,112,1,frontier,gen006,50,16,16.0,16,80,32,32,48,50,1,0,,16,32.0,,1.0,166.0,120.0,229.0,32.0,0.0,105.0,2.0,0.26666666666666666,32.0,16.0,115.0,66.0,ibm_miami,hardware,False,1.0,0.0,1.0,1.1455505420453846,3.32,1.0,,,16.0,,,,16.0,,,,,,,,,,,,,,,,,
tfim_nq16_ibmq_ibm_miami_CPU_sync_itrs1_opt1_20260426T221900Z.json,tfim,16,ibmq,ibm_miami,CPU,sync,1,1.0,2026-04-26T22:19:00.715869Z,1,112,1,frontier,gen006,50,16,16.0,16,80,32,32,48,50,1,0,,16,32.0,,1.0,166.0,120.0,229.0,32.0,0.0,105.0,2.0,0.26666666666666666,32.0,16.0,115.0,66.0,ibm_miami,hardware,False,1.0,0.0,1.0,0.9400516338646412,3.32,1.0,,,16.0,,,,16.0,,,,,,,,,,,,,,,,,
tfim_nq16_ibmq_ibm_miami_CPU_sync_itrs1_opt1_20260503T032409Z.json,tfim,16,ibmq,ibm_miami,CPU,sync,1,1.0,2026-05-03T03:24:09.744516Z,1,112,1,frontier,gen006,50,16,16.0,16,80,32,32,48,50,1,0,,16,32.0,,1.0,166.0,120.0,229.0,32.0,0.0,105.0,2.0,0.26666666666666666,32.0,16.0,115.0,66.0,,hardware,False,1.0,0.0,1.0,1.0062172692269087,3.32,1.0,,,16.0,,,,16.0,,,,,,,,,,,,,,,,,
tfim_nq16_ibmq_ibm_miami_CPU_sync_itrs1_opt2_20260421T185252Z.json,tfim,16,ibmq,ibm_miami,CPU,sync,1,2.0,2026-04-21T18:52:52.714989Z,1,112,1,frontier,gen006,50,16,16.0,16,80,32,32,48,50,1,0,,16,32.0,,2.0,118.0,120.0,182.0,32.0,0.0,105.0,2.0,0.26666666666666666,32.0,16.0,66.0,67.0,ibm_miami,hardware,False,1.0,0.0,1.0,1.1852227279450744,2.36,1.0,,,16.0,,,,16.0,1.0,,,,,,,,,,,,,,,,
tfim_nq16_ibmq_ibm_miami_CPU_sync_itrs1_opt2_20260426T221901Z.json,tfim,16,ibmq,ibm_miami,CPU,sync,1,2.0,2026-04-26T22:19:01.010286Z,1,112,1,frontier,gen006,50,16,16.0,16,80,32,32,48,50,1,0,,16,32.0,,2.0,116.0,120.0,182.0,32.0,0.0,105.0,2.0,0.26666666666666666,32.0,16.0,67.0,66.0,ibm_miami,hardware,False,1.0,0.0,1.0,0.9403657810762525,2.32,1.0,,,16.0,,,,16.0,1.0,,,,,,,,,,,,,,,,
tfim_nq16_ibmq_ibm_miami_CPU_sync_itrs1_opt2_20260503T032353Z.json,tfim,16,ibmq,ibm_miami,CPU,sync,1,2.0,2026-05-03T03:23:53.653012Z,1,112,1,frontier,gen006,50,16,16.0,16,80,32,32,48,50,1,0,,16,32.0,,2.0,118.0,120.0,182.0,32.0,0.0,105.0,2.0,0.26666666666666666,32.0,16.0,66.0,67.0,,hardware,False,1.0,0.0,1.0,0.915386263281107,2.36,1.0,,,16.0,,,,16.0,1.0,,,,,,,,,,,,,,,,
tfim_nq16_ibmq_ibm_miami_CPU_sync_itrs1_opt3_20260421T185257Z.json,tfim,16,ibmq,ibm_miami,CPU,sync,1,3.0,2026-04-21T18:52:57.639441Z,1,112,1,frontier,gen006,50,16,16.0,16,80,32,32,48,50,1,0,,16,32.0,,3.0,116.0,120.0,182.0,32.0,0.0,105.0,2.0,0.26666666666666666,32.0,16.0,67.0,66.0,ibm_miami,hardware,False,1.0,0.0,1.0,10.742209974909201,2.32,1.0,,,16.0,,,,16.0,1.0,,,,,,,,,,,,,,,,
tfim_nq16_ibmq_ibm_miami_CPU_sync_itrs1_opt3_20260426T221949Z.json,tfim,16,ibmq,ibm_miami,CPU,sync,1,3.0,2026-04-26T22:19:49.143864Z,1,112,1,frontier,gen006,50,16,16.0,16,80,32,32,48,50,1,0,,16,32.0,,3.0,116.0,120.0,182.0,32.0,0.0,105.0,2.0,0.26666666666666666,32.0,16.0,67.0,66.0,ibm_miami,hardware,False,1.0,0.0,1.0,11.474310758057982,2.32,1.0,,,16.0,,,,16.0,1.0,,,,,,,,,,,,,,,,
tfim_nq16_ibmq_ibm_miami_CPU_sync_itrs1_opt3_20260503T032430Z.json,tfim,16,ibmq,ibm_miami,CPU,sync,1,3.0,2026-05-03T03:24:30.540038Z,1,112,1,frontier,gen006,50,16,16.0,16,80,32,32,48,50,1,0,,16,32.0,,3.0,116.0,120.0,182.0,32.0,0.0,105.0,2.0,0.26666666666666666,32.0,16.0,67.0,66.0,,hardware,False,1.0,0.0,1.0,10.65832488425076,2.32,1.0,,,16.0,,,,16.0,1.0,,,,,,,,,,,,,,,,
tfim_nq20_ibmq_ibm_boston_CPU_sync_itrs1_opt0_20260503T032806Z.json,tfim,20,ibmq,ibm_boston,CPU,sync,1,0.0,2026-05-03T03:28:06.868555Z,1,112,1,frontier,gen006,62,20,20.0,20,100,40,40,60,62,1,0,,20,40.0,,0.0,375.0,156.0,735.0,145.0,0.0,137.0,3.0,0.24358974358974358,145.0,20.0,240.0,330.0,,hardware,False,1.0,0.0,1.0,0.90949154086411,6.048387096774194,3.625,,,20.0,,,,20.0,,,,,,,,,,,,,,,,,
tfim_nq20_ibmq_ibm_boston_CPU_sync_itrs1_opt1_20260503T032807Z.json,tfim,20,ibmq,ibm_boston,CPU,sync,1,1.0,2026-05-03T03:28:07.536779Z,1,112,1,frontier,gen006,62,20,20.0,20,100,40,40,60,62,1,0,,20,40.0,,1.0,206.0,156.0,285.0,40.0,0.0,137.0,2.0,0.2564102564102564,40.0,20.0,143.0,82.0,,hardware,False,1.0,0.0,1.0,0.9762858962640166,3.3225806451612905,1.0,,,20.0,,,,20.0,,,,,,,,,,,,,,,,,
tfim_nq20_ibmq_ibm_boston_CPU_sync_itrs1_opt2_20260503T032811Z.json,tfim,20,ibmq,ibm_boston,CPU,sync,1,2.0,2026-05-03T03:28:11.059143Z,1,112,1,frontier,gen006,62,20,20.0,20,100,40,40,60,62,1,0,,20,40.0,,2.0,146.0,156.0,226.0,40.0,0.0,137.0,2.0,0.2564102564102564,40.0,20.0,82.0,83.0,,hardware,False,1.0,0.0,1.0,2.3638131408952177,2.3548387096774195,1.0,,,20.0,,,,20.0,1.0,,,,,,,,,,,,,,,,
tfim_nq20_ibmq_ibm_boston_CPU_sync_itrs1_opt3_20260503T032802Z.json,tfim,20,ibmq,ibm_boston,CPU,sync,1,3.0,2026-05-03T03:28:02.262212Z,1,112,1,frontier,gen006,62,20,20.0,20,100,40,40,60,62,1,0,,20,40.0,,3.0,146.0,156.0,226.0,40.0,0.0,137.0,2.0,0.2564102564102564,40.0,20.0,82.0,83.0,,hardware,False,1.0,0.0,1.0,1.0329361609183252,2.3548387096774195,1.0,,,20.0,,,,20.0,1.0,,,,,,,,,,,,,,,,
tfim_nq20_ibmq_ibm_miami_CPU_sync_itrs1_opt0_20260421T185406Z.json,tfim,20,ibmq,ibm_miami,CPU,sync,1,0.0,2026-04-21T18:54:06.707329Z,1,112,1,frontier,gen006,62,20,20.0,20,100,40,40,60,62,1,0,,20,40.0,,0.0,315.0,120.0,609.0,103.0,0.0,101.0,3.0,0.3333333333333333,103.0,20.0,240.0,246.0,ibm_miami,hardware,False,1.0,0.0,1.0,1.0724021960049868,5.080645161290323,2.575,,,20.0,,,,20.0,,,,,,,,,,,,,,,,,
tfim_nq20_ibmq_ibm_miami_CPU_sync_itrs1_opt0_20260427T154527Z.json,tfim,20,ibmq,ibm_miami,CPU,sync,1,0.0,2026-04-27T15:45:27.552703Z,1,112,1,frontier,gen006,62,20,20.0,20,100,40,40,60,62,1,0,,20,40.0,,0.0,321.0,120.0,645.0,115.0,0.0,101.0,2.0,0.31666666666666665,115.0,20.0,240.0,270.0,ibm_miami,hardware,False,1.0,0.0,1.0,0.9178278632462025,5.17741935483871,2.875,,,20.0,,,,20.0,,,,,,,,,,,,,,,,,
tfim_nq20_ibmq_ibm_miami_CPU_sync_itrs1_opt0_20260503T032802Z.json,tfim,20,ibmq,ibm_miami,CPU,sync,1,0.0,2026-05-03T03:28:02.160244Z,1,112,1,frontier,gen006,62,20,20.0,20,100,40,40,60,62,1,0,,20,40.0,,0.0,333.0,120.0,636.0,112.0,0.0,101.0,2.0,0.31666666666666665,112.0,20.0,240.0,264.0,,hardware,False,1.0,0.0,1.0,0.858764573931694,5.370967741935484,2.8,,,20.0,,,,20.0,,,,,,,,,,,,,,,,,
tfim_nq20_ibmq_ibm_miami_CPU_sync_itrs1_opt1_20260421T185445Z.json,tfim,20,ibmq,ibm_miami,CPU,sync,1,1.0,2026-04-21T18:54:45.024067Z,1,112,1,frontier,gen006,62,20,20.0,20,100,40,40,60,62,1,0,,20,40.0,,1.0,206.0,120.0,285.0,40.0,0.0,101.0,2.0,0.3333333333333333,40.0,20.0,143.0,82.0,ibm_miami,hardware,False,1.0,0.0,1.0,1.1238316358067095,3.3225806451612905,1.0,,,20.0,,,,20.0,,,,,,,,,,,,,,,,,
tfim_nq20_ibmq_ibm_miami_CPU_sync_itrs1_opt1_20260427T154528Z.json,tfim,20,ibmq,ibm_miami,CPU,sync,1,1.0,2026-04-27T15:45:28.327192Z,1,112,1,frontier,gen006,62,20,20.0,20,100,40,40,60,62,1,0,,20,40.0,,1.0,206.0,120.0,285.0,40.0,0.0,101.0,2.0,0.3333333333333333,40.0,20.0,143.0,82.0,ibm_miami,hardware,False,1.0,0.0,1.0,1.1589175739791244,3.3225806451612905,1.0,,,20.0,,,,20.0,,,,,,,,,,,,,,,,,
tfim_nq20_ibmq_ibm_miami_CPU_sync_itrs1_opt1_20260503T032840Z.json,tfim,20,ibmq,ibm_miami,CPU,sync,1,1.0,2026-05-03T03:28:40.834835Z,1,112,1,frontier,gen006,62,20,20.0,20,100,40,40,60,62,1,0,,20,40.0,,1.0,206.0,120.0,285.0,40.0,0.0,101.0,2.0,0.3333333333333333,40.0,20.0,143.0,82.0,,hardware,False,1.0,0.0,1.0,2.827507026027888,3.3225806451612905,1.0,,,20.0,,,,20.0,,,,,,,,,,,,,,,,,
tfim_nq20_ibmq_ibm_miami_CPU_sync_itrs1_opt2_20260421T185523Z.json,tfim,20,ibmq,ibm_miami,CPU,sync,1,2.0,2026-04-21T18:55:23.697882Z,1,112,1,frontier,gen006,62,20,20.0,20,100,40,40,60,62,1,0,,20,40.0,,2.0,146.0,120.0,226.0,40.0,0.0,101.0,2.0,0.3333333333333333,40.0,20.0,82.0,83.0,ibm_miami,hardware,False,1.0,0.0,1.0,1.1722001200541854,2.3548387096774195,1.0,,,20.0,,,,20.0,1.0,,,,,,,,,,,,,,,,
tfim_nq20_ibmq_ibm_miami_CPU_sync_itrs1_opt2_20260427T154527Z.json,tfim,20,ibmq,ibm_miami,CPU,sync,1,2.0,2026-04-27T15:45:27.318519Z,1,112,1,frontier,gen006,62,20,20.0,20,100,40,40,60,62,1,0,,20,40.0,,2.0,146.0,120.0,226.0,40.0,0.0,101.0,2.0,0.3333333333333333,40.0,20.0,82.0,83.0,ibm_miami,hardware,False,1.0,0.0,1.0,1.0503621560055763,2.3548387096774195,1.0,,,20.0,,,,20.0,1.0,,,,,,,,,,,,,,,,
tfim_nq20_ibmq_ibm_miami_CPU_sync_itrs1_opt2_20260503T032811Z.json,tfim,20,ibmq,ibm_miami,CPU,sync,1,2.0,2026-05-03T03:28:11.564112Z,1,112,1,frontier,gen006,62,20,20.0,20,100,40,40,60,62,1,0,,20,40.0,,2.0,146.0,120.0,226.0,40.0,0.0,101.0,2.0,0.3333333333333333,40.0,20.0,82.0,83.0,,hardware,False,1.0,0.0,1.0,2.498852679040283,2.3548387096774195,1.0,,,20.0,,,,20.0,1.0,,,,,,,,,,,,,,,,
tfim_nq20_ibmq_ibm_miami_CPU_sync_itrs1_opt3_20260421T185608Z.json,tfim,20,ibmq,ibm_miami,CPU,sync,1,3.0,2026-04-21T18:56:08.374755Z,1,112,1,frontier,gen006,62,20,20.0,20,100,40,40,60,62,1,0,,20,40.0,,3.0,144.0,120.0,226.0,40.0,0.0,101.0,2.0,0.3333333333333333,40.0,20.0,83.0,82.0,ibm_miami,hardware,False,1.0,0.0,1.0,11.813132516806945,2.3225806451612905,1.0,,,20.0,,,,20.0,1.0,,,,,,,,,,,,,,,,
tfim_nq20_ibmq_ibm_miami_CPU_sync_itrs1_opt3_20260427T154535Z.json,tfim,20,ibmq,ibm_miami,CPU,sync,1,3.0,2026-04-27T15:45:35.385109Z,1,112,1,frontier,gen006,62,20,20.0,20,100,40,40,60,62,1,0,,20,40.0,,3.0,144.0,120.0,226.0,40.0,0.0,101.0,2.0,0.3333333333333333,40.0,20.0,83.0,82.0,ibm_miami,hardware,False,1.0,0.0,1.0,13.287753917975351,2.3225806451612905,1.0,,,20.0,,,,20.0,1.0,,,,,,,,,,,,,,,,
tfim_nq20_ibmq_ibm_miami_CPU_sync_itrs1_opt3_20260503T032856Z.json,tfim,20,ibmq,ibm_miami,CPU,sync,1,3.0,2026-05-03T03:28:56.295705Z,1,112,1,frontier,gen006,62,20,20.0,20,100,40,40,60,62,1,0,,20,40.0,,3.0,146.0,120.0,226.0,40.0,0.0,101.0,2.0,0.3333333333333333,40.0,20.0,82.0,83.0,,hardware,False,1.0,0.0,1.0,17.017626244807616,2.3548387096774195,1.0,,,20.0,,,,20.0,1.0,,,,,,,,,,,,,,,,
tfim_nq23_ibmq_ibm_boston_CPU_sync_itrs1_opt0_20260503T032815Z.json,tfim,23,ibmq,ibm_boston,CPU,sync,1,0.0,2026-05-03T03:28:15.710974Z,1,112,1,frontier,gen006,71,23,23.0,23,115,46,46,69,71,1,0,,23,46.0,,0.0,429.0,156.0,924.0,193.0,0.0,129.0,3.0,0.358974358974359,193.0,23.0,276.0,432.0,,hardware,False,1.0,0.0,1.0,1.9413824672810733,6.042253521126761,4.195652173913044,,,23.0,,,,23.0,,,,,,,,,,,,,,,,,
tfim_nq23_ibmq_ibm_boston_CPU_sync_itrs1_opt1_20260503T032803Z.json,tfim,23,ibmq,ibm_boston,CPU,sync,1,1.0,2026-05-03T03:28:03.797378Z,1,112,1,frontier,gen006,71,23,23.0,23,115,46,46,69,71,1,0,,23,46.0,,1.0,339.0,156.0,521.0,109.0,0.0,130.0,3.0,0.34615384615384615,109.0,23.0,176.0,213.0,,hardware,False,1.0,0.0,1.0,1.3673828640021384,4.774647887323944,2.369565217391304,,,23.0,,,,23.0,,,,,,,,,,,,,,,,,
tfim_nq23_ibmq_ibm_boston_CPU_sync_itrs1_opt2_20260503T032820Z.json,tfim,23,ibmq,ibm_boston,CPU,sync,1,2.0,2026-05-03T03:28:20.885587Z,1,112,1,frontier,gen006,71,23,23.0,23,115,46,46,69,71,1,0,,23,46.0,,2.0,248.0,156.0,450.0,101.0,0.0,122.0,3.0,0.44871794871794873,101.0,23.0,113.0,206.0,,hardware,False,1.0,0.0,1.0,1.5189696555025876,3.492957746478873,2.1956521739130435,,,23.0,,,,23.0,7.0,,,,,,,,,,,,,,,,
tfim_nq23_ibmq_ibm_boston_CPU_sync_itrs1_opt3_20260503T032809Z.json,tfim,23,ibmq,ibm_boston,CPU,sync,1,3.0,2026-05-03T03:28:09.279820Z,1,112,1,frontier,gen006,71,23,23.0,23,115,46,46,69,71,1,0,,23,46.0,,3.0,237.0,156.0,403.0,81.0,0.0,129.0,3.0,0.358974358974359,81.0,23.0,122.0,168.0,,hardware,False,1.0,0.0,1.0,1.5123524363152683,3.3380281690140845,1.7608695652173914,,,23.0,,,,23.0,9.0,,,,,,,,,,,,,,,,
tfim_nq23_ibmq_ibm_miami_CPU_sync_itrs1_opt0_20260421T211423Z.json,tfim,23,ibmq,ibm_miami,CPU,sync,1,0.0,2026-04-21T21:14:23.029097Z,1,112,1,frontier,gen006,71,23,23.0,23,115,46,46,69,71,1,0,,23,46.0,,0.0,411.0,120.0,726.0,127.0,0.0,91.0,3.0,0.5166666666666667,127.0,23.0,276.0,300.0,ibm_miami,hardware,False,1.0,0.0,1.0,0.9484177911654115,5.788732394366197,2.760869565217391,,,23.0,,,,23.0,,,,,,,,,,,,,,,,,
tfim_nq23_ibmq_ibm_miami_CPU_sync_itrs1_opt0_20260427T154527Z.json,tfim,23,ibmq,ibm_miami,CPU,sync,1,0.0,2026-04-27T15:45:27.573878Z,1,112,1,frontier,gen006,71,23,23.0,23,115,46,46,69,71,1,0,,23,46.0,,0.0,363.0,120.0,744.0,133.0,0.0,97.0,4.0,0.4666666666666667,133.0,23.0,276.0,312.0,ibm_miami,hardware,False,1.0,0.0,1.0,0.8560697790235281,5.112676056338028,2.891304347826087,,,23.0,,,,23.0,,,,,,,,,,,,,,,,,
tfim_nq23_ibmq_ibm_miami_CPU_sync_itrs1_opt0_20260503T032757Z.json,tfim,23,ibmq,ibm_miami,CPU,sync,1,0.0,2026-05-03T03:27:57.062911Z,1,112,1,frontier,gen006,71,23,23.0,23,115,46,46,69,71,1,0,,23,46.0,,0.0,375.0,120.0,735.0,130.0,0.0,91.0,3.0,0.5166666666666667,130.0,23.0,276.0,306.0,,hardware,False,1.0,0.0,1.0,0.8460322427563369,5.28169014084507,2.8260869565217392,,,23.0,,,,23.0,,,,,,,,,,,,,,,,,
tfim_nq23_ibmq_ibm_miami_CPU_sync_itrs1_opt1_20260421T211422Z.json,tfim,23,ibmq,ibm_miami,CPU,sync,1,1.0,2026-04-21T21:14:22.243970Z,1,112,1,frontier,gen006,71,23,23.0,23,115,46,46,69,71,1,0,,23,46.0,,1.0,314.0,120.0,451.0,88.0,0.0,94.0,3.0,0.4666666666666667,88.0,23.0,167.0,173.0,ibm_miami,hardware,False,1.0,0.0,1.0,1.316169544821605,4.422535211267606,1.9130434782608696,,,23.0,,,,23.0,,,,,,,,,,,,,,,,,
tfim_nq23_ibmq_ibm_miami_CPU_sync_itrs1_opt1_20260427T154527Z.json,tfim,23,ibmq,ibm_miami,CPU,sync,1,1.0,2026-04-27T15:45:27.748942Z,1,112,1,frontier,gen006,71,23,23.0,23,115,46,46,69,71,1,0,,23,46.0,,1.0,273.0,120.0,475.0,85.0,0.0,95.0,3.0,0.45,85.0,23.0,191.0,176.0,ibm_miami,hardware,False,1.0,0.0,1.0,1.2510546629782766,3.8450704225352115,1.8478260869565217,,,23.0,,,,23.0,,,,,,,,,,,,,,,,,
tfim_nq23_ibmq_ibm_miami_CPU_sync_itrs1_opt1_20260503T032828Z.json,tfim,23,ibmq,ibm_miami,CPU,sync,1,1.0,2026-05-03T03:28:28.182190Z,1,112,1,frontier,gen006,71,23,23.0,23,115,46,46,69,71,1,0,,23,46.0,,1.0,286.0,120.0,421.0,76.0,0.0,92.0,4.0,0.5166666666666667,76.0,23.0,170.0,152.0,,hardware,False,1.0,0.0,1.0,1.8979449681937695,4.028169014084507,1.6521739130434783,,,23.0,,,,23.0,,,,,,,,,,,,,,,,,
tfim_nq23_ibmq_ibm_miami_CPU_sync_itrs1_opt2_20260421T211426Z.json,tfim,23,ibmq,ibm_miami,CPU,sync,1,2.0,2026-04-21T21:14:26.831156Z,1,112,1,frontier,gen006,71,23,23.0,23,115,46,46,69,71,1,0,,23,46.0,,2.0,214.0,120.0,403.0,78.0,0.0,95.0,4.0,0.4666666666666667,78.0,23.0,127.0,164.0,ibm_miami,hardware,False,1.0,0.0,1.0,9.396267315838486,3.0140845070422535,1.6956521739130435,,,23.0,,,,23.0,11.0,,,,,,,,,,,,,,,,
tfim_nq23_ibmq_ibm_miami_CPU_sync_itrs1_opt2_20260427T154531Z.json,tfim,23,ibmq,ibm_miami,CPU,sync,1,2.0,2026-04-27T15:45:31.720012Z,1,112,1,frontier,gen006,71,23,23.0,23,115,46,46,69,71,1,0,,23,46.0,,2.0,202.0,120.0,355.0,68.0,0.0,91.0,3.0,0.5,68.0,23.0,113.0,141.0,ibm_miami,hardware,False,1.0,0.0,1.0,9.285649161087349,2.8450704225352115,1.4782608695652173,,,23.0,,,,23.0,10.0,,,,,,,,,,,,,,,,
tfim_nq23_ibmq_ibm_miami_CPU_sync_itrs1_opt2_20260503T032807Z.json,tfim,23,ibmq,ibm_miami,CPU,sync,1,2.0,2026-05-03T03:28:07.096349Z,1,112,1,frontier,gen006,71,23,23.0,23,115,46,46,69,71,1,0,,23,46.0,,2.0,227.0,120.0,409.0,82.0,0.0,89.0,4.0,0.5666666666666667,82.0,23.0,120.0,173.0,,hardware,False,1.0,0.0,1.0,9.224710100330412,3.1971830985915495,1.7826086956521738,,,23.0,,,,23.0,11.0,,,,,,,,,,,,,,,,
tfim_nq23_ibmq_ibm_miami_CPU_sync_itrs1_opt3_20260421T211613Z.json,tfim,23,ibmq,ibm_miami,CPU,sync,1,3.0,2026-04-21T21:16:13.164195Z,1,112,1,frontier,gen006,71,23,23.0,23,115,46,46,69,71,1,0,,23,46.0,,3.0,228.0,120.0,393.0,76.0,0.0,95.0,3.0,0.4666666666666667,76.0,23.0,122.0,162.0,ibm_miami,hardware,False,1.0,0.0,1.0,65.72144758887589,3.211267605633803,1.6521739130434783,,,23.0,,,,23.0,10.0,,,,,,,,,,,,,,,,
tfim_nq23_ibmq_ibm_miami_CPU_sync_itrs1_opt3_20260427T154559Z.json,tfim,23,ibmq,ibm_miami,CPU,sync,1,3.0,2026-04-27T15:45:59.503611Z,1,112,1,frontier,gen006,71,23,23.0,23,115,46,46,69,71,1,0,,23,46.0,,3.0,238.0,120.0,405.0,81.0,0.0,92.0,3.0,0.5,81.0,23.0,122.0,169.0,ibm_miami,hardware,False,1.0,0.0,1.0,57.18099384289235,3.352112676056338,1.7608695652173914,,,23.0,,,,23.0,10.0,,,,,,,,,,,,,,,,
tfim_nq23_ibmq_ibm_miami_CPU_sync_itrs1_opt3_20260503T032900Z.json,tfim,23,ibmq,ibm_miami,CPU,sync,1,3.0,2026-05-03T03:29:00.611354Z,1,112,1,frontier,gen006,71,23,23.0,23,115,46,46,69,71,1,0,,23,46.0,,3.0,198.0,120.0,334.0,64.0,0.0,94.0,4.0,0.48333333333333334,64.0,23.0,108.0,129.0,,hardware,False,1.0,0.0,1.0,65.08668745309114,2.788732394366197,1.391304347826087,,,23.0,,,,23.0,10.0,,,,,,,,,,,,,,,,
tfim_nq24_ibmq_ibm_boston_CPU_sync_itrs1_opt0_20260503T033218Z.json,tfim,24,ibmq,ibm_boston,CPU,sync,1,0.0,2026-05-03T03:32:18.977576Z,1,112,1,frontier,gen006,74,24,24.0,24,120,48,48,72,74,1,0,,24,48.0,,0.0,447.0,156.0,891.0,177.0,0.0,121.0,3.0,0.46153846153846156,177.0,24.0,288.0,402.0,,hardware,False,1.0,0.0,1.0,1.0517297037877142,6.04054054054054,3.6875,,,24.0,,,,24.0,,,,,,,,,,,,,,,,,
tfim_nq24_ibmq_ibm_boston_CPU_sync_itrs1_opt1_20260503T033228Z.json,tfim,24,ibmq,ibm_boston,CPU,sync,1,1.0,2026-05-03T03:32:28.464028Z,1,112,1,frontier,gen006,74,24,24.0,24,120,48,48,72,74,1,0,,24,48.0,,1.0,246.0,156.0,341.0,48.0,0.0,133.0,2.0,0.3076923076923077,48.0,24.0,171.0,98.0,,hardware,False,1.0,0.0,1.0,1.0321174901910126,3.324324324324324,1.0,,,24.0,,,,24.0,,,,,,,,,,,,,,,,,
tfim_nq24_ibmq_ibm_boston_CPU_sync_itrs1_opt2_20260503T033236Z.json,tfim,24,ibmq,ibm_boston,CPU,sync,1,2.0,2026-05-03T03:32:36.342293Z,1,112,1,frontier,gen006,74,24,24.0,24,120,48,48,72,74,1,0,,24,48.0,,2.0,172.0,156.0,270.0,48.0,0.0,133.0,2.0,0.3076923076923077,48.0,24.0,99.0,98.0,,hardware,False,1.0,0.0,1.0,1.445445594843477,2.324324324324324,1.0,,,24.0,,,,24.0,1.0,,,,,,,,,,,,,,,,
tfim_nq24_ibmq_ibm_boston_CPU_sync_itrs1_opt3_20260503T033236Z.json,tfim,24,ibmq,ibm_boston,CPU,sync,1,3.0,2026-05-03T03:32:36.969482Z,1,112,1,frontier,gen006,74,24,24.0,24,120,48,48,72,74,1,0,,24,48.0,,3.0,172.0,156.0,270.0,48.0,0.0,133.0,2.0,0.3076923076923077,48.0,24.0,99.0,98.0,,hardware,False,1.0,0.0,1.0,1.241989295464009,2.324324324324324,1.0,,,24.0,,,,24.0,1.0,,,,,,,,,,,,,,,,
tfim_nq24_ibmq_ibm_miami_CPU_sync_itrs1_opt0_20260503T033236Z.json,tfim,24,ibmq,ibm_miami,CPU,sync,1,0.0,2026-05-03T03:32:36.357182Z,1,112,1,frontier,gen006,74,24,24.0,24,120,48,48,72,74,1,0,,24,48.0,,0.0,393.0,120.0,738.0,126.0,0.0,91.0,3.0,0.5166666666666667,126.0,24.0,288.0,300.0,,hardware,False,1.0,0.0,1.0,0.9956901269033551,5.3108108108108105,2.625,,,24.0,,,,24.0,,,,,,,,,,,,,,,,,
tfim_nq24_ibmq_ibm_miami_CPU_sync_itrs1_opt1_20260503T033227Z.json,tfim,24,ibmq,ibm_miami,CPU,sync,1,1.0,2026-05-03T03:32:27.179448Z,1,112,1,frontier,gen006,74,24,24.0,24,120,48,48,72,74,1,0,,24,48.0,,1.0,246.0,120.0,341.0,48.0,0.0,97.0,2.0,0.4,48.0,24.0,171.0,98.0,,hardware,False,1.0,0.0,1.0,1.045464071445167,3.324324324324324,1.0,,,24.0,,,,24.0,,,,,,,,,,,,,,,,,
tfim_nq24_ibmq_ibm_miami_CPU_sync_itrs1_opt2_20260503T033251Z.json,tfim,24,ibmq,ibm_miami,CPU,sync,1,2.0,2026-05-03T03:32:51.339480Z,1,112,1,frontier,gen006,74,24,24.0,24,120,48,48,72,74,1,0,,24,48.0,,2.0,174.0,120.0,270.0,48.0,0.0,97.0,2.0,0.4,48.0,24.0,98.0,99.0,,hardware,False,1.0,0.0,1.0,1.287046710960567,2.3513513513513513,1.0,,,24.0,,,,24.0,1.0,,,,,,,,,,,,,,,,
tfim_nq24_ibmq_ibm_miami_CPU_sync_itrs1_opt3_20260503T033301Z.json,tfim,24,ibmq,ibm_miami,CPU,sync,1,3.0,2026-05-03T03:33:01.341859Z,1,112,1,frontier,gen006,74,24,24.0,24,120,48,48,72,74,1,0,,24,48.0,,3.0,174.0,120.0,270.0,48.0,0.0,97.0,2.0,0.4,48.0,24.0,98.0,99.0,,hardware,False,1.0,0.0,1.0,22.22118720295839,2.3513513513513513,1.0,,,24.0,,,,24.0,1.0,,,,,,,,,,,,,,,,
tfim_nq24_ionq_simulator_CPU_sync_itrs1_opt0_20260503T051148Z.json,tfim,24,ionq,simulator,CPU,sync,1,0.0,2026-05-03T05:11:48.129786Z,1,112,1,frontier,gen006,74,24,24.0,24,120,48,48,72,74,1,0,,24,48.0,,0.0,74.0,24.0,120.0,48.0,0.0,1.0,2.0,2.0,,24.0,24.0,,ionq_simulator,simulator,True,1.0,0.0,1.0,0.43640580447390676,1.0,1.0,48.0,,24.0,,,,24.0,,,,,,,,,,,24.0,,,,,,
tfim_nq24_ionq_simulator_CPU_sync_itrs1_opt1_20260503T051148Z.json,tfim,24,ionq,simulator,CPU,sync,1,1.0,2026-05-03T05:11:48.097926Z,1,112,1,frontier,gen006,74,24,24.0,24,120,48,48,72,74,1,0,,24,48.0,,1.0,74.0,24.0,120.0,48.0,0.0,1.0,2.0,2.0,,24.0,24.0,,ionq_simulator,simulator,True,1.0,0.0,1.0,0.46015774784609675,1.0,1.0,48.0,,24.0,,,,24.0,,,,,,,,,,,24.0,,,,,,
tfim_nq24_ionq_simulator_CPU_sync_itrs1_opt2_20260503T051148Z.json,tfim,24,ionq,simulator,CPU,sync,1,2.0,2026-05-03T05:11:48.107454Z,1,112,1,frontier,gen006,74,24,24.0,24,120,48,48,72,74,1,0,,24,48.0,,2.0,74.0,24.0,120.0,48.0,0.0,1.0,2.0,2.0,,24.0,24.0,,ionq_simulator,simulator,True,1.0,0.0,1.0,0.4540638574399054,1.0,1.0,48.0,,24.0,,,,24.0,,,,,,,,,,,24.0,,,,,,
tfim_nq24_ionq_simulator_CPU_sync_itrs1_opt3_20260503T051234Z.json,tfim,24,ionq,simulator,CPU,sync,1,3.0,2026-05-03T05:12:34.587556Z,1,112,1,frontier,gen006,74,24,24.0,24,120,48,48,72,74,1,0,,24,48.0,,3.0,74.0,24.0,120.0,48.0,0.0,1.0,2.0,2.0,,24.0,24.0,,ionq_simulator,simulator,True,1.0,0.0,1.0,0.467824243940413,1.0,1.0,48.0,,24.0,,,,24.0,,,,,,,,,,,24.0,,,,,,
tfim_nq25_ibmq_ibm_boston_CPU_sync_itrs1_opt0_20260503T033303Z.json,tfim,25,ibmq,ibm_boston,CPU,sync,1,0.0,2026-05-03T03:33:03.747250Z,1,112,1,frontier,gen006,77,25,25.0,25,125,50,50,75,77,1,0,,25,50.0,,0.0,447.0,156.0,966.0,197.0,0.0,121.0,3.0,0.46153846153846156,197.0,25.0,300.0,444.0,,hardware,False,1.0,0.0,1.0,0.8944574911147356,5.805194805194805,3.94,,,25.0,,,,25.0,,,,,,,,,,,,,,,,,
tfim_nq25_ibmq_ibm_boston_CPU_sync_itrs1_opt1_20260503T033322Z.json,tfim,25,ibmq,ibm_boston,CPU,sync,1,1.0,2026-05-03T03:33:22.079289Z,1,112,1,frontier,gen006,77,25,25.0,25,125,50,50,75,77,1,0,,25,50.0,,1.0,336.0,156.0,562.0,119.0,0.0,128.0,3.0,0.3717948717948718,119.0,25.0,181.0,237.0,,hardware,False,1.0,0.0,1.0,1.2488561910577118,4.363636363636363,2.38,,,25.0,,,,25.0,,,,,,,,,,,,,,,,,
tfim_nq25_ibmq_ibm_boston_CPU_sync_itrs1_opt2_20260503T033304Z.json,tfim,25,ibmq,ibm_boston,CPU,sync,1,2.0,2026-05-03T03:33:04.677905Z,1,112,1,frontier,gen006,77,25,25.0,25,125,50,50,75,77,1,0,,25,50.0,,2.0,276.0,156.0,500.0,114.0,0.0,116.0,3.0,0.5384615384615384,114.0,25.0,120.0,236.0,,hardware,False,1.0,0.0,1.0,1.4603570410981774,3.5844155844155843,2.28,,,25.0,,,,25.0,5.0,,,,,,,,,,,,,,,,
tfim_nq25_ibmq_ibm_boston_CPU_sync_itrs1_opt3_20260503T033318Z.json,tfim,25,ibmq,ibm_boston,CPU,sync,1,3.0,2026-05-03T03:33:18.386145Z,1,112,1,frontier,gen006,77,25,25.0,25,125,50,50,75,77,1,0,,25,50.0,,3.0,267.0,156.0,480.0,111.0,0.0,112.0,3.0,0.5769230769230769,111.0,25.0,114.0,224.0,,hardware,False,1.0,0.0,1.0,15.390137704554945,3.4675324675324677,2.22,,,25.0,,,,25.0,6.0,,,,,,,,,,,,,,,,
tfim_nq25_ibmq_ibm_miami_CPU_sync_itrs1_opt0_20260503T033246Z.json,tfim,25,ibmq,ibm_miami,CPU,sync,1,0.0,2026-05-03T03:32:46.458614Z,1,112,1,frontier,gen006,77,25,25.0,25,125,50,50,75,77,1,0,,25,50.0,,0.0,393.0,120.0,768.0,131.0,0.0,96.0,3.0,0.43333333333333335,131.0,25.0,300.0,312.0,,hardware,False,1.0,0.0,1.0,0.9380408893339336,5.103896103896104,2.62,,,25.0,,,,25.0,,,,,,,,,,,,,,,,,
tfim_nq25_ibmq_ibm_miami_CPU_sync_itrs1_opt1_20260503T033316Z.json,tfim,25,ibmq,ibm_miami,CPU,sync,1,1.0,2026-05-03T03:33:16.895552Z,1,112,1,frontier,gen006,77,25,25.0,25,125,50,50,75,77,1,0,,25,50.0,,1.0,298.0,120.0,515.0,92.0,0.0,94.0,4.0,0.5333333333333333,92.0,25.0,208.0,190.0,,hardware,False,1.0,0.0,1.0,1.2195285088382661,3.8701298701298703,1.84,,,25.0,,,,25.0,,,,,,,,,,,,,,,,,
tfim_nq25_ibmq_ibm_miami_CPU_sync_itrs1_opt2_20260503T033322Z.json,tfim,25,ibmq,ibm_miami,CPU,sync,1,2.0,2026-05-03T03:33:22.593257Z,1,112,1,frontier,gen006,77,25,25.0,25,125,50,50,75,77,1,0,,25,50.0,,2.0,239.0,120.0,417.0,83.0,0.0,91.0,4.0,0.55,83.0,25.0,126.0,170.0,,hardware,False,1.0,0.0,1.0,9.447811873164028,3.103896103896104,1.66,,,25.0,,,,25.0,13.0,,,,,,,,,,,,,,,,
tfim_nq25_ibmq_ibm_miami_CPU_sync_itrs1_opt3_20260503T033350Z.json,tfim,25,ibmq,ibm_miami,CPU,sync,1,3.0,2026-05-03T03:33:50.131814Z,1,112,1,frontier,gen006,77,25,25.0,25,125,50,50,75,77,1,0,,25,50.0,,3.0,226.0,120.0,396.0,73.0,0.0,94.0,4.0,0.5166666666666667,73.0,25.0,132.0,157.0,,hardware,False,1.0,0.0,1.0,82.52391190920025,2.935064935064935,1.46,,,25.0,,,,25.0,9.0,,,,,,,,,,,,,,,,
tfim_nq25_ionq_simulator_CPU_sync_itrs1_opt0_20260503T051234Z.json,tfim,25,ionq,simulator,CPU,sync,1,0.0,2026-05-03T05:12:34.587645Z,1,112,1,frontier,gen006,77,25,25.0,25,125,50,50,75,77,1,0,,25,50.0,,0.0,77.0,25.0,125.0,50.0,0.0,1.0,2.0,2.0,,25.0,25.0,,ionq_simulator,simulator,True,1.0,0.0,1.0,0.4228139608167112,1.0,1.0,50.0,,25.0,,,,25.0,,,,,,,,,,,25.0,,,,,,
tfim_nq25_ionq_simulator_CPU_sync_itrs1_opt1_20260503T051321Z.json,tfim,25,ionq,simulator,CPU,sync,1,1.0,2026-05-03T05:13:21.490225Z,1,112,1,frontier,gen006,77,25,25.0,25,125,50,50,75,77,1,0,,25,50.0,,1.0,77.0,25.0,125.0,50.0,0.0,1.0,2.0,2.0,,25.0,25.0,,ionq_simulator,simulator,True,1.0,0.0,1.0,0.4480596771463752,1.0,1.0,50.0,,25.0,,,,25.0,,,,,,,,,,,25.0,,,,,,
tfim_nq25_ionq_simulator_CPU_sync_itrs1_opt2_20260503T051321Z.json,tfim,25,ionq,simulator,CPU,sync,1,2.0,2026-05-03T05:13:21.490792Z,1,112,1,frontier,gen006,77,25,25.0,25,125,50,50,75,77,1,0,,25,50.0,,2.0,77.0,25.0,125.0,50.0,0.0,1.0,2.0,2.0,,25.0,25.0,,ionq_simulator,simulator,True,1.0,0.0,1.0,0.44433843856677413,1.0,1.0,50.0,,25.0,,,,25.0,,,,,,,,,,,25.0,,,,,,
tfim_nq25_ionq_simulator_CPU_sync_itrs1_opt3_20260503T051321Z.json,tfim,25,ionq,simulator,CPU,sync,1,3.0,2026-05-03T05:13:21.490690Z,1,112,1,frontier,gen006,77,25,25.0,25,125,50,50,75,77,1,0,,25,50.0,,3.0,77.0,25.0,125.0,50.0,0.0,1.0,2.0,2.0,,25.0,25.0,,ionq_simulator,simulator,True,1.0,0.0,1.0,0.45911943074315786,1.0,1.0,50.0,,25.0,,,,25.0,,,,,,,,,,,25.0,,,,,,
tfim_nq26_ibmq_ibm_boston_CPU_sync_itrs1_opt0_20260503T033757Z.json,tfim,26,ibmq,ibm_boston,CPU,sync,1,0.0,2026-05-03T03:37:57.270740Z,1,112,1,frontier,gen006,80,26,26.0,26,130,52,52,78,80,1,0,,26,52.0,,0.0,489.0,156.0,987.0,199.0,0.0,131.0,3.0,0.32051282051282054,199.0,26.0,312.0,450.0,,hardware,False,1.0,0.0,1.0,0.9034841693937778,6.1125,3.826923076923077,,,26.0,,,,26.0,,,,,,,,,,,,,,,,,
tfim_nq26_ibmq_ibm_boston_CPU_sync_itrs1_opt1_20260503T033755Z.json,tfim,26,ibmq,ibm_boston,CPU,sync,1,1.0,2026-05-03T03:37:55.762172Z,1,112,1,frontier,gen006,80,26,26.0,26,130,52,52,78,80,1,0,,26,52.0,,1.0,351.0,156.0,570.0,118.0,0.0,117.0,3.0,0.5384615384615384,118.0,26.0,191.0,235.0,,hardware,False,1.0,0.0,1.0,1.2705535353161395,4.3875,2.269230769230769,,,26.0,,,,26.0,,,,,,,,,,,,,,,,,
tfim_nq26_ibmq_ibm_boston_CPU_sync_itrs1_opt2_20260503T033753Z.json,tfim,26,ibmq,ibm_boston,CPU,sync,1,2.0,2026-05-03T03:37:53.256414Z,1,112,1,frontier,gen006,80,26,26.0,26,130,52,52,78,80,1,0,,26,52.0,,2.0,284.0,156.0,531.0,120.0,0.0,113.0,3.0,0.5769230769230769,120.0,26.0,131.0,242.0,,hardware,False,1.0,0.0,1.0,1.51520308945328,3.55,2.3076923076923075,,,26.0,,,,26.0,12.0,,,,,,,,,,,,,,,,
tfim_nq26_ibmq_ibm_boston_CPU_sync_itrs1_opt3_20260503T033735Z.json,tfim,26,ibmq,ibm_boston,CPU,sync,1,3.0,2026-05-03T03:37:35.961848Z,1,112,1,frontier,gen006,80,26,26.0,26,130,52,52,78,80,1,0,,26,52.0,,3.0,280.0,156.0,520.0,116.0,0.0,117.0,3.0,0.5384615384615384,116.0,26.0,131.0,236.0,,hardware,False,1.0,0.0,1.0,1.6699045090936124,3.5,2.230769230769231,,,26.0,,,,26.0,11.0,,,,,,,,,,,,,,,,
tfim_nq26_ibmq_ibm_miami_CPU_sync_itrs1_opt0_20260503T033658Z.json,tfim,26,ibmq,ibm_miami,CPU,sync,1,0.0,2026-05-03T03:36:58.784677Z,1,112,1,frontier,gen006,80,26,26.0,26,130,52,52,78,80,1,0,,26,52.0,,0.0,453.0,120.0,861.0,157.0,0.0,95.0,4.0,0.4666666666666667,157.0,26.0,312.0,366.0,,hardware,False,1.0,0.0,1.0,1.0045172129757702,5.6625,3.019230769230769,,,26.0,,,,26.0,,,,,,,,,,,,,,,,,
tfim_nq26_ibmq_ibm_miami_CPU_sync_itrs1_opt1_20260503T033703Z.json,tfim,26,ibmq,ibm_miami,CPU,sync,1,1.0,2026-05-03T03:37:03.180604Z,1,112,1,frontier,gen006,80,26,26.0,26,130,52,52,78,80,1,0,,26,52.0,,1.0,266.0,120.0,369.0,52.0,0.0,95.0,2.0,0.43333333333333335,52.0,26.0,185.0,106.0,,hardware,False,1.0,0.0,1.0,3.438297546003014,3.325,1.0,,,26.0,,,,26.0,,,,,,,,,,,,,,,,,
tfim_nq26_ibmq_ibm_miami_CPU_sync_itrs1_opt2_20260503T033653Z.json,tfim,26,ibmq,ibm_miami,CPU,sync,1,2.0,2026-05-03T03:36:53.267128Z,1,112,1,frontier,gen006,80,26,26.0,26,130,52,52,78,80,1,0,,26,52.0,,2.0,188.0,120.0,292.0,52.0,0.0,95.0,2.0,0.43333333333333335,52.0,26.0,106.0,107.0,,hardware,False,1.0,0.0,1.0,1.3097055908292532,2.35,1.0,,,26.0,,,,26.0,1.0,,,,,,,,,,,,,,,,
tfim_nq26_ibmq_ibm_miami_CPU_sync_itrs1_opt3_20260503T033708Z.json,tfim,26,ibmq,ibm_miami,CPU,sync,1,3.0,2026-05-03T03:37:08.236304Z,1,112,1,frontier,gen006,80,26,26.0,26,130,52,52,78,80,1,0,,26,52.0,,3.0,188.0,120.0,292.0,52.0,0.0,95.0,2.0,0.43333333333333335,52.0,26.0,106.0,107.0,,hardware,False,1.0,0.0,1.0,14.079258035169914,2.35,1.0,,,26.0,,,,26.0,1.0,,,,,,,,,,,,,,,,
tfim_nq26_ionq_simulator_CPU_sync_itrs1_opt0_20260503T051637Z.json,tfim,26,ionq,simulator,CPU,sync,1,0.0,2026-05-03T05:16:37.158278Z,1,112,1,frontier,gen006,80,26,26.0,26,130,52,52,78,80,1,0,,26,52.0,,0.0,80.0,26.0,130.0,52.0,0.0,1.0,2.0,2.0,,26.0,26.0,,ionq_simulator,simulator,True,1.0,0.0,1.0,0.4303533541969955,1.0,1.0,52.0,,26.0,,,,26.0,,,,,,,,,,,26.0,,,,,,
tfim_nq26_ionq_simulator_CPU_sync_itrs1_opt1_20260503T051655Z.json,tfim,26,ionq,simulator,CPU,sync,1,1.0,2026-05-03T05:16:55.539415Z,1,112,1,frontier,gen006,80,26,26.0,26,130,52,52,78,80,1,0,,26,52.0,,1.0,80.0,26.0,130.0,52.0,0.0,1.0,2.0,2.0,,26.0,26.0,,ionq_simulator,simulator,True,1.0,0.0,1.0,0.43994724098592997,1.0,1.0,52.0,,26.0,,,,26.0,,,,,,,,,,,26.0,,,,,,
tfim_nq26_ionq_simulator_CPU_sync_itrs1_opt2_20260503T051700Z.json,tfim,26,ionq,simulator,CPU,sync,1,2.0,2026-05-03T05:17:00.504801Z,1,112,1,frontier,gen006,80,26,26.0,26,130,52,52,78,80,1,0,,26,52.0,,2.0,80.0,26.0,130.0,52.0,0.0,1.0,2.0,2.0,,26.0,26.0,,ionq_simulator,simulator,True,1.0,0.0,1.0,0.4505633832886815,1.0,1.0,52.0,,26.0,,,,26.0,,,,,,,,,,,26.0,,,,,,
tfim_nq26_ionq_simulator_CPU_sync_itrs1_opt3_20260503T051631Z.json,tfim,26,ionq,simulator,CPU,sync,1,3.0,2026-05-03T05:16:31.154467Z,1,112,1,frontier,gen006,80,26,26.0,26,130,52,52,78,80,1,0,,26,52.0,,3.0,80.0,26.0,130.0,52.0,0.0,1.0,2.0,2.0,,26.0,26.0,,ionq_simulator,simulator,True,1.0,0.0,1.0,0.44822734827175736,1.0,1.0,52.0,,26.0,,,,26.0,,,,,,,,,,,26.0,,,,,,
tfim_nq27_ibmq_ibm_boston_CPU_sync_itrs1_opt0_20260503T033801Z.json,tfim,27,ibmq,ibm_boston,CPU,sync,1,0.0,2026-05-03T03:38:01.077626Z,1,112,1,frontier,gen006,83,27,27.0,27,135,54,54,81,83,1,0,,27,54.0,,0.0,471.0,156.0,1044.0,213.0,0.0,121.0,3.0,0.46153846153846156,213.0,27.0,324.0,480.0,,hardware,False,1.0,0.0,1.0,1.1000699028372765,5.674698795180723,3.9444444444444446,,,27.0,,,,27.0,,,,,,,,,,,,,,,,,
tfim_nq27_ibmq_ibm_boston_CPU_sync_itrs1_opt1_20260503T033753Z.json,tfim,27,ibmq,ibm_boston,CPU,sync,1,1.0,2026-05-03T03:37:53.904619Z,1,112,1,frontier,gen006,83,27,27.0,27,135,54,54,81,83,1,0,,27,54.0,,1.0,382.0,156.0,629.0,126.0,0.0,130.0,3.0,0.34615384615384615,126.0,27.0,225.0,251.0,,hardware,False,1.0,0.0,1.0,1.0602572583593428,4.602409638554217,2.3333333333333335,,,27.0,,,,27.0,,,,,,,,,,,,,,,,,
tfim_nq27_ibmq_ibm_boston_CPU_sync_itrs1_opt2_20260503T033737Z.json,tfim,27,ibmq,ibm_boston,CPU,sync,1,2.0,2026-05-03T03:37:37.012079Z,1,112,1,frontier,gen006,83,27,27.0,27,135,54,54,81,83,1,0,,27,54.0,,2.0,317.0,156.0,576.0,116.0,0.0,130.0,3.0,0.34615384615384615,116.0,27.0,175.0,248.0,,hardware,False,1.0,0.0,1.0,1.8272200487554073,3.819277108433735,2.1481481481481484,,,27.0,,,,27.0,10.0,,,,,,,,,,,,,,,,
tfim_nq27_ibmq_ibm_boston_CPU_sync_itrs1_opt3_20260503T033758Z.json,tfim,27,ibmq,ibm_boston,CPU,sync,1,3.0,2026-05-03T03:37:58.916078Z,1,112,1,frontier,gen006,83,27,27.0,27,135,54,54,81,83,1,0,,27,54.0,,3.0,303.0,156.0,569.0,115.0,0.0,130.0,3.0,0.34615384615384615,115.0,27.0,166.0,246.0,,hardware,False,1.0,0.0,1.0,1.7840958340093493,3.6506024096385543,2.1296296296296298,,,27.0,,,,27.0,15.0,,,,,,,,,,,,,,,,
tfim_nq27_ibmq_ibm_miami_CPU_sync_itrs1_opt0_20260503T033806Z.json,tfim,27,ibmq,ibm_miami,CPU,sync,1,0.0,2026-05-03T03:38:06.125357Z,1,112,1,frontier,gen006,83,27,27.0,27,135,54,54,81,83,1,0,,27,54.0,,0.0,471.0,120.0,855.0,150.0,0.0,94.0,4.0,0.4666666666666667,150.0,27.0,324.0,354.0,,hardware,False,1.0,0.0,1.0,1.003493226133287,5.674698795180723,2.7777777777777777,,,27.0,,,,27.0,,,,,,,,,,,,,,,,,
tfim_nq27_ibmq_ibm_miami_CPU_sync_itrs1_opt1_20260503T033801Z.json,tfim,27,ibmq,ibm_miami,CPU,sync,1,1.0,2026-05-03T03:38:01.077539Z,1,112,1,frontier,gen006,83,27,27.0,27,135,54,54,81,83,1,0,,27,54.0,,1.0,383.0,120.0,551.0,111.0,0.0,85.0,4.0,0.6666666666666666,111.0,27.0,195.0,218.0,,hardware,False,1.0,0.0,1.0,1.1653877249918878,4.614457831325301,2.0555555555555554,,,27.0,,,,27.0,,,,,,,,,,,,,,,,,
tfim_nq27_ibmq_ibm_miami_CPU_sync_itrs1_opt2_20260503T033824Z.json,tfim,27,ibmq,ibm_miami,CPU,sync,1,2.0,2026-05-03T03:38:24.462568Z,1,112,1,frontier,gen006,83,27,27.0,27,135,54,54,81,83,1,0,,27,54.0,,2.0,282.0,120.0,480.0,100.0,0.0,82.0,4.0,0.6833333333333333,100.0,27.0,133.0,206.0,,hardware,False,1.0,0.0,1.0,9.44160260213539,3.397590361445783,1.8518518518518519,,,27.0,,,,27.0,14.0,,,,,,,,,,,,,,,,
tfim_nq27_ibmq_ibm_miami_CPU_sync_itrs1_opt3_20260503T033829Z.json,tfim,27,ibmq,ibm_miami,CPU,sync,1,3.0,2026-05-03T03:38:29.248241Z,1,112,1,frontier,gen006,83,27,27.0,27,135,54,54,81,83,1,0,,27,54.0,,3.0,252.0,120.0,425.0,81.0,0.0,89.0,4.0,0.5666666666666667,81.0,27.0,135.0,176.0,,hardware,False,1.0,0.0,1.0,71.55072316993028,3.036144578313253,1.5,,,27.0,,,,27.0,6.0,,,,,,,,,,,,,,,,
tfim_nq27_ionq_simulator_CPU_sync_itrs1_opt0_20260503T051708Z.json,tfim,27,ionq,simulator,CPU,sync,1,0.0,2026-05-03T05:17:08.276325Z,1,112,1,frontier,gen006,83,27,27.0,27,135,54,54,81,83,1,0,,27,54.0,,0.0,83.0,27.0,135.0,54.0,0.0,1.0,2.0,2.0,,27.0,27.0,,ionq_simulator,simulator,True,1.0,0.0,1.0,0.4135203268378973,1.0,1.0,54.0,,27.0,,,,27.0,,,,,,,,,,,27.0,,,,,,
tfim_nq27_ionq_simulator_CPU_sync_itrs1_opt1_20260503T051653Z.json,tfim,27,ionq,simulator,CPU,sync,1,1.0,2026-05-03T05:16:53.129976Z,1,112,1,frontier,gen006,83,27,27.0,27,135,54,54,81,83,1,0,,27,54.0,,1.0,83.0,27.0,135.0,54.0,0.0,1.0,2.0,2.0,,27.0,27.0,,ionq_simulator,simulator,True,1.0,0.0,1.0,0.4456891044974327,1.0,1.0,54.0,,27.0,,,,27.0,,,,,,,,,,,27.0,,,,,,
tfim_nq27_ionq_simulator_CPU_sync_itrs1_opt2_20260503T051710Z.json,tfim,27,ionq,simulator,CPU,sync,1,2.0,2026-05-03T05:17:10.789910Z,1,112,1,frontier,gen006,83,27,27.0,27,135,54,54,81,83,1,0,,27,54.0,,2.0,83.0,27.0,135.0,54.0,0.0,1.0,2.0,2.0,,27.0,27.0,,ionq_simulator,simulator,True,1.0,0.0,1.0,0.530816207639873,1.0,1.0,54.0,,27.0,,,,27.0,,,,,,,,,,,27.0,,,,,,
tfim_nq27_ionq_simulator_CPU_sync_itrs1_opt3_20260503T051635Z.json,tfim,27,ionq,simulator,CPU,sync,1,3.0,2026-05-03T05:16:35.120300Z,1,112,1,frontier,gen006,83,27,27.0,27,135,54,54,81,83,1,0,,27,54.0,,3.0,83.0,27.0,135.0,54.0,0.0,1.0,2.0,2.0,,27.0,27.0,,ionq_simulator,simulator,True,1.0,0.0,1.0,0.46975872851908207,1.0,1.0,54.0,,27.0,,,,27.0,,,,,,,,,,,27.0,,,,,,
tfim_nq28_ibmq_ibm_boston_CPU_sync_itrs1_opt0_20260503T034231Z.json,tfim,28,ibmq,ibm_boston,CPU,sync,1,0.0,2026-05-03T03:42:31.210858Z,1,112,1,frontier,gen006,86,28,28.0,28,140,56,56,84,86,1,0,,28,56.0,,0.0,525.0,156.0,1101.0,227.0,0.0,129.0,3.0,0.34615384615384615,227.0,28.0,336.0,510.0,,hardware,False,1.0,0.0,1.0,1.0720412600785494,6.104651162790698,4.053571428571429,,,28.0,,,,28.0,,,,,,,,,,,,,,,,,
tfim_nq28_ibmq_ibm_boston_CPU_sync_itrs1_opt2_20260503T034218Z.json,tfim,28,ibmq,ibm_boston,CPU,sync,1,2.0,2026-05-03T03:42:18.870962Z,1,112,1,frontier,gen006,86,28,28.0,28,140,56,56,84,86,1,0,,28,56.0,,2.0,200.0,156.0,314.0,56.0,0.0,129.0,2.0,0.358974358974359,56.0,28.0,115.0,114.0,,hardware,False,1.0,0.0,1.0,1.783650382887572,2.3255813953488373,1.0,,,28.0,,,,28.0,1.0,,,,,,,,,,,,,,,,
tfim_nq28_ibmq_ibm_boston_CPU_sync_itrs1_opt3_20260503T034219Z.json,tfim,28,ibmq,ibm_boston,CPU,sync,1,3.0,2026-05-03T03:42:19.620985Z,1,112,1,frontier,gen006,86,28,28.0,28,140,56,56,84,86,1,0,,28,56.0,,3.0,200.0,156.0,314.0,56.0,0.0,129.0,2.0,0.358974358974359,56.0,28.0,115.0,114.0,,hardware,False,1.0,0.0,1.0,2.1462619183585048,2.3255813953488373,1.0,,,28.0,,,,28.0,1.0,,,,,,,,,,,,,,,,
tfim_nq28_ibmq_ibm_miami_CPU_sync_itrs1_opt0_20260503T034216Z.json,tfim,28,ibmq,ibm_miami,CPU,sync,1,0.0,2026-05-03T03:42:16.933243Z,1,112,1,frontier,gen006,86,28,28.0,28,140,56,56,84,86,1,0,,28,56.0,,0.0,447.0,120.0,849.0,143.0,0.0,93.0,3.0,0.48333333333333334,143.0,28.0,336.0,342.0,,hardware,False,1.0,0.0,1.0,1.100109159015119,5.1976744186046515,2.5535714285714284,,,28.0,,,,28.0,,,,,,,,,,,,,,,,,
tfim_nq28_ibmq_ibm_miami_CPU_sync_itrs1_opt1_20260503T034257Z.json,tfim,28,ibmq,ibm_miami,CPU,sync,1,1.0,2026-05-03T03:42:57.927160Z,1,112,1,frontier,gen006,86,28,28.0,28,140,56,56,84,86,1,0,,28,56.0,,1.0,286.0,120.0,397.0,56.0,0.0,93.0,2.0,0.4666666666666667,56.0,28.0,199.0,114.0,,hardware,False,1.0,0.0,1.0,1.1186570944264531,3.3255813953488373,1.0,,,28.0,,,,28.0,,,,,,,,,,,,,,,,,
tfim_nq28_ibmq_ibm_miami_CPU_sync_itrs1_opt2_20260503T034212Z.json,tfim,28,ibmq,ibm_miami,CPU,sync,1,2.0,2026-05-03T03:42:12.103146Z,1,112,1,frontier,gen006,86,28,28.0,28,140,56,56,84,86,1,0,,28,56.0,,2.0,200.0,120.0,314.0,56.0,0.0,93.0,2.0,0.4666666666666667,56.0,28.0,115.0,114.0,,hardware,False,1.0,0.0,1.0,1.0682387803681195,2.3255813953488373,1.0,,,28.0,,,,28.0,1.0,,,,,,,,,,,,,,,,
tfim_nq28_ibmq_ibm_miami_CPU_sync_itrs1_opt3_20260503T034312Z.json,tfim,28,ibmq,ibm_miami,CPU,sync,1,3.0,2026-05-03T03:43:12.576888Z,1,112,1,frontier,gen006,86,28,28.0,28,140,56,56,84,86,1,0,,28,56.0,,3.0,200.0,120.0,314.0,56.0,0.0,93.0,2.0,0.4666666666666667,56.0,28.0,115.0,114.0,,hardware,False,1.0,0.0,1.0,16.863430425990373,2.3255813953488373,1.0,,,28.0,,,,28.0,1.0,,,,,,,,,,,,,,,,
tfim_nq28_ionq_simulator_CPU_sync_itrs1_opt0_20260503T051647Z.json,tfim,28,ionq,simulator,CPU,sync,1,0.0,2026-05-03T05:16:47.175558Z,1,112,1,frontier,gen006,86,28,28.0,28,140,56,56,84,86,1,0,,28,56.0,,0.0,86.0,28.0,140.0,56.0,0.0,1.0,2.0,2.0,,28.0,28.0,,ionq_simulator,simulator,True,1.0,0.0,1.0,0.46436950005590916,1.0,1.0,56.0,,28.0,,,,28.0,,,,,,,,,,,28.0,,,,,,
tfim_nq28_ionq_simulator_CPU_sync_itrs1_opt1_20260503T051655Z.json,tfim,28,ionq,simulator,CPU,sync,1,1.0,2026-05-03T05:16:55.120225Z,1,112,1,frontier,gen006,86,28,28.0,28,140,56,56,84,86,1,0,,28,56.0,,1.0,86.0,28.0,140.0,56.0,0.0,1.0,2.0,2.0,,28.0,28.0,,ionq_simulator,simulator,True,1.0,0.0,1.0,0.4718297589570284,1.0,1.0,56.0,,28.0,,,,28.0,,,,,,,,,,,28.0,,,,,,
tfim_nq28_ionq_simulator_CPU_sync_itrs1_opt3_20260503T052359Z.json,tfim,28,ionq,simulator,CPU,sync,1,3.0,2026-05-03T05:23:59.488190Z,1,112,1,frontier,gen006,86,28,28.0,28,140,56,56,84,86,1,0,,28,56.0,,3.0,86.0,28.0,140.0,56.0,0.0,1.0,2.0,2.0,,28.0,28.0,,ionq_simulator,simulator,True,1.0,0.0,1.0,0.45028119068592787,1.0,1.0,56.0,,28.0,,,,28.0,,,,,,,,,,,28.0,,,,,,
tfim_nq29_ibmq_ibm_boston_CPU_sync_itrs1_opt0_20260503T034212Z.json,tfim,29,ibmq,ibm_boston,CPU,sync,1,0.0,2026-05-03T03:42:12.020329Z,1,112,1,frontier,gen006,89,29,29.0,29,145,58,58,87,89,1,0,,29,58.0,,0.0,519.0,156.0,1095.0,220.0,0.0,125.0,3.0,0.41025641025641024,220.0,29.0,348.0,498.0,,hardware,False,1.0,0.0,1.0,1.3209974165074527,5.831460674157303,3.793103448275862,,,29.0,,,,29.0,,,,,,,,,,,,,,,,,
tfim_nq29_ibmq_ibm_boston_CPU_sync_itrs1_opt1_20260503T034213Z.json,tfim,29,ibmq,ibm_boston,CPU,sync,1,1.0,2026-05-03T03:42:13.499682Z,1,112,1,frontier,gen006,89,29,29.0,29,145,58,58,87,89,1,0,,29,58.0,,1.0,406.0,156.0,632.0,133.0,0.0,104.0,3.0,0.6794871794871795,133.0,29.0,206.0,264.0,,hardware,False,1.0,0.0,1.0,1.143488478846848,4.561797752808989,2.293103448275862,,,29.0,,,,29.0,,,,,,,,,,,,,,,,,
tfim_nq29_ibmq_ibm_boston_CPU_sync_itrs1_opt2_20260503T034229Z.json,tfim,29,ibmq,ibm_boston,CPU,sync,1,2.0,2026-05-03T03:42:29.238949Z,1,112,1,frontier,gen006,89,29,29.0,29,145,58,58,87,89,1,0,,29,58.0,,2.0,306.0,156.0,561.0,127.0,0.0,108.0,3.0,0.6410256410256411,127.0,29.0,135.0,262.0,,hardware,False,1.0,0.0,1.0,2.3470854787155986,3.438202247191011,2.189655172413793,,,29.0,,,,29.0,8.0,,,,,,,,,,,,,,,,
tfim_nq29_ibmq_ibm_boston_CPU_sync_itrs1_opt3_20260503T034228Z.json,tfim,29,ibmq,ibm_boston,CPU,sync,1,3.0,2026-05-03T03:42:28.196972Z,1,112,1,frontier,gen006,89,29,29.0,29,145,58,58,87,89,1,0,,29,58.0,,3.0,325.0,156.0,648.0,133.0,0.0,128.0,3.0,0.358974358974359,133.0,29.0,189.0,284.0,,hardware,False,1.0,0.0,1.0,4.663803187198937,3.651685393258427,2.293103448275862,,,29.0,,,,29.0,13.0,,,,,,,,,,,,,,,,
tfim_nq29_ibmq_ibm_miami_CPU_sync_itrs1_opt0_20260503T034238Z.json,tfim,29,ibmq,ibm_miami,CPU,sync,1,0.0,2026-05-03T03:42:38.531255Z,1,112,1,frontier,gen006,89,29,29.0,29,145,58,58,87,89,1,0,,29,58.0,,0.0,453.0,120.0,942.0,169.0,0.0,92.0,4.0,0.5333333333333333,169.0,29.0,348.0,396.0,,hardware,False,1.0,0.0,1.0,0.9161556488834321,5.089887640449438,2.913793103448276,,,29.0,,,,29.0,,,,,,,,,,,,,,,,,
tfim_nq29_ibmq_ibm_miami_CPU_sync_itrs1_opt1_20260503T034228Z.json,tfim,29,ibmq,ibm_miami,CPU,sync,1,1.0,2026-05-03T03:42:28.716373Z,1,112,1,frontier,gen006,89,29,29.0,29,145,58,58,87,89,1,0,,29,58.0,,1.0,408.0,120.0,617.0,124.0,0.0,81.0,4.0,0.75,124.0,29.0,218.0,246.0,,hardware,False,1.0,0.0,1.0,1.3228750075213611,4.584269662921348,2.1379310344827585,,,29.0,,,,29.0,,,,,,,,,,,,,,,,,
tfim_nq29_ibmq_ibm_miami_CPU_sync_itrs1_opt2_20260503T034302Z.json,tfim,29,ibmq,ibm_miami,CPU,sync,1,2.0,2026-05-03T03:43:02.897223Z,1,112,1,frontier,gen006,89,29,29.0,29,145,58,58,87,89,1,0,,29,58.0,,2.0,282.0,120.0,475.0,97.0,0.0,81.0,3.0,0.6833333333333333,97.0,29.0,139.0,197.0,,hardware,False,1.0,0.0,1.0,9.718871803022921,3.168539325842697,1.6724137931034482,,,29.0,,,,29.0,13.0,,,,,,,,,,,,,,,,
tfim_nq29_ibmq_ibm_miami_CPU_sync_itrs1_opt3_20260503T034323Z.json,tfim,29,ibmq,ibm_miami,CPU,sync,1,3.0,2026-05-03T03:43:23.298856Z,1,112,1,frontier,gen006,89,29,29.0,29,145,58,58,87,89,1,0,,29,58.0,,3.0,295.0,120.0,516.0,98.0,0.0,88.0,4.0,0.5833333333333334,98.0,29.0,165.0,209.0,,hardware,False,1.0,0.0,1.0,77.45091608259827,3.3146067415730336,1.6896551724137931,,,29.0,,,,29.0,15.0,,,,,,,,,,,,,,,,
tfim_nq30_ibmq_ibm_boston_CPU_sync_itrs1_opt0_20260503T034919Z.json,tfim,30,ibmq,ibm_boston,CPU,sync,1,0.0,2026-05-03T03:49:19.278529Z,1,112,1,frontier,gen006,92,30,30.0,30,150,60,60,90,92,1,0,,30,60.0,,0.0,531.0,156.0,1125.0,225.0,0.0,121.0,3.0,0.46153846153846156,225.0,30.0,360.0,510.0,,hardware,False,1.0,0.0,1.0,0.9786705053411424,5.771739130434782,3.75,,,30.0,,,,30.0,,,,,,,,,,,,,,,,,
tfim_nq30_ibmq_ibm_boston_CPU_sync_itrs1_opt1_20260503T034910Z.json,tfim,30,ibmq,ibm_boston,CPU,sync,1,1.0,2026-05-03T03:49:10.918517Z,1,112,1,frontier,gen006,92,30,30.0,30,150,60,60,90,92,1,0,,30,60.0,,1.0,434.0,156.0,723.0,144.0,0.0,127.0,3.0,0.3717948717948718,144.0,30.0,255.0,294.0,,hardware,False,1.0,0.0,1.0,1.0994304930791259,4.717391304347826,2.4,,,30.0,,,,30.0,,,,,,,,,,,,,,,,,
tfim_nq30_ibmq_ibm_boston_CPU_sync_itrs1_opt2_20260503T034916Z.json,tfim,30,ibmq,ibm_boston,CPU,sync,1,2.0,2026-05-03T03:49:16.647953Z,1,112,1,frontier,gen006,92,30,30.0,30,150,60,60,90,92,1,0,,30,60.0,,2.0,325.0,156.0,623.0,133.0,0.0,115.0,3.0,0.5512820512820513,133.0,30.0,164.0,282.0,,hardware,False,1.0,0.0,1.0,2.6611785371787846,3.532608695652174,2.216666666666667,,,30.0,,,,30.0,14.0,,,,,,,,,,,,,,,,
tfim_nq30_ibmq_ibm_boston_CPU_sync_itrs1_opt3_20260503T034929Z.json,tfim,30,ibmq,ibm_boston,CPU,sync,1,3.0,2026-05-03T03:49:29.289029Z,1,112,1,frontier,gen006,92,30,30.0,30,150,60,60,90,92,1,0,,30,60.0,,3.0,320.0,156.0,562.0,130.0,0.0,104.0,3.0,0.6794871794871795,130.0,30.0,131.0,266.0,,hardware,False,1.0,0.0,1.0,48.44794612098485,3.4782608695652173,2.1666666666666665,,,30.0,,,,30.0,5.0,,,,,,,,,,,,,,,,
tfim_nq30_ibmq_ibm_miami_CPU_sync_itrs1_opt0_20260503T034818Z.json,tfim,30,ibmq,ibm_miami,CPU,sync,1,0.0,2026-05-03T03:48:18.575795Z,1,112,1,frontier,gen006,92,30,30.0,30,150,60,60,90,92,1,0,,30,60.0,,0.0,459.0,120.0,927.0,159.0,0.0,91.0,4.0,0.5333333333333333,159.0,30.0,360.0,378.0,,hardware,False,1.0,0.0,1.0,0.8482527262531221,4.989130434782608,2.65,,,30.0,,,,30.0,,,,,,,,,,,,,,,,,
tfim_nq30_ibmq_ibm_miami_CPU_sync_itrs1_opt1_20260503T034916Z.json,tfim,30,ibmq,ibm_miami,CPU,sync,1,1.0,2026-05-03T03:49:16.253845Z,1,112,1,frontier,gen006,92,30,30.0,30,150,60,60,90,92,1,0,,30,60.0,,1.0,306.0,120.0,425.0,60.0,0.0,91.0,2.0,0.5,60.0,30.0,213.0,122.0,,hardware,False,1.0,0.0,1.0,1.0978748048655689,3.3260869565217392,1.0,,,30.0,,,,30.0,,,,,,,,,,,,,,,,,
tfim_nq30_ibmq_ibm_miami_CPU_sync_itrs1_opt2_20260503T034906Z.json,tfim,30,ibmq,ibm_miami,CPU,sync,1,2.0,2026-05-03T03:49:06.225033Z,1,112,1,frontier,gen006,92,30,30.0,30,150,60,60,90,92,1,0,,30,60.0,,2.0,214.0,120.0,336.0,60.0,0.0,91.0,2.0,0.5,60.0,30.0,123.0,122.0,,hardware,False,1.0,0.0,1.0,1.3026128453202546,2.3260869565217392,1.0,,,30.0,,,,30.0,1.0,,,,,,,,,,,,,,,,
tfim_nq30_ibmq_ibm_miami_CPU_sync_itrs1_opt3_20260503T034955Z.json,tfim,30,ibmq,ibm_miami,CPU,sync,1,3.0,2026-05-03T03:49:55.672028Z,1,112,1,frontier,gen006,92,30,30.0,30,150,60,60,90,92,1,0,,30,60.0,,3.0,216.0,120.0,336.0,60.0,0.0,91.0,2.0,0.5,60.0,30.0,122.0,123.0,,hardware,False,1.0,0.0,1.0,14.310543071012944,2.347826086956522,1.0,,,30.0,,,,30.0,1.0,,,,,,,,,,,,,,,,
tfim_nq31_ibmq_ibm_boston_CPU_sync_itrs1_opt0_20260503T034900Z.json,tfim,31,ibmq,ibm_boston,CPU,sync,1,0.0,2026-05-03T03:49:00.587920Z,1,112,1,frontier,gen006,95,31,31.0,31,155,62,62,93,95,1,0,,31,62.0,,0.0,561.0,156.0,1164.0,233.0,0.0,126.0,3.0,0.38461538461538464,233.0,31.0,372.0,528.0,,hardware,False,1.0,0.0,1.0,1.0151178827509284,5.905263157894737,3.7580645161290325,,,31.0,,,,31.0,,,,,,,,,,,,,,,,,
tfim_nq31_ibmq_ibm_boston_CPU_sync_itrs1_opt1_20260503T034924Z.json,tfim,31,ibmq,ibm_boston,CPU,sync,1,1.0,2026-05-03T03:49:24.405321Z,1,112,1,frontier,gen006,95,31,31.0,31,155,62,62,93,95,1,0,,31,62.0,,1.0,418.0,156.0,695.0,140.0,0.0,115.0,3.0,0.5512820512820513,140.0,31.0,241.0,283.0,,hardware,False,1.0,0.0,1.0,1.126495714765042,4.4,2.2580645161290325,,,31.0,,,,31.0,,,,,,,,,,,,,,,,,
tfim_nq31_ibmq_ibm_boston_CPU_sync_itrs1_opt2_20260503T034929Z.json,tfim,31,ibmq,ibm_boston,CPU,sync,1,2.0,2026-05-03T03:49:29.289676Z,1,112,1,frontier,gen006,95,31,31.0,31,155,62,62,93,95,1,0,,31,62.0,,2.0,313.0,156.0,559.0,125.0,0.0,108.0,3.0,0.6410256410256411,125.0,31.0,141.0,256.0,,hardware,False,1.0,0.0,1.0,2.9514617663808167,3.294736842105263,2.0161290322580645,,,31.0,,,,31.0,6.0,,,,,,,,,,,,,,,,
tfim_nq31_ibmq_ibm_boston_CPU_sync_itrs1_opt3_20260503T034931Z.json,tfim,31,ibmq,ibm_boston,CPU,sync,1,3.0,2026-05-03T03:49:31.932334Z,1,112,1,frontier,gen006,95,31,31.0,31,155,62,62,93,95,1,0,,31,62.0,,3.0,326.0,156.0,562.0,129.0,0.0,104.0,3.0,0.6794871794871795,129.0,31.0,135.0,262.0,,hardware,False,1.0,0.0,1.0,50.87338330503553,3.431578947368421,2.0806451612903225,,,31.0,,,,31.0,5.0,,,,,,,,,,,,,,,,
tfim_nq31_ibmq_ibm_miami_CPU_sync_itrs1_opt0_20260503T034901Z.json,tfim,31,ibmq,ibm_miami,CPU,sync,1,0.0,2026-05-03T03:49:01.441241Z,1,112,1,frontier,gen006,95,31,31.0,31,155,62,62,93,95,1,0,,31,62.0,,0.0,513.0,120.0,1020.0,185.0,0.0,81.0,3.0,0.7166666666666667,185.0,31.0,372.0,432.0,,hardware,False,1.0,0.0,1.0,0.8000828381627798,5.4,2.9838709677419355,,,31.0,,,,31.0,,,,,,,,,,,,,,,,,
tfim_nq31_ibmq_ibm_miami_CPU_sync_itrs1_opt1_20260503T034940Z.json,tfim,31,ibmq,ibm_miami,CPU,sync,1,1.0,2026-05-03T03:49:40.663758Z,1,112,1,frontier,gen006,95,31,31.0,31,155,62,62,93,95,1,0,,31,62.0,,1.0,423.0,120.0,631.0,125.0,0.0,79.0,4.0,0.7666666666666667,125.0,31.0,232.0,243.0,,hardware,False,1.0,0.0,1.0,1.2848347639665008,4.4526315789473685,2.0161290322580645,,,31.0,,,,31.0,,,,,,,,,,,,,,,,,
tfim_nq31_ibmq_ibm_miami_CPU_sync_itrs1_opt2_20260503T034950Z.json,tfim,31,ibmq,ibm_miami,CPU,sync,1,2.0,2026-05-03T03:49:50.346870Z,1,112,1,frontier,gen006,95,31,31.0,31,155,62,62,93,95,1,0,,31,62.0,,2.0,339.0,120.0,615.0,130.0,0.0,84.0,4.0,0.7,130.0,31.0,171.0,268.0,,hardware,False,1.0,0.0,1.0,9.283607938792557,3.568421052631579,2.096774193548387,,,31.0,,,,31.0,15.0,,,,,,,,,,,,,,,,
tfim_nq31_ibmq_ibm_miami_CPU_sync_itrs1_opt3_20260503T035005Z.json,tfim,31,ibmq,ibm_miami,CPU,sync,1,3.0,2026-05-03T03:50:05.364013Z,1,112,1,frontier,gen006,95,31,31.0,31,155,62,62,93,95,1,0,,31,62.0,,3.0,319.0,120.0,558.0,109.0,0.0,85.0,4.0,0.6666666666666666,109.0,31.0,173.0,229.0,,hardware,False,1.0,0.0,1.0,65.17547080293298,3.357894736842105,1.7580645161290323,,,31.0,,,,31.0,16.0,,,,,,,,,,,,,,,,
tfim_nq32_ibmq_ibm_boston_CPU_sync_itrs1_opt0_20260503T035344Z.json,tfim,32,ibmq,ibm_boston,CPU,sync,1,0.0,2026-05-03T03:53:44.732945Z,1,112,1,frontier,gen006,98,32,32.0,32,160,64,64,96,98,1,0,,32,64.0,,0.0,627.0,156.0,1203.0,241.0,0.0,125.0,3.0,0.3974358974358974,241.0,32.0,384.0,546.0,,hardware,False,1.0,0.0,1.0,1.2443928848952055,6.3979591836734695,3.765625,,,32.0,,,,32.0,,,,,,,,,,,,,,,,,
tfim_nq32_ibmq_ibm_boston_CPU_sync_itrs1_opt1_20260503T035331Z.json,tfim,32,ibmq,ibm_boston,CPU,sync,1,1.0,2026-05-03T03:53:31.094605Z,1,112,1,frontier,gen006,98,32,32.0,32,160,64,64,96,98,1,0,,32,64.0,,1.0,326.0,156.0,453.0,64.0,0.0,125.0,2.0,0.41025641025641024,64.0,32.0,227.0,130.0,,hardware,False,1.0,0.0,1.0,1.2486183089204133,3.326530612244898,1.0,,,32.0,,,,32.0,,,,,,,,,,,,,,,,,
tfim_nq32_ibmq_ibm_boston_CPU_sync_itrs1_opt2_20260503T035338Z.json,tfim,32,ibmq,ibm_boston,CPU,sync,1,2.0,2026-05-03T03:53:38.718789Z,1,112,1,frontier,gen006,98,32,32.0,32,160,64,64,96,98,1,0,,32,64.0,,2.0,228.0,156.0,358.0,64.0,0.0,125.0,2.0,0.41025641025641024,64.0,32.0,131.0,130.0,,hardware,False,1.0,0.0,1.0,1.72180804470554,2.326530612244898,1.0,,,32.0,,,,32.0,1.0,,,,,,,,,,,,,,,,
tfim_nq32_ibmq_ibm_boston_CPU_sync_itrs1_opt3_20260503T035351Z.json,tfim,32,ibmq,ibm_boston,CPU,sync,1,3.0,2026-05-03T03:53:51.077456Z,1,112,1,frontier,gen006,98,32,32.0,32,160,64,64,96,98,1,0,,32,64.0,,3.0,230.0,156.0,358.0,64.0,0.0,125.0,2.0,0.41025641025641024,64.0,32.0,130.0,131.0,,hardware,False,1.0,0.0,1.0,3.419253265950829,2.3469387755102042,1.0,,,32.0,,,,32.0,1.0,,,,,,,,,,,,,,,,
tfim_nq32_ibmq_ibm_miami_CPU_sync_itrs1_opt0_20260503T035421Z.json,tfim,32,ibmq,ibm_miami,CPU,sync,1,0.0,2026-05-03T03:54:21.601267Z,1,112,1,frontier,gen006,98,32,32.0,32,160,64,64,96,98,1,0,,32,64.0,,0.0,501.0,120.0,1059.0,193.0,0.0,81.0,4.0,0.7333333333333333,193.0,32.0,384.0,450.0,,hardware,False,1.0,0.0,1.0,1.1251820442266762,5.112244897959184,3.015625,,,32.0,,,,32.0,,,,,,,,,,,,,,,,,
tfim_nq32_ibmq_ibm_miami_CPU_sync_itrs1_opt1_20260503T035406Z.json,tfim,32,ibmq,ibm_miami,CPU,sync,1,1.0,2026-05-03T03:54:06.977025Z,1,112,1,frontier,gen006,98,32,32.0,32,160,64,64,96,98,1,0,,32,64.0,,1.0,326.0,120.0,453.0,64.0,0.0,89.0,2.0,0.5333333333333333,64.0,32.0,227.0,130.0,,hardware,False,1.0,0.0,1.0,1.119576491881162,3.326530612244898,1.0,,,32.0,,,,32.0,,,,,,,,,,,,,,,,,
tfim_nq32_ibmq_ibm_miami_CPU_sync_itrs1_opt2_20260503T035332Z.json,tfim,32,ibmq,ibm_miami,CPU,sync,1,2.0,2026-05-03T03:53:32.981992Z,1,112,1,frontier,gen006,98,32,32.0,32,160,64,64,96,98,1,0,,32,64.0,,2.0,228.0,120.0,358.0,64.0,0.0,89.0,2.0,0.5333333333333333,64.0,32.0,131.0,130.0,,hardware,False,1.0,0.0,1.0,1.1813349584117532,2.326530612244898,1.0,,,32.0,,,,32.0,1.0,,,,,,,,,,,,,,,,
tfim_nq32_ibmq_ibm_miami_CPU_sync_itrs1_opt3_20260503T035441Z.json,tfim,32,ibmq,ibm_miami,CPU,sync,1,3.0,2026-05-03T03:54:41.859476Z,1,112,1,frontier,gen006,98,32,32.0,32,160,64,64,96,98,1,0,,32,64.0,,3.0,230.0,120.0,358.0,64.0,0.0,89.0,2.0,0.5333333333333333,64.0,32.0,130.0,131.0,,hardware,False,1.0,0.0,1.0,16.741552584106103,2.3469387755102042,1.0,,,32.0,,,,32.0,1.0,,,,,,,,,,,,,,,,
tfim_nq33_ibmq_ibm_boston_CPU_sync_itrs1_opt0_20260503T035345Z.json,tfim,33,ibmq,ibm_boston,CPU,sync,1,0.0,2026-05-03T03:53:45.956715Z,1,112,1,frontier,gen006,101,33,33.0,33,165,66,66,99,101,1,0,,33,66.0,,0.0,585.0,156.0,1206.0,237.0,0.0,124.0,3.0,0.4230769230769231,237.0,33.0,396.0,540.0,,hardware,False,1.0,0.0,1.0,1.0404647276736796,5.792079207920792,3.590909090909091,,,33.0,,,,33.0,,,,,,,,,,,,,,,,,
tfim_nq33_ibmq_ibm_boston_CPU_sync_itrs1_opt1_20260503T035344Z.json,tfim,33,ibmq,ibm_boston,CPU,sync,1,1.0,2026-05-03T03:53:44.305523Z,1,112,1,frontier,gen006,101,33,33.0,33,165,66,66,99,101,1,0,,33,66.0,,1.0,456.0,156.0,703.0,144.0,0.0,102.0,3.0,0.7051282051282052,144.0,33.0,240.0,286.0,,hardware,False,1.0,0.0,1.0,1.2659768308512866,4.514851485148514,2.1818181818181817,,,33.0,,,,33.0,,,,,,,,,,,,,,,,,
tfim_nq33_ibmq_ibm_boston_CPU_sync_itrs1_opt2_20260503T035350Z.json,tfim,33,ibmq,ibm_boston,CPU,sync,1,2.0,2026-05-03T03:53:50.463082Z,1,112,1,frontier,gen006,101,33,33.0,33,165,66,66,99,101,1,0,,33,66.0,,2.0,346.0,156.0,656.0,146.0,0.0,110.0,3.0,0.6025641025641025,146.0,33.0,169.0,301.0,,hardware,False,1.0,0.0,1.0,3.896467196755111,3.4257425742574257,2.212121212121212,,,33.0,,,,33.0,7.0,,,,,,,,,,,,,,,,
tfim_nq33_ibmq_ibm_boston_CPU_sync_itrs1_opt3_20260503T035358Z.json,tfim,33,ibmq,ibm_boston,CPU,sync,1,3.0,2026-05-03T03:53:58.844957Z,1,112,1,frontier,gen006,101,33,33.0,33,165,66,66,99,101,1,0,,33,66.0,,3.0,351.0,156.0,638.0,141.0,0.0,110.0,3.0,0.6025641025641025,141.0,33.0,167.0,290.0,,hardware,False,1.0,0.0,1.0,10.055511457845569,3.4752475247524752,2.1363636363636362,,,33.0,,,,33.0,7.0,,,,,,,,,,,,,,,,
tfim_nq33_ibmq_ibm_miami_CPU_sync_itrs1_opt0_20260503T035338Z.json,tfim,33,ibmq,ibm_miami,CPU,sync,1,0.0,2026-05-03T03:53:38.017353Z,1,112,1,frontier,gen006,101,33,33.0,33,165,66,66,99,101,1,0,,33,66.0,,0.0,573.0,120.0,1071.0,192.0,0.0,81.0,3.0,0.7166666666666667,192.0,33.0,396.0,450.0,,hardware,False,1.0,0.0,1.0,0.8876225659623742,5.673267326732673,2.909090909090909,,,33.0,,,,33.0,,,,,,,,,,,,,,,,,
tfim_nq33_ibmq_ibm_miami_CPU_sync_itrs1_opt1_20260503T035358Z.json,tfim,33,ibmq,ibm_miami,CPU,sync,1,1.0,2026-05-03T03:53:58.844776Z,1,112,1,frontier,gen006,101,33,33.0,33,165,66,66,99,101,1,0,,33,66.0,,1.0,458.0,120.0,697.0,138.0,0.0,84.0,3.0,0.6166666666666667,138.0,33.0,252.0,274.0,,hardware,False,1.0,0.0,1.0,1.019538480322808,4.534653465346534,2.090909090909091,,,33.0,,,,33.0,,,,,,,,,,,,,,,,,
tfim_nq33_ibmq_ibm_miami_CPU_sync_itrs1_opt2_20260503T035431Z.json,tfim,33,ibmq,ibm_miami,CPU,sync,1,2.0,2026-05-03T03:54:31.197262Z,1,112,1,frontier,gen006,101,33,33.0,33,165,66,66,99,101,1,0,,33,66.0,,2.0,348.0,120.0,598.0,127.0,0.0,72.0,4.0,0.8833333333333333,127.0,33.0,161.0,263.0,,hardware,False,1.0,0.0,1.0,9.4894178500399,3.4455445544554455,1.9242424242424243,,,33.0,,,,33.0,14.0,,,,,,,,,,,,,,,,
tfim_nq33_ibmq_ibm_miami_CPU_sync_itrs1_opt3_20260503T035446Z.json,tfim,33,ibmq,ibm_miami,CPU,sync,1,3.0,2026-05-03T03:54:46.944635Z,1,112,1,frontier,gen006,101,33,33.0,33,165,66,66,99,101,1,0,,33,66.0,,3.0,323.0,120.0,553.0,112.0,0.0,79.0,4.0,0.7833333333333333,112.0,33.0,165.0,229.0,,hardware,False,1.0,0.0,1.0,62.213386891875416,3.198019801980198,1.696969696969697,,,33.0,,,,33.0,14.0,,,,,,,,,,,,,,,,
tfim_nq34_ibmq_ibm_boston_CPU_sync_itrs1_opt0_20260503T035822Z.json,tfim,34,ibmq,ibm_boston,CPU,sync,1,0.0,2026-05-03T03:58:22.692972Z,1,112,1,frontier,gen006,104,34,34.0,34,170,68,68,102,104,1,0,,34,68.0,,0.0,651.0,156.0,1254.0,248.0,0.0,121.0,3.0,0.46153846153846156,248.0,34.0,408.0,564.0,,hardware,False,1.0,0.0,1.0,1.1853183568455279,6.259615384615385,3.6470588235294117,,,34.0,,,,34.0,,,,,,,,,,,,,,,,,
tfim_nq34_ibmq_ibm_boston_CPU_sync_itrs1_opt1_20260503T035804Z.json,tfim,34,ibmq,ibm_boston,CPU,sync,1,1.0,2026-05-03T03:58:04.833350Z,1,112,1,frontier,gen006,104,34,34.0,34,170,68,68,102,104,1,0,,34,68.0,,1.0,444.0,156.0,702.0,143.0,0.0,103.0,3.0,0.7051282051282052,143.0,34.0,241.0,284.0,,hardware,False,1.0,0.0,1.0,1.297981096431613,4.269230769230769,2.1029411764705883,,,34.0,,,,34.0,,,,,,,,,,,,,,,,,
tfim_nq34_ibmq_ibm_boston_CPU_sync_itrs1_opt2_20260503T035815Z.json,tfim,34,ibmq,ibm_boston,CPU,sync,1,2.0,2026-05-03T03:58:15.474999Z,1,112,1,frontier,gen006,104,34,34.0,34,170,68,68,102,104,1,0,,34,68.0,,2.0,332.0,156.0,585.0,134.0,0.0,101.0,2.0,0.717948717948718,134.0,34.0,144.0,267.0,,hardware,False,1.0,0.0,1.0,4.578925657086074,3.1923076923076925,1.9705882352941178,,,34.0,,,,34.0,6.0,,,,,,,,,,,,,,,,
tfim_nq34_ibmq_ibm_boston_CPU_sync_itrs1_opt3_20260503T035821Z.json,tfim,34,ibmq,ibm_boston,CPU,sync,1,3.0,2026-05-03T03:58:21.521775Z,1,112,1,frontier,gen006,104,34,34.0,34,170,68,68,102,104,1,0,,34,68.0,,3.0,339.0,156.0,640.0,140.0,0.0,108.0,3.0,0.6282051282051282,140.0,34.0,166.0,287.0,,hardware,False,1.0,0.0,1.0,30.623201734386384,3.2596153846153846,2.0588235294117645,,,34.0,,,,34.0,13.0,,,,,,,,,,,,,,,,
tfim_nq34_ibmq_ibm_miami_CPU_sync_itrs1_opt0_20260503T035811Z.json,tfim,34,ibmq,ibm_miami,CPU,sync,1,0.0,2026-05-03T03:58:11.260874Z,1,112,1,frontier,gen006,104,34,34.0,34,170,68,68,102,104,1,0,,34,68.0,,0.0,579.0,120.0,1074.0,188.0,0.0,82.0,4.0,0.7,188.0,34.0,408.0,444.0,,hardware,False,1.0,0.0,1.0,0.8364452174864709,5.5673076923076925,2.764705882352941,,,34.0,,,,34.0,,,,,,,,,,,,,,,,,
tfim_nq34_ibmq_ibm_miami_CPU_sync_itrs1_opt1_20260503T035842Z.json,tfim,34,ibmq,ibm_miami,CPU,sync,1,1.0,2026-05-03T03:58:42.134810Z,1,112,1,frontier,gen006,104,34,34.0,34,170,68,68,102,104,1,0,,34,68.0,,1.0,346.0,120.0,481.0,68.0,0.0,87.0,2.0,0.5666666666666667,68.0,34.0,241.0,138.0,,hardware,False,1.0,0.0,1.0,1.0931555442512035,3.326923076923077,1.0,,,34.0,,,,34.0,,,,,,,,,,,,,,,,,
tfim_nq34_ibmq_ibm_miami_CPU_sync_itrs1_opt2_20260503T035815Z.json,tfim,34,ibmq,ibm_miami,CPU,sync,1,2.0,2026-05-03T03:58:15.762901Z,1,112,1,frontier,gen006,104,34,34.0,34,170,68,68,102,104,1,0,,34,68.0,,2.0,244.0,120.0,380.0,68.0,0.0,87.0,2.0,0.5666666666666667,68.0,34.0,138.0,139.0,,hardware,False,1.0,0.0,1.0,0.9697143910452724,2.3461538461538463,1.0,,,34.0,,,,34.0,1.0,,,,,,,,,,,,,,,,
tfim_nq34_ibmq_ibm_miami_CPU_sync_itrs1_opt3_20260503T035825Z.json,tfim,34,ibmq,ibm_miami,CPU,sync,1,3.0,2026-05-03T03:58:25.854757Z,1,112,1,frontier,gen006,104,34,34.0,34,170,68,68,102,104,1,0,,34,68.0,,3.0,244.0,120.0,380.0,68.0,0.0,87.0,2.0,0.5666666666666667,68.0,34.0,138.0,139.0,,hardware,False,1.0,0.0,1.0,19.357647420838475,2.3461538461538463,1.0,,,34.0,,,,34.0,1.0,,,,,,,,,,,,,,,,
tfim_nq4_ibmq_ibm_boston_CPU_sync_itrs1_opt0_20260503T031605Z.json,tfim,4,ibmq,ibm_boston,CPU,sync,1,0.0,2026-05-03T03:16:05.021284Z,1,112,1,frontier,gen006,14,4,4.0,4,20,8,8,12,14,1,0,,4,8.0,,0.0,63.0,156.0,102.0,14.0,0.0,153.0,2.0,0.038461538461538464,14.0,4.0,48.0,36.0,,hardware,False,1.0,0.0,1.0,1.0531648648902774,4.5,1.75,,,4.0,,,,4.0,,,,,,,,,,,,,,,,,
tfim_nq4_ibmq_ibm_boston_CPU_sync_itrs1_opt1_20260503T031618Z.json,tfim,4,ibmq,ibm_boston,CPU,sync,1,1.0,2026-05-03T03:16:18.190846Z,1,112,1,frontier,gen006,14,4,4.0,4,20,8,8,12,14,1,0,,4,8.0,,1.0,51.0,156.0,82.0,14.0,0.0,153.0,2.0,0.038461538461538464,14.0,4.0,34.0,30.0,,hardware,False,1.0,0.0,1.0,1.3013542369008064,3.642857142857143,1.75,,,4.0,,,,4.0,,,,,,,,,,,,,,,,,
tfim_nq4_ibmq_ibm_boston_CPU_sync_itrs1_opt3_20260503T031603Z.json,tfim,4,ibmq,ibm_boston,CPU,sync,1,3.0,2026-05-03T03:16:03.391725Z,1,112,1,frontier,gen006,14,4,4.0,4,20,8,8,12,14,1,0,,4,8.0,,3.0,43.0,156.0,68.0,11.0,0.0,153.0,3.0,0.038461538461538464,11.0,4.0,24.0,27.0,,hardware,False,1.0,0.0,1.0,1.2966928267851472,3.0714285714285716,1.375,,,4.0,,,,4.0,2.0,,,,,,,,,,,,,,,,
tfim_nq4_ibmq_ibm_miami_CPU_sync_itrs1_opt0_20260426T221820Z.json,tfim,4,ibmq,ibm_miami,CPU,sync,1,0.0,2026-04-26T22:18:20.919378Z,1,112,1,frontier,gen006,14,4,4.0,4,20,8,8,12,14,1,0,,4,8.0,,0.0,63.0,120.0,102.0,14.0,0.0,117.0,2.0,0.05,14.0,4.0,48.0,36.0,ibm_miami,hardware,False,1.0,0.0,1.0,0.8456830291543156,4.5,1.75,,,4.0,,,,4.0,,,,,,,,,,,,,,,,,
tfim_nq4_ibmq_ibm_miami_CPU_sync_itrs1_opt0_20260503T031622Z.json,tfim,4,ibmq,ibm_miami,CPU,sync,1,0.0,2026-05-03T03:16:22.623343Z,1,112,1,frontier,gen006,14,4,4.0,4,20,8,8,12,14,1,0,,4,8.0,,0.0,69.0,120.0,102.0,14.0,0.0,117.0,2.0,0.05,14.0,4.0,48.0,36.0,,hardware,False,1.0,0.0,1.0,1.014120408333838,4.928571428571429,1.75,,,4.0,,,,4.0,,,,,,,,,,,,,,,,,
tfim_nq4_ibmq_ibm_miami_CPU_sync_itrs1_opt1_20260426T221820Z.json,tfim,4,ibmq,ibm_miami,CPU,sync,1,1.0,2026-04-26T22:18:20.384767Z,1,112,1,frontier,gen006,14,4,4.0,4,20,8,8,12,14,1,0,,4,8.0,,1.0,46.0,120.0,61.0,8.0,0.0,117.0,2.0,0.06666666666666667,8.0,4.0,31.0,18.0,ibm_miami,hardware,False,1.0,0.0,1.0,0.8491308640222996,3.2857142857142856,1.0,,,4.0,,,,4.0,,,,,,,,,,,,,,,,,
tfim_nq4_ibmq_ibm_miami_CPU_sync_itrs1_opt1_20260503T031608Z.json,tfim,4,ibmq,ibm_miami,CPU,sync,1,1.0,2026-05-03T03:16:08.427963Z,1,112,1,frontier,gen006,14,4,4.0,4,20,8,8,12,14,1,0,,4,8.0,,1.0,46.0,120.0,61.0,8.0,0.0,117.0,2.0,0.06666666666666667,8.0,4.0,31.0,18.0,,hardware,False,1.0,0.0,1.0,0.8428823808208108,3.2857142857142856,1.0,,,4.0,,,,4.0,,,,,,,,,,,,,,,,,
tfim_nq4_ibmq_ibm_miami_CPU_sync_itrs1_opt2_20260426T221820Z.json,tfim,4,ibmq,ibm_miami,CPU,sync,1,2.0,2026-04-26T22:18:20.643387Z,1,112,1,frontier,gen006,14,4,4.0,4,20,8,8,12,14,1,0,,4,8.0,,2.0,34.0,120.0,50.0,8.0,0.0,117.0,2.0,0.06666666666666667,8.0,4.0,18.0,19.0,ibm_miami,hardware,False,1.0,0.0,1.0,0.8202661720570177,2.4285714285714284,1.0,,,4.0,,,,4.0,1.0,,,,,,,,,,,,,,,,
tfim_nq4_ibmq_ibm_miami_CPU_sync_itrs1_opt2_20260503T031604Z.json,tfim,4,ibmq,ibm_miami,CPU,sync,1,2.0,2026-05-03T03:16:04.116440Z,1,112,1,frontier,gen006,14,4,4.0,4,20,8,8,12,14,1,0,,4,8.0,,2.0,34.0,120.0,50.0,8.0,0.0,117.0,2.0,0.06666666666666667,8.0,4.0,18.0,19.0,,hardware,False,1.0,0.0,1.0,1.0406415979377925,2.4285714285714284,1.0,,,4.0,,,,4.0,1.0,,,,,,,,,,,,,,,,
tfim_nq4_ibmq_ibm_miami_CPU_sync_itrs1_opt3_20260426T221819Z.json,tfim,4,ibmq,ibm_miami,CPU,sync,1,3.0,2026-04-26T22:18:19.955742Z,1,112,1,frontier,gen006,14,4,4.0,4,20,8,8,12,14,1,0,,4,8.0,,3.0,34.0,120.0,50.0,8.0,0.0,117.0,2.0,0.06666666666666667,8.0,4.0,18.0,19.0,ibm_miami,hardware,False,1.0,0.0,1.0,0.9572079668287188,2.4285714285714284,1.0,,,4.0,,,,4.0,1.0,,,,,,,,,,,,,,,,
tfim_nq4_ibmq_ibm_miami_CPU_sync_itrs1_opt3_20260503T031613Z.json,tfim,4,ibmq,ibm_miami,CPU,sync,1,3.0,2026-05-03T03:16:13.525788Z,1,112,1,frontier,gen006,14,4,4.0,4,20,8,8,12,14,1,0,,4,8.0,,3.0,32.0,120.0,50.0,8.0,0.0,117.0,2.0,0.06666666666666667,8.0,4.0,19.0,18.0,,hardware,False,1.0,0.0,1.0,0.8838180231396109,2.2857142857142856,1.0,,,4.0,,,,4.0,1.0,,,,,,,,,,,,,,,,
tfim_nq8_ibmq_ibm_boston_CPU_sync_itrs1_opt0_20260503T031710Z.json,tfim,8,ibmq,ibm_boston,CPU,sync,1,0.0,2026-05-03T03:17:10.959294Z,1,112,1,frontier,gen006,26,8,8.0,8,40,16,16,24,26,1,0,,8,16.0,,0.0,123.0,156.0,222.0,34.0,0.0,149.0,2.0,0.08974358974358974,34.0,8.0,96.0,84.0,,hardware,False,1.0,0.0,1.0,0.9213797692209482,4.730769230769231,2.125,,,8.0,,,,8.0,,,,,,,,,,,,,,,,,
tfim_nq8_ibmq_ibm_boston_CPU_sync_itrs1_opt1_20260503T031705Z.json,tfim,8,ibmq,ibm_boston,CPU,sync,1,1.0,2026-05-03T03:17:05.246744Z,1,112,1,frontier,gen006,26,8,8.0,8,40,16,16,24,26,1,0,,8,16.0,,1.0,102.0,156.0,151.0,28.0,0.0,145.0,2.0,0.15384615384615385,28.0,8.0,59.0,56.0,,hardware,False,1.0,0.0,1.0,1.1252446570433676,3.923076923076923,1.75,,,8.0,,,,8.0,,,,,,,,,,,,,,,,,
tfim_nq8_ibmq_ibm_boston_CPU_sync_itrs1_opt2_20260503T031701Z.json,tfim,8,ibmq,ibm_boston,CPU,sync,1,2.0,2026-05-03T03:17:01.583513Z,1,112,1,frontier,gen006,26,8,8.0,8,40,16,16,24,26,1,0,,8,16.0,,2.0,78.0,156.0,134.0,28.0,0.0,145.0,2.0,0.15384615384615385,28.0,8.0,38.0,58.0,,hardware,False,1.0,0.0,1.0,1.201417508535087,3.0,1.75,,,8.0,,,,8.0,2.0,,,,,,,,,,,,,,,,
tfim_nq8_ibmq_ibm_boston_CPU_sync_itrs1_opt3_20260503T031649Z.json,tfim,8,ibmq,ibm_boston,CPU,sync,1,3.0,2026-05-03T03:16:49.077066Z,1,112,1,frontier,gen006,26,8,8.0,8,40,16,16,24,26,1,0,,8,16.0,,3.0,84.0,156.0,161.0,30.0,0.0,149.0,3.0,0.08974358974358974,30.0,8.0,53.0,68.0,,hardware,False,1.0,0.0,1.0,1.0002907728776336,3.230769230769231,1.875,,,8.0,,,,8.0,2.0,,,,,,,,,,,,,,,,
tfim_nq8_ibmq_ibm_miami_CPU_sync_itrs1_opt0_20260421T140535Z.json,tfim,8,ibmq,ibm_miami,CPU,sync,1,0.0,2026-04-21T14:05:35.694373Z,1,112,1,frontier,gen006,26,8,8.0,8,40,16,16,24,26,1,0,,8,16.0,,0.0,117.0,120.0,222.0,34.0,0.0,113.0,2.0,0.11666666666666667,34.0,8.0,96.0,84.0,ibm_miami,hardware,False,1.0,0.0,1.0,1.673335547093302,4.5,2.125,,,8.0,,,,8.0,,,,,,,,,,,,,,,,,
tfim_nq8_ibmq_ibm_miami_CPU_sync_itrs1_opt0_20260426T221820Z.json,tfim,8,ibmq,ibm_miami,CPU,sync,1,0.0,2026-04-26T22:18:20.551058Z,1,112,1,frontier,gen006,26,8,8.0,8,40,16,16,24,26,1,0,,8,16.0,,0.0,117.0,120.0,222.0,34.0,0.0,113.0,2.0,0.11666666666666667,34.0,8.0,96.0,84.0,ibm_miami,hardware,False,1.0,0.0,1.0,0.8201401808764786,4.5,2.125,,,8.0,,,,8.0,,,,,,,,,,,,,,,,,
tfim_nq8_ibmq_ibm_miami_CPU_sync_itrs1_opt0_20260503T031725Z.json,tfim,8,ibmq,ibm_miami,CPU,sync,1,0.0,2026-05-03T03:17:25.149710Z,1,112,1,frontier,gen006,26,8,8.0,8,40,16,16,24,26,1,0,,8,16.0,,0.0,135.0,120.0,222.0,34.0,0.0,113.0,2.0,0.11666666666666667,34.0,8.0,96.0,84.0,,hardware,False,1.0,0.0,1.0,0.7879813290201128,5.1923076923076925,2.125,,,8.0,,,,8.0,,,,,,,,,,,,,,,,,
tfim_nq8_ibmq_ibm_miami_CPU_sync_itrs1_opt1_20260421T140525Z.json,tfim,8,ibmq,ibm_miami,CPU,sync,1,1.0,2026-04-21T14:05:25.772409Z,1,112,1,frontier,gen006,26,8,8.0,8,40,16,16,24,26,1,0,,8,16.0,,1.0,86.0,120.0,117.0,16.0,0.0,113.0,2.0,0.13333333333333333,16.0,8.0,59.0,34.0,ibm_miami,hardware,False,1.0,0.0,1.0,1.7767636871431023,3.3076923076923075,1.0,,,8.0,,,,8.0,,,,,,,,,,,,,,,,,
tfim_nq8_ibmq_ibm_miami_CPU_sync_itrs1_opt1_20260426T221820Z.json,tfim,8,ibmq,ibm_miami,CPU,sync,1,1.0,2026-04-26T22:18:20.498066Z,1,112,1,frontier,gen006,26,8,8.0,8,40,16,16,24,26,1,0,,8,16.0,,1.0,86.0,120.0,117.0,16.0,0.0,113.0,2.0,0.13333333333333333,16.0,8.0,59.0,34.0,ibm_miami,hardware,False,1.0,0.0,1.0,0.9115385829936713,3.3076923076923075,1.0,,,8.0,,,,8.0,,,,,,,,,,,,,,,,,
tfim_nq8_ibmq_ibm_miami_CPU_sync_itrs1_opt1_20260503T031708Z.json,tfim,8,ibmq,ibm_miami,CPU,sync,1,1.0,2026-05-03T03:17:08.307140Z,1,112,1,frontier,gen006,26,8,8.0,8,40,16,16,24,26,1,0,,8,16.0,,1.0,86.0,120.0,117.0,16.0,0.0,113.0,2.0,0.13333333333333333,16.0,8.0,59.0,34.0,,hardware,False,1.0,0.0,1.0,0.8925442597828805,3.3076923076923075,1.0,,,8.0,,,,8.0,,,,,,,,,,,,,,,,,
tfim_nq8_ibmq_ibm_miami_CPU_sync_itrs1_opt2_20260421T140510Z.json,tfim,8,ibmq,ibm_miami,CPU,sync,1,2.0,2026-04-21T14:05:10.459303Z,1,112,1,frontier,gen006,26,8,8.0,8,40,16,16,24,26,1,0,,8,16.0,,2.0,60.0,120.0,94.0,16.0,0.0,113.0,2.0,0.13333333333333333,16.0,8.0,35.0,34.0,ibm_miami,hardware,False,1.0,0.0,1.0,2.5391115406528115,2.3076923076923075,1.0,,,8.0,,,,8.0,1.0,,,,,,,,,,,,,,,,
tfim_nq8_ibmq_ibm_miami_CPU_sync_itrs1_opt2_20260426T221820Z.json,tfim,8,ibmq,ibm_miami,CPU,sync,1,2.0,2026-04-26T22:18:20.225555Z,1,112,1,frontier,gen006,26,8,8.0,8,40,16,16,24,26,1,0,,8,16.0,,2.0,60.0,120.0,94.0,16.0,0.0,113.0,2.0,0.13333333333333333,16.0,8.0,35.0,34.0,ibm_miami,hardware,False,1.0,0.0,1.0,0.9158741401042789,2.3076923076923075,1.0,,,8.0,,,,8.0,1.0,,,,,,,,,,,,,,,,
tfim_nq8_ibmq_ibm_miami_CPU_sync_itrs1_opt2_20260503T031652Z.json,tfim,8,ibmq,ibm_miami,CPU,sync,1,2.0,2026-05-03T03:16:52.680103Z,1,112,1,frontier,gen006,26,8,8.0,8,40,16,16,24,26,1,0,,8,16.0,,2.0,60.0,120.0,94.0,16.0,0.0,113.0,2.0,0.13333333333333333,16.0,8.0,35.0,34.0,,hardware,False,1.0,0.0,1.0,0.8387772752903402,2.3076923076923075,1.0,,,8.0,,,,8.0,1.0,,,,,,,,,,,,,,,,
tfim_nq8_ibmq_ibm_miami_CPU_sync_itrs1_opt3_20260421T140510Z.json,tfim,8,ibmq,ibm_miami,CPU,sync,1,3.0,2026-04-21T14:05:10.515692Z,1,112,1,frontier,gen006,26,8,8.0,8,40,16,16,24,26,1,0,,8,16.0,,3.0,60.0,120.0,94.0,16.0,0.0,113.0,2.0,0.13333333333333333,16.0,8.0,35.0,34.0,ibm_miami,hardware,False,1.0,0.0,1.0,3.7048514659982175,2.3076923076923075,1.0,,,8.0,,,,8.0,1.0,,,,,,,,,,,,,,,,
tfim_nq8_ibmq_ibm_miami_CPU_sync_itrs1_opt3_20260426T221820Z.json,tfim,8,ibmq,ibm_miami,CPU,sync,1,3.0,2026-04-26T22:18:20.037386Z,1,112,1,frontier,gen006,26,8,8.0,8,40,16,16,24,26,1,0,,8,16.0,,3.0,62.0,120.0,94.0,16.0,0.0,113.0,2.0,0.13333333333333333,16.0,8.0,34.0,35.0,ibm_miami,hardware,False,1.0,0.0,1.0,1.2016479428857565,2.3846153846153846,1.0,,,8.0,,,,8.0,1.0,,,,,,,,,,,,,,,,
tfim_nq8_ibmq_ibm_miami_CPU_sync_itrs1_opt3_20260503T031737Z.json,tfim,8,ibmq,ibm_miami,CPU,sync,1,3.0,2026-05-03T03:17:37.897513Z,1,112,1,frontier,gen006,26,8,8.0,8,40,16,16,24,26,1,0,,8,16.0,,3.0,60.0,120.0,94.0,16.0,0.0,113.0,2.0,0.13333333333333333,16.0,8.0,35.0,34.0,,hardware,False,1.0,0.0,1.0,1.1324989371933043,2.3076923076923075,1.0,,,8.0,,,,8.0,1.0,,,,,,,,,,,,,,,,
tfim_nq9_ibmq_ibm_boston_CPU_sync_itrs1_opt0_20260503T032353Z.json,tfim,9,ibmq,ibm_boston,CPU,sync,1,0.0,2026-05-03T03:23:53.652415Z,1,112,1,frontier,gen006,29,9,9.0,9,45,18,18,27,29,1,0,,9,18.0,,0.0,153.0,156.0,252.0,39.0,0.0,148.0,2.0,0.10256410256410256,39.0,9.0,108.0,96.0,,hardware,False,1.0,0.0,1.0,1.1049164342693985,5.275862068965517,2.1666666666666665,,,9.0,,,,9.0,,,,,,,,,,,,,,,,,
tfim_nq9_ibmq_ibm_boston_CPU_sync_itrs1_opt1_20260503T032340Z.json,tfim,9,ibmq,ibm_boston,CPU,sync,1,1.0,2026-05-03T03:23:40.243929Z,1,112,1,frontier,gen006,29,9,9.0,9,45,18,18,27,29,1,0,,9,18.0,,1.0,123.0,156.0,195.0,39.0,0.0,148.0,2.0,0.10256410256410256,39.0,9.0,69.0,78.0,,hardware,False,1.0,0.0,1.0,1.083491416182369,4.241379310344827,2.1666666666666665,,,9.0,,,,9.0,,,,,,,,,,,,,,,,,
tfim_nq9_ibmq_ibm_boston_CPU_sync_itrs1_opt2_20260503T032353Z.json,tfim,9,ibmq,ibm_boston,CPU,sync,1,2.0,2026-05-03T03:23:53.590116Z,1,112,1,frontier,gen006,29,9,9.0,9,45,18,18,27,29,1,0,,9,18.0,,2.0,98.0,156.0,181.0,35.0,0.0,148.0,3.0,0.10256410256410256,35.0,9.0,55.0,78.0,,hardware,False,1.0,0.0,1.0,1.175761651713401,3.3793103448275863,1.9444444444444444,,,9.0,,,,9.0,4.0,,,,,,,,,,,,,,,,
tfim_nq9_ibmq_ibm_boston_CPU_sync_itrs1_opt3_20260503T032336Z.json,tfim,9,ibmq,ibm_boston,CPU,sync,1,3.0,2026-05-03T03:23:36.033102Z,1,112,1,frontier,gen006,29,9,9.0,9,45,18,18,27,29,1,0,,9,18.0,,3.0,93.0,156.0,185.0,35.0,0.0,148.0,3.0,0.10256410256410256,35.0,9.0,57.0,76.0,,hardware,False,1.0,0.0,1.0,1.097084226552397,3.206896551724138,1.9444444444444444,,,9.0,,,,9.0,8.0,,,,,,,,,,,,,,,,
tfim_nq9_ibmq_ibm_miami_CPU_sync_itrs1_opt0_20260421T164145Z.json,tfim,9,ibmq,ibm_miami,CPU,sync,1,0.0,2026-04-21T16:41:45.244328Z,1,112,1,frontier,gen006,29,9,9.0,9,45,18,18,27,29,1,0,,9,18.0,,0.0,141.0,120.0,252.0,39.0,0.0,112.0,2.0,0.13333333333333333,39.0,9.0,108.0,96.0,ibm_miami,hardware,False,1.0,0.0,1.0,1.0271402921061963,4.862068965517241,2.1666666666666665,,,9.0,,,,9.0,,,,,,,,,,,,,,,,,
tfim_nq9_ibmq_ibm_miami_CPU_sync_itrs1_opt0_20260426T221820Z.json,tfim,9,ibmq,ibm_miami,CPU,sync,1,0.0,2026-04-26T22:18:20.863704Z,1,112,1,frontier,gen006,29,9,9.0,9,45,18,18,27,29,1,0,,9,18.0,,0.0,129.0,120.0,252.0,39.0,0.0,112.0,2.0,0.13333333333333333,39.0,9.0,108.0,96.0,ibm_miami,hardware,False,1.0,0.0,1.0,1.1562859020195901,4.448275862068965,2.1666666666666665,,,9.0,,,,9.0,,,,,,,,,,,,,,,,,
tfim_nq9_ibmq_ibm_miami_CPU_sync_itrs1_opt0_20260503T032325Z.json,tfim,9,ibmq,ibm_miami,CPU,sync,1,0.0,2026-05-03T03:23:25.839232Z,1,112,1,frontier,gen006,29,9,9.0,9,45,18,18,27,29,1,0,,9,18.0,,0.0,153.0,120.0,252.0,39.0,0.0,112.0,2.0,0.13333333333333333,39.0,9.0,108.0,96.0,,hardware,False,1.0,0.0,1.0,0.8060781098902225,5.275862068965517,2.1666666666666665,,,9.0,,,,9.0,,,,,,,,,,,,,,,,,
tfim_nq9_ibmq_ibm_miami_CPU_sync_itrs1_opt1_20260421T164145Z.json,tfim,9,ibmq,ibm_miami,CPU,sync,1,1.0,2026-04-21T16:41:45.370160Z,1,112,1,frontier,gen006,29,9,9.0,9,45,18,18,27,29,1,0,,9,18.0,,1.0,101.0,120.0,139.0,21.0,0.0,111.0,2.0,0.16666666666666666,21.0,9.0,66.0,43.0,ibm_miami,hardware,False,1.0,0.0,1.0,0.9836058649234474,3.4827586206896552,1.1666666666666667,,,9.0,,,,9.0,,,,,,,,,,,,,,,,,
tfim_nq9_ibmq_ibm_miami_CPU_sync_itrs1_opt1_20260426T221901Z.json,tfim,9,ibmq,ibm_miami,CPU,sync,1,1.0,2026-04-26T22:19:01.511642Z,1,112,1,frontier,gen006,29,9,9.0,9,45,18,18,27,29,1,0,,9,18.0,,1.0,111.0,120.0,155.0,27.0,0.0,109.0,2.0,0.2,27.0,9.0,66.0,53.0,ibm_miami,hardware,False,1.0,0.0,1.0,1.1209508390165865,3.8275862068965516,1.5,,,9.0,,,,9.0,,,,,,,,,,,,,,,,,
tfim_nq9_ibmq_ibm_miami_CPU_sync_itrs1_opt1_20260503T032336Z.json,tfim,9,ibmq,ibm_miami,CPU,sync,1,1.0,2026-05-03T03:23:36.110800Z,1,112,1,frontier,gen006,29,9,9.0,9,45,18,18,27,29,1,0,,9,18.0,,1.0,101.0,120.0,139.0,21.0,0.0,112.0,3.0,0.15,21.0,9.0,66.0,43.0,,hardware,False,1.0,0.0,1.0,1.15942874411121,3.4827586206896552,1.1666666666666667,,,9.0,,,,9.0,,,,,,,,,,,,,,,,,
tfim_nq9_ibmq_ibm_miami_CPU_sync_itrs1_opt2_20260421T164145Z.json,tfim,9,ibmq,ibm_miami,CPU,sync,1,2.0,2026-04-21T16:41:45.223377Z,1,112,1,frontier,gen006,29,9,9.0,9,45,18,18,27,29,1,0,,9,18.0,,2.0,72.0,120.0,113.0,19.0,0.0,112.0,3.0,0.15,19.0,9.0,42.0,42.0,ibm_miami,hardware,False,1.0,0.0,1.0,1.1404218638781458,2.4827586206896552,1.0555555555555556,,,9.0,,,,9.0,1.0,,,,,,,,,,,,,,,,
tfim_nq9_ibmq_ibm_miami_CPU_sync_itrs1_opt2_20260426T221901Z.json,tfim,9,ibmq,ibm_miami,CPU,sync,1,2.0,2026-04-26T22:19:01.369052Z,1,112,1,frontier,gen006,29,9,9.0,9,45,18,18,27,29,1,0,,9,18.0,,2.0,74.0,120.0,113.0,19.0,0.0,112.0,3.0,0.15,19.0,9.0,41.0,43.0,ibm_miami,hardware,False,1.0,0.0,1.0,1.0803308642935008,2.5517241379310347,1.0555555555555556,,,9.0,,,,9.0,1.0,,,,,,,,,,,,,,,,
tfim_nq9_ibmq_ibm_miami_CPU_sync_itrs1_opt2_20260503T032346Z.json,tfim,9,ibmq,ibm_miami,CPU,sync,1,2.0,2026-05-03T03:23:46.043154Z,1,112,1,frontier,gen006,29,9,9.0,9,45,18,18,27,29,1,0,,9,18.0,,2.0,76.0,120.0,119.0,21.0,0.0,112.0,3.0,0.15,21.0,9.0,42.0,46.0,,hardware,False,1.0,0.0,1.0,1.12951246695593,2.6206896551724137,1.1666666666666667,,,9.0,,,,9.0,1.0,,,,,,,,,,,,,,,,
tfim_nq9_ibmq_ibm_miami_CPU_sync_itrs1_opt3_20260421T164146Z.json,tfim,9,ibmq,ibm_miami,CPU,sync,1,3.0,2026-04-21T16:41:46.634062Z,1,112,1,frontier,gen006,29,9,9.0,9,45,18,18,27,29,1,0,,9,18.0,,3.0,72.0,120.0,117.0,21.0,0.0,111.0,2.0,0.16666666666666666,21.0,9.0,41.0,43.0,ibm_miami,hardware,False,1.0,0.0,1.0,1.989303840091452,2.4827586206896552,1.1666666666666667,,,9.0,,,,9.0,3.0,,,,,,,,,,,,,,,,
tfim_nq9_ibmq_ibm_miami_CPU_sync_itrs1_opt3_20260426T221901Z.json,tfim,9,ibmq,ibm_miami,CPU,sync,1,3.0,2026-04-26T22:19:01.649362Z,1,112,1,frontier,gen006,29,9,9.0,9,45,18,18,27,29,1,0,,9,18.0,,3.0,72.0,120.0,113.0,19.0,0.0,112.0,3.0,0.15,19.0,9.0,42.0,42.0,ibm_miami,hardware,False,1.0,0.0,1.0,1.6279649811331183,2.4827586206896552,1.0555555555555556,,,9.0,,,,9.0,1.0,,,,,,,,,,,,,,,,
tfim_nq9_ibmq_ibm_miami_CPU_sync_itrs1_opt3_20260503T032425Z.json,tfim,9,ibmq,ibm_miami,CPU,sync,1,3.0,2026-05-03T03:24:25.658519Z,1,112,1,frontier,gen006,29,9,9.0,9,45,18,18,27,29,1,0,,9,18.0,,3.0,75.0,120.0,118.0,21.0,0.0,112.0,3.0,0.15,21.0,9.0,42.0,45.0,,hardware,False,1.0,0.0,1.0,1.5754087769892067,2.586206896551724,1.1666666666666667,,,9.0,,,,9.0,1.0,,,,,,,,,,,,,,,,
tfim_nq9_ionq_simulator_CPU_sync_itrs1_opt0_20260503T051208Z.json,tfim,9,ionq,simulator,CPU,sync,1,0.0,2026-05-03T05:12:08.147202Z,1,112,1,frontier,gen006,29,9,9.0,9,45,18,18,27,29,1,0,,9,18.0,,0.0,29.0,9.0,45.0,18.0,0.0,1.0,2.0,2.0,,9.0,9.0,,ionq_simulator,simulator,True,1.0,0.0,1.0,0.41225456865504384,1.0,1.0,18.0,,9.0,,,,9.0,,,,,,,,,,,9.0,,,,,,
tfim_nq9_ionq_simulator_CPU_sync_itrs1_opt1_20260503T051146Z.json,tfim,9,ionq,simulator,CPU,sync,1,1.0,2026-05-03T05:11:46.649614Z,1,112,1,frontier,gen006,29,9,9.0,9,45,18,18,27,29,1,0,,9,18.0,,1.0,29.0,9.0,45.0,18.0,0.0,1.0,2.0,2.0,,9.0,9.0,,ionq_simulator,simulator,True,1.0,0.0,1.0,0.4409911260008812,1.0,1.0,18.0,,9.0,,,,9.0,,,,,,,,,,,9.0,,,,,,
tfim_nq9_ionq_simulator_CPU_sync_itrs1_opt2_20260503T051146Z.json,tfim,9,ionq,simulator,CPU,sync,1,2.0,2026-05-03T05:11:46.650518Z,1,112,1,frontier,gen006,29,9,9.0,9,45,18,18,27,29,1,0,,9,18.0,,2.0,29.0,9.0,45.0,18.0,0.0,1.0,2.0,2.0,,9.0,9.0,,ionq_simulator,simulator,True,1.0,0.0,1.0,0.4507526424713433,1.0,1.0,18.0,,9.0,,,,9.0,,,,,,,,,,,9.0,,,,,,
tfim_nq9_ionq_simulator_CPU_sync_itrs1_opt3_20260503T051148Z.json,tfim,9,ionq,simulator,CPU,sync,1,3.0,2026-05-03T05:11:48.163759Z,1,112,1,frontier,gen006,29,9,9.0,9,45,18,18,27,29,1,0,,9,18.0,,3.0,29.0,9.0,45.0,18.0,0.0,1.0,2.0,2.0,,9.0,9.0,,ionq_simulator,simulator,True,1.0,0.0,1.0,0.44197172205895185,1.0,1.0,18.0,,9.0,,,,9.0,,,,,,,,,,,9.0,,,,,,
bit_code_nq15_ibmq_ibm_torino_CPU_sync_itrs1_20260225T135109Z.json,bit_code,15,ibmq,ibm_torino,CPU,sync,1,1.0,2026-02-25T13:51:09.265785Z,1,112,1,borg,gen008_borg,5,29,29.0,43,85,28,28,57,5,1,0,,43,28.0,,1.0,11.0,133.0,169.0,28.0,0.0,105.0,2.0,0.42105263157894735,28.0,43.0,56.0,28.0,ibm_torino,hardware,False,1.0,0.0,1.0,2.95698549086228,2.2,1.0,,,,,,,,,,,,,,,,,,,14.0,14.0,,,,
bit_code_nq15_ionq_aria-1_CPU_transpile_itrs0_opt0_20260422T011801Z.json,bit_code,15,ionq,aria-1,CPU,transpile,0,0.0,2026-04-22T01:18:01.973023Z,1,1,1,frontier,gen006,5,37,15.0,22,43,14,43,0,5,1,0,,22,14.0,,0.0,10.0,15.0,99.0,14.0,0.0,1.0,2.0,1.8666666666666667,,22.0,,,ionq_simulator_offline(aria-1),simulator,True,,,,0.00653481506742537,2.0,1.0,,,,,,,,,,,,,,,,,,,7.0,7.0,56.0,14.0,,
bit_code_nq15_ionq_aria-1_CPU_transpile_itrs0_opt1_20260422T011801Z.json,bit_code,15,ionq,aria-1,CPU,transpile,0,1.0,2026-04-22T01:18:01.984885Z,1,1,1,frontier,gen006,5,37,15.0,22,43,14,43,0,5,1,0,,22,14.0,,1.0,10.0,15.0,99.0,14.0,0.0,1.0,2.0,1.8666666666666667,,22.0,,,ionq_simulator_offline(aria-1),simulator,True,,,,0.00910146301612258,2.0,1.0,,,,,,,,,,,,,,,,,,,7.0,7.0,56.0,14.0,,
bit_code_nq15_ionq_aria-1_CPU_transpile_itrs0_opt2_20260422T011801Z.json,bit_code,15,ionq,aria-1,CPU,transpile,0,2.0,2026-04-22T01:18:01.999591Z,1,1,1,frontier,gen006,5,37,15.0,22,43,14,43,0,5,1,0,,22,14.0,,2.0,10.0,15.0,99.0,14.0,0.0,1.0,2.0,1.8666666666666667,,22.0,,,ionq_simulator_offline(aria-1),simulator,True,,,,0.011906024068593979,2.0,1.0,,,,,,,,,,,,,,,,,,,7.0,7.0,56.0,14.0,,
bit_code_nq15_ionq_aria-1_CPU_transpile_itrs0_opt3_20260422T011802Z.json,bit_code,15,ionq,aria-1,CPU,transpile,0,3.0,2026-04-22T01:18:02.017996Z,1,1,1,frontier,gen006,5,37,15.0,22,43,14,43,0,5,1,0,,22,14.0,,3.0,10.0,15.0,99.0,14.0,0.0,1.0,2.0,1.8666666666666667,,22.0,,,ionq_simulator_offline(aria-1),simulator,True,,,,0.015355115989223123,2.0,1.0,,,,,,,,,,,,,,,,,,,7.0,7.0,56.0,14.0,,
bit_code_nq15_ionq_aria-2_CPU_transpile_itrs0_opt0_20260422T011802Z.json,bit_code,15,ionq,aria-2,CPU,transpile,0,0.0,2026-04-22T01:18:02.025764Z,1,1,1,frontier,gen006,5,37,15.0,22,43,14,43,0,5,1,0,,22,14.0,,0.0,10.0,15.0,99.0,14.0,0.0,1.0,2.0,1.8666666666666667,,22.0,,,ionq_simulator_offline(aria-2),simulator,True,,,,0.00461148819886148,2.0,1.0,,,,,,,,,,,,,,,,,,,7.0,7.0,56.0,14.0,,
bit_code_nq15_ionq_aria-2_CPU_transpile_itrs0_opt1_20260422T011802Z.json,bit_code,15,ionq,aria-2,CPU,transpile,0,1.0,2026-04-22T01:18:02.037505Z,1,1,1,frontier,gen006,5,37,15.0,22,43,14,43,0,5,1,0,,22,14.0,,1.0,10.0,15.0,99.0,14.0,0.0,1.0,2.0,1.8666666666666667,,22.0,,,ionq_simulator_offline(aria-2),simulator,True,,,,0.008819438982754946,2.0,1.0,,,,,,,,,,,,,,,,,,,7.0,7.0,56.0,14.0,,
bit_code_nq15_ionq_aria-2_CPU_transpile_itrs0_opt2_20260422T011802Z.json,bit_code,15,ionq,aria-2,CPU,transpile,0,2.0,2026-04-22T01:18:02.051605Z,1,1,1,frontier,gen006,5,37,15.0,22,43,14,43,0,5,1,0,,22,14.0,,2.0,10.0,15.0,99.0,14.0,0.0,1.0,2.0,1.8666666666666667,,22.0,,,ionq_simulator_offline(aria-2),simulator,True,,,,0.011179364984855056,2.0,1.0,,,,,,,,,,,,,,,,,,,7.0,7.0,56.0,14.0,,
bit_code_nq15_ionq_aria-2_CPU_transpile_itrs0_opt3_20260422T011802Z.json,bit_code,15,ionq,aria-2,CPU,transpile,0,3.0,2026-04-22T01:18:02.069879Z,1,1,1,frontier,gen006,5,37,15.0,22,43,14,43,0,5,1,0,,22,14.0,,3.0,10.0,15.0,99.0,14.0,0.0,1.0,2.0,1.8666666666666667,,22.0,,,ionq_simulator_offline(aria-2),simulator,True,,,,0.015181296970695257,2.0,1.0,,,,,,,,,,,,,,,,,,,7.0,7.0,56.0,14.0,,
bit_code_nq15_ionq_forte-1_CPU_transpile_itrs0_opt0_20260422T011802Z.json,bit_code,15,ionq,forte-1,CPU,transpile,0,0.0,2026-04-22T01:18:02.077517Z,1,1,1,frontier,gen006,5,37,15.0,22,43,14,43,0,5,1,0,,22,14.0,,0.0,10.0,15.0,99.0,14.0,0.0,1.0,2.0,1.8666666666666667,,22.0,,,ionq_simulator_offline(forte-1),simulator,True,,,,0.004594295052811503,2.0,1.0,,,,,,,,,,,,,,,,,,,7.0,7.0,56.0,14.0,,
bit_code_nq15_ionq_forte-1_CPU_transpile_itrs0_opt1_20260422T011802Z.json,bit_code,15,ionq,forte-1,CPU,transpile,0,1.0,2026-04-22T01:18:02.089126Z,1,1,1,frontier,gen006,5,37,15.0,22,43,14,43,0,5,1,0,,22,14.0,,1.0,10.0,15.0,99.0,14.0,0.0,1.0,2.0,1.8666666666666667,,22.0,,,ionq_simulator_offline(forte-1),simulator,True,,,,0.008815751876682043,2.0,1.0,,,,,,,,,,,,,,,,,,,7.0,7.0,56.0,14.0,,
bit_code_nq15_ionq_forte-1_CPU_transpile_itrs0_opt2_20260422T011802Z.json,bit_code,15,ionq,forte-1,CPU,transpile,0,2.0,2026-04-22T01:18:02.103197Z,1,1,1,frontier,gen006,5,37,15.0,22,43,14,43,0,5,1,0,,22,14.0,,2.0,10.0,15.0,99.0,14.0,0.0,1.0,2.0,1.8666666666666667,,22.0,,,ionq_simulator_offline(forte-1),simulator,True,,,,0.011173925129696727,2.0,1.0,,,,,,,,,,,,,,,,,,,7.0,7.0,56.0,14.0,,
bit_code_nq15_ionq_forte-1_CPU_transpile_itrs0_opt3_20260422T011802Z.json,bit_code,15,ionq,forte-1,CPU,transpile,0,3.0,2026-04-22T01:18:02.121509Z,1,1,1,frontier,gen006,5,37,15.0,22,43,14,43,0,5,1,0,,22,14.0,,3.0,10.0,15.0,99.0,14.0,0.0,1.0,2.0,1.8666666666666667,,22.0,,,ionq_simulator_offline(forte-1),simulator,True,,,,0.015176979126408696,2.0,1.0,,,,,,,,,,,,,,,,,,,7.0,7.0,56.0,14.0,,
bit_code_nq15_ionq_forte-enterprise-1_CPU_transpile_itrs0_opt0_20260422T011802Z.json,bit_code,15,ionq,forte-enterprise-1,CPU,transpile,0,0.0,2026-04-22T01:18:02.129099Z,1,1,1,frontier,gen006,5,37,15.0,22,43,14,43,0,5,1,0,,22,14.0,,0.0,10.0,15.0,99.0,14.0,0.0,1.0,2.0,1.8666666666666667,,22.0,,,ionq_simulator_offline(forte-enterprise-1),simulator,True,,,,0.004578555002808571,2.0,1.0,,,,,,,,,,,,,,,,,,,7.0,7.0,56.0,14.0,,
bit_code_nq15_ionq_forte-enterprise-1_CPU_transpile_itrs0_opt1_20260422T011802Z.json,bit_code,15,ionq,forte-enterprise-1,CPU,transpile,0,1.0,2026-04-22T01:18:02.140737Z,1,1,1,frontier,gen006,5,37,15.0,22,43,14,43,0,5,1,0,,22,14.0,,1.0,10.0,15.0,99.0,14.0,0.0,1.0,2.0,1.8666666666666667,,22.0,,,ionq_simulator_offline(forte-enterprise-1),simulator,True,,,,0.008792317938059568,2.0,1.0,,,,,,,,,,,,,,,,,,,7.0,7.0,56.0,14.0,,
bit_code_nq15_ionq_forte-enterprise-1_CPU_transpile_itrs0_opt2_20260422T011802Z.json,bit_code,15,ionq,forte-enterprise-1,CPU,transpile,0,2.0,2026-04-22T01:18:02.155022Z,1,1,1,frontier,gen006,5,37,15.0,22,43,14,43,0,5,1,0,,22,14.0,,2.0,10.0,15.0,99.0,14.0,0.0,1.0,2.0,1.8666666666666667,,22.0,,,ionq_simulator_offline(forte-enterprise-1),simulator,True,,,,0.01133032189682126,2.0,1.0,,,,,,,,,,,,,,,,,,,7.0,7.0,56.0,14.0,,
bit_code_nq15_ionq_forte-enterprise-1_CPU_transpile_itrs0_opt3_20260422T011802Z.json,bit_code,15,ionq,forte-enterprise-1,CPU,transpile,0,3.0,2026-04-22T01:18:02.173316Z,1,1,1,frontier,gen006,5,37,15.0,22,43,14,43,0,5,1,0,,22,14.0,,3.0,10.0,15.0,99.0,14.0,0.0,1.0,2.0,1.8666666666666667,,22.0,,,ionq_simulator_offline(forte-enterprise-1),simulator,True,,,,0.015183019917458296,2.0,1.0,,,,,,,,,,,,,,,,,,,7.0,7.0,56.0,14.0,,
bit_code_nq15_ionq_harmony_CPU_transpile_itrs0_opt0_20260422T011802Z.json,bit_code,15,ionq,harmony,CPU,transpile,0,0.0,2026-04-22T01:18:02.180975Z,1,1,1,frontier,gen006,5,37,15.0,22,43,14,43,0,5,1,0,,22,14.0,,0.0,10.0,15.0,99.0,14.0,0.0,1.0,2.0,1.8666666666666667,,22.0,,,ionq_simulator_offline(harmony),simulator,True,,,,0.0045926610473543406,2.0,1.0,,,,,,,,,,,,,,,,,,,7.0,7.0,56.0,14.0,,
bit_code_nq15_ionq_harmony_CPU_transpile_itrs0_opt1_20260422T011802Z.json,bit_code,15,ionq,harmony,CPU,transpile,0,1.0,2026-04-22T01:18:02.192674Z,1,1,1,frontier,gen006,5,37,15.0,22,43,14,43,0,5,1,0,,22,14.0,,1.0,10.0,15.0,99.0,14.0,0.0,1.0,2.0,1.8666666666666667,,22.0,,,ionq_simulator_offline(harmony),simulator,True,,,,0.008825061144307256,2.0,1.0,,,,,,,,,,,,,,,,,,,7.0,7.0,56.0,14.0,,
bit_code_nq15_ionq_harmony_CPU_transpile_itrs0_opt2_20260422T011802Z.json,bit_code,15,ionq,harmony,CPU,transpile,0,2.0,2026-04-22T01:18:02.206588Z,1,1,1,frontier,gen006,5,37,15.0,22,43,14,43,0,5,1,0,,22,14.0,,2.0,10.0,15.0,99.0,14.0,0.0,1.0,2.0,1.8666666666666667,,22.0,,,ionq_simulator_offline(harmony),simulator,True,,,,0.011209242045879364,2.0,1.0,,,,,,,,,,,,,,,,,,,7.0,7.0,56.0,14.0,,
bit_code_nq15_ionq_harmony_CPU_transpile_itrs0_opt3_20260422T011802Z.json,bit_code,15,ionq,harmony,CPU,transpile,0,3.0,2026-04-22T01:18:02.224647Z,1,1,1,frontier,gen006,5,37,15.0,22,43,14,43,0,5,1,0,,22,14.0,,3.0,10.0,15.0,99.0,14.0,0.0,1.0,2.0,1.8666666666666667,,22.0,,,ionq_simulator_offline(harmony),simulator,True,,,,0.015163040952757001,2.0,1.0,,,,,,,,,,,,,,,,,,,7.0,7.0,56.0,14.0,,
bit_code_nq15_ionq_ideal_CPU_transpile_itrs0_opt0_20260422T011801Z.json,bit_code,15,ionq,ideal,CPU,transpile,0,0.0,2026-04-22T01:18:01.906802Z,1,1,1,frontier,gen006,5,37,15.0,22,43,14,43,0,5,1,0,,22,14.0,,0.0,5.0,15.0,43.0,14.0,0.0,1.0,2.0,1.8666666666666667,,22.0,,,ionq_simulator_offline(ideal),simulator,True,,,,0.6577587218489498,1.0,1.0,14.0,,,,,,,,,,,,,,,,,,7.0,7.0,,,,
bit_code_nq15_ionq_ideal_CPU_transpile_itrs0_opt1_20260422T011801Z.json,bit_code,15,ionq,ideal,CPU,transpile,0,1.0,2026-04-22T01:18:01.920781Z,1,1,1,frontier,gen006,5,37,15.0,22,43,14,43,0,5,1,0,,22,14.0,,1.0,5.0,15.0,43.0,14.0,0.0,1.0,2.0,1.8666666666666667,,22.0,,,ionq_simulator_offline(ideal),simulator,True,,,,0.010939881904050708,1.0,1.0,14.0,,,,,,,,,,,,,,,,,,7.0,7.0,,,,
bit_code_nq15_ionq_ideal_CPU_transpile_itrs0_opt2_20260422T011801Z.json,bit_code,15,ionq,ideal,CPU,transpile,0,2.0,2026-04-22T01:18:01.947846Z,1,1,1,frontier,gen006,5,37,15.0,22,43,14,43,0,5,1,0,,22,14.0,,2.0,5.0,15.0,43.0,14.0,0.0,1.0,2.0,1.8666666666666667,,22.0,,,ionq_simulator_offline(ideal),simulator,True,,,,0.02439659577794373,1.0,1.0,14.0,,,,,,,,,,,,,,,,,,7.0,7.0,,,,
bit_code_nq15_ionq_ideal_CPU_transpile_itrs0_opt3_20260422T011801Z.json,bit_code,15,ionq,ideal,CPU,transpile,0,3.0,2026-04-22T01:18:01.963498Z,1,1,1,frontier,gen006,5,37,15.0,22,43,14,43,0,5,1,0,,22,14.0,,3.0,5.0,15.0,43.0,14.0,0.0,1.0,2.0,1.8666666666666667,,22.0,,,ionq_simulator_offline(ideal),simulator,True,,,,0.012626499868929386,1.0,1.0,14.0,,,,,,,,,,,,,,,,,,7.0,7.0,,,,
bit_code_nq16_ibmq_ibm_torino_CPU_sync_itrs1_20260225T031040Z.json,bit_code,16,ibmq,ibm_torino,CPU,sync,1,1.0,2026-02-25T03:10:40.067089Z,1,112,1,borg,gen008_borg,5,31,31.0,46,91,30,30,61,5,1,0,,46,30.0,,1.0,11.0,133.0,181.0,30.0,0.0,103.0,2.0,0.45112781954887216,30.0,46.0,60.0,30.0,ibm_torino,hardware,False,1.0,0.0,1.0,3.001619570888579,2.2,1.0,,,,,,,,,,,,,,,,,,,15.0,15.0,,,,
bit_code_nq17_ionq_aria-1_CPU_transpile_itrs0_opt0_20260422T011801Z.json,bit_code,17,ionq,aria-1,CPU,transpile,0,0.0,2026-04-22T01:18:01.965591Z,1,1,1,frontier,gen006,5,42,17.0,25,49,16,49,0,5,1,0,,25,16.0,,0.0,10.0,17.0,113.0,16.0,0.0,1.0,2.0,1.8823529411764706,,25.0,,,ionq_simulator_offline(aria-1),simulator,True,,,,0.0070166210643947124,2.0,1.0,,,,,,,,,,,,,,,,,,,8.0,8.0,64.0,16.0,,
bit_code_nq17_ionq_aria-1_CPU_transpile_itrs0_opt1_20260422T011801Z.json,bit_code,17,ionq,aria-1,CPU,transpile,0,1.0,2026-04-22T01:18:01.978080Z,1,1,1,frontier,gen006,5,42,17.0,25,49,16,49,0,5,1,0,,25,16.0,,1.0,10.0,17.0,113.0,16.0,0.0,1.0,2.0,1.8823529411764706,,25.0,,,ionq_simulator_offline(aria-1),simulator,True,,,,0.009428116027265787,2.0,1.0,,,,,,,,,,,,,,,,,,,8.0,8.0,64.0,16.0,,
bit_code_nq17_ionq_aria-1_CPU_transpile_itrs0_opt2_20260422T011801Z.json,bit_code,17,ionq,aria-1,CPU,transpile,0,2.0,2026-04-22T01:18:01.993452Z,1,1,1,frontier,gen006,5,42,17.0,25,49,16,49,0,5,1,0,,25,16.0,,2.0,10.0,17.0,113.0,16.0,0.0,1.0,2.0,1.8823529411764706,,25.0,,,ionq_simulator_offline(aria-1),simulator,True,,,,0.012399652972817421,2.0,1.0,,,,,,,,,,,,,,,,,,,8.0,8.0,64.0,16.0,,
bit_code_nq17_ionq_aria-1_CPU_transpile_itrs0_opt3_20260422T011802Z.json,bit_code,17,ionq,aria-1,CPU,transpile,0,3.0,2026-04-22T01:18:02.012758Z,1,1,1,frontier,gen006,5,42,17.0,25,49,16,49,0,5,1,0,,25,16.0,,3.0,10.0,17.0,113.0,16.0,0.0,1.0,2.0,1.8823529411764706,,25.0,,,ionq_simulator_offline(aria-1),simulator,True,,,,0.016147524118423462,2.0,1.0,,,,,,,,,,,,,,,,,,,8.0,8.0,64.0,16.0,,
bit_code_nq17_ionq_aria-2_CPU_transpile_itrs0_opt0_20260422T011802Z.json,bit_code,17,ionq,aria-2,CPU,transpile,0,0.0,2026-04-22T01:18:02.020690Z,1,1,1,frontier,gen006,5,42,17.0,25,49,16,49,0,5,1,0,,25,16.0,,0.0,10.0,17.0,113.0,16.0,0.0,1.0,2.0,1.8823529411764706,,25.0,,,ionq_simulator_offline(aria-2),simulator,True,,,,0.004713733214884996,2.0,1.0,,,,,,,,,,,,,,,,,,,8.0,8.0,64.0,16.0,,
bit_code_nq17_ionq_aria-2_CPU_transpile_itrs0_opt1_20260422T011802Z.json,bit_code,17,ionq,aria-2,CPU,transpile,0,1.0,2026-04-22T01:18:02.032780Z,1,1,1,frontier,gen006,5,42,17.0,25,49,16,49,0,5,1,0,,25,16.0,,1.0,10.0,17.0,113.0,16.0,0.0,1.0,2.0,1.8823529411764706,,25.0,,,ionq_simulator_offline(aria-2),simulator,True,,,,0.009077441180124879,2.0,1.0,,,,,,,,,,,,,,,,,,,8.0,8.0,64.0,16.0,,
bit_code_nq17_ionq_aria-2_CPU_transpile_itrs0_opt2_20260422T011802Z.json,bit_code,17,ionq,aria-2,CPU,transpile,0,2.0,2026-04-22T01:18:02.047481Z,1,1,1,frontier,gen006,5,42,17.0,25,49,16,49,0,5,1,0,,25,16.0,,2.0,10.0,17.0,113.0,16.0,0.0,1.0,2.0,1.8823529411764706,,25.0,,,ionq_simulator_offline(aria-2),simulator,True,,,,0.01162121701054275,2.0,1.0,,,,,,,,,,,,,,,,,,,8.0,8.0,64.0,16.0,,
bit_code_nq17_ionq_aria-2_CPU_transpile_itrs0_opt3_20260422T011802Z.json,bit_code,17,ionq,aria-2,CPU,transpile,0,3.0,2026-04-22T01:18:02.066926Z,1,1,1,frontier,gen006,5,42,17.0,25,49,16,49,0,5,1,0,,25,16.0,,3.0,10.0,17.0,113.0,16.0,0.0,1.0,2.0,1.8823529411764706,,25.0,,,ionq_simulator_offline(aria-2),simulator,True,,,,0.01618533511646092,2.0,1.0,,,,,,,,,,,,,,,,,,,8.0,8.0,64.0,16.0,,
bit_code_nq17_ionq_forte-1_CPU_transpile_itrs0_opt0_20260422T011802Z.json,bit_code,17,ionq,forte-1,CPU,transpile,0,0.0,2026-04-22T01:18:02.074937Z,1,1,1,frontier,gen006,5,42,17.0,25,49,16,49,0,5,1,0,,25,16.0,,0.0,10.0,17.0,113.0,16.0,0.0,1.0,2.0,1.8823529411764706,,25.0,,,ionq_simulator_offline(forte-1),simulator,True,,,,0.004712048918008804,2.0,1.0,,,,,,,,,,,,,,,,,,,8.0,8.0,64.0,16.0,,
bit_code_nq17_ionq_forte-1_CPU_transpile_itrs0_opt1_20260422T011802Z.json,bit_code,17,ionq,forte-1,CPU,transpile,0,1.0,2026-04-22T01:18:02.087007Z,1,1,1,frontier,gen006,5,42,17.0,25,49,16,49,0,5,1,0,,25,16.0,,1.0,10.0,17.0,113.0,16.0,0.0,1.0,2.0,1.8823529411764706,,25.0,,,ionq_simulator_offline(forte-1),simulator,True,,,,0.009055558824911714,2.0,1.0,,,,,,,,,,,,,,,,,,,8.0,8.0,64.0,16.0,,
bit_code_nq17_ionq_forte-1_CPU_transpile_itrs0_opt2_20260422T011802Z.json,bit_code,17,ionq,forte-1,CPU,transpile,0,2.0,2026-04-22T01:18:02.101677Z,1,1,1,frontier,gen006,5,42,17.0,25,49,16,49,0,5,1,0,,25,16.0,,2.0,10.0,17.0,113.0,16.0,0.0,1.0,2.0,1.8823529411764706,,25.0,,,ionq_simulator_offline(forte-1),simulator,True,,,,0.011640233919024467,2.0,1.0,,,,,,,,,,,,,,,,,,,8.0,8.0,64.0,16.0,,
bit_code_nq17_ionq_forte-1_CPU_transpile_itrs0_opt3_20260422T011802Z.json,bit_code,17,ionq,forte-1,CPU,transpile,0,3.0,2026-04-22T01:18:02.121194Z,1,1,1,frontier,gen006,5,42,17.0,25,49,16,49,0,5,1,0,,25,16.0,,3.0,10.0,17.0,113.0,16.0,0.0,1.0,2.0,1.8823529411764706,,25.0,,,ionq_simulator_offline(forte-1),simulator,True,,,,0.01625613891519606,2.0,1.0,,,,,,,,,,,,,,,,,,,8.0,8.0,64.0,16.0,,
bit_code_nq17_ionq_forte-enterprise-1_CPU_transpile_itrs0_opt0_20260422T011802Z.json,bit_code,17,ionq,forte-enterprise-1,CPU,transpile,0,0.0,2026-04-22T01:18:02.129101Z,1,1,1,frontier,gen006,5,42,17.0,25,49,16,49,0,5,1,0,,25,16.0,,0.0,10.0,17.0,113.0,16.0,0.0,1.0,2.0,1.8823529411764706,,25.0,,,ionq_simulator_offline(forte-enterprise-1),simulator,True,,,,0.004710637032985687,2.0,1.0,,,,,,,,,,,,,,,,,,,8.0,8.0,64.0,16.0,,
bit_code_nq17_ionq_forte-enterprise-1_CPU_transpile_itrs0_opt1_20260422T011802Z.json,bit_code,17,ionq,forte-enterprise-1,CPU,transpile,0,1.0,2026-04-22T01:18:02.141163Z,1,1,1,frontier,gen006,5,42,17.0,25,49,16,49,0,5,1,0,,25,16.0,,1.0,10.0,17.0,113.0,16.0,0.0,1.0,2.0,1.8823529411764706,,25.0,,,ionq_simulator_offline(forte-enterprise-1),simulator,True,,,,0.009061441058292985,2.0,1.0,,,,,,,,,,,,,,,,,,,8.0,8.0,64.0,16.0,,
bit_code_nq17_ionq_forte-enterprise-1_CPU_transpile_itrs0_opt2_20260422T011802Z.json,bit_code,17,ionq,forte-enterprise-1,CPU,transpile,0,2.0,2026-04-22T01:18:02.156045Z,1,1,1,frontier,gen006,5,42,17.0,25,49,16,49,0,5,1,0,,25,16.0,,2.0,10.0,17.0,113.0,16.0,0.0,1.0,2.0,1.8823529411764706,,25.0,,,ionq_simulator_offline(forte-enterprise-1),simulator,True,,,,0.011810967000201344,2.0,1.0,,,,,,,,,,,,,,,,,,,8.0,8.0,64.0,16.0,,
bit_code_nq17_ionq_forte-enterprise-1_CPU_transpile_itrs0_opt3_20260422T011802Z.json,bit_code,17,ionq,forte-enterprise-1,CPU,transpile,0,3.0,2026-04-22T01:18:02.175386Z,1,1,1,frontier,gen006,5,42,17.0,25,49,16,49,0,5,1,0,,25,16.0,,3.0,10.0,17.0,113.0,16.0,0.0,1.0,2.0,1.8823529411764706,,25.0,,,ionq_simulator_offline(forte-enterprise-1),simulator,True,,,,0.016139748971909285,2.0,1.0,,,,,,,,,,,,,,,,,,,8.0,8.0,64.0,16.0,,
bit_code_nq17_ionq_harmony_CPU_transpile_itrs0_opt0_20260422T011802Z.json,bit_code,17,ionq,harmony,CPU,transpile,0,0.0,2026-04-22T01:18:02.183240Z,1,1,1,frontier,gen006,5,42,17.0,25,49,16,49,0,5,1,0,,25,16.0,,0.0,10.0,17.0,113.0,16.0,0.0,1.0,2.0,1.8823529411764706,,25.0,,,ionq_simulator_offline(harmony),simulator,True,,,,0.004683174891397357,2.0,1.0,,,,,,,,,,,,,,,,,,,8.0,8.0,64.0,16.0,,
bit_code_nq17_ionq_harmony_CPU_transpile_itrs0_opt1_20260422T011802Z.json,bit_code,17,ionq,harmony,CPU,transpile,0,1.0,2026-04-22T01:18:02.195398Z,1,1,1,frontier,gen006,5,42,17.0,25,49,16,49,0,5,1,0,,25,16.0,,1.0,10.0,17.0,113.0,16.0,0.0,1.0,2.0,1.8823529411764706,,25.0,,,ionq_simulator_offline(harmony),simulator,True,,,,0.00908649805933237,2.0,1.0,,,,,,,,,,,,,,,,,,,8.0,8.0,64.0,16.0,,
bit_code_nq17_ionq_harmony_CPU_transpile_itrs0_opt2_20260422T011802Z.json,bit_code,17,ionq,harmony,CPU,transpile,0,2.0,2026-04-22T01:18:02.210108Z,1,1,1,frontier,gen006,5,42,17.0,25,49,16,49,0,5,1,0,,25,16.0,,2.0,10.0,17.0,113.0,16.0,0.0,1.0,2.0,1.8823529411764706,,25.0,,,ionq_simulator_offline(harmony),simulator,True,,,,0.011646183906123042,2.0,1.0,,,,,,,,,,,,,,,,,,,8.0,8.0,64.0,16.0,,
bit_code_nq17_ionq_harmony_CPU_transpile_itrs0_opt3_20260422T011802Z.json,bit_code,17,ionq,harmony,CPU,transpile,0,3.0,2026-04-22T01:18:02.229473Z,1,1,1,frontier,gen006,5,42,17.0,25,49,16,49,0,5,1,0,,25,16.0,,3.0,10.0,17.0,113.0,16.0,0.0,1.0,2.0,1.8823529411764706,,25.0,,,ionq_simulator_offline(harmony),simulator,True,,,,0.01614985801279545,2.0,1.0,,,,,,,,,,,,,,,,,,,8.0,8.0,64.0,16.0,,
bit_code_nq17_ionq_ideal_CPU_transpile_itrs0_opt0_20260422T011801Z.json,bit_code,17,ionq,ideal,CPU,transpile,0,0.0,2026-04-22T01:18:01.899736Z,1,1,1,frontier,gen006,5,42,17.0,25,49,16,49,0,5,1,0,,25,16.0,,0.0,5.0,17.0,49.0,16.0,0.0,1.0,2.0,1.8823529411764706,,25.0,,,ionq_simulator_offline(ideal),simulator,True,,,,0.6670828829519451,1.0,1.0,16.0,,,,,,,,,,,,,,,,,,8.0,8.0,,,,
bit_code_nq17_ionq_ideal_CPU_transpile_itrs0_opt1_20260422T011801Z.json,bit_code,17,ionq,ideal,CPU,transpile,0,1.0,2026-04-22T01:18:01.914011Z,1,1,1,frontier,gen006,5,42,17.0,25,49,16,49,0,5,1,0,,25,16.0,,1.0,5.0,17.0,49.0,16.0,0.0,1.0,2.0,1.8823529411764706,,25.0,,,ionq_simulator_offline(ideal),simulator,True,,,,0.011004847008734941,1.0,1.0,16.0,,,,,,,,,,,,,,,,,,8.0,8.0,,,,
bit_code_nq17_ionq_ideal_CPU_transpile_itrs0_opt2_20260422T011801Z.json,bit_code,17,ionq,ideal,CPU,transpile,0,2.0,2026-04-22T01:18:01.939177Z,1,1,1,frontier,gen006,5,42,17.0,25,49,16,49,0,5,1,0,,25,16.0,,2.0,5.0,17.0,49.0,16.0,0.0,1.0,2.0,1.8823529411764706,,25.0,,,ionq_simulator_offline(ideal),simulator,True,,,,0.02226454787887633,1.0,1.0,16.0,,,,,,,,,,,,,,,,,,8.0,8.0,,,,
bit_code_nq17_ionq_ideal_CPU_transpile_itrs0_opt3_20260422T011801Z.json,bit_code,17,ionq,ideal,CPU,transpile,0,3.0,2026-04-22T01:18:01.955174Z,1,1,1,frontier,gen006,5,42,17.0,25,49,16,49,0,5,1,0,,25,16.0,,3.0,5.0,17.0,49.0,16.0,0.0,1.0,2.0,1.8823529411764706,,25.0,,,ionq_simulator_offline(ideal),simulator,True,,,,0.012691376963630319,1.0,1.0,16.0,,,,,,,,,,,,,,,,,,8.0,8.0,,,,
bit_code_nq20_ibmq_ibm_torino_CPU_sync_itrs1_20260317T002704Z.json,bit_code,20,ibmq,ibm_torino,CPU,sync,1,1.0,2026-03-17T00:27:04.767068Z,1,112,1,borg,gen008_borg,5,39,39.0,58,115,38,38,77,5,1,0,,58,38.0,,1.0,11.0,133.0,229.0,38.0,0.0,95.0,2.0,0.5714285714285714,38.0,58.0,76.0,38.0,ibm_torino,hardware,False,1.0,0.0,1.0,3.2585047190004843,2.2,1.0,,,,,,,,,,,,,,,,,,,19.0,19.0,,,,
bit_code_nq23_ibmq_ibm_torino_CPU_sync_itrs1_20260317T214033Z.json,bit_code,23,ibmq,ibm_torino,CPU,sync,1,1.0,2026-03-17T21:40:33.606858Z,1,112,1,borg,gen008_borg,5,45,45.0,67,133,44,44,89,5,1,0,,67,44.0,,1.0,11.0,133.0,265.0,44.0,0.0,89.0,2.0,0.6616541353383458,44.0,67.0,88.0,44.0,ibm_torino,hardware,False,1.0,0.0,1.0,3.1513993036933243,2.2,1.0,,,,,,,,,,,,,,,,,,,22.0,22.0,,,,
bit_code_nq29_ionq_aria-1_CPU_transpile_itrs0_opt0_20260422T011801Z.json,bit_code,29,ionq,aria-1,CPU,transpile,0,0.0,2026-04-22T01:18:01.989489Z,1,1,1,frontier,gen006,5,72,29.0,43,85,28,85,0,5,1,0,,43,28.0,,0.0,10.0,29.0,197.0,28.0,0.0,1.0,2.0,1.9310344827586208,,43.0,,,ionq_simulator_offline(aria-1),simulator,True,,,,0.007005567895248532,2.0,1.0,,,,,,,,,,,,,,,,,,,14.0,14.0,112.0,28.0,,
bit_code_nq29_ionq_aria-1_CPU_transpile_itrs0_opt1_20260422T011802Z.json,bit_code,29,ionq,aria-1,CPU,transpile,0,1.0,2026-04-22T01:18:02.004025Z,1,1,1,frontier,gen006,5,72,29.0,43,85,28,85,0,5,1,0,,43,28.0,,1.0,10.0,29.0,197.0,28.0,0.0,1.0,2.0,1.9310344827586208,,43.0,,,ionq_simulator_offline(aria-1),simulator,True,,,,0.010535265086218715,2.0,1.0,,,,,,,,,,,,,,,,,,,14.0,14.0,112.0,28.0,,
bit_code_nq29_ionq_aria-1_CPU_transpile_itrs0_opt2_20260422T011802Z.json,bit_code,29,ionq,aria-1,CPU,transpile,0,2.0,2026-04-22T01:18:02.021514Z,1,1,1,frontier,gen006,5,72,29.0,43,85,28,85,0,5,1,0,,43,28.0,,2.0,10.0,29.0,197.0,28.0,0.0,1.0,2.0,1.9310344827586208,,43.0,,,ionq_simulator_offline(aria-1),simulator,True,,,,0.013547962997108698,2.0,1.0,,,,,,,,,,,,,,,,,,,14.0,14.0,112.0,28.0,,
bit_code_nq29_ionq_aria-1_CPU_transpile_itrs0_opt3_20260422T011802Z.json,bit_code,29,ionq,aria-1,CPU,transpile,0,3.0,2026-04-22T01:18:02.046580Z,1,1,1,frontier,gen006,5,72,29.0,43,85,28,85,0,5,1,0,,43,28.0,,3.0,10.0,29.0,197.0,28.0,0.0,1.0,2.0,1.9310344827586208,,43.0,,,ionq_simulator_offline(aria-1),simulator,True,,,,0.02094715111888945,2.0,1.0,,,,,,,,,,,,,,,,,,,14.0,14.0,112.0,28.0,,
bit_code_nq29_ionq_aria-2_CPU_transpile_itrs0_opt0_20260422T011802Z.json,bit_code,29,ionq,aria-2,CPU,transpile,0,0.0,2026-04-22T01:18:02.056159Z,1,1,1,frontier,gen006,5,72,29.0,43,85,28,85,0,5,1,0,,43,28.0,,0.0,10.0,29.0,197.0,28.0,0.0,1.0,2.0,1.9310344827586208,,43.0,,,ionq_simulator_offline(aria-2),simulator,True,,,,0.005319682182744145,2.0,1.0,,,,,,,,,,,,,,,,,,,14.0,14.0,112.0,28.0,,
bit_code_nq29_ionq_aria-2_CPU_transpile_itrs0_opt1_20260422T011802Z.json,bit_code,29,ionq,aria-2,CPU,transpile,0,1.0,2026-04-22T01:18:02.070276Z,1,1,1,frontier,gen006,5,72,29.0,43,85,28,85,0,5,1,0,,43,28.0,,1.0,10.0,29.0,197.0,28.0,0.0,1.0,2.0,1.9310344827586208,,43.0,,,ionq_simulator_offline(aria-2),simulator,True,,,,0.01007719011977315,2.0,1.0,,,,,,,,,,,,,,,,,,,14.0,14.0,112.0,28.0,,
bit_code_nq29_ionq_aria-2_CPU_transpile_itrs0_opt2_20260422T011802Z.json,bit_code,29,ionq,aria-2,CPU,transpile,0,2.0,2026-04-22T01:18:02.087498Z,1,1,1,frontier,gen006,5,72,29.0,43,85,28,85,0,5,1,0,,43,28.0,,2.0,10.0,29.0,197.0,28.0,0.0,1.0,2.0,1.9310344827586208,,43.0,,,ionq_simulator_offline(aria-2),simulator,True,,,,0.013264033943414688,2.0,1.0,,,,,,,,,,,,,,,,,,,14.0,14.0,112.0,28.0,,
bit_code_nq29_ionq_aria-2_CPU_transpile_itrs0_opt3_20260422T011802Z.json,bit_code,29,ionq,aria-2,CPU,transpile,0,3.0,2026-04-22T01:18:02.112755Z,1,1,1,frontier,gen006,5,72,29.0,43,85,28,85,0,5,1,0,,43,28.0,,3.0,10.0,29.0,197.0,28.0,0.0,1.0,2.0,1.9310344827586208,,43.0,,,ionq_simulator_offline(aria-2),simulator,True,,,,0.02110255090519786,2.0,1.0,,,,,,,,,,,,,,,,,,,14.0,14.0,112.0,28.0,,
bit_code_nq29_ionq_forte-1_CPU_transpile_itrs0_opt0_20260422T011802Z.json,bit_code,29,ionq,forte-1,CPU,transpile,0,0.0,2026-04-22T01:18:02.122246Z,1,1,1,frontier,gen006,5,72,29.0,43,85,28,85,0,5,1,0,,43,28.0,,0.0,10.0,29.0,197.0,28.0,0.0,1.0,2.0,1.9310344827586208,,43.0,,,ionq_simulator_offline(forte-1),simulator,True,,,,0.005300886929035187,2.0,1.0,,,,,,,,,,,,,,,,,,,14.0,14.0,112.0,28.0,,
bit_code_nq29_ionq_forte-1_CPU_transpile_itrs0_opt1_20260422T011802Z.json,bit_code,29,ionq,forte-1,CPU,transpile,0,1.0,2026-04-22T01:18:02.136427Z,1,1,1,frontier,gen006,5,72,29.0,43,85,28,85,0,5,1,0,,43,28.0,,1.0,10.0,29.0,197.0,28.0,0.0,1.0,2.0,1.9310344827586208,,43.0,,,ionq_simulator_offline(forte-1),simulator,True,,,,0.010140292113646865,2.0,1.0,,,,,,,,,,,,,,,,,,,14.0,14.0,112.0,28.0,,
bit_code_nq29_ionq_forte-1_CPU_transpile_itrs0_opt2_20260422T011802Z.json,bit_code,29,ionq,forte-1,CPU,transpile,0,2.0,2026-04-22T01:18:02.153607Z,1,1,1,frontier,gen006,5,72,29.0,43,85,28,85,0,5,1,0,,43,28.0,,2.0,10.0,29.0,197.0,28.0,0.0,1.0,2.0,1.9310344827586208,,43.0,,,ionq_simulator_offline(forte-1),simulator,True,,,,0.013207073090597987,2.0,1.0,,,,,,,,,,,,,,,,,,,14.0,14.0,112.0,28.0,,
bit_code_nq29_ionq_forte-1_CPU_transpile_itrs0_opt3_20260422T011802Z.json,bit_code,29,ionq,forte-1,CPU,transpile,0,3.0,2026-04-22T01:18:02.178558Z,1,1,1,frontier,gen006,5,72,29.0,43,85,28,85,0,5,1,0,,43,28.0,,3.0,10.0,29.0,197.0,28.0,0.0,1.0,2.0,1.9310344827586208,,43.0,,,ionq_simulator_offline(forte-1),simulator,True,,,,0.02081168000586331,2.0,1.0,,,,,,,,,,,,,,,,,,,14.0,14.0,112.0,28.0,,
bit_code_nq29_ionq_forte-enterprise-1_CPU_transpile_itrs0_opt0_20260422T011802Z.json,bit_code,29,ionq,forte-enterprise-1,CPU,transpile,0,0.0,2026-04-22T01:18:02.188206Z,1,1,1,frontier,gen006,5,72,29.0,43,85,28,85,0,5,1,0,,43,28.0,,0.0,10.0,29.0,197.0,28.0,0.0,1.0,2.0,1.9310344827586208,,43.0,,,ionq_simulator_offline(forte-enterprise-1),simulator,True,,,,0.005308151012286544,2.0,1.0,,,,,,,,,,,,,,,,,,,14.0,14.0,112.0,28.0,,
bit_code_nq29_ionq_forte-enterprise-1_CPU_transpile_itrs0_opt1_20260422T011802Z.json,bit_code,29,ionq,forte-enterprise-1,CPU,transpile,0,1.0,2026-04-22T01:18:02.202371Z,1,1,1,frontier,gen006,5,72,29.0,43,85,28,85,0,5,1,0,,43,28.0,,1.0,10.0,29.0,197.0,28.0,0.0,1.0,2.0,1.9310344827586208,,43.0,,,ionq_simulator_offline(forte-enterprise-1),simulator,True,,,,0.010080145904794335,2.0,1.0,,,,,,,,,,,,,,,,,,,14.0,14.0,112.0,28.0,,
bit_code_nq29_ionq_forte-enterprise-1_CPU_transpile_itrs0_opt2_20260422T011802Z.json,bit_code,29,ionq,forte-enterprise-1,CPU,transpile,0,2.0,2026-04-22T01:18:02.219911Z,1,1,1,frontier,gen006,5,72,29.0,43,85,28,85,0,5,1,0,,43,28.0,,2.0,10.0,29.0,197.0,28.0,0.0,1.0,2.0,1.9310344827586208,,43.0,,,ionq_simulator_offline(forte-enterprise-1),simulator,True,,,,0.013519267085939646,2.0,1.0,,,,,,,,,,,,,,,,,,,14.0,14.0,112.0,28.0,,
bit_code_nq29_ionq_forte-enterprise-1_CPU_transpile_itrs0_opt3_20260422T011802Z.json,bit_code,29,ionq,forte-enterprise-1,CPU,transpile,0,3.0,2026-04-22T01:18:02.244937Z,1,1,1,frontier,gen006,5,72,29.0,43,85,28,85,0,5,1,0,,43,28.0,,3.0,10.0,29.0,197.0,28.0,0.0,1.0,2.0,1.9310344827586208,,43.0,,,ionq_simulator_offline(forte-enterprise-1),simulator,True,,,,0.02089792490005493,2.0,1.0,,,,,,,,,,,,,,,,,,,14.0,14.0,112.0,28.0,,
bit_code_nq29_ionq_harmony_CPU_transpile_itrs0_opt0_20260422T011802Z.json,bit_code,29,ionq,harmony,CPU,transpile,0,0.0,2026-04-22T01:18:02.254463Z,1,1,1,frontier,gen006,5,72,29.0,43,85,28,85,0,5,1,0,,43,28.0,,0.0,10.0,29.0,197.0,28.0,0.0,1.0,2.0,1.9310344827586208,,43.0,,,ionq_simulator_offline(harmony),simulator,True,,,,0.005289905006065965,2.0,1.0,,,,,,,,,,,,,,,,,,,14.0,14.0,112.0,28.0,,
bit_code_nq29_ionq_harmony_CPU_transpile_itrs0_opt1_20260422T011802Z.json,bit_code,29,ionq,harmony,CPU,transpile,0,1.0,2026-04-22T01:18:02.268448Z,1,1,1,frontier,gen006,5,72,29.0,43,85,28,85,0,5,1,0,,43,28.0,,1.0,10.0,29.0,197.0,28.0,0.0,1.0,2.0,1.9310344827586208,,43.0,,,ionq_simulator_offline(harmony),simulator,True,,,,0.0100913280621171,2.0,1.0,,,,,,,,,,,,,,,,,,,14.0,14.0,112.0,28.0,,
bit_code_nq29_ionq_harmony_CPU_transpile_itrs0_opt2_20260422T011802Z.json,bit_code,29,ionq,harmony,CPU,transpile,0,2.0,2026-04-22T01:18:02.285637Z,1,1,1,frontier,gen006,5,72,29.0,43,85,28,85,0,5,1,0,,43,28.0,,2.0,10.0,29.0,197.0,28.0,0.0,1.0,2.0,1.9310344827586208,,43.0,,,ionq_simulator_offline(harmony),simulator,True,,,,0.013203156180679798,2.0,1.0,,,,,,,,,,,,,,,,,,,14.0,14.0,112.0,28.0,,
bit_code_nq29_ionq_harmony_CPU_transpile_itrs0_opt3_20260422T011802Z.json,bit_code,29,ionq,harmony,CPU,transpile,0,3.0,2026-04-22T01:18:02.310670Z,1,1,1,frontier,gen006,5,72,29.0,43,85,28,85,0,5,1,0,,43,28.0,,3.0,10.0,29.0,197.0,28.0,0.0,1.0,2.0,1.9310344827586208,,43.0,,,ionq_simulator_offline(harmony),simulator,True,,,,0.020877706119790673,2.0,1.0,,,,,,,,,,,,,,,,,,,14.0,14.0,112.0,28.0,,
bit_code_nq29_ionq_ideal_CPU_transpile_itrs0_opt0_20260422T011801Z.json,bit_code,29,ionq,ideal,CPU,transpile,0,0.0,2026-04-22T01:18:01.917921Z,1,1,1,frontier,gen006,5,72,29.0,43,85,28,85,0,5,1,0,,43,28.0,,0.0,5.0,29.0,85.0,28.0,0.0,1.0,2.0,1.9310344827586208,,43.0,,,ionq_simulator_offline(ideal),simulator,True,,,,0.6685796931851655,1.0,1.0,28.0,,,,,,,,,,,,,,,,,,14.0,14.0,,,,
bit_code_nq29_ionq_ideal_CPU_transpile_itrs0_opt1_20260422T011801Z.json,bit_code,29,ionq,ideal,CPU,transpile,0,1.0,2026-04-22T01:18:01.935941Z,1,1,1,frontier,gen006,5,72,29.0,43,85,28,85,0,5,1,0,,43,28.0,,1.0,5.0,29.0,85.0,28.0,0.0,1.0,2.0,1.9310344827586208,,43.0,,,ionq_simulator_offline(ideal),simulator,True,,,,0.013977962080389261,1.0,1.0,28.0,,,,,,,,,,,,,,,,,,14.0,14.0,,,,
bit_code_nq29_ionq_ideal_CPU_transpile_itrs0_opt2_20260422T011801Z.json,bit_code,29,ionq,ideal,CPU,transpile,0,2.0,2026-04-22T01:18:01.959630Z,1,1,1,frontier,gen006,5,72,29.0,43,85,28,85,0,5,1,0,,43,28.0,,2.0,5.0,29.0,85.0,28.0,0.0,1.0,2.0,1.9310344827586208,,43.0,,,ionq_simulator_offline(ideal),simulator,True,,,,0.020061218878254294,1.0,1.0,28.0,,,,,,,,,,,,,,,,,,14.0,14.0,,,,
bit_code_nq29_ionq_ideal_CPU_transpile_itrs0_opt3_20260422T011801Z.json,bit_code,29,ionq,ideal,CPU,transpile,0,3.0,2026-04-22T01:18:01.978231Z,1,1,1,frontier,gen006,5,72,29.0,43,85,28,85,0,5,1,0,,43,28.0,,3.0,5.0,29.0,85.0,28.0,0.0,1.0,2.0,1.9310344827586208,,43.0,,,ionq_simulator_offline(ideal),simulator,True,,,,0.014605684904381633,1.0,1.0,28.0,,,,,,,,,,,,,,,,,,14.0,14.0,,,,
bit_code_nq31_ionq_aria-1_CPU_transpile_itrs0_opt0_20260422T011802Z.json,bit_code,31,ionq,aria-1,CPU,transpile,0,0.0,2026-04-22T01:18:02.101636Z,1,1,1,frontier,gen006,5,77,31.0,46,91,30,91,0,5,1,0,,46,30.0,,0.0,10.0,31.0,211.0,30.0,0.0,1.0,2.0,1.935483870967742,,46.0,,,ionq_simulator_offline(aria-1),simulator,True,,,,0.006908482871949673,2.0,1.0,,,,,,,,,,,,,,,,,,,15.0,15.0,120.0,30.0,,
bit_code_nq31_ionq_aria-1_CPU_transpile_itrs0_opt1_20260422T011802Z.json,bit_code,31,ionq,aria-1,CPU,transpile,0,1.0,2026-04-22T01:18:02.116491Z,1,1,1,frontier,gen006,5,77,31.0,46,91,30,91,0,5,1,0,,46,30.0,,1.0,10.0,31.0,211.0,30.0,0.0,1.0,2.0,1.935483870967742,,46.0,,,ionq_simulator_offline(aria-1),simulator,True,,,,0.010607382981106639,2.0,1.0,,,,,,,,,,,,,,,,,,,15.0,15.0,120.0,30.0,,
bit_code_nq31_ionq_aria-1_CPU_transpile_itrs0_opt2_20260422T011802Z.json,bit_code,31,ionq,aria-1,CPU,transpile,0,2.0,2026-04-22T01:18:02.134248Z,1,1,1,frontier,gen006,5,77,31.0,46,91,30,91,0,5,1,0,,46,30.0,,2.0,10.0,31.0,211.0,30.0,0.0,1.0,2.0,1.935483870967742,,46.0,,,ionq_simulator_offline(aria-1),simulator,True,,,,0.013612949987873435,2.0,1.0,,,,,,,,,,,,,,,,,,,15.0,15.0,120.0,30.0,,
bit_code_nq31_ionq_aria-1_CPU_transpile_itrs0_opt3_20260422T011802Z.json,bit_code,31,ionq,aria-1,CPU,transpile,0,3.0,2026-04-22T01:18:02.160175Z,1,1,1,frontier,gen006,5,77,31.0,46,91,30,91,0,5,1,0,,46,30.0,,3.0,10.0,31.0,211.0,30.0,0.0,1.0,2.0,1.935483870967742,,46.0,,,ionq_simulator_offline(aria-1),simulator,True,,,,0.021482593147084117,2.0,1.0,,,,,,,,,,,,,,,,,,,15.0,15.0,120.0,30.0,,
bit_code_nq31_ionq_aria-2_CPU_transpile_itrs0_opt0_20260422T011802Z.json,bit_code,31,ionq,aria-2,CPU,transpile,0,0.0,2026-04-22T01:18:02.169874Z,1,1,1,frontier,gen006,5,77,31.0,46,91,30,91,0,5,1,0,,46,30.0,,0.0,10.0,31.0,211.0,30.0,0.0,1.0,2.0,1.935483870967742,,46.0,,,ionq_simulator_offline(aria-2),simulator,True,,,,0.0053585420828312635,2.0,1.0,,,,,,,,,,,,,,,,,,,15.0,15.0,120.0,30.0,,
bit_code_nq31_ionq_aria-2_CPU_transpile_itrs0_opt1_20260422T011802Z.json,bit_code,31,ionq,aria-2,CPU,transpile,0,1.0,2026-04-22T01:18:02.184099Z,1,1,1,frontier,gen006,5,77,31.0,46,91,30,91,0,5,1,0,,46,30.0,,1.0,10.0,31.0,211.0,30.0,0.0,1.0,2.0,1.935483870967742,,46.0,,,ionq_simulator_offline(aria-2),simulator,True,,,,0.010159926023334265,2.0,1.0,,,,,,,,,,,,,,,,,,,15.0,15.0,120.0,30.0,,
bit_code_nq31_ionq_aria-2_CPU_transpile_itrs0_opt2_20260422T011802Z.json,bit_code,31,ionq,aria-2,CPU,transpile,0,2.0,2026-04-22T01:18:02.201833Z,1,1,1,frontier,gen006,5,77,31.0,46,91,30,91,0,5,1,0,,46,30.0,,2.0,10.0,31.0,211.0,30.0,0.0,1.0,2.0,1.935483870967742,,46.0,,,ionq_simulator_offline(aria-2),simulator,True,,,,0.013640322955325246,2.0,1.0,,,,,,,,,,,,,,,,,,,15.0,15.0,120.0,30.0,,
bit_code_nq31_ionq_aria-2_CPU_transpile_itrs0_opt3_20260422T011802Z.json,bit_code,31,ionq,aria-2,CPU,transpile,0,3.0,2026-04-22T01:18:02.227423Z,1,1,1,frontier,gen006,5,77,31.0,46,91,30,91,0,5,1,0,,46,30.0,,3.0,10.0,31.0,211.0,30.0,0.0,1.0,2.0,1.935483870967742,,46.0,,,ionq_simulator_offline(aria-2),simulator,True,,,,0.02131787408143282,2.0,1.0,,,,,,,,,,,,,,,,,,,15.0,15.0,120.0,30.0,,
bit_code_nq31_ionq_forte-1_CPU_transpile_itrs0_opt0_20260422T011802Z.json,bit_code,31,ionq,forte-1,CPU,transpile,0,0.0,2026-04-22T01:18:02.237210Z,1,1,1,frontier,gen006,5,77,31.0,46,91,30,91,0,5,1,0,,46,30.0,,0.0,10.0,31.0,211.0,30.0,0.0,1.0,2.0,1.935483870967742,,46.0,,,ionq_simulator_offline(forte-1),simulator,True,,,,0.005398850189521909,2.0,1.0,,,,,,,,,,,,,,,,,,,15.0,15.0,120.0,30.0,,
bit_code_nq31_ionq_forte-1_CPU_transpile_itrs0_opt1_20260422T011802Z.json,bit_code,31,ionq,forte-1,CPU,transpile,0,1.0,2026-04-22T01:18:02.251685Z,1,1,1,frontier,gen006,5,77,31.0,46,91,30,91,0,5,1,0,,46,30.0,,1.0,10.0,31.0,211.0,30.0,0.0,1.0,2.0,1.935483870967742,,46.0,,,ionq_simulator_offline(forte-1),simulator,True,,,,0.01021819794550538,2.0,1.0,,,,,,,,,,,,,,,,,,,15.0,15.0,120.0,30.0,,
bit_code_nq31_ionq_forte-1_CPU_transpile_itrs0_opt2_20260422T011802Z.json,bit_code,31,ionq,forte-1,CPU,transpile,0,2.0,2026-04-22T01:18:02.269134Z,1,1,1,frontier,gen006,5,77,31.0,46,91,30,91,0,5,1,0,,46,30.0,,2.0,10.0,31.0,211.0,30.0,0.0,1.0,2.0,1.935483870967742,,46.0,,,ionq_simulator_offline(forte-1),simulator,True,,,,0.013284123037010431,2.0,1.0,,,,,,,,,,,,,,,,,,,15.0,15.0,120.0,30.0,,
bit_code_nq31_ionq_forte-1_CPU_transpile_itrs0_opt3_20260422T011802Z.json,bit_code,31,ionq,forte-1,CPU,transpile,0,3.0,2026-04-22T01:18:02.294997Z,1,1,1,frontier,gen006,5,77,31.0,46,91,30,91,0,5,1,0,,46,30.0,,3.0,10.0,31.0,211.0,30.0,0.0,1.0,2.0,1.935483870967742,,46.0,,,ionq_simulator_offline(forte-1),simulator,True,,,,0.02150473603978753,2.0,1.0,,,,,,,,,,,,,,,,,,,15.0,15.0,120.0,30.0,,
bit_code_nq31_ionq_forte-enterprise-1_CPU_transpile_itrs0_opt0_20260422T011802Z.json,bit_code,31,ionq,forte-enterprise-1,CPU,transpile,0,0.0,2026-04-22T01:18:02.304955Z,1,1,1,frontier,gen006,5,77,31.0,46,91,30,91,0,5,1,0,,46,30.0,,0.0,10.0,31.0,211.0,30.0,0.0,1.0,2.0,1.935483870967742,,46.0,,,ionq_simulator_offline(forte-enterprise-1),simulator,True,,,,0.005621050018817186,2.0,1.0,,,,,,,,,,,,,,,,,,,15.0,15.0,120.0,30.0,,
bit_code_nq31_ionq_forte-enterprise-1_CPU_transpile_itrs0_opt1_20260422T011802Z.json,bit_code,31,ionq,forte-enterprise-1,CPU,transpile,0,1.0,2026-04-22T01:18:02.319441Z,1,1,1,frontier,gen006,5,77,31.0,46,91,30,91,0,5,1,0,,46,30.0,,1.0,10.0,31.0,211.0,30.0,0.0,1.0,2.0,1.935483870967742,,46.0,,,ionq_simulator_offline(forte-enterprise-1),simulator,True,,,,0.010198811069130898,2.0,1.0,,,,,,,,,,,,,,,,,,,15.0,15.0,120.0,30.0,,
bit_code_nq31_ionq_forte-enterprise-1_CPU_transpile_itrs0_opt2_20260422T011802Z.json,bit_code,31,ionq,forte-enterprise-1,CPU,transpile,0,2.0,2026-04-22T01:18:02.336880Z,1,1,1,frontier,gen006,5,77,31.0,46,91,30,91,0,5,1,0,,46,30.0,,2.0,10.0,31.0,211.0,30.0,0.0,1.0,2.0,1.935483870967742,,46.0,,,ionq_simulator_offline(forte-enterprise-1),simulator,True,,,,0.013248424045741558,2.0,1.0,,,,,,,,,,,,,,,,,,,15.0,15.0,120.0,30.0,,
bit_code_nq31_ionq_forte-enterprise-1_CPU_transpile_itrs0_opt3_20260422T011802Z.json,bit_code,31,ionq,forte-enterprise-1,CPU,transpile,0,3.0,2026-04-22T01:18:02.362679Z,1,1,1,frontier,gen006,5,77,31.0,46,91,30,91,0,5,1,0,,46,30.0,,3.0,10.0,31.0,211.0,30.0,0.0,1.0,2.0,1.935483870967742,,46.0,,,ionq_simulator_offline(forte-enterprise-1),simulator,True,,,,0.021369965048506856,2.0,1.0,,,,,,,,,,,,,,,,,,,15.0,15.0,120.0,30.0,,
bit_code_nq31_ionq_harmony_CPU_transpile_itrs0_opt0_20260422T011802Z.json,bit_code,31,ionq,harmony,CPU,transpile,0,0.0,2026-04-22T01:18:02.372517Z,1,1,1,frontier,gen006,5,77,31.0,46,91,30,91,0,5,1,0,,46,30.0,,0.0,10.0,31.0,211.0,30.0,0.0,1.0,2.0,1.935483870967742,,46.0,,,ionq_simulator_offline(harmony),simulator,True,,,,0.0053794230334460735,2.0,1.0,,,,,,,,,,,,,,,,,,,15.0,15.0,120.0,30.0,,
bit_code_nq31_ionq_harmony_CPU_transpile_itrs0_opt1_20260422T011802Z.json,bit_code,31,ionq,harmony,CPU,transpile,0,1.0,2026-04-22T01:18:02.387166Z,1,1,1,frontier,gen006,5,77,31.0,46,91,30,91,0,5,1,0,,46,30.0,,1.0,10.0,31.0,211.0,30.0,0.0,1.0,2.0,1.935483870967742,,46.0,,,ionq_simulator_offline(harmony),simulator,True,,,,0.010216986993327737,2.0,1.0,,,,,,,,,,,,,,,,,,,15.0,15.0,120.0,30.0,,
bit_code_nq31_ionq_harmony_CPU_transpile_itrs0_opt2_20260422T011802Z.json,bit_code,31,ionq,harmony,CPU,transpile,0,2.0,2026-04-22T01:18:02.404616Z,1,1,1,frontier,gen006,5,77,31.0,46,91,30,91,0,5,1,0,,46,30.0,,2.0,10.0,31.0,211.0,30.0,0.0,1.0,2.0,1.935483870967742,,46.0,,,ionq_simulator_offline(harmony),simulator,True,,,,0.013241090113297105,2.0,1.0,,,,,,,,,,,,,,,,,,,15.0,15.0,120.0,30.0,,
bit_code_nq31_ionq_harmony_CPU_transpile_itrs0_opt3_20260422T011802Z.json,bit_code,31,ionq,harmony,CPU,transpile,0,3.0,2026-04-22T01:18:02.430563Z,1,1,1,frontier,gen006,5,77,31.0,46,91,30,91,0,5,1,0,,46,30.0,,3.0,10.0,31.0,211.0,30.0,0.0,1.0,2.0,1.935483870967742,,46.0,,,ionq_simulator_offline(harmony),simulator,True,,,,0.021446262020617723,2.0,1.0,,,,,,,,,,,,,,,,,,,15.0,15.0,120.0,30.0,,
bit_code_nq31_ionq_ideal_CPU_transpile_itrs0_opt0_20260422T011802Z.json,bit_code,31,ionq,ideal,CPU,transpile,0,0.0,2026-04-22T01:18:02.029193Z,1,1,1,frontier,gen006,5,77,31.0,46,91,30,91,0,5,1,0,,46,30.0,,0.0,5.0,31.0,91.0,30.0,0.0,1.0,2.0,1.935483870967742,,46.0,,,ionq_simulator_offline(ideal),simulator,True,,,,0.6592669519595802,1.0,1.0,30.0,,,,,,,,,,,,,,,,,,15.0,15.0,,,,
bit_code_nq31_ionq_ideal_CPU_transpile_itrs0_opt1_20260422T011802Z.json,bit_code,31,ionq,ideal,CPU,transpile,0,1.0,2026-04-22T01:18:02.044491Z,1,1,1,frontier,gen006,5,77,31.0,46,91,30,91,0,5,1,0,,46,30.0,,1.0,5.0,31.0,91.0,30.0,0.0,1.0,2.0,1.935483870967742,,46.0,,,ionq_simulator_offline(ideal),simulator,True,,,,0.011118362192064524,1.0,1.0,30.0,,,,,,,,,,,,,,,,,,15.0,15.0,,,,
bit_code_nq31_ionq_ideal_CPU_transpile_itrs0_opt2_20260422T011802Z.json,bit_code,31,ionq,ideal,CPU,transpile,0,2.0,2026-04-22T01:18:02.071153Z,1,1,1,frontier,gen006,5,77,31.0,46,91,30,91,0,5,1,0,,46,30.0,,2.0,5.0,31.0,91.0,30.0,0.0,1.0,2.0,1.935483870967742,,46.0,,,ionq_simulator_offline(ideal),simulator,True,,,,0.02302516787312925,1.0,1.0,30.0,,,,,,,,,,,,,,,,,,15.0,15.0,,,,
bit_code_nq31_ionq_ideal_CPU_transpile_itrs0_opt3_20260422T011802Z.json,bit_code,31,ionq,ideal,CPU,transpile,0,3.0,2026-04-22T01:18:02.090308Z,1,1,1,frontier,gen006,5,77,31.0,46,91,30,91,0,5,1,0,,46,30.0,,3.0,5.0,31.0,91.0,30.0,0.0,1.0,2.0,1.935483870967742,,46.0,,,ionq_simulator_offline(ideal),simulator,True,,,,0.014745513210073113,1.0,1.0,30.0,,,,,,,,,,,,,,,,,,15.0,15.0,,,,
bit_code_nq39_ionq_aria-1_CPU_transpile_itrs0_opt0_20260422T011802Z.json,bit_code,39,ionq,aria-1,CPU,transpile,0,0.0,2026-04-22T01:18:02.023746Z,1,1,1,frontier,gen006,5,97,39.0,58,115,38,115,0,5,1,0,,58,38.0,,0.0,10.0,39.0,267.0,38.0,0.0,1.0,2.0,1.9487179487179487,,58.0,,,ionq_simulator_offline(aria-1),simulator,True,,,,0.007600120035931468,2.0,1.0,,,,,,,,,,,,,,,,,,,19.0,19.0,152.0,38.0,,
bit_code_nq39_ionq_aria-1_CPU_transpile_itrs0_opt1_20260422T011802Z.json,bit_code,39,ionq,aria-1,CPU,transpile,0,1.0,2026-04-22T01:18:02.040197Z,1,1,1,frontier,gen006,5,97,39.0,58,115,38,115,0,5,1,0,,58,38.0,,1.0,10.0,39.0,267.0,38.0,0.0,1.0,2.0,1.9487179487179487,,58.0,,,ionq_simulator_offline(aria-1),simulator,True,,,,0.01155925402417779,2.0,1.0,,,,,,,,,,,,,,,,,,,19.0,19.0,152.0,38.0,,
bit_code_nq39_ionq_aria-1_CPU_transpile_itrs0_opt2_20260422T011802Z.json,bit_code,39,ionq,aria-1,CPU,transpile,0,2.0,2026-04-22T01:18:02.059839Z,1,1,1,frontier,gen006,5,97,39.0,58,115,38,115,0,5,1,0,,58,38.0,,2.0,10.0,39.0,267.0,38.0,0.0,1.0,2.0,1.9487179487179487,,58.0,,,ionq_simulator_offline(aria-1),simulator,True,,,,0.014908886980265379,2.0,1.0,,,,,,,,,,,,,,,,,,,19.0,19.0,152.0,38.0,,
bit_code_nq39_ionq_aria-1_CPU_transpile_itrs0_opt3_20260422T011802Z.json,bit_code,39,ionq,aria-1,CPU,transpile,0,3.0,2026-04-22T01:18:02.089670Z,1,1,1,frontier,gen006,5,97,39.0,58,115,38,115,0,5,1,0,,58,38.0,,3.0,10.0,39.0,267.0,38.0,0.0,1.0,2.0,1.9487179487179487,,58.0,,,ionq_simulator_offline(aria-1),simulator,True,,,,0.02481515589170158,2.0,1.0,,,,,,,,,,,,,,,,,,,19.0,19.0,152.0,38.0,,
bit_code_nq39_ionq_aria-2_CPU_transpile_itrs0_opt0_20260422T011802Z.json,bit_code,39,ionq,aria-2,CPU,transpile,0,0.0,2026-04-22T01:18:02.100843Z,1,1,1,frontier,gen006,5,97,39.0,58,115,38,115,0,5,1,0,,58,38.0,,0.0,10.0,39.0,267.0,38.0,0.0,1.0,2.0,1.9487179487179487,,58.0,,,ionq_simulator_offline(aria-2),simulator,True,,,,0.006000419845804572,2.0,1.0,,,,,,,,,,,,,,,,,,,19.0,19.0,152.0,38.0,,
bit_code_nq39_ionq_aria-2_CPU_transpile_itrs0_opt1_20260422T011802Z.json,bit_code,39,ionq,aria-2,CPU,transpile,0,1.0,2026-04-22T01:18:02.116789Z,1,1,1,frontier,gen006,5,97,39.0,58,115,38,115,0,5,1,0,,58,38.0,,1.0,10.0,39.0,267.0,38.0,0.0,1.0,2.0,1.9487179487179487,,58.0,,,ionq_simulator_offline(aria-2),simulator,True,,,,0.011046089930459857,2.0,1.0,,,,,,,,,,,,,,,,,,,19.0,19.0,152.0,38.0,,
bit_code_nq39_ionq_aria-2_CPU_transpile_itrs0_opt2_20260422T011802Z.json,bit_code,39,ionq,aria-2,CPU,transpile,0,2.0,2026-04-22T01:18:02.136123Z,1,1,1,frontier,gen006,5,97,39.0,58,115,38,115,0,5,1,0,,58,38.0,,2.0,10.0,39.0,267.0,38.0,0.0,1.0,2.0,1.9487179487179487,,58.0,,,ionq_simulator_offline(aria-2),simulator,True,,,,0.014442543033510447,2.0,1.0,,,,,,,,,,,,,,,,,,,19.0,19.0,152.0,38.0,,
bit_code_nq39_ionq_aria-2_CPU_transpile_itrs0_opt3_20260422T011802Z.json,bit_code,39,ionq,aria-2,CPU,transpile,0,3.0,2026-04-22T01:18:02.165767Z,1,1,1,frontier,gen006,5,97,39.0,58,115,38,115,0,5,1,0,,58,38.0,,3.0,10.0,39.0,267.0,38.0,0.0,1.0,2.0,1.9487179487179487,,58.0,,,ionq_simulator_offline(aria-2),simulator,True,,,,0.02450157911516726,2.0,1.0,,,,,,,,,,,,,,,,,,,19.0,19.0,152.0,38.0,,
bit_code_nq39_ionq_forte-1_CPU_transpile_itrs0_opt0_20260422T011802Z.json,bit_code,39,ionq,forte-1,CPU,transpile,0,0.0,2026-04-22T01:18:02.176589Z,1,1,1,frontier,gen006,5,97,39.0,58,115,38,115,0,5,1,0,,58,38.0,,0.0,10.0,39.0,267.0,38.0,0.0,1.0,2.0,1.9487179487179487,,58.0,,,ionq_simulator_offline(forte-1),simulator,True,,,,0.0057768868282437325,2.0,1.0,,,,,,,,,,,,,,,,,,,19.0,19.0,152.0,38.0,,
bit_code_nq39_ionq_forte-1_CPU_transpile_itrs0_opt1_20260422T011802Z.json,bit_code,39,ionq,forte-1,CPU,transpile,0,1.0,2026-04-22T01:18:02.192325Z,1,1,1,frontier,gen006,5,97,39.0,58,115,38,115,0,5,1,0,,58,38.0,,1.0,10.0,39.0,267.0,38.0,0.0,1.0,2.0,1.9487179487179487,,58.0,,,ionq_simulator_offline(forte-1),simulator,True,,,,0.011077019851654768,2.0,1.0,,,,,,,,,,,,,,,,,,,19.0,19.0,152.0,38.0,,
bit_code_nq39_ionq_forte-1_CPU_transpile_itrs0_opt2_20260422T011802Z.json,bit_code,39,ionq,forte-1,CPU,transpile,0,2.0,2026-04-22T01:18:02.211833Z,1,1,1,frontier,gen006,5,97,39.0,58,115,38,115,0,5,1,0,,58,38.0,,2.0,10.0,39.0,267.0,38.0,0.0,1.0,2.0,1.9487179487179487,,58.0,,,ionq_simulator_offline(forte-1),simulator,True,,,,0.014686435926705599,2.0,1.0,,,,,,,,,,,,,,,,,,,19.0,19.0,152.0,38.0,,
bit_code_nq39_ionq_forte-1_CPU_transpile_itrs0_opt3_20260422T011802Z.json,bit_code,39,ionq,forte-1,CPU,transpile,0,3.0,2026-04-22T01:18:02.241341Z,1,1,1,frontier,gen006,5,97,39.0,58,115,38,115,0,5,1,0,,58,38.0,,3.0,10.0,39.0,267.0,38.0,0.0,1.0,2.0,1.9487179487179487,,58.0,,,ionq_simulator_offline(forte-1),simulator,True,,,,0.02451638807542622,2.0,1.0,,,,,,,,,,,,,,,,,,,19.0,19.0,152.0,38.0,,
bit_code_nq39_ionq_forte-enterprise-1_CPU_transpile_itrs0_opt0_20260422T011802Z.json,bit_code,39,ionq,forte-enterprise-1,CPU,transpile,0,0.0,2026-04-22T01:18:02.252144Z,1,1,1,frontier,gen006,5,97,39.0,58,115,38,115,0,5,1,0,,58,38.0,,0.0,10.0,39.0,267.0,38.0,0.0,1.0,2.0,1.9487179487179487,,58.0,,,ionq_simulator_offline(forte-enterprise-1),simulator,True,,,,0.00576477381400764,2.0,1.0,,,,,,,,,,,,,,,,,,,19.0,19.0,152.0,38.0,,
bit_code_nq39_ionq_forte-enterprise-1_CPU_transpile_itrs0_opt1_20260422T011802Z.json,bit_code,39,ionq,forte-enterprise-1,CPU,transpile,0,1.0,2026-04-22T01:18:02.268054Z,1,1,1,frontier,gen006,5,97,39.0,58,115,38,115,0,5,1,0,,58,38.0,,1.0,10.0,39.0,267.0,38.0,0.0,1.0,2.0,1.9487179487179487,,58.0,,,ionq_simulator_offline(forte-enterprise-1),simulator,True,,,,0.011142577044665813,2.0,1.0,,,,,,,,,,,,,,,,,,,19.0,19.0,152.0,38.0,,
bit_code_nq39_ionq_forte-enterprise-1_CPU_transpile_itrs0_opt2_20260422T011802Z.json,bit_code,39,ionq,forte-enterprise-1,CPU,transpile,0,2.0,2026-04-22T01:18:02.287371Z,1,1,1,frontier,gen006,5,97,39.0,58,115,38,115,0,5,1,0,,58,38.0,,2.0,10.0,39.0,267.0,38.0,0.0,1.0,2.0,1.9487179487179487,,58.0,,,ionq_simulator_offline(forte-enterprise-1),simulator,True,,,,0.014491558074951172,2.0,1.0,,,,,,,,,,,,,,,,,,,19.0,19.0,152.0,38.0,,
bit_code_nq39_ionq_forte-enterprise-1_CPU_transpile_itrs0_opt3_20260422T011802Z.json,bit_code,39,ionq,forte-enterprise-1,CPU,transpile,0,3.0,2026-04-22T01:18:02.317185Z,1,1,1,frontier,gen006,5,97,39.0,58,115,38,115,0,5,1,0,,58,38.0,,3.0,10.0,39.0,267.0,38.0,0.0,1.0,2.0,1.9487179487179487,,58.0,,,ionq_simulator_offline(forte-enterprise-1),simulator,True,,,,0.024864292005077004,2.0,1.0,,,,,,,,,,,,,,,,,,,19.0,19.0,152.0,38.0,,
bit_code_nq39_ionq_harmony_CPU_transpile_itrs0_opt0_20260422T011802Z.json,bit_code,39,ionq,harmony,CPU,transpile,0,0.0,2026-04-22T01:18:02.327987Z,1,1,1,frontier,gen006,5,97,39.0,58,115,38,115,0,5,1,0,,58,38.0,,0.0,10.0,39.0,267.0,38.0,0.0,1.0,2.0,1.9487179487179487,,58.0,,,ionq_simulator_offline(harmony),simulator,True,,,,0.005771958036348224,2.0,1.0,,,,,,,,,,,,,,,,,,,19.0,19.0,152.0,38.0,,
bit_code_nq39_ionq_harmony_CPU_transpile_itrs0_opt1_20260422T011802Z.json,bit_code,39,ionq,harmony,CPU,transpile,0,1.0,2026-04-22T01:18:02.343944Z,1,1,1,frontier,gen006,5,97,39.0,58,115,38,115,0,5,1,0,,58,38.0,,1.0,10.0,39.0,267.0,38.0,0.0,1.0,2.0,1.9487179487179487,,58.0,,,ionq_simulator_offline(harmony),simulator,True,,,,0.011149690952152014,2.0,1.0,,,,,,,,,,,,,,,,,,,19.0,19.0,152.0,38.0,,
bit_code_nq39_ionq_harmony_CPU_transpile_itrs0_opt2_20260422T011802Z.json,bit_code,39,ionq,harmony,CPU,transpile,0,2.0,2026-04-22T01:18:02.363205Z,1,1,1,frontier,gen006,5,97,39.0,58,115,38,115,0,5,1,0,,58,38.0,,2.0,10.0,39.0,267.0,38.0,0.0,1.0,2.0,1.9487179487179487,,58.0,,,ionq_simulator_offline(harmony),simulator,True,,,,0.014506026171147823,2.0,1.0,,,,,,,,,,,,,,,,,,,19.0,19.0,152.0,38.0,,
bit_code_nq39_ionq_harmony_CPU_transpile_itrs0_opt3_20260422T011802Z.json,bit_code,39,ionq,harmony,CPU,transpile,0,3.0,2026-04-22T01:18:02.393223Z,1,1,1,frontier,gen006,5,97,39.0,58,115,38,115,0,5,1,0,,58,38.0,,3.0,10.0,39.0,267.0,38.0,0.0,1.0,2.0,1.9487179487179487,,58.0,,,ionq_simulator_offline(harmony),simulator,True,,,,0.02466778107918799,2.0,1.0,,,,,,,,,,,,,,,,,,,19.0,19.0,152.0,38.0,,
bit_code_nq39_ionq_ideal_CPU_transpile_itrs0_opt0_20260422T011801Z.json,bit_code,39,ionq,ideal,CPU,transpile,0,0.0,2026-04-22T01:18:01.948969Z,1,1,1,frontier,gen006,5,97,39.0,58,115,38,115,0,5,1,0,,58,38.0,,0.0,5.0,39.0,115.0,38.0,0.0,1.0,2.0,1.9487179487179487,,58.0,,,ionq_simulator_offline(ideal),simulator,True,,,,0.6496362169273198,1.0,1.0,38.0,,,,,,,,,,,,,,,,,,19.0,19.0,,,,
bit_code_nq39_ionq_ideal_CPU_transpile_itrs0_opt1_20260422T011801Z.json,bit_code,39,ionq,ideal,CPU,transpile,0,1.0,2026-04-22T01:18:01.965776Z,1,1,1,frontier,gen006,5,97,39.0,58,115,38,115,0,5,1,0,,58,38.0,,1.0,5.0,39.0,115.0,38.0,0.0,1.0,2.0,1.9487179487179487,,58.0,,,ionq_simulator_offline(ideal),simulator,True,,,,0.01212448999285698,1.0,1.0,38.0,,,,,,,,,,,,,,,,,,19.0,19.0,,,,
bit_code_nq39_ionq_ideal_CPU_transpile_itrs0_opt2_20260422T011801Z.json,bit_code,39,ionq,ideal,CPU,transpile,0,2.0,2026-04-22T01:18:01.990767Z,1,1,1,frontier,gen006,5,97,39.0,58,115,38,115,0,5,1,0,,58,38.0,,2.0,5.0,39.0,115.0,38.0,0.0,1.0,2.0,1.9487179487179487,,58.0,,,ionq_simulator_offline(ideal),simulator,True,,,,0.020892313914373517,1.0,1.0,38.0,,,,,,,,,,,,,,,,,,19.0,19.0,,,,
bit_code_nq39_ionq_ideal_CPU_transpile_itrs0_opt3_20260422T011802Z.json,bit_code,39,ionq,ideal,CPU,transpile,0,3.0,2026-04-22T01:18:02.011104Z,1,1,1,frontier,gen006,5,97,39.0,58,115,38,115,0,5,1,0,,58,38.0,,3.0,5.0,39.0,115.0,38.0,0.0,1.0,2.0,1.9487179487179487,,58.0,,,ionq_simulator_offline(ideal),simulator,True,,,,0.015814560931175947,1.0,1.0,38.0,,,,,,,,,,,,,,,,,,19.0,19.0,,,,
bit_code_nq45_ionq_aria-1_CPU_transpile_itrs0_opt0_20260422T011802Z.json,bit_code,45,ionq,aria-1,CPU,transpile,0,0.0,2026-04-22T01:18:02.004214Z,1,1,1,frontier,gen006,5,112,45.0,67,133,44,133,0,5,1,0,,67,44.0,,0.0,10.0,45.0,309.0,44.0,0.0,1.0,2.0,1.9555555555555555,,67.0,,,ionq_simulator_offline(aria-1),simulator,True,,,,0.007684936048462987,2.0,1.0,,,,,,,,,,,,,,,,,,,22.0,22.0,176.0,44.0,,
bit_code_nq45_ionq_aria-1_CPU_transpile_itrs0_opt1_20260422T011802Z.json,bit_code,45,ionq,aria-1,CPU,transpile,0,1.0,2026-04-22T01:18:02.021707Z,1,1,1,frontier,gen006,5,112,45.0,67,133,44,133,0,5,1,0,,67,44.0,,1.0,10.0,45.0,309.0,44.0,0.0,1.0,2.0,1.9555555555555555,,67.0,,,ionq_simulator_offline(aria-1),simulator,True,,,,0.01212259684689343,2.0,1.0,,,,,,,,,,,,,,,,,,,22.0,22.0,176.0,44.0,,
bit_code_nq45_ionq_aria-1_CPU_transpile_itrs0_opt2_20260422T011802Z.json,bit_code,45,ionq,aria-1,CPU,transpile,0,2.0,2026-04-22T01:18:02.043135Z,1,1,1,frontier,gen006,5,112,45.0,67,133,44,133,0,5,1,0,,67,44.0,,2.0,10.0,45.0,309.0,44.0,0.0,1.0,2.0,1.9555555555555555,,67.0,,,ionq_simulator_offline(aria-1),simulator,True,,,,0.016083364142104983,2.0,1.0,,,,,,,,,,,,,,,,,,,22.0,22.0,176.0,44.0,,
bit_code_nq45_ionq_aria-1_CPU_transpile_itrs0_opt3_20260422T011802Z.json,bit_code,45,ionq,aria-1,CPU,transpile,0,3.0,2026-04-22T01:18:02.076866Z,1,1,1,frontier,gen006,5,112,45.0,67,133,44,133,0,5,1,0,,67,44.0,,3.0,10.0,45.0,309.0,44.0,0.0,1.0,2.0,1.9555555555555555,,67.0,,,ionq_simulator_offline(aria-1),simulator,True,,,,0.02809124789200723,2.0,1.0,,,,,,,,,,,,,,,,,,,22.0,22.0,176.0,44.0,,
bit_code_nq45_ionq_aria-2_CPU_transpile_itrs0_opt0_20260422T011802Z.json,bit_code,45,ionq,aria-2,CPU,transpile,0,0.0,2026-04-22T01:18:02.088636Z,1,1,1,frontier,gen006,5,112,45.0,67,133,44,133,0,5,1,0,,67,44.0,,0.0,10.0,45.0,309.0,44.0,0.0,1.0,2.0,1.9555555555555555,,67.0,,,ionq_simulator_offline(aria-2),simulator,True,,,,0.006071086972951889,2.0,1.0,,,,,,,,,,,,,,,,,,,22.0,22.0,176.0,44.0,,
bit_code_nq45_ionq_aria-2_CPU_transpile_itrs0_opt1_20260422T011802Z.json,bit_code,45,ionq,aria-2,CPU,transpile,0,1.0,2026-04-22T01:18:02.105687Z,1,1,1,frontier,gen006,5,112,45.0,67,133,44,133,0,5,1,0,,67,44.0,,1.0,10.0,45.0,309.0,44.0,0.0,1.0,2.0,1.9555555555555555,,67.0,,,ionq_simulator_offline(aria-2),simulator,True,,,,0.011579113081097603,2.0,1.0,,,,,,,,,,,,,,,,,,,22.0,22.0,176.0,44.0,,
bit_code_nq45_ionq_aria-2_CPU_transpile_itrs0_opt2_20260422T011802Z.json,bit_code,45,ionq,aria-2,CPU,transpile,0,2.0,2026-04-22T01:18:02.126761Z,1,1,1,frontier,gen006,5,112,45.0,67,133,44,133,0,5,1,0,,67,44.0,,2.0,10.0,45.0,309.0,44.0,0.0,1.0,2.0,1.9555555555555555,,67.0,,,ionq_simulator_offline(aria-2),simulator,True,,,,0.015628712950274348,2.0,1.0,,,,,,,,,,,,,,,,,,,22.0,22.0,176.0,44.0,,
bit_code_nq45_ionq_aria-2_CPU_transpile_itrs0_opt3_20260422T011802Z.json,bit_code,45,ionq,aria-2,CPU,transpile,0,3.0,2026-04-22T01:18:02.159823Z,1,1,1,frontier,gen006,5,112,45.0,67,133,44,133,0,5,1,0,,67,44.0,,3.0,10.0,45.0,309.0,44.0,0.0,1.0,2.0,1.9555555555555555,,67.0,,,ionq_simulator_offline(aria-2),simulator,True,,,,0.027485484024509788,2.0,1.0,,,,,,,,,,,,,,,,,,,22.0,22.0,176.0,44.0,,
bit_code_nq45_ionq_forte-1_CPU_transpile_itrs0_opt0_20260422T011802Z.json,bit_code,45,ionq,forte-1,CPU,transpile,0,0.0,2026-04-22T01:18:02.171881Z,1,1,1,frontier,gen006,5,112,45.0,67,133,44,133,0,5,1,0,,67,44.0,,0.0,10.0,45.0,309.0,44.0,0.0,1.0,2.0,1.9555555555555555,,67.0,,,ionq_simulator_offline(forte-1),simulator,True,,,,0.0064823750872164965,2.0,1.0,,,,,,,,,,,,,,,,,,,22.0,22.0,176.0,44.0,,
bit_code_nq45_ionq_forte-1_CPU_transpile_itrs0_opt1_20260422T011802Z.json,bit_code,45,ionq,forte-1,CPU,transpile,0,1.0,2026-04-22T01:18:02.189121Z,1,1,1,frontier,gen006,5,112,45.0,67,133,44,133,0,5,1,0,,67,44.0,,1.0,10.0,45.0,309.0,44.0,0.0,1.0,2.0,1.9555555555555555,,67.0,,,ionq_simulator_offline(forte-1),simulator,True,,,,0.011675321031361818,2.0,1.0,,,,,,,,,,,,,,,,,,,22.0,22.0,176.0,44.0,,
bit_code_nq45_ionq_forte-1_CPU_transpile_itrs0_opt2_20260422T011802Z.json,bit_code,45,ionq,forte-1,CPU,transpile,0,2.0,2026-04-22T01:18:02.210220Z,1,1,1,frontier,gen006,5,112,45.0,67,133,44,133,0,5,1,0,,67,44.0,,2.0,10.0,45.0,309.0,44.0,0.0,1.0,2.0,1.9555555555555555,,67.0,,,ionq_simulator_offline(forte-1),simulator,True,,,,0.015649784123525023,2.0,1.0,,,,,,,,,,,,,,,,,,,22.0,22.0,176.0,44.0,,
bit_code_nq45_ionq_forte-1_CPU_transpile_itrs0_opt3_20260422T011802Z.json,bit_code,45,ionq,forte-1,CPU,transpile,0,3.0,2026-04-22T01:18:02.243207Z,1,1,1,frontier,gen006,5,112,45.0,67,133,44,133,0,5,1,0,,67,44.0,,3.0,10.0,45.0,309.0,44.0,0.0,1.0,2.0,1.9555555555555555,,67.0,,,ionq_simulator_offline(forte-1),simulator,True,,,,0.027419596910476685,2.0,1.0,,,,,,,,,,,,,,,,,,,22.0,22.0,176.0,44.0,,
bit_code_nq45_ionq_forte-enterprise-1_CPU_transpile_itrs0_opt0_20260422T011802Z.json,bit_code,45,ionq,forte-enterprise-1,CPU,transpile,0,0.0,2026-04-22T01:18:02.254951Z,1,1,1,frontier,gen006,5,112,45.0,67,133,44,133,0,5,1,0,,67,44.0,,0.0,10.0,45.0,309.0,44.0,0.0,1.0,2.0,1.9555555555555555,,67.0,,,ionq_simulator_offline(forte-enterprise-1),simulator,True,,,,0.006117717828601599,2.0,1.0,,,,,,,,,,,,,,,,,,,22.0,22.0,176.0,44.0,,
bit_code_nq45_ionq_forte-enterprise-1_CPU_transpile_itrs0_opt1_20260422T011802Z.json,bit_code,45,ionq,forte-enterprise-1,CPU,transpile,0,1.0,2026-04-22T01:18:02.272085Z,1,1,1,frontier,gen006,5,112,45.0,67,133,44,133,0,5,1,0,,67,44.0,,1.0,10.0,45.0,309.0,44.0,0.0,1.0,2.0,1.9555555555555555,,67.0,,,ionq_simulator_offline(forte-enterprise-1),simulator,True,,,,0.011749513912945986,2.0,1.0,,,,,,,,,,,,,,,,,,,22.0,22.0,176.0,44.0,,
bit_code_nq45_ionq_forte-enterprise-1_CPU_transpile_itrs0_opt2_20260422T011802Z.json,bit_code,45,ionq,forte-enterprise-1,CPU,transpile,0,2.0,2026-04-22T01:18:02.293558Z,1,1,1,frontier,gen006,5,112,45.0,67,133,44,133,0,5,1,0,,67,44.0,,2.0,10.0,45.0,309.0,44.0,0.0,1.0,2.0,1.9555555555555555,,67.0,,,ionq_simulator_offline(forte-enterprise-1),simulator,True,,,,0.01605867617763579,2.0,1.0,,,,,,,,,,,,,,,,,,,22.0,22.0,176.0,44.0,,
bit_code_nq45_ionq_forte-enterprise-1_CPU_transpile_itrs0_opt3_20260422T011802Z.json,bit_code,45,ionq,forte-enterprise-1,CPU,transpile,0,3.0,2026-04-22T01:18:02.326674Z,1,1,1,frontier,gen006,5,112,45.0,67,133,44,133,0,5,1,0,,67,44.0,,3.0,10.0,45.0,309.0,44.0,0.0,1.0,2.0,1.9555555555555555,,67.0,,,ionq_simulator_offline(forte-enterprise-1),simulator,True,,,,0.027429956011474133,2.0,1.0,,,,,,,,,,,,,,,,,,,22.0,22.0,176.0,44.0,,
bit_code_nq45_ionq_harmony_CPU_transpile_itrs0_opt0_20260422T011802Z.json,bit_code,45,ionq,harmony,CPU,transpile,0,0.0,2026-04-22T01:18:02.338433Z,1,1,1,frontier,gen006,5,112,45.0,67,133,44,133,0,5,1,0,,67,44.0,,0.0,10.0,45.0,309.0,44.0,0.0,1.0,2.0,1.9555555555555555,,67.0,,,ionq_simulator_offline(harmony),simulator,True,,,,0.00608596601523459,2.0,1.0,,,,,,,,,,,,,,,,,,,22.0,22.0,176.0,44.0,,
bit_code_nq45_ionq_harmony_CPU_transpile_itrs0_opt1_20260422T011802Z.json,bit_code,45,ionq,harmony,CPU,transpile,0,1.0,2026-04-22T01:18:02.355922Z,1,1,1,frontier,gen006,5,112,45.0,67,133,44,133,0,5,1,0,,67,44.0,,1.0,10.0,45.0,309.0,44.0,0.0,1.0,2.0,1.9555555555555555,,67.0,,,ionq_simulator_offline(harmony),simulator,True,,,,0.01175815099850297,2.0,1.0,,,,,,,,,,,,,,,,,,,22.0,22.0,176.0,44.0,,
bit_code_nq45_ionq_harmony_CPU_transpile_itrs0_opt2_20260422T011802Z.json,bit_code,45,ionq,harmony,CPU,transpile,0,2.0,2026-04-22T01:18:02.377100Z,1,1,1,frontier,gen006,5,112,45.0,67,133,44,133,0,5,1,0,,67,44.0,,2.0,10.0,45.0,309.0,44.0,0.0,1.0,2.0,1.9555555555555555,,67.0,,,ionq_simulator_offline(harmony),simulator,True,,,,0.01579138799570501,2.0,1.0,,,,,,,,,,,,,,,,,,,22.0,22.0,176.0,44.0,,
bit_code_nq45_ionq_harmony_CPU_transpile_itrs0_opt3_20260422T011802Z.json,bit_code,45,ionq,harmony,CPU,transpile,0,3.0,2026-04-22T01:18:02.410708Z,1,1,1,frontier,gen006,5,112,45.0,67,133,44,133,0,5,1,0,,67,44.0,,3.0,10.0,45.0,309.0,44.0,0.0,1.0,2.0,1.9555555555555555,,67.0,,,ionq_simulator_offline(harmony),simulator,True,,,,0.02799030300229788,2.0,1.0,,,,,,,,,,,,,,,,,,,22.0,22.0,176.0,44.0,,
bit_code_nq45_ionq_ideal_CPU_transpile_itrs0_opt0_20260422T011801Z.json,bit_code,45,ionq,ideal,CPU,transpile,0,0.0,2026-04-22T01:18:01.922217Z,1,1,1,frontier,gen006,5,112,45.0,67,133,44,133,0,5,1,0,,67,44.0,,0.0,5.0,45.0,133.0,44.0,0.0,1.0,2.0,1.9555555555555555,,67.0,,,ionq_simulator_offline(ideal),simulator,True,,,,0.6647352920845151,1.0,1.0,44.0,,,,,,,,,,,,,,,,,,22.0,22.0,,,,
bit_code_nq45_ionq_ideal_CPU_transpile_itrs0_opt1_20260422T011801Z.json,bit_code,45,ionq,ideal,CPU,transpile,0,1.0,2026-04-22T01:18:01.940729Z,1,1,1,frontier,gen006,5,112,45.0,67,133,44,133,0,5,1,0,,67,44.0,,1.0,5.0,45.0,133.0,44.0,0.0,1.0,2.0,1.9555555555555555,,67.0,,,ionq_simulator_offline(ideal),simulator,True,,,,0.013335068011656404,1.0,1.0,44.0,,,,,,,,,,,,,,,,,,22.0,22.0,,,,
bit_code_nq45_ionq_ideal_CPU_transpile_itrs0_opt2_20260422T011801Z.json,bit_code,45,ionq,ideal,CPU,transpile,0,2.0,2026-04-22T01:18:01.968149Z,1,1,1,frontier,gen006,5,112,45.0,67,133,44,133,0,5,1,0,,67,44.0,,2.0,5.0,45.0,133.0,44.0,0.0,1.0,2.0,1.9555555555555555,,67.0,,,ionq_simulator_offline(ideal),simulator,True,,,,0.022512154886499047,1.0,1.0,44.0,,,,,,,,,,,,,,,,,,22.0,22.0,,,,
bit_code_nq45_ionq_ideal_CPU_transpile_itrs0_opt3_20260422T011801Z.json,bit_code,45,ionq,ideal,CPU,transpile,0,3.0,2026-04-22T01:18:01.990676Z,1,1,1,frontier,gen006,5,112,45.0,67,133,44,133,0,5,1,0,,67,44.0,,3.0,5.0,45.0,133.0,44.0,0.0,1.0,2.0,1.9555555555555555,,67.0,,,ionq_simulator_offline(ideal),simulator,True,,,,0.017217522021383047,1.0,1.0,44.0,,,,,,,,,,,,,,,,,,22.0,22.0,,,,
bit_code_nq4_ibmq_ibm_torino_CPU_sync_itrs1_20260317T180900Z.json,bit_code,4,ibmq,ibm_torino,CPU,sync,1,1.0,2026-03-17T18:09:00.585404Z,1,112,1,borg,gen008_borg,5,7,7.0,10,19,6,6,13,5,1,0,,10,6.0,,1.0,11.0,133.0,37.0,6.0,0.0,127.0,2.0,0.09022556390977443,6.0,10.0,12.0,6.0,ibm_torino,hardware,False,1.0,0.0,1.0,1.1411949899047613,2.2,1.0,,,,,,,,,,,,,,,,,,,3.0,3.0,,,,
bit_code_nq7_ionq_aria-1_CPU_transpile_itrs0_opt0_20260422T011802Z.json,bit_code,7,ionq,aria-1,CPU,transpile,0,0.0,2026-04-22T01:18:02.272033Z,1,1,1,frontier,gen006,5,17,7.0,10,19,6,19,0,5,1,0,,10,6.0,,0.0,10.0,7.0,43.0,6.0,0.0,1.0,2.0,1.7142857142857142,,10.0,,,ionq_simulator_offline(aria-1),simulator,True,,,,0.006188694853335619,2.0,1.0,,,,,,,,,,,,,,,,,,,3.0,3.0,24.0,6.0,,
bit_code_nq7_ionq_aria-1_CPU_transpile_itrs0_opt1_20260422T011802Z.json,bit_code,7,ionq,aria-1,CPU,transpile,0,1.0,2026-04-22T01:18:02.282939Z,1,1,1,frontier,gen006,5,17,7.0,10,19,6,19,0,5,1,0,,10,6.0,,1.0,10.0,7.0,43.0,6.0,0.0,1.0,2.0,1.7142857142857142,,10.0,,,ionq_simulator_offline(aria-1),simulator,True,,,,0.008568473160266876,2.0,1.0,,,,,,,,,,,,,,,,,,,3.0,3.0,24.0,6.0,,
bit_code_nq7_ionq_aria-1_CPU_transpile_itrs0_opt2_20260422T011802Z.json,bit_code,7,ionq,aria-1,CPU,transpile,0,2.0,2026-04-22T01:18:02.295850Z,1,1,1,frontier,gen006,5,17,7.0,10,19,6,19,0,5,1,0,,10,6.0,,2.0,10.0,7.0,43.0,6.0,0.0,1.0,2.0,1.7142857142857142,,10.0,,,ionq_simulator_offline(aria-1),simulator,True,,,,0.010536342859268188,2.0,1.0,,,,,,,,,,,,,,,,,,,3.0,3.0,24.0,6.0,,
bit_code_nq7_ionq_aria-1_CPU_transpile_itrs0_opt3_20260422T011802Z.json,bit_code,7,ionq,aria-1,CPU,transpile,0,3.0,2026-04-22T01:18:02.310318Z,1,1,1,frontier,gen006,5,17,7.0,10,19,6,19,0,5,1,0,,10,6.0,,3.0,10.0,7.0,43.0,6.0,0.0,1.0,2.0,1.7142857142857142,,10.0,,,ionq_simulator_offline(aria-1),simulator,True,,,,0.012050274992361665,2.0,1.0,,,,,,,,,,,,,,,,,,,3.0,3.0,24.0,6.0,,
bit_code_nq7_ionq_aria-2_CPU_transpile_itrs0_opt0_20260422T011802Z.json,bit_code,7,ionq,aria-2,CPU,transpile,0,0.0,2026-04-22T01:18:02.317010Z,1,1,1,frontier,gen006,5,17,7.0,10,19,6,19,0,5,1,0,,10,6.0,,0.0,10.0,7.0,43.0,6.0,0.0,1.0,2.0,1.7142857142857142,,10.0,,,ionq_simulator_offline(aria-2),simulator,True,,,,0.004297792911529541,2.0,1.0,,,,,,,,,,,,,,,,,,,3.0,3.0,24.0,6.0,,
bit_code_nq7_ionq_aria-2_CPU_transpile_itrs0_opt1_20260422T011802Z.json,bit_code,7,ionq,aria-2,CPU,transpile,0,1.0,2026-04-22T01:18:02.327563Z,1,1,1,frontier,gen006,5,17,7.0,10,19,6,19,0,5,1,0,,10,6.0,,1.0,10.0,7.0,43.0,6.0,0.0,1.0,2.0,1.7142857142857142,,10.0,,,ionq_simulator_offline(aria-2),simulator,True,,,,0.008394345873966813,2.0,1.0,,,,,,,,,,,,,,,,,,,3.0,3.0,24.0,6.0,,
bit_code_nq7_ionq_aria-2_CPU_transpile_itrs0_opt2_20260422T011802Z.json,bit_code,7,ionq,aria-2,CPU,transpile,0,2.0,2026-04-22T01:18:02.339906Z,1,1,1,frontier,gen006,5,17,7.0,10,19,6,19,0,5,1,0,,10,6.0,,2.0,10.0,7.0,43.0,6.0,0.0,1.0,2.0,1.7142857142857142,,10.0,,,ionq_simulator_offline(aria-2),simulator,True,,,,0.010187617968767881,2.0,1.0,,,,,,,,,,,,,,,,,,,3.0,3.0,24.0,6.0,,
bit_code_nq7_ionq_aria-2_CPU_transpile_itrs0_opt3_20260422T011802Z.json,bit_code,7,ionq,aria-2,CPU,transpile,0,3.0,2026-04-22T01:18:02.354146Z,1,1,1,frontier,gen006,5,17,7.0,10,19,6,19,0,5,1,0,,10,6.0,,3.0,10.0,7.0,43.0,6.0,0.0,1.0,2.0,1.7142857142857142,,10.0,,,ionq_simulator_offline(aria-2),simulator,True,,,,0.01196045195683837,2.0,1.0,,,,,,,,,,,,,,,,,,,3.0,3.0,24.0,6.0,,
bit_code_nq7_ionq_forte-1_CPU_transpile_itrs0_opt0_20260422T011802Z.json,bit_code,7,ionq,forte-1,CPU,transpile,0,0.0,2026-04-22T01:18:02.361053Z,1,1,1,frontier,gen006,5,17,7.0,10,19,6,19,0,5,1,0,,10,6.0,,0.0,10.0,7.0,43.0,6.0,0.0,1.0,2.0,1.7142857142857142,,10.0,,,ionq_simulator_offline(forte-1),simulator,True,,,,0.004275930114090443,2.0,1.0,,,,,,,,,,,,,,,,,,,3.0,3.0,24.0,6.0,,
bit_code_nq7_ionq_forte-1_CPU_transpile_itrs0_opt1_20260422T011802Z.json,bit_code,7,ionq,forte-1,CPU,transpile,0,1.0,2026-04-22T01:18:02.371421Z,1,1,1,frontier,gen006,5,17,7.0,10,19,6,19,0,5,1,0,,10,6.0,,1.0,10.0,7.0,43.0,6.0,0.0,1.0,2.0,1.7142857142857142,,10.0,,,ionq_simulator_offline(forte-1),simulator,True,,,,0.008166544139385223,2.0,1.0,,,,,,,,,,,,,,,,,,,3.0,3.0,24.0,6.0,,
bit_code_nq7_ionq_forte-1_CPU_transpile_itrs0_opt2_20260422T011802Z.json,bit_code,7,ionq,forte-1,CPU,transpile,0,2.0,2026-04-22T01:18:02.383748Z,1,1,1,frontier,gen006,5,17,7.0,10,19,6,19,0,5,1,0,,10,6.0,,2.0,10.0,7.0,43.0,6.0,0.0,1.0,2.0,1.7142857142857142,,10.0,,,ionq_simulator_offline(forte-1),simulator,True,,,,0.010046134004369378,2.0,1.0,,,,,,,,,,,,,,,,,,,3.0,3.0,24.0,6.0,,
bit_code_nq7_ionq_forte-1_CPU_transpile_itrs0_opt3_20260422T011802Z.json,bit_code,7,ionq,forte-1,CPU,transpile,0,3.0,2026-04-22T01:18:02.398176Z,1,1,1,frontier,gen006,5,17,7.0,10,19,6,19,0,5,1,0,,10,6.0,,3.0,10.0,7.0,43.0,6.0,0.0,1.0,2.0,1.7142857142857142,,10.0,,,ionq_simulator_offline(forte-1),simulator,True,,,,0.01200186088681221,2.0,1.0,,,,,,,,,,,,,,,,,,,3.0,3.0,24.0,6.0,,
bit_code_nq7_ionq_forte-enterprise-1_CPU_transpile_itrs0_opt0_20260422T011802Z.json,bit_code,7,ionq,forte-enterprise-1,CPU,transpile,0,0.0,2026-04-22T01:18:02.404918Z,1,1,1,frontier,gen006,5,17,7.0,10,19,6,19,0,5,1,0,,10,6.0,,0.0,10.0,7.0,43.0,6.0,0.0,1.0,2.0,1.7142857142857142,,10.0,,,ionq_simulator_offline(forte-enterprise-1),simulator,True,,,,0.00430676992982626,2.0,1.0,,,,,,,,,,,,,,,,,,,3.0,3.0,24.0,6.0,,
bit_code_nq7_ionq_forte-enterprise-1_CPU_transpile_itrs0_opt1_20260422T011802Z.json,bit_code,7,ionq,forte-enterprise-1,CPU,transpile,0,1.0,2026-04-22T01:18:02.415133Z,1,1,1,frontier,gen006,5,17,7.0,10,19,6,19,0,5,1,0,,10,6.0,,1.0,10.0,7.0,43.0,6.0,0.0,1.0,2.0,1.7142857142857142,,10.0,,,ionq_simulator_offline(forte-enterprise-1),simulator,True,,,,0.008109273854643106,2.0,1.0,,,,,,,,,,,,,,,,,,,3.0,3.0,24.0,6.0,,
bit_code_nq7_ionq_forte-enterprise-1_CPU_transpile_itrs0_opt2_20260422T011802Z.json,bit_code,7,ionq,forte-enterprise-1,CPU,transpile,0,2.0,2026-04-22T01:18:02.427342Z,1,1,1,frontier,gen006,5,17,7.0,10,19,6,19,0,5,1,0,,10,6.0,,2.0,10.0,7.0,43.0,6.0,0.0,1.0,2.0,1.7142857142857142,,10.0,,,ionq_simulator_offline(forte-enterprise-1),simulator,True,,,,0.010066854069009423,2.0,1.0,,,,,,,,,,,,,,,,,,,3.0,3.0,24.0,6.0,,
bit_code_nq7_ionq_forte-enterprise-1_CPU_transpile_itrs0_opt3_20260422T011802Z.json,bit_code,7,ionq,forte-enterprise-1,CPU,transpile,0,3.0,2026-04-22T01:18:02.441740Z,1,1,1,frontier,gen006,5,17,7.0,10,19,6,19,0,5,1,0,,10,6.0,,3.0,10.0,7.0,43.0,6.0,0.0,1.0,2.0,1.7142857142857142,,10.0,,,ionq_simulator_offline(forte-enterprise-1),simulator,True,,,,0.01195777510292828,2.0,1.0,,,,,,,,,,,,,,,,,,,3.0,3.0,24.0,6.0,,
bit_code_nq7_ionq_harmony_CPU_transpile_itrs0_opt0_20260422T011802Z.json,bit_code,7,ionq,harmony,CPU,transpile,0,0.0,2026-04-22T01:18:02.448391Z,1,1,1,frontier,gen006,5,17,7.0,10,19,6,19,0,5,1,0,,10,6.0,,0.0,10.0,7.0,43.0,6.0,0.0,1.0,2.0,1.7142857142857142,,10.0,,,ionq_simulator_offline(harmony),simulator,True,,,,0.0042948059272021055,2.0,1.0,,,,,,,,,,,,,,,,,,,3.0,3.0,24.0,6.0,,
bit_code_nq7_ionq_harmony_CPU_transpile_itrs0_opt1_20260422T011802Z.json,bit_code,7,ionq,harmony,CPU,transpile,0,1.0,2026-04-22T01:18:02.458675Z,1,1,1,frontier,gen006,5,17,7.0,10,19,6,19,0,5,1,0,,10,6.0,,1.0,10.0,7.0,43.0,6.0,0.0,1.0,2.0,1.7142857142857142,,10.0,,,ionq_simulator_offline(harmony),simulator,True,,,,0.008087561000138521,2.0,1.0,,,,,,,,,,,,,,,,,,,3.0,3.0,24.0,6.0,,
bit_code_nq7_ionq_harmony_CPU_transpile_itrs0_opt2_20260422T011802Z.json,bit_code,7,ionq,harmony,CPU,transpile,0,2.0,2026-04-22T01:18:02.470987Z,1,1,1,frontier,gen006,5,17,7.0,10,19,6,19,0,5,1,0,,10,6.0,,2.0,10.0,7.0,43.0,6.0,0.0,1.0,2.0,1.7142857142857142,,10.0,,,ionq_simulator_offline(harmony),simulator,True,,,,0.010042726993560791,2.0,1.0,,,,,,,,,,,,,,,,,,,3.0,3.0,24.0,6.0,,
bit_code_nq7_ionq_harmony_CPU_transpile_itrs0_opt3_20260422T011802Z.json,bit_code,7,ionq,harmony,CPU,transpile,0,3.0,2026-04-22T01:18:02.485322Z,1,1,1,frontier,gen006,5,17,7.0,10,19,6,19,0,5,1,0,,10,6.0,,3.0,10.0,7.0,43.0,6.0,0.0,1.0,2.0,1.7142857142857142,,10.0,,,ionq_simulator_offline(harmony),simulator,True,,,,0.011965100187808275,2.0,1.0,,,,,,,,,,,,,,,,,,,3.0,3.0,24.0,6.0,,
bit_code_nq7_ionq_ideal_CPU_transpile_itrs0_opt0_20260422T011802Z.json,bit_code,7,ionq,ideal,CPU,transpile,0,0.0,2026-04-22T01:18:02.213486Z,1,1,1,frontier,gen006,5,17,7.0,10,19,6,19,0,5,1,0,,10,6.0,,0.0,5.0,7.0,19.0,6.0,0.0,1.0,2.0,1.7142857142857142,,10.0,,,ionq_simulator_offline(ideal),simulator,True,,,,0.6679658419452608,1.0,1.0,6.0,,,,,,,,,,,,,,,,,,3.0,3.0,,,,
bit_code_nq7_ionq_ideal_CPU_transpile_itrs0_opt1_20260422T011802Z.json,bit_code,7,ionq,ideal,CPU,transpile,0,1.0,2026-04-22T01:18:02.226675Z,1,1,1,frontier,gen006,5,17,7.0,10,19,6,19,0,5,1,0,,10,6.0,,1.0,5.0,7.0,19.0,6.0,0.0,1.0,2.0,1.7142857142857142,,10.0,,,ionq_simulator_offline(ideal),simulator,True,,,,0.010732743889093399,1.0,1.0,6.0,,,,,,,,,,,,,,,,,,3.0,3.0,,,,
bit_code_nq7_ionq_ideal_CPU_transpile_itrs0_opt2_20260422T011802Z.json,bit_code,7,ionq,ideal,CPU,transpile,0,2.0,2026-04-22T01:18:02.250080Z,1,1,1,frontier,gen006,5,17,7.0,10,19,6,19,0,5,1,0,,10,6.0,,2.0,5.0,7.0,19.0,6.0,0.0,1.0,2.0,1.7142857142857142,,10.0,,,ionq_simulator_offline(ideal),simulator,True,,,,0.021356987999752164,1.0,1.0,6.0,,,,,,,,,,,,,,,,,,3.0,3.0,,,,
bit_code_nq7_ionq_ideal_CPU_transpile_itrs0_opt3_20260422T011802Z.json,bit_code,7,ionq,ideal,CPU,transpile,0,3.0,2026-04-22T01:18:02.263624Z,1,1,1,frontier,gen006,5,17,7.0,10,19,6,19,0,5,1,0,,10,6.0,,3.0,5.0,7.0,19.0,6.0,0.0,1.0,2.0,1.7142857142857142,,10.0,,,ionq_simulator_offline(ideal),simulator,True,,,,0.011135694105178118,1.0,1.0,6.0,,,,,,,,,,,,,,,,,,3.0,3.0,,,,
bit_code_nq9_ibmq_ibm_torino_CPU_sync_itrs1_20260317T192900Z.json,bit_code,9,ibmq,ibm_torino,CPU,sync,1,1.0,2026-03-17T19:29:00.450766Z,1,112,1,borg,gen008_borg,5,17,17.0,25,49,16,16,33,5,1,0,,25,16.0,,1.0,11.0,133.0,97.0,16.0,0.0,117.0,2.0,0.24060150375939848,16.0,25.0,32.0,16.0,ibm_torino,hardware,False,1.0,0.0,1.0,2.816774937789887,2.2,1.0,,,,,,,,,,,,,,,,,,,8.0,8.0,,,,
ghz_nq10_nwqsim_MPI_CPU_sync_itrs1_opt1_20260415T224708Z.json,ghz,10,nwqsim,MPI,CPU,sync,1,1.0,2026-04-15T22:47:08.184264Z,1,112,1,frontier,gen006,11,10,,10,20,9,10,10,11,1,0,,10,9.0,1.0,,,,,,,,,,,,,,,,,1.0,0.0,1.0,,,,,,,,,,,,,,,,,,,,,,,,,,,
ghz_nq15_ibmq_ibm_miami_CPU_sync_itrs1_20260225T135237Z.json,ghz,15,ibmq,ibm_miami,CPU,sync,1,1.0,2026-02-25T13:52:37.405338Z,1,112,1,borg,gen008_borg,16,15,15.0,15,30,14,15,15,16,1,0,,15,14.0,1.0,1.0,60.0,120.0,116.0,14.0,0.0,106.0,2.0,0.23333333333333334,14.0,15.0,58.0,29.0,ibm_miami,hardware,False,1.0,0.0,1.0,3.0976867168210447,3.75,1.0,,,,,,,,,,,,,,,,,,,,,,,,
ghz_nq15_ibmq_ibm_torino_CPU_sync_itrs1_20260225T135236Z.json,ghz,15,ibmq,ibm_torino,CPU,sync,1,1.0,2026-02-25T13:52:36.742736Z,1,112,1,borg,gen008_borg,16,15,15.0,15,30,14,15,15,16,1,0,,15,14.0,1.0,1.0,60.0,133.0,116.0,14.0,0.0,119.0,2.0,0.21052631578947367,14.0,15.0,58.0,29.0,ibm_torino,hardware,False,1.0,0.0,1.0,1.5609732698649168,3.75,1.0,,,,,,,,,,,,,,,,,,,,,,,,
ghz_nq15_ionq_aria-1_CPU_transpile_itrs0_opt0_20260422T011801Z.json,ghz,15,ionq,aria-1,CPU,transpile,0,0.0,2026-04-22T01:18:01.971784Z,1,1,1,frontier,gen006,16,30,15.0,15,30,14,30,0,16,1,0,,15,14.0,1.0,0.0,47.0,15.0,88.0,14.0,0.0,1.0,2.0,1.8666666666666667,,15.0,,,ionq_simulator_offline(aria-1),simulator,True,,,,0.006329600000753999,2.9375,1.0,,,,,,,,,,,,,,,,,,,,,58.0,14.0,1.0,
ghz_nq15_ionq_aria-1_CPU_transpile_itrs0_opt1_20260422T011801Z.json,ghz,15,ionq,aria-1,CPU,transpile,0,1.0,2026-04-22T01:18:01.984717Z,1,1,1,frontier,gen006,16,30,15.0,15,30,14,30,0,16,1,0,,15,14.0,1.0,1.0,47.0,15.0,88.0,14.0,0.0,1.0,2.0,1.8666666666666667,,15.0,,,ionq_simulator_offline(aria-1),simulator,True,,,,0.009765546070411801,2.9375,1.0,,,,,,,,,,,,,,,,,,,,,58.0,14.0,1.0,
ghz_nq15_ionq_aria-1_CPU_transpile_itrs0_opt2_20260422T011801Z.json,ghz,15,ionq,aria-1,CPU,transpile,0,2.0,2026-04-22T01:18:01.999594Z,1,1,1,frontier,gen006,16,30,15.0,15,30,14,30,0,16,1,0,,15,14.0,1.0,2.0,47.0,15.0,88.0,14.0,0.0,1.0,2.0,1.8666666666666667,,15.0,,,ionq_simulator_offline(aria-1),simulator,True,,,,0.012054825900122523,2.9375,1.0,,,,,,,,,,,,,,,,,,,,,58.0,14.0,1.0,
ghz_nq15_ionq_aria-1_CPU_transpile_itrs0_opt3_20260422T011802Z.json,ghz,15,ionq,aria-1,CPU,transpile,0,3.0,2026-04-22T01:18:02.018363Z,1,1,1,frontier,gen006,16,30,15.0,15,30,14,30,0,16,1,0,,15,14.0,1.0,3.0,47.0,15.0,88.0,14.0,0.0,1.0,2.0,1.8666666666666667,,15.0,,,ionq_simulator_offline(aria-1),simulator,True,,,,0.015622928971424699,2.9375,1.0,,,,,,,,,,,,,,,,,,,,,58.0,14.0,1.0,
ghz_nq15_ionq_aria-2_CPU_transpile_itrs0_opt0_20260422T011802Z.json,ghz,15,ionq,aria-2,CPU,transpile,0,0.0,2026-04-22T01:18:02.026363Z,1,1,1,frontier,gen006,16,30,15.0,15,30,14,30,0,16,1,0,,15,14.0,1.0,0.0,47.0,15.0,88.0,14.0,0.0,1.0,2.0,1.8666666666666667,,15.0,,,ionq_simulator_offline(aria-2),simulator,True,,,,0.004911388037726283,2.9375,1.0,,,,,,,,,,,,,,,,,,,,,58.0,14.0,1.0,
ghz_nq15_ionq_aria-2_CPU_transpile_itrs0_opt1_20260422T011802Z.json,ghz,15,ionq,aria-2,CPU,transpile,0,1.0,2026-04-22T01:18:02.038816Z,1,1,1,frontier,gen006,16,30,15.0,15,30,14,30,0,16,1,0,,15,14.0,1.0,1.0,47.0,15.0,88.0,14.0,0.0,1.0,2.0,1.8666666666666667,,15.0,,,ionq_simulator_offline(aria-2),simulator,True,,,,0.009533765027299523,2.9375,1.0,,,,,,,,,,,,,,,,,,,,,58.0,14.0,1.0,
ghz_nq15_ionq_aria-2_CPU_transpile_itrs0_opt2_20260422T011802Z.json,ghz,15,ionq,aria-2,CPU,transpile,0,2.0,2026-04-22T01:18:02.053333Z,1,1,1,frontier,gen006,16,30,15.0,15,30,14,30,0,16,1,0,,15,14.0,1.0,2.0,47.0,15.0,88.0,14.0,0.0,1.0,2.0,1.8666666666666667,,15.0,,,ionq_simulator_offline(aria-2),simulator,True,,,,0.011686951853334904,2.9375,1.0,,,,,,,,,,,,,,,,,,,,,58.0,14.0,1.0,
ghz_nq15_ionq_aria-2_CPU_transpile_itrs0_opt3_20260422T011802Z.json,ghz,15,ionq,aria-2,CPU,transpile,0,3.0,2026-04-22T01:18:02.071886Z,1,1,1,frontier,gen006,16,30,15.0,15,30,14,30,0,16,1,0,,15,14.0,1.0,3.0,47.0,15.0,88.0,14.0,0.0,1.0,2.0,1.8666666666666667,,15.0,,,ionq_simulator_offline(aria-2),simulator,True,,,,0.015417589107528329,2.9375,1.0,,,,,,,,,,,,,,,,,,,,,58.0,14.0,1.0,
ghz_nq15_ionq_forte-1_CPU_transpile_itrs0_opt0_20260422T011802Z.json,ghz,15,ionq,forte-1,CPU,transpile,0,0.0,2026-04-22T01:18:02.080169Z,1,1,1,frontier,gen006,16,30,15.0,15,30,14,30,0,16,1,0,,15,14.0,1.0,0.0,47.0,15.0,88.0,14.0,0.0,1.0,2.0,1.8666666666666667,,15.0,,,ionq_simulator_offline(forte-1),simulator,True,,,,0.004841331858187914,2.9375,1.0,,,,,,,,,,,,,,,,,,,,,58.0,14.0,1.0,
ghz_nq15_ionq_forte-1_CPU_transpile_itrs0_opt1_20260422T011802Z.json,ghz,15,ionq,forte-1,CPU,transpile,0,1.0,2026-04-22T01:18:02.092459Z,1,1,1,frontier,gen006,16,30,15.0,15,30,14,30,0,16,1,0,,15,14.0,1.0,1.0,47.0,15.0,88.0,14.0,0.0,1.0,2.0,1.8666666666666667,,15.0,,,ionq_simulator_offline(forte-1),simulator,True,,,,0.009289590874686837,2.9375,1.0,,,,,,,,,,,,,,,,,,,,,58.0,14.0,1.0,
ghz_nq15_ionq_forte-1_CPU_transpile_itrs0_opt2_20260422T011802Z.json,ghz,15,ionq,forte-1,CPU,transpile,0,2.0,2026-04-22T01:18:02.106985Z,1,1,1,frontier,gen006,16,30,15.0,15,30,14,30,0,16,1,0,,15,14.0,1.0,2.0,47.0,15.0,88.0,14.0,0.0,1.0,2.0,1.8666666666666667,,15.0,,,ionq_simulator_offline(forte-1),simulator,True,,,,0.011612607864663005,2.9375,1.0,,,,,,,,,,,,,,,,,,,,,58.0,14.0,1.0,
ghz_nq15_ionq_forte-1_CPU_transpile_itrs0_opt3_20260422T011802Z.json,ghz,15,ionq,forte-1,CPU,transpile,0,3.0,2026-04-22T01:18:02.125393Z,1,1,1,frontier,gen006,16,30,15.0,15,30,14,30,0,16,1,0,,15,14.0,1.0,3.0,47.0,15.0,88.0,14.0,0.0,1.0,2.0,1.8666666666666667,,15.0,,,ionq_simulator_offline(forte-1),simulator,True,,,,0.015475491993129253,2.9375,1.0,,,,,,,,,,,,,,,,,,,,,58.0,14.0,1.0,
ghz_nq15_ionq_forte-enterprise-1_CPU_transpile_itrs0_opt0_20260422T011802Z.json,ghz,15,ionq,forte-enterprise-1,CPU,transpile,0,0.0,2026-04-22T01:18:02.133366Z,1,1,1,frontier,gen006,16,30,15.0,15,30,14,30,0,16,1,0,,15,14.0,1.0,0.0,47.0,15.0,88.0,14.0,0.0,1.0,2.0,1.8666666666666667,,15.0,,,ionq_simulator_offline(forte-enterprise-1),simulator,True,,,,0.004878904903307557,2.9375,1.0,,,,,,,,,,,,,,,,,,,,,58.0,14.0,1.0,
ghz_nq15_ionq_forte-enterprise-1_CPU_transpile_itrs0_opt1_20260422T011802Z.json,ghz,15,ionq,forte-enterprise-1,CPU,transpile,0,1.0,2026-04-22T01:18:02.145484Z,1,1,1,frontier,gen006,16,30,15.0,15,30,14,30,0,16,1,0,,15,14.0,1.0,1.0,47.0,15.0,88.0,14.0,0.0,1.0,2.0,1.8666666666666667,,15.0,,,ionq_simulator_offline(forte-enterprise-1),simulator,True,,,,0.009275794960558414,2.9375,1.0,,,,,,,,,,,,,,,,,,,,,58.0,14.0,1.0,
ghz_nq15_ionq_forte-enterprise-1_CPU_transpile_itrs0_opt2_20260422T011802Z.json,ghz,15,ionq,forte-enterprise-1,CPU,transpile,0,2.0,2026-04-22T01:18:02.159971Z,1,1,1,frontier,gen006,16,30,15.0,15,30,14,30,0,16,1,0,,15,14.0,1.0,2.0,47.0,15.0,88.0,14.0,0.0,1.0,2.0,1.8666666666666667,,15.0,,,ionq_simulator_offline(forte-enterprise-1),simulator,True,,,,0.011662053875625134,2.9375,1.0,,,,,,,,,,,,,,,,,,,,,58.0,14.0,1.0,
ghz_nq15_ionq_forte-enterprise-1_CPU_transpile_itrs0_opt3_20260422T011802Z.json,ghz,15,ionq,forte-enterprise-1,CPU,transpile,0,3.0,2026-04-22T01:18:02.178387Z,1,1,1,frontier,gen006,16,30,15.0,15,30,14,30,0,16,1,0,,15,14.0,1.0,3.0,47.0,15.0,88.0,14.0,0.0,1.0,2.0,1.8666666666666667,,15.0,,,ionq_simulator_offline(forte-enterprise-1),simulator,True,,,,0.015448058024048805,2.9375,1.0,,,,,,,,,,,,,,,,,,,,,58.0,14.0,1.0,
ghz_nq15_ionq_harmony_CPU_transpile_itrs0_opt0_20260422T011802Z.json,ghz,15,ionq,harmony,CPU,transpile,0,0.0,2026-04-22T01:18:02.186144Z,1,1,1,frontier,gen006,16,30,15.0,15,30,14,30,0,16,1,0,,15,14.0,1.0,0.0,47.0,15.0,88.0,14.0,0.0,1.0,2.0,1.8666666666666667,,15.0,,,ionq_simulator_offline(harmony),simulator,True,,,,0.004887862130999565,2.9375,1.0,,,,,,,,,,,,,,,,,,,,,58.0,14.0,1.0,
ghz_nq15_ionq_harmony_CPU_transpile_itrs0_opt1_20260422T011802Z.json,ghz,15,ionq,harmony,CPU,transpile,0,1.0,2026-04-22T01:18:02.198298Z,1,1,1,frontier,gen006,16,30,15.0,15,30,14,30,0,16,1,0,,15,14.0,1.0,1.0,47.0,15.0,88.0,14.0,0.0,1.0,2.0,1.8666666666666667,,15.0,,,ionq_simulator_offline(harmony),simulator,True,,,,0.009312985930591822,2.9375,1.0,,,,,,,,,,,,,,,,,,,,,58.0,14.0,1.0,
ghz_nq15_ionq_harmony_CPU_transpile_itrs0_opt2_20260422T011802Z.json,ghz,15,ionq,harmony,CPU,transpile,0,2.0,2026-04-22T01:18:02.212838Z,1,1,1,frontier,gen006,16,30,15.0,15,30,14,30,0,16,1,0,,15,14.0,1.0,2.0,47.0,15.0,88.0,14.0,0.0,1.0,2.0,1.8666666666666667,,15.0,,,ionq_simulator_offline(harmony),simulator,True,,,,0.011735066073015332,2.9375,1.0,,,,,,,,,,,,,,,,,,,,,58.0,14.0,1.0,
ghz_nq15_ionq_harmony_CPU_transpile_itrs0_opt3_20260422T011802Z.json,ghz,15,ionq,harmony,CPU,transpile,0,3.0,2026-04-22T01:18:02.231337Z,1,1,1,frontier,gen006,16,30,15.0,15,30,14,30,0,16,1,0,,15,14.0,1.0,3.0,47.0,15.0,88.0,14.0,0.0,1.0,2.0,1.8666666666666667,,15.0,,,ionq_simulator_offline(harmony),simulator,True,,,,0.015402219025418162,2.9375,1.0,,,,,,,,,,,,,,,,,,,,,58.0,14.0,1.0,
ghz_nq15_ionq_ideal_CPU_transpile_itrs0_opt0_20260422T011801Z.json,ghz,15,ionq,ideal,CPU,transpile,0,0.0,2026-04-22T01:18:01.906918Z,1,1,1,frontier,gen006,16,30,15.0,15,30,14,30,0,16,1,0,,15,14.0,1.0,0.0,17.0,15.0,31.0,14.0,0.0,1.0,2.0,1.8666666666666667,,15.0,,,ionq_simulator_offline(ideal),simulator,True,,,,0.6670601591467857,1.0625,1.0,14.0,,,,,,,,,,,,,,,,,1.0,,,,,,1.0
ghz_nq15_ionq_ideal_CPU_transpile_itrs0_opt1_20260422T011801Z.json,ghz,15,ionq,ideal,CPU,transpile,0,1.0,2026-04-22T01:18:01.921819Z,1,1,1,frontier,gen006,16,30,15.0,15,30,14,30,0,16,1,0,,15,14.0,1.0,1.0,17.0,15.0,31.0,14.0,0.0,1.0,2.0,1.8666666666666667,,15.0,,,ionq_simulator_offline(ideal),simulator,True,,,,0.011661893920972943,1.0625,1.0,14.0,,,,,,,,,,,,,,,,,1.0,,,,,,1.0
ghz_nq15_ionq_ideal_CPU_transpile_itrs0_opt2_20260422T011801Z.json,ghz,15,ionq,ideal,CPU,transpile,0,2.0,2026-04-22T01:18:01.946903Z,1,1,1,frontier,gen006,16,30,15.0,15,30,14,30,0,16,1,0,,15,14.0,1.0,2.0,17.0,15.0,31.0,14.0,0.0,1.0,2.0,1.8666666666666667,,15.0,,,ionq_simulator_offline(ideal),simulator,True,,,,0.02252236194908619,1.0625,1.0,14.0,,,,,,,,,,,,,,,,,1.0,,,,,,1.0
ghz_nq15_ionq_ideal_CPU_transpile_itrs0_opt3_20260422T011801Z.json,ghz,15,ionq,ideal,CPU,transpile,0,3.0,2026-04-22T01:18:01.962485Z,1,1,1,frontier,gen006,16,30,15.0,15,30,14,30,0,16,1,0,,15,14.0,1.0,3.0,17.0,15.0,31.0,14.0,0.0,1.0,2.0,1.8666666666666667,,15.0,,,ionq_simulator_offline(ideal),simulator,True,,,,0.0125135260168463,1.0625,1.0,14.0,,,,,,,,,,,,,,,,,1.0,,,,,,1.0
ghz_nq15_ionq_simulator_CPU_sync_itrs1_20260225T135235Z.json,ghz,15,ionq,simulator,CPU,sync,1,1.0,2026-02-25T13:52:35.799151Z,1,112,1,borg,gen008_borg,16,15,15.0,15,30,14,15,15,16,1,0,,15,14.0,1.0,1.0,16.0,15.0,30.0,14.0,0.0,1.0,2.0,1.8666666666666667,,15.0,,,ionq_simulator,simulator,True,1.0,0.0,1.0,0.7664226978085935,1.0,1.0,14.0,1.0,,,,,,,,,,,,,,,,,,,,,,
ghz_nq15_nwqsim_MPI_CPU_sync_itrs1_20260225T135236Z.json,ghz,15,nwqsim,MPI,CPU,sync,1,,2026-02-25T13:52:36.466004Z,1,112,1,borg,gen008_borg,16,15,,15,30,14,15,15,16,1,0,,15,14.0,1.0,,,,,,,,,,,,,,,,,1.0,0.0,1.0,,,,,,,,,,,,,,,,,,,,,,,,,,,
ghz_nq15_nwqsim_MPI_CPU_sync_itrs1_opt0_20260415T223120Z.json,ghz,15,nwqsim,MPI,CPU,sync,1,0.0,2026-04-15T22:31:20.699501Z,1,112,1,frontier,gen006,16,15,,15,30,14,15,15,16,1,0,,15,14.0,1.0,,,,,,,,,,,,,,,,,1.0,0.0,1.0,,,,,,,,,,,,,,,,,,,,,,,,,,,
ghz_nq16_ibmq_ibm_miami_CPU_sync_itrs1_20260224T225602Z.json,ghz,16,ibmq,ibm_miami,CPU,sync,1,1.0,2026-02-24T22:56:02.512586Z,1,112,1,borg,gen008_borg,17,16,16.0,16,32,15,16,16,17,1,0,,16,15.0,1.0,1.0,64.0,120.0,124.0,15.0,0.0,105.0,2.0,0.25,15.0,16.0,62.0,31.0,ibm_miami,hardware,False,1.0,0.0,1.0,3.4678754389997266,3.764705882352941,1.0,,,,,,,,,,,,,,,,,,,,,,,,
ghz_nq16_ibmq_ibm_torino_CPU_sync_itrs1_20260224T225608Z.json,ghz,16,ibmq,ibm_torino,CPU,sync,1,1.0,2026-02-24T22:56:08.390621Z,1,112,1,borg,gen008_borg,17,16,16.0,16,32,15,16,16,17,1,0,,16,15.0,1.0,1.0,64.0,133.0,124.0,15.0,0.0,118.0,2.0,0.22556390977443608,15.0,16.0,62.0,31.0,ibm_torino,hardware,False,1.0,0.0,1.0,3.5091798338107765,3.764705882352941,1.0,,,,,,,,,,,,,,,,,,,,,,,,
ghz_nq16_ionq_aria-1_CPU_transpile_itrs0_opt0_20260422T011801Z.json,ghz,16,ionq,aria-1,CPU,transpile,0,0.0,2026-04-22T01:18:01.942304Z,1,1,1,frontier,gen006,17,32,16.0,16,32,15,32,0,17,1,0,,16,15.0,1.0,0.0,50.0,16.0,94.0,15.0,0.0,1.0,2.0,1.875,,16.0,,,ionq_simulator_offline(aria-1),simulator,True,,,,0.008325299015268683,2.9411764705882355,1.0,,,,,,,,,,,,,,,,,,,,,62.0,15.0,1.0,
ghz_nq16_ionq_aria-1_CPU_transpile_itrs0_opt1_20260422T011801Z.json,ghz,16,ionq,aria-1,CPU,transpile,0,1.0,2026-04-22T01:18:01.954788Z,1,1,1,frontier,gen006,17,32,16.0,16,32,15,32,0,17,1,0,,16,15.0,1.0,1.0,50.0,16.0,94.0,15.0,0.0,1.0,2.0,1.875,,16.0,,,ionq_simulator_offline(aria-1),simulator,True,,,,0.009617431089282036,2.9411764705882355,1.0,,,,,,,,,,,,,,,,,,,,,62.0,15.0,1.0,
ghz_nq16_ionq_aria-1_CPU_transpile_itrs0_opt2_20260422T011801Z.json,ghz,16,ionq,aria-1,CPU,transpile,0,2.0,2026-04-22T01:18:01.969436Z,1,1,1,frontier,gen006,17,32,16.0,16,32,15,32,0,17,1,0,,16,15.0,1.0,2.0,50.0,16.0,94.0,15.0,0.0,1.0,2.0,1.875,,16.0,,,ionq_simulator_offline(aria-1),simulator,True,,,,0.011856165016070008,2.9411764705882355,1.0,,,,,,,,,,,,,,,,,,,,,62.0,15.0,1.0,
ghz_nq16_ionq_aria-1_CPU_transpile_itrs0_opt3_20260422T011801Z.json,ghz,16,ionq,aria-1,CPU,transpile,0,3.0,2026-04-22T01:18:01.987794Z,1,1,1,frontier,gen006,17,32,16.0,16,32,15,32,0,17,1,0,,16,15.0,1.0,3.0,50.0,16.0,94.0,15.0,0.0,1.0,2.0,1.875,,16.0,,,ionq_simulator_offline(aria-1),simulator,True,,,,0.015479649882763624,2.9411764705882355,1.0,,,,,,,,,,,,,,,,,,,,,62.0,15.0,1.0,
ghz_nq16_ionq_aria-2_CPU_transpile_itrs0_opt0_20260422T011801Z.json,ghz,16,ionq,aria-2,CPU,transpile,0,0.0,2026-04-22T01:18:01.995517Z,1,1,1,frontier,gen006,17,32,16.0,16,32,15,32,0,17,1,0,,16,15.0,1.0,0.0,50.0,16.0,94.0,15.0,0.0,1.0,2.0,1.875,,16.0,,,ionq_simulator_offline(aria-2),simulator,True,,,,0.00483709410764277,2.9411764705882355,1.0,,,,,,,,,,,,,,,,,,,,,62.0,15.0,1.0,
ghz_nq16_ionq_aria-2_CPU_transpile_itrs0_opt1_20260422T011802Z.json,ghz,16,ionq,aria-2,CPU,transpile,0,1.0,2026-04-22T01:18:02.007537Z,1,1,1,frontier,gen006,17,32,16.0,16,32,15,32,0,17,1,0,,16,15.0,1.0,1.0,50.0,16.0,94.0,15.0,0.0,1.0,2.0,1.875,,16.0,,,ionq_simulator_offline(aria-2),simulator,True,,,,0.00932781002484262,2.9411764705882355,1.0,,,,,,,,,,,,,,,,,,,,,62.0,15.0,1.0,
ghz_nq16_ionq_aria-2_CPU_transpile_itrs0_opt2_20260422T011802Z.json,ghz,16,ionq,aria-2,CPU,transpile,0,2.0,2026-04-22T01:18:02.021546Z,1,1,1,frontier,gen006,17,32,16.0,16,32,15,32,0,17,1,0,,16,15.0,1.0,2.0,50.0,16.0,94.0,15.0,0.0,1.0,2.0,1.875,,16.0,,,ionq_simulator_offline(aria-2),simulator,True,,,,0.01131631899625063,2.9411764705882355,1.0,,,,,,,,,,,,,,,,,,,,,62.0,15.0,1.0,
ghz_nq16_ionq_aria-2_CPU_transpile_itrs0_opt3_20260422T011802Z.json,ghz,16,ionq,aria-2,CPU,transpile,0,3.0,2026-04-22T01:18:02.039891Z,1,1,1,frontier,gen006,17,32,16.0,16,32,15,32,0,17,1,0,,16,15.0,1.0,3.0,50.0,16.0,94.0,15.0,0.0,1.0,2.0,1.875,,16.0,,,ionq_simulator_offline(aria-2),simulator,True,,,,0.015175761887803674,2.9411764705882355,1.0,,,,,,,,,,,,,,,,,,,,,62.0,15.0,1.0,
ghz_nq16_ionq_forte-1_CPU_transpile_itrs0_opt0_20260422T011802Z.json,ghz,16,ionq,forte-1,CPU,transpile,0,0.0,2026-04-22T01:18:02.047777Z,1,1,1,frontier,gen006,17,32,16.0,16,32,15,32,0,17,1,0,,16,15.0,1.0,0.0,50.0,16.0,94.0,15.0,0.0,1.0,2.0,1.875,,16.0,,,ionq_simulator_offline(forte-1),simulator,True,,,,0.004781837807968259,2.9411764705882355,1.0,,,,,,,,,,,,,,,,,,,,,62.0,15.0,1.0,
ghz_nq16_ionq_forte-1_CPU_transpile_itrs0_opt1_20260422T011802Z.json,ghz,16,ionq,forte-1,CPU,transpile,0,1.0,2026-04-22T01:18:02.059902Z,1,1,1,frontier,gen006,17,32,16.0,16,32,15,32,0,17,1,0,,16,15.0,1.0,1.0,50.0,16.0,94.0,15.0,0.0,1.0,2.0,1.875,,16.0,,,ionq_simulator_offline(forte-1),simulator,True,,,,0.00913183088414371,2.9411764705882355,1.0,,,,,,,,,,,,,,,,,,,,,62.0,15.0,1.0,
ghz_nq16_ionq_forte-1_CPU_transpile_itrs0_opt2_20260422T011802Z.json,ghz,16,ionq,forte-1,CPU,transpile,0,2.0,2026-04-22T01:18:02.073830Z,1,1,1,frontier,gen006,17,32,16.0,16,32,15,32,0,17,1,0,,16,15.0,1.0,2.0,50.0,16.0,94.0,15.0,0.0,1.0,2.0,1.875,,16.0,,,ionq_simulator_offline(forte-1),simulator,True,,,,0.011305479099974036,2.9411764705882355,1.0,,,,,,,,,,,,,,,,,,,,,62.0,15.0,1.0,
ghz_nq16_ionq_forte-1_CPU_transpile_itrs0_opt3_20260422T011802Z.json,ghz,16,ionq,forte-1,CPU,transpile,0,3.0,2026-04-22T01:18:02.092152Z,1,1,1,frontier,gen006,17,32,16.0,16,32,15,32,0,17,1,0,,16,15.0,1.0,3.0,50.0,16.0,94.0,15.0,0.0,1.0,2.0,1.875,,16.0,,,ionq_simulator_offline(forte-1),simulator,True,,,,0.015218605054542422,2.9411764705882355,1.0,,,,,,,,,,,,,,,,,,,,,62.0,15.0,1.0,
ghz_nq16_ionq_forte-enterprise-1_CPU_transpile_itrs0_opt0_20260422T011802Z.json,ghz,16,ionq,forte-enterprise-1,CPU,transpile,0,0.0,2026-04-22T01:18:02.100036Z,1,1,1,frontier,gen006,17,32,16.0,16,32,15,32,0,17,1,0,,16,15.0,1.0,0.0,50.0,16.0,94.0,15.0,0.0,1.0,2.0,1.875,,16.0,,,ionq_simulator_offline(forte-enterprise-1),simulator,True,,,,0.004819710971787572,2.9411764705882355,1.0,,,,,,,,,,,,,,,,,,,,,62.0,15.0,1.0,
ghz_nq16_ionq_forte-enterprise-1_CPU_transpile_itrs0_opt1_20260422T011802Z.json,ghz,16,ionq,forte-enterprise-1,CPU,transpile,0,1.0,2026-04-22T01:18:02.111839Z,1,1,1,frontier,gen006,17,32,16.0,16,32,15,32,0,17,1,0,,16,15.0,1.0,1.0,50.0,16.0,94.0,15.0,0.0,1.0,2.0,1.875,,16.0,,,ionq_simulator_offline(forte-enterprise-1),simulator,True,,,,0.00913998601026833,2.9411764705882355,1.0,,,,,,,,,,,,,,,,,,,,,62.0,15.0,1.0,
ghz_nq16_ionq_forte-enterprise-1_CPU_transpile_itrs0_opt2_20260422T011802Z.json,ghz,16,ionq,forte-enterprise-1,CPU,transpile,0,2.0,2026-04-22T01:18:02.126034Z,1,1,1,frontier,gen006,17,32,16.0,16,32,15,32,0,17,1,0,,16,15.0,1.0,2.0,50.0,16.0,94.0,15.0,0.0,1.0,2.0,1.875,,16.0,,,ionq_simulator_offline(forte-enterprise-1),simulator,True,,,,0.011332110967487097,2.9411764705882355,1.0,,,,,,,,,,,,,,,,,,,,,62.0,15.0,1.0,
ghz_nq16_ionq_forte-enterprise-1_CPU_transpile_itrs0_opt3_20260422T011802Z.json,ghz,16,ionq,forte-enterprise-1,CPU,transpile,0,3.0,2026-04-22T01:18:02.144200Z,1,1,1,frontier,gen006,17,32,16.0,16,32,15,32,0,17,1,0,,16,15.0,1.0,3.0,50.0,16.0,94.0,15.0,0.0,1.0,2.0,1.875,,16.0,,,ionq_simulator_offline(forte-enterprise-1),simulator,True,,,,0.01518458896316588,2.9411764705882355,1.0,,,,,,,,,,,,,,,,,,,,,62.0,15.0,1.0,
ghz_nq16_ionq_harmony_CPU_transpile_itrs0_opt0_20260422T011802Z.json,ghz,16,ionq,harmony,CPU,transpile,0,0.0,2026-04-22T01:18:02.151805Z,1,1,1,frontier,gen006,17,32,16.0,16,32,15,32,0,17,1,0,,16,15.0,1.0,0.0,50.0,16.0,94.0,15.0,0.0,1.0,2.0,1.875,,16.0,,,ionq_simulator_offline(harmony),simulator,True,,,,0.004808871075510979,2.9411764705882355,1.0,,,,,,,,,,,,,,,,,,,,,62.0,15.0,1.0,
ghz_nq16_ionq_harmony_CPU_transpile_itrs0_opt1_20260422T011802Z.json,ghz,16,ionq,harmony,CPU,transpile,0,1.0,2026-04-22T01:18:02.163767Z,1,1,1,frontier,gen006,17,32,16.0,16,32,15,32,0,17,1,0,,16,15.0,1.0,1.0,50.0,16.0,94.0,15.0,0.0,1.0,2.0,1.875,,16.0,,,ionq_simulator_offline(harmony),simulator,True,,,,0.009121519979089499,2.9411764705882355,1.0,,,,,,,,,,,,,,,,,,,,,62.0,15.0,1.0,
ghz_nq16_ionq_harmony_CPU_transpile_itrs0_opt2_20260422T011802Z.json,ghz,16,ionq,harmony,CPU,transpile,0,2.0,2026-04-22T01:18:02.177760Z,1,1,1,frontier,gen006,17,32,16.0,16,32,15,32,0,17,1,0,,16,15.0,1.0,2.0,50.0,16.0,94.0,15.0,0.0,1.0,2.0,1.875,,16.0,,,ionq_simulator_offline(harmony),simulator,True,,,,0.011268858099356294,2.9411764705882355,1.0,,,,,,,,,,,,,,,,,,,,,62.0,15.0,1.0,
ghz_nq16_ionq_harmony_CPU_transpile_itrs0_opt3_20260422T011802Z.json,ghz,16,ionq,harmony,CPU,transpile,0,3.0,2026-04-22T01:18:02.195733Z,1,1,1,frontier,gen006,17,32,16.0,16,32,15,32,0,17,1,0,,16,15.0,1.0,3.0,50.0,16.0,94.0,15.0,0.0,1.0,2.0,1.875,,16.0,,,ionq_simulator_offline(harmony),simulator,True,,,,0.015174009138718247,2.9411764705882355,1.0,,,,,,,,,,,,,,,,,,,,,62.0,15.0,1.0,
ghz_nq16_ionq_ideal_CPU_transpile_itrs0_opt0_20260422T011801Z.json,ghz,16,ionq,ideal,CPU,transpile,0,0.0,2026-04-22T01:18:01.878796Z,1,1,1,frontier,gen006,17,32,16.0,16,32,15,32,0,17,1,0,,16,15.0,1.0,0.0,18.0,16.0,33.0,15.0,0.0,1.0,2.0,1.875,,16.0,,,ionq_simulator_offline(ideal),simulator,True,,,,0.6605981299653649,1.0588235294117647,1.0,15.0,,,,,,,,,,,,,,,,,1.0,,,,,,1.0
ghz_nq16_ionq_ideal_CPU_transpile_itrs0_opt1_20260422T011801Z.json,ghz,16,ionq,ideal,CPU,transpile,0,1.0,2026-04-22T01:18:01.893759Z,1,1,1,frontier,gen006,17,32,16.0,16,32,15,32,0,17,1,0,,16,15.0,1.0,1.0,18.0,16.0,33.0,15.0,0.0,1.0,2.0,1.875,,16.0,,,ionq_simulator_offline(ideal),simulator,True,,,,0.011553909862414002,1.0588235294117647,1.0,15.0,,,,,,,,,,,,,,,,,1.0,,,,,,1.0
ghz_nq16_ionq_ideal_CPU_transpile_itrs0_opt2_20260422T011801Z.json,ghz,16,ionq,ideal,CPU,transpile,0,2.0,2026-04-22T01:18:01.915561Z,1,1,1,frontier,gen006,17,32,16.0,16,32,15,32,0,17,1,0,,16,15.0,1.0,2.0,18.0,16.0,33.0,15.0,0.0,1.0,2.0,1.875,,16.0,,,ionq_simulator_offline(ideal),simulator,True,,,,0.019030614057555795,1.0588235294117647,1.0,15.0,,,,,,,,,,,,,,,,,1.0,,,,,,1.0
ghz_nq16_ionq_ideal_CPU_transpile_itrs0_opt3_20260422T011801Z.json,ghz,16,ionq,ideal,CPU,transpile,0,3.0,2026-04-22T01:18:01.930759Z,1,1,1,frontier,gen006,17,32,16.0,16,32,15,32,0,17,1,0,,16,15.0,1.0,3.0,18.0,16.0,33.0,15.0,0.0,1.0,2.0,1.875,,16.0,,,ionq_simulator_offline(ideal),simulator,True,,,,0.012082362081855536,1.0588235294117647,1.0,15.0,,,,,,,,,,,,,,,,,1.0,,,,,,1.0
ghz_nq16_ionq_simulator_CPU_sync_itrs1_20260224T225606Z.json,ghz,16,ionq,simulator,CPU,sync,1,1.0,2026-02-24T22:56:06.495630Z,1,112,1,borg,gen008_borg,17,16,16.0,16,32,15,16,16,17,1,0,,16,15.0,1.0,1.0,17.0,16.0,32.0,15.0,0.0,1.0,2.0,1.875,,16.0,,,ionq_simulator,simulator,True,1.0,0.0,1.0,1.0572340325452387,1.0,1.0,15.0,1.0,,,,,,,,,,,,,,,,,,,,,,
ghz_nq16_nwqsim_MPI_CPU_sync_itrs1_20260224T225604Z.json,ghz,16,nwqsim,MPI,CPU,sync,1,,2026-02-24T22:56:04.117961Z,1,112,1,borg,gen008_borg,17,16,,16,32,15,16,16,17,1,0,,16,15.0,1.0,,,,,,,,,,,,,,,,,1.0,0.0,1.0,,,,,,,,,,,,,,,,,,,,,,,,,,,
ghz_nq16_nwqsim_MPI_CPU_sync_itrs1_opt0_20260415T223118Z.json,ghz,16,nwqsim,MPI,CPU,sync,1,0.0,2026-04-15T22:31:18.184612Z,1,112,1,frontier,gen006,17,16,,16,32,15,16,16,17,1,0,,16,15.0,1.0,,,,,,,,,,,,,,,,,1.0,0.0,1.0,,,,,,,,,,,,,,,,,,,,,,,,,,,
ghz_nq20_ibmq_ibm_miami_CPU_sync_itrs1_20260317T131707Z.json,ghz,20,ibmq,ibm_miami,CPU,sync,1,1.0,2026-03-17T13:17:07.274962Z,1,112,1,borg,gen008_borg,21,20,20.0,20,40,19,20,20,21,1,0,,20,19.0,1.0,1.0,80.0,120.0,156.0,19.0,0.0,101.0,2.0,0.31666666666666665,19.0,20.0,78.0,39.0,ibm_miami,hardware,False,1.0,0.0,1.0,2.7716392944566905,3.8095238095238093,1.0,,,,,,,,,,,,,,,,,,,,,,,,
ghz_nq20_ibmq_ibm_torino_CPU_sync_itrs1_20260317T002540Z.json,ghz,20,ibmq,ibm_torino,CPU,sync,1,1.0,2026-03-17T00:25:40.536398Z,1,112,1,borg,gen008_borg,21,20,20.0,20,40,19,20,20,21,1,0,,20,19.0,1.0,1.0,80.0,133.0,156.0,19.0,0.0,114.0,2.0,0.2857142857142857,19.0,20.0,78.0,39.0,ibm_torino,hardware,False,1.0,0.0,1.0,2.923521594999329,3.8095238095238093,1.0,,,,,,,,,,,,,,,,,,,,,,,,
ghz_nq20_ionq_aria-1_CPU_transpile_itrs0_opt0_20260422T011801Z.json,ghz,20,ionq,aria-1,CPU,transpile,0,0.0,2026-04-22T01:18:01.937340Z,1,1,1,frontier,gen006,21,40,20.0,20,40,19,40,0,21,1,0,,20,19.0,1.0,0.0,62.0,20.0,118.0,19.0,0.0,1.0,2.0,1.9,,20.0,,,ionq_simulator_offline(aria-1),simulator,True,,,,0.007056269096210599,2.9523809523809526,1.0,,,,,,,,,,,,,,,,,,,,,78.0,19.0,1.0,
ghz_nq20_ionq_aria-1_CPU_transpile_itrs0_opt1_20260422T011801Z.json,ghz,20,ionq,aria-1,CPU,transpile,0,1.0,2026-04-22T01:18:01.950209Z,1,1,1,frontier,gen006,21,40,20.0,20,40,19,40,0,21,1,0,,20,19.0,1.0,1.0,62.0,20.0,118.0,19.0,0.0,1.0,2.0,1.9,,20.0,,,ionq_simulator_offline(aria-1),simulator,True,,,,0.009853431954979897,2.9523809523809526,1.0,,,,,,,,,,,,,,,,,,,,,78.0,19.0,1.0,
ghz_nq20_ionq_aria-1_CPU_transpile_itrs0_opt2_20260422T011801Z.json,ghz,20,ionq,aria-1,CPU,transpile,0,2.0,2026-04-22T01:18:01.966338Z,1,1,1,frontier,gen006,21,40,20.0,20,40,19,40,0,21,1,0,,20,19.0,1.0,2.0,62.0,20.0,118.0,19.0,0.0,1.0,2.0,1.9,,20.0,,,ionq_simulator_offline(aria-1),simulator,True,,,,0.013073150999844074,2.9523809523809526,1.0,,,,,,,,,,,,,,,,,,,,,78.0,19.0,1.0,
ghz_nq20_ionq_aria-1_CPU_transpile_itrs0_opt3_20260422T011801Z.json,ghz,20,ionq,aria-1,CPU,transpile,0,3.0,2026-04-22T01:18:01.986703Z,1,1,1,frontier,gen006,21,40,20.0,20,40,19,40,0,21,1,0,,20,19.0,1.0,3.0,62.0,20.0,118.0,19.0,0.0,1.0,2.0,1.9,,20.0,,,ionq_simulator_offline(aria-1),simulator,True,,,,0.01707857707515359,2.9523809523809526,1.0,,,,,,,,,,,,,,,,,,,,,78.0,19.0,1.0,
ghz_nq20_ionq_aria-2_CPU_transpile_itrs0_opt0_20260422T011801Z.json,ghz,20,ionq,aria-2,CPU,transpile,0,0.0,2026-04-22T01:18:01.994936Z,1,1,1,frontier,gen006,21,40,20.0,20,40,19,40,0,21,1,0,,20,19.0,1.0,0.0,62.0,20.0,118.0,19.0,0.0,1.0,2.0,1.9,,20.0,,,ionq_simulator_offline(aria-2),simulator,True,,,,0.004941544029861689,2.9523809523809526,1.0,,,,,,,,,,,,,,,,,,,,,78.0,19.0,1.0,
ghz_nq20_ionq_aria-2_CPU_transpile_itrs0_opt1_20260422T011802Z.json,ghz,20,ionq,aria-2,CPU,transpile,0,1.0,2026-04-22T01:18:02.007411Z,1,1,1,frontier,gen006,21,40,20.0,20,40,19,40,0,21,1,0,,20,19.0,1.0,1.0,62.0,20.0,118.0,19.0,0.0,1.0,2.0,1.9,,20.0,,,ionq_simulator_offline(aria-2),simulator,True,,,,0.00938368495553732,2.9523809523809526,1.0,,,,,,,,,,,,,,,,,,,,,78.0,19.0,1.0,
ghz_nq20_ionq_aria-2_CPU_transpile_itrs0_opt2_20260422T011802Z.json,ghz,20,ionq,aria-2,CPU,transpile,0,2.0,2026-04-22T01:18:02.022224Z,1,1,1,frontier,gen006,21,40,20.0,20,40,19,40,0,21,1,0,,20,19.0,1.0,2.0,62.0,20.0,118.0,19.0,0.0,1.0,2.0,1.9,,20.0,,,ionq_simulator_offline(aria-2),simulator,True,,,,0.01182134309783578,2.9523809523809526,1.0,,,,,,,,,,,,,,,,,,,,,78.0,19.0,1.0,
ghz_nq20_ionq_aria-2_CPU_transpile_itrs0_opt3_20260422T011802Z.json,ghz,20,ionq,aria-2,CPU,transpile,0,3.0,2026-04-22T01:18:02.042124Z,1,1,1,frontier,gen006,21,40,20.0,20,40,19,40,0,21,1,0,,20,19.0,1.0,3.0,62.0,20.0,118.0,19.0,0.0,1.0,2.0,1.9,,20.0,,,ionq_simulator_offline(aria-2),simulator,True,,,,0.016690086107701063,2.9523809523809526,1.0,,,,,,,,,,,,,,,,,,,,,78.0,19.0,1.0,
ghz_nq20_ionq_forte-1_CPU_transpile_itrs0_opt0_20260422T011802Z.json,ghz,20,ionq,forte-1,CPU,transpile,0,0.0,2026-04-22T01:18:02.050141Z,1,1,1,frontier,gen006,21,40,20.0,20,40,19,40,0,21,1,0,,20,19.0,1.0,0.0,62.0,20.0,118.0,19.0,0.0,1.0,2.0,1.9,,20.0,,,ionq_simulator_offline(forte-1),simulator,True,,,,0.004934761906042695,2.9523809523809526,1.0,,,,,,,,,,,,,,,,,,,,,78.0,19.0,1.0,
ghz_nq20_ionq_forte-1_CPU_transpile_itrs0_opt1_20260422T011802Z.json,ghz,20,ionq,forte-1,CPU,transpile,0,1.0,2026-04-22T01:18:02.062530Z,1,1,1,frontier,gen006,21,40,20.0,20,40,19,40,0,21,1,0,,20,19.0,1.0,1.0,62.0,20.0,118.0,19.0,0.0,1.0,2.0,1.9,,20.0,,,ionq_simulator_offline(forte-1),simulator,True,,,,0.009291015099734068,2.9523809523809526,1.0,,,,,,,,,,,,,,,,,,,,,78.0,19.0,1.0,
ghz_nq20_ionq_forte-1_CPU_transpile_itrs0_opt2_20260422T011802Z.json,ghz,20,ionq,forte-1,CPU,transpile,0,2.0,2026-04-22T01:18:02.077552Z,1,1,1,frontier,gen006,21,40,20.0,20,40,19,40,0,21,1,0,,20,19.0,1.0,2.0,62.0,20.0,118.0,19.0,0.0,1.0,2.0,1.9,,20.0,,,ionq_simulator_offline(forte-1),simulator,True,,,,0.011817615944892168,2.9523809523809526,1.0,,,,,,,,,,,,,,,,,,,,,78.0,19.0,1.0,
ghz_nq20_ionq_forte-1_CPU_transpile_itrs0_opt3_20260422T011802Z.json,ghz,20,ionq,forte-1,CPU,transpile,0,3.0,2026-04-22T01:18:02.097535Z,1,1,1,frontier,gen006,21,40,20.0,20,40,19,40,0,21,1,0,,20,19.0,1.0,3.0,62.0,20.0,118.0,19.0,0.0,1.0,2.0,1.9,,20.0,,,ionq_simulator_offline(forte-1),simulator,True,,,,0.016738429898396134,2.9523809523809526,1.0,,,,,,,,,,,,,,,,,,,,,78.0,19.0,1.0,
ghz_nq20_ionq_forte-enterprise-1_CPU_transpile_itrs0_opt0_20260422T011802Z.json,ghz,20,ionq,forte-enterprise-1,CPU,transpile,0,0.0,2026-04-22T01:18:02.105709Z,1,1,1,frontier,gen006,21,40,20.0,20,40,19,40,0,21,1,0,,20,19.0,1.0,0.0,62.0,20.0,118.0,19.0,0.0,1.0,2.0,1.9,,20.0,,,ionq_simulator_offline(forte-enterprise-1),simulator,True,,,,0.004931244067847729,2.9523809523809526,1.0,,,,,,,,,,,,,,,,,,,,,78.0,19.0,1.0,
ghz_nq20_ionq_forte-enterprise-1_CPU_transpile_itrs0_opt1_20260422T011802Z.json,ghz,20,ionq,forte-enterprise-1,CPU,transpile,0,1.0,2026-04-22T01:18:02.118565Z,1,1,1,frontier,gen006,21,40,20.0,20,40,19,40,0,21,1,0,,20,19.0,1.0,1.0,62.0,20.0,118.0,19.0,0.0,1.0,2.0,1.9,,20.0,,,ionq_simulator_offline(forte-enterprise-1),simulator,True,,,,0.009332687128335238,2.9523809523809526,1.0,,,,,,,,,,,,,,,,,,,,,78.0,19.0,1.0,
ghz_nq20_ionq_forte-enterprise-1_CPU_transpile_itrs0_opt2_20260422T011802Z.json,ghz,20,ionq,forte-enterprise-1,CPU,transpile,0,2.0,2026-04-22T01:18:02.133457Z,1,1,1,frontier,gen006,21,40,20.0,20,40,19,40,0,21,1,0,,20,19.0,1.0,2.0,62.0,20.0,118.0,19.0,0.0,1.0,2.0,1.9,,20.0,,,ionq_simulator_offline(forte-enterprise-1),simulator,True,,,,0.011990439146757126,2.9523809523809526,1.0,,,,,,,,,,,,,,,,,,,,,78.0,19.0,1.0,
ghz_nq20_ionq_forte-enterprise-1_CPU_transpile_itrs0_opt3_20260422T011802Z.json,ghz,20,ionq,forte-enterprise-1,CPU,transpile,0,3.0,2026-04-22T01:18:02.153311Z,1,1,1,frontier,gen006,21,40,20.0,20,40,19,40,0,21,1,0,,20,19.0,1.0,3.0,62.0,20.0,118.0,19.0,0.0,1.0,2.0,1.9,,20.0,,,ionq_simulator_offline(forte-enterprise-1),simulator,True,,,,0.01669164909981191,2.9523809523809526,1.0,,,,,,,,,,,,,,,,,,,,,78.0,19.0,1.0,
ghz_nq20_ionq_harmony_CPU_transpile_itrs0_opt0_20260422T011802Z.json,ghz,20,ionq,harmony,CPU,transpile,0,0.0,2026-04-22T01:18:02.161524Z,1,1,1,frontier,gen006,21,40,20.0,20,40,19,40,0,21,1,0,,20,19.0,1.0,0.0,62.0,20.0,118.0,19.0,0.0,1.0,2.0,1.9,,20.0,,,ionq_simulator_offline(harmony),simulator,True,,,,0.004908981965854764,2.9523809523809526,1.0,,,,,,,,,,,,,,,,,,,,,78.0,19.0,1.0,
ghz_nq20_ionq_harmony_CPU_transpile_itrs0_opt1_20260422T011802Z.json,ghz,20,ionq,harmony,CPU,transpile,0,1.0,2026-04-22T01:18:02.174024Z,1,1,1,frontier,gen006,21,40,20.0,20,40,19,40,0,21,1,0,,20,19.0,1.0,1.0,62.0,20.0,118.0,19.0,0.0,1.0,2.0,1.9,,20.0,,,ionq_simulator_offline(harmony),simulator,True,,,,0.009310643188655376,2.9523809523809526,1.0,,,,,,,,,,,,,,,,,,,,,78.0,19.0,1.0,
ghz_nq20_ionq_harmony_CPU_transpile_itrs0_opt2_20260422T011802Z.json,ghz,20,ionq,harmony,CPU,transpile,0,2.0,2026-04-22T01:18:02.188950Z,1,1,1,frontier,gen006,21,40,20.0,20,40,19,40,0,21,1,0,,20,19.0,1.0,2.0,62.0,20.0,118.0,19.0,0.0,1.0,2.0,1.9,,20.0,,,ionq_simulator_offline(harmony),simulator,True,,,,0.011849557049572468,2.9523809523809526,1.0,,,,,,,,,,,,,,,,,,,,,78.0,19.0,1.0,
ghz_nq20_ionq_harmony_CPU_transpile_itrs0_opt3_20260422T011802Z.json,ghz,20,ionq,harmony,CPU,transpile,0,3.0,2026-04-22T01:18:02.208766Z,1,1,1,frontier,gen006,21,40,20.0,20,40,19,40,0,21,1,0,,20,19.0,1.0,3.0,62.0,20.0,118.0,19.0,0.0,1.0,2.0,1.9,,20.0,,,ionq_simulator_offline(harmony),simulator,True,,,,0.016624789917841554,2.9523809523809526,1.0,,,,,,,,,,,,,,,,,,,,,78.0,19.0,1.0,
ghz_nq20_ionq_ideal_CPU_transpile_itrs0_opt0_20260422T011801Z.json,ghz,20,ionq,ideal,CPU,transpile,0,0.0,2026-04-22T01:18:01.874202Z,1,1,1,frontier,gen006,21,40,20.0,20,40,19,40,0,21,1,0,,20,19.0,1.0,0.0,22.0,20.0,41.0,19.0,0.0,1.0,2.0,1.9,,20.0,,,ionq_simulator_offline(ideal),simulator,True,,,,0.6557419621385634,1.0476190476190477,1.0,19.0,,,,,,,,,,,,,,,,,1.0,,,,,,1.0
ghz_nq20_ionq_ideal_CPU_transpile_itrs0_opt1_20260422T011801Z.json,ghz,20,ionq,ideal,CPU,transpile,0,1.0,2026-04-22T01:18:01.889478Z,1,1,1,frontier,gen006,21,40,20.0,20,40,19,40,0,21,1,0,,20,19.0,1.0,1.0,22.0,20.0,41.0,19.0,0.0,1.0,2.0,1.9,,20.0,,,ionq_simulator_offline(ideal),simulator,True,,,,0.01161698903888464,1.0476190476190477,1.0,19.0,,,,,,,,,,,,,,,,,1.0,,,,,,1.0
ghz_nq20_ionq_ideal_CPU_transpile_itrs0_opt2_20260422T011801Z.json,ghz,20,ionq,ideal,CPU,transpile,0,2.0,2026-04-22T01:18:01.911330Z,1,1,1,frontier,gen006,21,40,20.0,20,40,19,40,0,21,1,0,,20,19.0,1.0,2.0,22.0,20.0,41.0,19.0,0.0,1.0,2.0,1.9,,20.0,,,ionq_simulator_offline(ideal),simulator,True,,,,0.01899516792036593,1.0476190476190477,1.0,19.0,,,,,,,,,,,,,,,,,1.0,,,,,,1.0
ghz_nq20_ionq_ideal_CPU_transpile_itrs0_opt3_20260422T011801Z.json,ghz,20,ionq,ideal,CPU,transpile,0,3.0,2026-04-22T01:18:01.926981Z,1,1,1,frontier,gen006,21,40,20.0,20,40,19,40,0,21,1,0,,20,19.0,1.0,3.0,22.0,20.0,41.0,19.0,0.0,1.0,2.0,1.9,,20.0,,,ionq_simulator_offline(ideal),simulator,True,,,,0.012310846941545606,1.0476190476190477,1.0,19.0,,,,,,,,,,,,,,,,,1.0,,,,,,1.0
ghz_nq20_ionq_simulator_CPU_sync_itrs1_20260317T151729Z.json,ghz,20,ionq,simulator,CPU,sync,1,1.0,2026-03-17T15:17:29.745017Z,1,112,1,borg,gen008_borg,21,20,20.0,20,40,19,20,20,21,1,0,,20,19.0,1.0,1.0,21.0,20.0,40.0,19.0,0.0,1.0,2.0,1.9,,20.0,,,ionq_simulator,simulator,True,1.0,0.0,1.0,0.7420758709777147,1.0,1.0,19.0,1.0,,,,,,,,,,,,,,,,,,,,,,
ghz_nq23_ibmq_ibm_miami_CPU_sync_itrs1_20260317T214033Z.json,ghz,23,ibmq,ibm_miami,CPU,sync,1,1.0,2026-03-17T21:40:33.017022Z,1,112,1,borg,gen008_borg,24,23,23.0,23,46,22,23,23,24,1,0,,23,22.0,1.0,1.0,92.0,120.0,180.0,22.0,0.0,98.0,2.0,0.36666666666666664,22.0,23.0,90.0,45.0,ibm_miami,hardware,False,1.0,0.0,1.0,2.984473647084087,3.8333333333333335,1.0,,,,,,,,,,,,,,,,,,,,,,,,
ghz_nq23_ibmq_ibm_torino_CPU_sync_itrs1_20260317T214033Z.json,ghz,23,ibmq,ibm_torino,CPU,sync,1,1.0,2026-03-17T21:40:33.271274Z,1,112,1,borg,gen008_borg,24,23,23.0,23,46,22,23,23,24,1,0,,23,22.0,1.0,1.0,92.0,133.0,180.0,22.0,0.0,111.0,2.0,0.3308270676691729,22.0,23.0,90.0,45.0,ibm_torino,hardware,False,1.0,0.0,1.0,3.147753951998311,3.8333333333333335,1.0,,,,,,,,,,,,,,,,,,,,,,,,
ghz_nq23_ionq_aria-1_CPU_transpile_itrs0_opt0_20260422T011801Z.json,ghz,23,ionq,aria-1,CPU,transpile,0,0.0,2026-04-22T01:18:01.943862Z,1,1,1,frontier,gen006,24,46,23.0,23,46,22,46,0,24,1,0,,23,22.0,1.0,0.0,71.0,23.0,136.0,22.0,0.0,1.0,2.0,1.9130434782608696,,23.0,,,ionq_simulator_offline(aria-1),simulator,True,,,,0.0082061099819839,2.9583333333333335,1.0,,,,,,,,,,,,,,,,,,,,,90.0,22.0,1.0,
ghz_nq23_ionq_aria-1_CPU_transpile_itrs0_opt1_20260422T011801Z.json,ghz,23,ionq,aria-1,CPU,transpile,0,1.0,2026-04-22T01:18:01.957288Z,1,1,1,frontier,gen006,24,46,23.0,23,46,22,46,0,24,1,0,,23,22.0,1.0,1.0,71.0,23.0,136.0,22.0,0.0,1.0,2.0,1.9130434782608696,,23.0,,,ionq_simulator_offline(aria-1),simulator,True,,,,0.010163600090891123,2.9583333333333335,1.0,,,,,,,,,,,,,,,,,,,,,90.0,22.0,1.0,
ghz_nq23_ionq_aria-1_CPU_transpile_itrs0_opt2_20260422T011801Z.json,ghz,23,ionq,aria-1,CPU,transpile,0,2.0,2026-04-22T01:18:01.973689Z,1,1,1,frontier,gen006,24,46,23.0,23,46,22,46,0,24,1,0,,23,22.0,1.0,2.0,71.0,23.0,136.0,22.0,0.0,1.0,2.0,1.9130434782608696,,23.0,,,ionq_simulator_offline(aria-1),simulator,True,,,,0.01304743392392993,2.9583333333333335,1.0,,,,,,,,,,,,,,,,,,,,,90.0,22.0,1.0,
ghz_nq23_ionq_aria-1_CPU_transpile_itrs0_opt3_20260422T011801Z.json,ghz,23,ionq,aria-1,CPU,transpile,0,3.0,2026-04-22T01:18:01.995335Z,1,1,1,frontier,gen006,24,46,23.0,23,46,22,46,0,24,1,0,,23,22.0,1.0,3.0,71.0,23.0,136.0,22.0,0.0,1.0,2.0,1.9130434782608696,,23.0,,,ionq_simulator_offline(aria-1),simulator,True,,,,0.018146577989682555,2.9583333333333335,1.0,,,,,,,,,,,,,,,,,,,,,90.0,22.0,1.0,
ghz_nq23_ionq_aria-2_CPU_transpile_itrs0_opt0_20260422T011802Z.json,ghz,23,ionq,aria-2,CPU,transpile,0,0.0,2026-04-22T01:18:02.004080Z,1,1,1,frontier,gen006,24,46,23.0,23,46,22,46,0,24,1,0,,23,22.0,1.0,0.0,71.0,23.0,136.0,22.0,0.0,1.0,2.0,1.9130434782608696,,23.0,,,ionq_simulator_offline(aria-2),simulator,True,,,,0.00515915104188025,2.9583333333333335,1.0,,,,,,,,,,,,,,,,,,,,,90.0,22.0,1.0,
ghz_nq23_ionq_aria-2_CPU_transpile_itrs0_opt1_20260422T011802Z.json,ghz,23,ionq,aria-2,CPU,transpile,0,1.0,2026-04-22T01:18:02.017076Z,1,1,1,frontier,gen006,24,46,23.0,23,46,22,46,0,24,1,0,,23,22.0,1.0,1.0,71.0,23.0,136.0,22.0,0.0,1.0,2.0,1.9130434782608696,,23.0,,,ionq_simulator_offline(aria-2),simulator,True,,,,0.009660887066274881,2.9583333333333335,1.0,,,,,,,,,,,,,,,,,,,,,90.0,22.0,1.0,
ghz_nq23_ionq_aria-2_CPU_transpile_itrs0_opt2_20260422T011802Z.json,ghz,23,ionq,aria-2,CPU,transpile,0,2.0,2026-04-22T01:18:02.032764Z,1,1,1,frontier,gen006,24,46,23.0,23,46,22,46,0,24,1,0,,23,22.0,1.0,2.0,71.0,23.0,136.0,22.0,0.0,1.0,2.0,1.9130434782608696,,23.0,,,ionq_simulator_offline(aria-2),simulator,True,,,,0.012398607097566128,2.9583333333333335,1.0,,,,,,,,,,,,,,,,,,,,,90.0,22.0,1.0,
ghz_nq23_ionq_aria-2_CPU_transpile_itrs0_opt3_20260422T011802Z.json,ghz,23,ionq,aria-2,CPU,transpile,0,3.0,2026-04-22T01:18:02.054371Z,1,1,1,frontier,gen006,24,46,23.0,23,46,22,46,0,24,1,0,,23,22.0,1.0,3.0,71.0,23.0,136.0,22.0,0.0,1.0,2.0,1.9130434782608696,,23.0,,,ionq_simulator_offline(aria-2),simulator,True,,,,0.01807881612330675,2.9583333333333335,1.0,,,,,,,,,,,,,,,,,,,,,90.0,22.0,1.0,
ghz_nq23_ionq_forte-1_CPU_transpile_itrs0_opt0_20260422T011802Z.json,ghz,23,ionq,forte-1,CPU,transpile,0,0.0,2026-04-22T01:18:02.063113Z,1,1,1,frontier,gen006,24,46,23.0,23,46,22,46,0,24,1,0,,23,22.0,1.0,0.0,71.0,23.0,136.0,22.0,0.0,1.0,2.0,1.9130434782608696,,23.0,,,ionq_simulator_offline(forte-1),simulator,True,,,,0.005178267136216164,2.9583333333333335,1.0,,,,,,,,,,,,,,,,,,,,,90.0,22.0,1.0,
ghz_nq23_ionq_forte-1_CPU_transpile_itrs0_opt1_20260422T011802Z.json,ghz,23,ionq,forte-1,CPU,transpile,0,1.0,2026-04-22T01:18:02.076109Z,1,1,1,frontier,gen006,24,46,23.0,23,46,22,46,0,24,1,0,,23,22.0,1.0,1.0,71.0,23.0,136.0,22.0,0.0,1.0,2.0,1.9130434782608696,,23.0,,,ionq_simulator_offline(forte-1),simulator,True,,,,0.009662089170888066,2.9583333333333335,1.0,,,,,,,,,,,,,,,,,,,,,90.0,22.0,1.0,
ghz_nq23_ionq_forte-1_CPU_transpile_itrs0_opt2_20260422T011802Z.json,ghz,23,ionq,forte-1,CPU,transpile,0,2.0,2026-04-22T01:18:02.091980Z,1,1,1,frontier,gen006,24,46,23.0,23,46,22,46,0,24,1,0,,23,22.0,1.0,2.0,71.0,23.0,136.0,22.0,0.0,1.0,2.0,1.9130434782608696,,23.0,,,ionq_simulator_offline(forte-1),simulator,True,,,,0.012422975152730942,2.9583333333333335,1.0,,,,,,,,,,,,,,,,,,,,,90.0,22.0,1.0,
ghz_nq23_ionq_forte-1_CPU_transpile_itrs0_opt3_20260422T011802Z.json,ghz,23,ionq,forte-1,CPU,transpile,0,3.0,2026-04-22T01:18:02.113901Z,1,1,1,frontier,gen006,24,46,23.0,23,46,22,46,0,24,1,0,,23,22.0,1.0,3.0,71.0,23.0,136.0,22.0,0.0,1.0,2.0,1.9130434782608696,,23.0,,,ionq_simulator_offline(forte-1),simulator,True,,,,0.01833210699260235,2.9583333333333335,1.0,,,,,,,,,,,,,,,,,,,,,90.0,22.0,1.0,
ghz_nq23_ionq_forte-enterprise-1_CPU_transpile_itrs0_opt0_20260422T011802Z.json,ghz,23,ionq,forte-enterprise-1,CPU,transpile,0,0.0,2026-04-22T01:18:02.122441Z,1,1,1,frontier,gen006,24,46,23.0,23,46,22,46,0,24,1,0,,23,22.0,1.0,0.0,71.0,23.0,136.0,22.0,0.0,1.0,2.0,1.9130434782608696,,23.0,,,ionq_simulator_offline(forte-enterprise-1),simulator,True,,,,0.005177124170586467,2.9583333333333335,1.0,,,,,,,,,,,,,,,,,,,,,90.0,22.0,1.0,
ghz_nq23_ionq_forte-enterprise-1_CPU_transpile_itrs0_opt1_20260422T011802Z.json,ghz,23,ionq,forte-enterprise-1,CPU,transpile,0,1.0,2026-04-22T01:18:02.135351Z,1,1,1,frontier,gen006,24,46,23.0,23,46,22,46,0,24,1,0,,23,22.0,1.0,1.0,71.0,23.0,136.0,22.0,0.0,1.0,2.0,1.9130434782608696,,23.0,,,ionq_simulator_offline(forte-enterprise-1),simulator,True,,,,0.009661327814683318,2.9583333333333335,1.0,,,,,,,,,,,,,,,,,,,,,90.0,22.0,1.0,
ghz_nq23_ionq_forte-enterprise-1_CPU_transpile_itrs0_opt2_20260422T011802Z.json,ghz,23,ionq,forte-enterprise-1,CPU,transpile,0,2.0,2026-04-22T01:18:02.151256Z,1,1,1,frontier,gen006,24,46,23.0,23,46,22,46,0,24,1,0,,23,22.0,1.0,2.0,71.0,23.0,136.0,22.0,0.0,1.0,2.0,1.9130434782608696,,23.0,,,ionq_simulator_offline(forte-enterprise-1),simulator,True,,,,0.012364913010969758,2.9583333333333335,1.0,,,,,,,,,,,,,,,,,,,,,90.0,22.0,1.0,
ghz_nq23_ionq_forte-enterprise-1_CPU_transpile_itrs0_opt3_20260422T011802Z.json,ghz,23,ionq,forte-enterprise-1,CPU,transpile,0,3.0,2026-04-22T01:18:02.172801Z,1,1,1,frontier,gen006,24,46,23.0,23,46,22,46,0,24,1,0,,23,22.0,1.0,3.0,71.0,23.0,136.0,22.0,0.0,1.0,2.0,1.9130434782608696,,23.0,,,ionq_simulator_offline(forte-enterprise-1),simulator,True,,,,0.01810701098293066,2.9583333333333335,1.0,,,,,,,,,,,,,,,,,,,,,90.0,22.0,1.0,
ghz_nq23_ionq_harmony_CPU_transpile_itrs0_opt0_20260422T011802Z.json,ghz,23,ionq,harmony,CPU,transpile,0,0.0,2026-04-22T01:18:02.181517Z,1,1,1,frontier,gen006,24,46,23.0,23,46,22,46,0,24,1,0,,23,22.0,1.0,0.0,71.0,23.0,136.0,22.0,0.0,1.0,2.0,1.9130434782608696,,23.0,,,ionq_simulator_offline(harmony),simulator,True,,,,0.0052098678424954414,2.9583333333333335,1.0,,,,,,,,,,,,,,,,,,,,,90.0,22.0,1.0,
ghz_nq23_ionq_harmony_CPU_transpile_itrs0_opt1_20260422T011802Z.json,ghz,23,ionq,harmony,CPU,transpile,0,1.0,2026-04-22T01:18:02.194527Z,1,1,1,frontier,gen006,24,46,23.0,23,46,22,46,0,24,1,0,,23,22.0,1.0,1.0,71.0,23.0,136.0,22.0,0.0,1.0,2.0,1.9130434782608696,,23.0,,,ionq_simulator_offline(harmony),simulator,True,,,,0.009684482123702765,2.9583333333333335,1.0,,,,,,,,,,,,,,,,,,,,,90.0,22.0,1.0,
ghz_nq23_ionq_harmony_CPU_transpile_itrs0_opt2_20260422T011802Z.json,ghz,23,ionq,harmony,CPU,transpile,0,2.0,2026-04-22T01:18:02.210248Z,1,1,1,frontier,gen006,24,46,23.0,23,46,22,46,0,24,1,0,,23,22.0,1.0,2.0,71.0,23.0,136.0,22.0,0.0,1.0,2.0,1.9130434782608696,,23.0,,,ionq_simulator_offline(harmony),simulator,True,,,,0.012382707092911005,2.9583333333333335,1.0,,,,,,,,,,,,,,,,,,,,,90.0,22.0,1.0,
ghz_nq23_ionq_harmony_CPU_transpile_itrs0_opt3_20260422T011802Z.json,ghz,23,ionq,harmony,CPU,transpile,0,3.0,2026-04-22T01:18:02.231791Z,1,1,1,frontier,gen006,24,46,23.0,23,46,22,46,0,24,1,0,,23,22.0,1.0,3.0,71.0,23.0,136.0,22.0,0.0,1.0,2.0,1.9130434782608696,,23.0,,,ionq_simulator_offline(harmony),simulator,True,,,,0.018133823992684484,2.9583333333333335,1.0,,,,,,,,,,,,,,,,,,,,,90.0,22.0,1.0,
ghz_nq23_ionq_ideal_CPU_transpile_itrs0_opt0_20260422T011801Z.json,ghz,23,ionq,ideal,CPU,transpile,0,0.0,2026-04-22T01:18:01.877317Z,1,1,1,frontier,gen006,24,46,23.0,23,46,22,46,0,24,1,0,,23,22.0,1.0,0.0,25.0,23.0,47.0,22.0,0.0,1.0,2.0,1.9130434782608696,,23.0,,,ionq_simulator_offline(ideal),simulator,True,,,,0.6576338661834598,1.0416666666666667,1.0,22.0,,,,,,,,,,,,,,,,,1.0,,,,,,1.0
ghz_nq23_ionq_ideal_CPU_transpile_itrs0_opt1_20260422T011801Z.json,ghz,23,ionq,ideal,CPU,transpile,0,1.0,2026-04-22T01:18:01.892446Z,1,1,1,frontier,gen006,24,46,23.0,23,46,22,46,0,24,1,0,,23,22.0,1.0,1.0,25.0,23.0,47.0,22.0,0.0,1.0,2.0,1.9130434782608696,,23.0,,,ionq_simulator_offline(ideal),simulator,True,,,,0.01152672991156578,1.0416666666666667,1.0,22.0,,,,,,,,,,,,,,,,,1.0,,,,,,1.0
ghz_nq23_ionq_ideal_CPU_transpile_itrs0_opt2_20260422T011801Z.json,ghz,23,ionq,ideal,CPU,transpile,0,2.0,2026-04-22T01:18:01.915175Z,1,1,1,frontier,gen006,24,46,23.0,23,46,22,46,0,24,1,0,,23,22.0,1.0,2.0,25.0,23.0,47.0,22.0,0.0,1.0,2.0,1.9130434782608696,,23.0,,,ionq_simulator_offline(ideal),simulator,True,,,,0.019545667804777622,1.0416666666666667,1.0,22.0,,,,,,,,,,,,,,,,,1.0,,,,,,1.0
ghz_nq23_ionq_ideal_CPU_transpile_itrs0_opt3_20260422T011801Z.json,ghz,23,ionq,ideal,CPU,transpile,0,3.0,2026-04-22T01:18:01.931979Z,1,1,1,frontier,gen006,24,46,23.0,23,46,22,46,0,24,1,0,,23,22.0,1.0,3.0,25.0,23.0,47.0,22.0,0.0,1.0,2.0,1.9130434782608696,,23.0,,,ionq_simulator_offline(ideal),simulator,True,,,,0.013358747120946646,1.0416666666666667,1.0,22.0,,,,,,,,,,,,,,,,,1.0,,,,,,1.0
ghz_nq23_ionq_simulator_CPU_sync_itrs1_20260317T214201Z.json,ghz,23,ionq,simulator,CPU,sync,1,1.0,2026-03-17T21:42:01.006405Z,1,112,1,borg,gen008_borg,24,23,23.0,23,46,22,23,23,24,1,0,,23,22.0,1.0,1.0,24.0,23.0,46.0,22.0,0.0,1.0,2.0,1.9130434782608696,,23.0,,,ionq_simulator,simulator,True,1.0,0.0,1.0,0.756122734863311,1.0,1.0,22.0,1.0,,,,,,,,,,,,,,,,,,,,,,
ghz_nq4_ibmq_ibm_miami_CPU_sync_itrs1_20260317T191605Z.json,ghz,4,ibmq,ibm_miami,CPU,sync,1,1.0,2026-03-17T19:16:05.426414Z,1,112,1,borg,gen008_borg,5,4,4.0,4,8,3,4,4,5,1,0,,4,3.0,1.0,1.0,16.0,120.0,28.0,3.0,0.0,117.0,2.0,0.05,3.0,4.0,14.0,7.0,ibm_miami,hardware,False,1.0,0.0,1.0,1.229023808002239,3.2,1.0,,,,,,,,,,,,,,,,,,,,,,,,
ghz_nq4_ibmq_ibm_torino_CPU_sync_itrs1_20260317T180900Z.json,ghz,4,ibmq,ibm_torino,CPU,sync,1,1.0,2026-03-17T18:09:00.821133Z,1,112,1,borg,gen008_borg,5,4,4.0,4,8,3,4,4,5,1,0,,4,3.0,1.0,1.0,16.0,133.0,28.0,3.0,0.0,130.0,2.0,0.045112781954887216,3.0,4.0,14.0,7.0,ibm_torino,hardware,False,1.0,0.0,1.0,1.3013491742312908,3.2,1.0,,,,,,,,,,,,,,,,,,,,,,,,
ghz_nq4_ionq_aria-1_CPU_transpile_itrs0_opt0_20260422T011801Z.json,ghz,4,ionq,aria-1,CPU,transpile,0,0.0,2026-04-22T01:18:01.958397Z,1,1,1,frontier,gen006,5,8,4.0,4,8,3,8,0,5,1,0,,4,3.0,1.0,0.0,14.0,4.0,22.0,3.0,0.0,1.0,2.0,1.5,,4.0,,,ionq_simulator_offline(aria-1),simulator,True,,,,0.006215471075847745,2.8,1.0,,,,,,,,,,,,,,,,,,,,,14.0,3.0,1.0,
ghz_nq4_ionq_aria-1_CPU_transpile_itrs0_opt1_20260422T011801Z.json,ghz,4,ionq,aria-1,CPU,transpile,0,1.0,2026-04-22T01:18:01.968594Z,1,1,1,frontier,gen006,5,8,4.0,4,8,3,8,0,5,1,0,,4,3.0,1.0,1.0,14.0,4.0,22.0,3.0,0.0,1.0,2.0,1.5,,4.0,,,ionq_simulator_offline(aria-1),simulator,True,,,,0.008388954913243651,2.8,1.0,,,,,,,,,,,,,,,,,,,,,14.0,3.0,1.0,
ghz_nq4_ionq_aria-1_CPU_transpile_itrs0_opt2_20260422T011801Z.json,ghz,4,ionq,aria-1,CPU,transpile,0,2.0,2026-04-22T01:18:01.981061Z,1,1,1,frontier,gen006,5,8,4.0,4,8,3,8,0,5,1,0,,4,3.0,1.0,2.0,14.0,4.0,22.0,3.0,0.0,1.0,2.0,1.5,,4.0,,,ionq_simulator_offline(aria-1),simulator,True,,,,0.010280875023454428,2.8,1.0,,,,,,,,,,,,,,,,,,,,,14.0,3.0,1.0,
ghz_nq4_ionq_aria-1_CPU_transpile_itrs0_opt3_20260422T011801Z.json,ghz,4,ionq,aria-1,CPU,transpile,0,3.0,2026-04-22T01:18:01.994210Z,1,1,1,frontier,gen006,5,8,4.0,4,8,3,8,0,5,1,0,,4,3.0,1.0,3.0,14.0,4.0,22.0,3.0,0.0,1.0,2.0,1.5,,4.0,,,ionq_simulator_offline(aria-1),simulator,True,,,,0.01116715488024056,2.8,1.0,,,,,,,,,,,,,,,,,,,,,14.0,3.0,1.0,
ghz_nq4_ionq_aria-2_CPU_transpile_itrs0_opt0_20260422T011802Z.json,ghz,4,ionq,aria-2,CPU,transpile,0,0.0,2026-04-22T01:18:02.000670Z,1,1,1,frontier,gen006,5,8,4.0,4,8,3,8,0,5,1,0,,4,3.0,1.0,0.0,14.0,4.0,22.0,3.0,0.0,1.0,2.0,1.5,,4.0,,,ionq_simulator_offline(aria-2),simulator,True,,,,0.004366233944892883,2.8,1.0,,,,,,,,,,,,,,,,,,,,,14.0,3.0,1.0,
ghz_nq4_ionq_aria-2_CPU_transpile_itrs0_opt1_20260422T011802Z.json,ghz,4,ionq,aria-2,CPU,transpile,0,1.0,2026-04-22T01:18:02.010524Z,1,1,1,frontier,gen006,5,8,4.0,4,8,3,8,0,5,1,0,,4,3.0,1.0,1.0,14.0,4.0,22.0,3.0,0.0,1.0,2.0,1.5,,4.0,,,ionq_simulator_offline(aria-2),simulator,True,,,,0.007917686132714152,2.8,1.0,,,,,,,,,,,,,,,,,,,,,14.0,3.0,1.0,
ghz_nq4_ionq_aria-2_CPU_transpile_itrs0_opt2_20260422T011802Z.json,ghz,4,ionq,aria-2,CPU,transpile,0,2.0,2026-04-22T01:18:02.022275Z,1,1,1,frontier,gen006,5,8,4.0,4,8,3,8,0,5,1,0,,4,3.0,1.0,2.0,14.0,4.0,22.0,3.0,0.0,1.0,2.0,1.5,,4.0,,,ionq_simulator_offline(aria-2),simulator,True,,,,0.009916601935401559,2.8,1.0,,,,,,,,,,,,,,,,,,,,,14.0,3.0,1.0,
ghz_nq4_ionq_aria-2_CPU_transpile_itrs0_opt3_20260422T011802Z.json,ghz,4,ionq,aria-2,CPU,transpile,0,3.0,2026-04-22T01:18:02.035383Z,1,1,1,frontier,gen006,5,8,4.0,4,8,3,8,0,5,1,0,,4,3.0,1.0,3.0,14.0,4.0,22.0,3.0,0.0,1.0,2.0,1.5,,4.0,,,ionq_simulator_offline(aria-2),simulator,True,,,,0.011056061135604978,2.8,1.0,,,,,,,,,,,,,,,,,,,,,14.0,3.0,1.0,
ghz_nq4_ionq_forte-1_CPU_transpile_itrs0_opt0_20260422T011802Z.json,ghz,4,ionq,forte-1,CPU,transpile,0,0.0,2026-04-22T01:18:02.041884Z,1,1,1,frontier,gen006,5,8,4.0,4,8,3,8,0,5,1,0,,4,3.0,1.0,0.0,14.0,4.0,22.0,3.0,0.0,1.0,2.0,1.5,,4.0,,,ionq_simulator_offline(forte-1),simulator,True,,,,0.004370041191577911,2.8,1.0,,,,,,,,,,,,,,,,,,,,,14.0,3.0,1.0,
ghz_nq4_ionq_forte-1_CPU_transpile_itrs0_opt1_20260422T011802Z.json,ghz,4,ionq,forte-1,CPU,transpile,0,1.0,2026-04-22T01:18:02.051958Z,1,1,1,frontier,gen006,5,8,4.0,4,8,3,8,0,5,1,0,,4,3.0,1.0,1.0,14.0,4.0,22.0,3.0,0.0,1.0,2.0,1.5,,4.0,,,ionq_simulator_offline(forte-1),simulator,True,,,,0.007955218898132443,2.8,1.0,,,,,,,,,,,,,,,,,,,,,14.0,3.0,1.0,
ghz_nq4_ionq_forte-1_CPU_transpile_itrs0_opt2_20260422T011802Z.json,ghz,4,ionq,forte-1,CPU,transpile,0,2.0,2026-04-22T01:18:02.064096Z,1,1,1,frontier,gen006,5,8,4.0,4,8,3,8,0,5,1,0,,4,3.0,1.0,2.0,14.0,4.0,22.0,3.0,0.0,1.0,2.0,1.5,,4.0,,,ionq_simulator_offline(forte-1),simulator,True,,,,0.009907833999022841,2.8,1.0,,,,,,,,,,,,,,,,,,,,,14.0,3.0,1.0,
ghz_nq4_ionq_forte-1_CPU_transpile_itrs0_opt3_20260422T011802Z.json,ghz,4,ionq,forte-1,CPU,transpile,0,3.0,2026-04-22T01:18:02.077660Z,1,1,1,frontier,gen006,5,8,4.0,4,8,3,8,0,5,1,0,,4,3.0,1.0,3.0,14.0,4.0,22.0,3.0,0.0,1.0,2.0,1.5,,4.0,,,ionq_simulator_offline(forte-1),simulator,True,,,,0.0112631490919739,2.8,1.0,,,,,,,,,,,,,,,,,,,,,14.0,3.0,1.0,
ghz_nq4_ionq_forte-enterprise-1_CPU_transpile_itrs0_opt0_20260422T011802Z.json,ghz,4,ionq,forte-enterprise-1,CPU,transpile,0,0.0,2026-04-22T01:18:02.083967Z,1,1,1,frontier,gen006,5,8,4.0,4,8,3,8,0,5,1,0,,4,3.0,1.0,0.0,14.0,4.0,22.0,3.0,0.0,1.0,2.0,1.5,,4.0,,,ionq_simulator_offline(forte-enterprise-1),simulator,True,,,,0.004347086884081364,2.8,1.0,,,,,,,,,,,,,,,,,,,,,14.0,3.0,1.0,
ghz_nq4_ionq_forte-enterprise-1_CPU_transpile_itrs0_opt1_20260422T011802Z.json,ghz,4,ionq,forte-enterprise-1,CPU,transpile,0,1.0,2026-04-22T01:18:02.093757Z,1,1,1,frontier,gen006,5,8,4.0,4,8,3,8,0,5,1,0,,4,3.0,1.0,1.0,14.0,4.0,22.0,3.0,0.0,1.0,2.0,1.5,,4.0,,,ionq_simulator_offline(forte-enterprise-1),simulator,True,,,,0.00791725399903953,2.8,1.0,,,,,,,,,,,,,,,,,,,,,14.0,3.0,1.0,
ghz_nq4_ionq_forte-enterprise-1_CPU_transpile_itrs0_opt2_20260422T011802Z.json,ghz,4,ionq,forte-enterprise-1,CPU,transpile,0,2.0,2026-04-22T01:18:02.105556Z,1,1,1,frontier,gen006,5,8,4.0,4,8,3,8,0,5,1,0,,4,3.0,1.0,2.0,14.0,4.0,22.0,3.0,0.0,1.0,2.0,1.5,,4.0,,,ionq_simulator_offline(forte-enterprise-1),simulator,True,,,,0.009911944158375263,2.8,1.0,,,,,,,,,,,,,,,,,,,,,14.0,3.0,1.0,
ghz_nq4_ionq_forte-enterprise-1_CPU_transpile_itrs0_opt3_20260422T011802Z.json,ghz,4,ionq,forte-enterprise-1,CPU,transpile,0,3.0,2026-04-22T01:18:02.118616Z,1,1,1,frontier,gen006,5,8,4.0,4,8,3,8,0,5,1,0,,4,3.0,1.0,3.0,14.0,4.0,22.0,3.0,0.0,1.0,2.0,1.5,,4.0,,,ionq_simulator_offline(forte-enterprise-1),simulator,True,,,,0.011037884978577495,2.8,1.0,,,,,,,,,,,,,,,,,,,,,14.0,3.0,1.0,
ghz_nq4_ionq_harmony_CPU_transpile_itrs0_opt0_20260422T011802Z.json,ghz,4,ionq,harmony,CPU,transpile,0,0.0,2026-04-22T01:18:02.125048Z,1,1,1,frontier,gen006,5,8,4.0,4,8,3,8,0,5,1,0,,4,3.0,1.0,0.0,14.0,4.0,22.0,3.0,0.0,1.0,2.0,1.5,,4.0,,,ionq_simulator_offline(harmony),simulator,True,,,,0.004339462844654918,2.8,1.0,,,,,,,,,,,,,,,,,,,,,14.0,3.0,1.0,
ghz_nq4_ionq_harmony_CPU_transpile_itrs0_opt1_20260422T011802Z.json,ghz,4,ionq,harmony,CPU,transpile,0,1.0,2026-04-22T01:18:02.134731Z,1,1,1,frontier,gen006,5,8,4.0,4,8,3,8,0,5,1,0,,4,3.0,1.0,1.0,14.0,4.0,22.0,3.0,0.0,1.0,2.0,1.5,,4.0,,,ionq_simulator_offline(harmony),simulator,True,,,,0.007877036929130554,2.8,1.0,,,,,,,,,,,,,,,,,,,,,14.0,3.0,1.0,
ghz_nq4_ionq_harmony_CPU_transpile_itrs0_opt2_20260422T011802Z.json,ghz,4,ionq,harmony,CPU,transpile,0,2.0,2026-04-22T01:18:02.146725Z,1,1,1,frontier,gen006,5,8,4.0,4,8,3,8,0,5,1,0,,4,3.0,1.0,2.0,14.0,4.0,22.0,3.0,0.0,1.0,2.0,1.5,,4.0,,,ionq_simulator_offline(harmony),simulator,True,,,,0.009927983861416578,2.8,1.0,,,,,,,,,,,,,,,,,,,,,14.0,3.0,1.0,
ghz_nq4_ionq_harmony_CPU_transpile_itrs0_opt3_20260422T011802Z.json,ghz,4,ionq,harmony,CPU,transpile,0,3.0,2026-04-22T01:18:02.159863Z,1,1,1,frontier,gen006,5,8,4.0,4,8,3,8,0,5,1,0,,4,3.0,1.0,3.0,14.0,4.0,22.0,3.0,0.0,1.0,2.0,1.5,,4.0,,,ionq_simulator_offline(harmony),simulator,True,,,,0.011040630983188748,2.8,1.0,,,,,,,,,,,,,,,,,,,,,14.0,3.0,1.0,
ghz_nq4_ionq_ideal_CPU_transpile_itrs0_opt0_20260422T011801Z.json,ghz,4,ionq,ideal,CPU,transpile,0,0.0,2026-04-22T01:18:01.901493Z,1,1,1,frontier,gen006,5,8,4.0,4,8,3,8,0,5,1,0,,4,3.0,1.0,0.0,6.0,4.0,9.0,3.0,0.0,1.0,2.0,1.5,,4.0,,,ionq_simulator_offline(ideal),simulator,True,,,,0.6509150620549917,1.2,1.0,3.0,,,,,,,,,,,,,,,,,1.0,,,,,,1.0
ghz_nq4_ionq_ideal_CPU_transpile_itrs0_opt1_20260422T011801Z.json,ghz,4,ionq,ideal,CPU,transpile,0,1.0,2026-04-22T01:18:01.915096Z,1,1,1,frontier,gen006,5,8,4.0,4,8,3,8,0,5,1,0,,4,3.0,1.0,1.0,6.0,4.0,9.0,3.0,0.0,1.0,2.0,1.5,,4.0,,,ionq_simulator_offline(ideal),simulator,True,,,,0.011241951026022434,1.2,1.0,3.0,,,,,,,,,,,,,,,,,1.0,,,,,,1.0
ghz_nq4_ionq_ideal_CPU_transpile_itrs0_opt2_20260422T011801Z.json,ghz,4,ionq,ideal,CPU,transpile,0,2.0,2026-04-22T01:18:01.936786Z,1,1,1,frontier,gen006,5,8,4.0,4,8,3,8,0,5,1,0,,4,3.0,1.0,2.0,6.0,4.0,9.0,3.0,0.0,1.0,2.0,1.5,,4.0,,,ionq_simulator_offline(ideal),simulator,True,,,,0.01975670107640326,1.2,1.0,3.0,,,,,,,,,,,,,,,,,1.0,,,,,,1.0
ghz_nq4_ionq_ideal_CPU_transpile_itrs0_opt3_20260422T011801Z.json,ghz,4,ionq,ideal,CPU,transpile,0,3.0,2026-04-22T01:18:01.950000Z,1,1,1,frontier,gen006,5,8,4.0,4,8,3,8,0,5,1,0,,4,3.0,1.0,3.0,6.0,4.0,9.0,3.0,0.0,1.0,2.0,1.5,,4.0,,,ionq_simulator_offline(ideal),simulator,True,,,,0.010762555990368128,1.2,1.0,3.0,,,,,,,,,,,,,,,,,1.0,,,,,,1.0
ghz_nq4_ionq_simulator_CPU_sync_itrs1_20260317T191958Z.json,ghz,4,ionq,simulator,CPU,sync,1,1.0,2026-03-17T19:19:58.936661Z,1,112,1,borg,gen008_borg,5,4,4.0,4,8,3,4,4,5,1,0,,4,3.0,1.0,1.0,5.0,4.0,8.0,3.0,0.0,1.0,2.0,1.5,,4.0,,,ionq_simulator,simulator,True,1.0,0.0,1.0,0.717802158993436,1.0,1.0,3.0,1.0,,,,,,,,,,,,,,,,,,,,,,
ghz_nq4_nwqsim_MPI_CPU_sync_itrs1_opt0_20260415T223046Z.json,ghz,4,nwqsim,MPI,CPU,sync,1,0.0,2026-04-15T22:30:46.951761Z,1,112,1,frontier,gen006,5,4,,4,8,3,4,4,5,1,0,,4,3.0,1.0,,,,,,,,,,,,,,,,,1.0,0.0,1.0,,,,,,,,,,,,,,,,,,,,,,,,,,,
ghz_nq4_qtensor_numpy_CPU_sync_itrs1_opt0_20260415T223052Z.json,ghz,4,qtensor,numpy,CPU,sync,1,0.0,2026-04-15T22:30:52.245765Z,1,112,1,frontier,gen006,5,4,,4,8,3,4,4,5,1,0,,4,3.0,1.0,,,,,,,,,,,,,,,,,1.0,0.0,1.0,,,,,,,,,,,,,,,,,,,,,,,,,,,
ghz_nq8_ibmq_ibm_torino_CPU_sync_itrs1_20260317T192359Z.json,ghz,8,ibmq,ibm_torino,CPU,sync,1,1.0,2026-03-17T19:23:59.841233Z,1,112,1,borg,gen008_borg,9,8,8.0,8,16,7,8,8,9,1,0,,8,7.0,1.0,1.0,32.0,133.0,60.0,7.0,0.0,126.0,2.0,0.10526315789473684,7.0,8.0,30.0,15.0,ibm_torino,hardware,False,1.0,0.0,1.0,1.1805869177915156,3.5555555555555554,1.0,,,,,,,,,,,,,,,,,,,,,,,,
ghz_nq8_ionq_aria-1_CPU_transpile_itrs0_opt0_20260422T011801Z.json,ghz,8,ionq,aria-1,CPU,transpile,0,0.0,2026-04-22T01:18:01.959354Z,1,1,1,frontier,gen006,9,16,8.0,8,16,7,16,0,9,1,0,,8,7.0,1.0,0.0,26.0,8.0,46.0,7.0,0.0,1.0,2.0,1.75,,8.0,,,ionq_simulator_offline(aria-1),simulator,True,,,,0.005751922028139234,2.888888888888889,1.0,,,,,,,,,,,,,,,,,,,,,30.0,7.0,1.0,
ghz_nq8_ionq_aria-1_CPU_transpile_itrs0_opt1_20260422T011801Z.json,ghz,8,ionq,aria-1,CPU,transpile,0,1.0,2026-04-22T01:18:01.970413Z,1,1,1,frontier,gen006,9,16,8.0,8,16,7,16,0,9,1,0,,8,7.0,1.0,1.0,26.0,8.0,46.0,7.0,0.0,1.0,2.0,1.75,,8.0,,,ionq_simulator_offline(aria-1),simulator,True,,,,0.008837488945573568,2.888888888888889,1.0,,,,,,,,,,,,,,,,,,,,,30.0,7.0,1.0,
ghz_nq8_ionq_aria-1_CPU_transpile_itrs0_opt2_20260422T011801Z.json,ghz,8,ionq,aria-1,CPU,transpile,0,2.0,2026-04-22T01:18:01.983396Z,1,1,1,frontier,gen006,9,16,8.0,8,16,7,16,0,9,1,0,,8,7.0,1.0,2.0,26.0,8.0,46.0,7.0,0.0,1.0,2.0,1.75,,8.0,,,ionq_simulator_offline(aria-1),simulator,True,,,,0.010769601911306381,2.888888888888889,1.0,,,,,,,,,,,,,,,,,,,,,30.0,7.0,1.0,
ghz_nq8_ionq_aria-1_CPU_transpile_itrs0_opt3_20260422T011801Z.json,ghz,8,ionq,aria-1,CPU,transpile,0,3.0,2026-04-22T01:18:01.998323Z,1,1,1,frontier,gen006,9,16,8.0,8,16,7,16,0,9,1,0,,8,7.0,1.0,3.0,26.0,8.0,46.0,7.0,0.0,1.0,2.0,1.75,,8.0,,,ionq_simulator_offline(aria-1),simulator,True,,,,0.012567745987325907,2.888888888888889,1.0,,,,,,,,,,,,,,,,,,,,,30.0,7.0,1.0,
ghz_nq8_ionq_aria-2_CPU_transpile_itrs0_opt0_20260422T011802Z.json,ghz,8,ionq,aria-2,CPU,transpile,0,0.0,2026-04-22T01:18:02.005259Z,1,1,1,frontier,gen006,9,16,8.0,8,16,7,16,0,9,1,0,,8,7.0,1.0,0.0,26.0,8.0,46.0,7.0,0.0,1.0,2.0,1.75,,8.0,,,ionq_simulator_offline(aria-2),simulator,True,,,,0.0044522450771182775,2.888888888888889,1.0,,,,,,,,,,,,,,,,,,,,,30.0,7.0,1.0,
ghz_nq8_ionq_aria-2_CPU_transpile_itrs0_opt1_20260422T011802Z.json,ghz,8,ionq,aria-2,CPU,transpile,0,1.0,2026-04-22T01:18:02.015744Z,1,1,1,frontier,gen006,9,16,8.0,8,16,7,16,0,9,1,0,,8,7.0,1.0,1.0,26.0,8.0,46.0,7.0,0.0,1.0,2.0,1.75,,8.0,,,ionq_simulator_offline(aria-2),simulator,True,,,,0.008320768130943179,2.888888888888889,1.0,,,,,,,,,,,,,,,,,,,,,30.0,7.0,1.0,
ghz_nq8_ionq_aria-2_CPU_transpile_itrs0_opt2_20260422T011802Z.json,ghz,8,ionq,aria-2,CPU,transpile,0,2.0,2026-04-22T01:18:02.028204Z,1,1,1,frontier,gen006,9,16,8.0,8,16,7,16,0,9,1,0,,8,7.0,1.0,2.0,26.0,8.0,46.0,7.0,0.0,1.0,2.0,1.75,,8.0,,,ionq_simulator_offline(aria-2),simulator,True,,,,0.010310431942343712,2.888888888888889,1.0,,,,,,,,,,,,,,,,,,,,,30.0,7.0,1.0,
ghz_nq8_ionq_aria-2_CPU_transpile_itrs0_opt3_20260422T011802Z.json,ghz,8,ionq,aria-2,CPU,transpile,0,3.0,2026-04-22T01:18:02.043295Z,1,1,1,frontier,gen006,9,16,8.0,8,16,7,16,0,9,1,0,,8,7.0,1.0,3.0,26.0,8.0,46.0,7.0,0.0,1.0,2.0,1.75,,8.0,,,ionq_simulator_offline(aria-2),simulator,True,,,,0.012545872014015913,2.888888888888889,1.0,,,,,,,,,,,,,,,,,,,,,30.0,7.0,1.0,
ghz_nq8_ionq_forte-1_CPU_transpile_itrs0_opt0_20260422T011802Z.json,ghz,8,ionq,forte-1,CPU,transpile,0,0.0,2026-04-22T01:18:02.050103Z,1,1,1,frontier,gen006,9,16,8.0,8,16,7,16,0,9,1,0,,8,7.0,1.0,0.0,26.0,8.0,46.0,7.0,0.0,1.0,2.0,1.75,,8.0,,,ionq_simulator_offline(forte-1),simulator,True,,,,0.004439179785549641,2.888888888888889,1.0,,,,,,,,,,,,,,,,,,,,,30.0,7.0,1.0,
ghz_nq8_ionq_forte-1_CPU_transpile_itrs0_opt1_20260422T011802Z.json,ghz,8,ionq,forte-1,CPU,transpile,0,1.0,2026-04-22T01:18:02.060446Z,1,1,1,frontier,gen006,9,16,8.0,8,16,7,16,0,9,1,0,,8,7.0,1.0,1.0,26.0,8.0,46.0,7.0,0.0,1.0,2.0,1.75,,8.0,,,ionq_simulator_offline(forte-1),simulator,True,,,,0.008243256947025657,2.888888888888889,1.0,,,,,,,,,,,,,,,,,,,,,30.0,7.0,1.0,
ghz_nq8_ionq_forte-1_CPU_transpile_itrs0_opt2_20260422T011802Z.json,ghz,8,ionq,forte-1,CPU,transpile,0,2.0,2026-04-22T01:18:02.072880Z,1,1,1,frontier,gen006,9,16,8.0,8,16,7,16,0,9,1,0,,8,7.0,1.0,2.0,26.0,8.0,46.0,7.0,0.0,1.0,2.0,1.75,,8.0,,,ionq_simulator_offline(forte-1),simulator,True,,,,0.010324338916689157,2.888888888888889,1.0,,,,,,,,,,,,,,,,,,,,,30.0,7.0,1.0,
ghz_nq8_ionq_forte-1_CPU_transpile_itrs0_opt3_20260422T011802Z.json,ghz,8,ionq,forte-1,CPU,transpile,0,3.0,2026-04-22T01:18:02.087576Z,1,1,1,frontier,gen006,9,16,8.0,8,16,7,16,0,9,1,0,,8,7.0,1.0,3.0,26.0,8.0,46.0,7.0,0.0,1.0,2.0,1.75,,8.0,,,ionq_simulator_offline(forte-1),simulator,True,,,,0.012357267085462809,2.888888888888889,1.0,,,,,,,,,,,,,,,,,,,,,30.0,7.0,1.0,
ghz_nq8_ionq_forte-enterprise-1_CPU_transpile_itrs0_opt0_20260422T011802Z.json,ghz,8,ionq,forte-enterprise-1,CPU,transpile,0,0.0,2026-04-22T01:18:02.094261Z,1,1,1,frontier,gen006,9,16,8.0,8,16,7,16,0,9,1,0,,8,7.0,1.0,0.0,26.0,8.0,46.0,7.0,0.0,1.0,2.0,1.75,,8.0,,,ionq_simulator_offline(forte-enterprise-1),simulator,True,,,,0.00442127394489944,2.888888888888889,1.0,,,,,,,,,,,,,,,,,,,,,30.0,7.0,1.0,
ghz_nq8_ionq_forte-enterprise-1_CPU_transpile_itrs0_opt1_20260422T011802Z.json,ghz,8,ionq,forte-enterprise-1,CPU,transpile,0,1.0,2026-04-22T01:18:02.104630Z,1,1,1,frontier,gen006,9,16,8.0,8,16,7,16,0,9,1,0,,8,7.0,1.0,1.0,26.0,8.0,46.0,7.0,0.0,1.0,2.0,1.75,,8.0,,,ionq_simulator_offline(forte-enterprise-1),simulator,True,,,,0.008281311020255089,2.888888888888889,1.0,,,,,,,,,,,,,,,,,,,,,30.0,7.0,1.0,
ghz_nq8_ionq_forte-enterprise-1_CPU_transpile_itrs0_opt2_20260422T011802Z.json,ghz,8,ionq,forte-enterprise-1,CPU,transpile,0,2.0,2026-04-22T01:18:02.117009Z,1,1,1,frontier,gen006,9,16,8.0,8,16,7,16,0,9,1,0,,8,7.0,1.0,2.0,26.0,8.0,46.0,7.0,0.0,1.0,2.0,1.75,,8.0,,,ionq_simulator_offline(forte-enterprise-1),simulator,True,,,,0.010294230887666345,2.888888888888889,1.0,,,,,,,,,,,,,,,,,,,,,30.0,7.0,1.0,
ghz_nq8_ionq_forte-enterprise-1_CPU_transpile_itrs0_opt3_20260422T011802Z.json,ghz,8,ionq,forte-enterprise-1,CPU,transpile,0,3.0,2026-04-22T01:18:02.131876Z,1,1,1,frontier,gen006,9,16,8.0,8,16,7,16,0,9,1,0,,8,7.0,1.0,3.0,26.0,8.0,46.0,7.0,0.0,1.0,2.0,1.75,,8.0,,,ionq_simulator_offline(forte-enterprise-1),simulator,True,,,,0.012323663104325533,2.888888888888889,1.0,,,,,,,,,,,,,,,,,,,,,30.0,7.0,1.0,
ghz_nq8_ionq_harmony_CPU_transpile_itrs0_opt0_20260422T011802Z.json,ghz,8,ionq,harmony,CPU,transpile,0,0.0,2026-04-22T01:18:02.138689Z,1,1,1,frontier,gen006,9,16,8.0,8,16,7,16,0,9,1,0,,8,7.0,1.0,0.0,26.0,8.0,46.0,7.0,0.0,1.0,2.0,1.75,,8.0,,,ionq_simulator_offline(harmony),simulator,True,,,,0.004430501954630017,2.888888888888889,1.0,,,,,,,,,,,,,,,,,,,,,30.0,7.0,1.0,
ghz_nq8_ionq_harmony_CPU_transpile_itrs0_opt1_20260422T011802Z.json,ghz,8,ionq,harmony,CPU,transpile,0,1.0,2026-04-22T01:18:02.149093Z,1,1,1,frontier,gen006,9,16,8.0,8,16,7,16,0,9,1,0,,8,7.0,1.0,1.0,26.0,8.0,46.0,7.0,0.0,1.0,2.0,1.75,,8.0,,,ionq_simulator_offline(harmony),simulator,True,,,,0.00829002819955349,2.888888888888889,1.0,,,,,,,,,,,,,,,,,,,,,30.0,7.0,1.0,
ghz_nq8_ionq_harmony_CPU_transpile_itrs0_opt2_20260422T011802Z.json,ghz,8,ionq,harmony,CPU,transpile,0,2.0,2026-04-22T01:18:02.161547Z,1,1,1,frontier,gen006,9,16,8.0,8,16,7,16,0,9,1,0,,8,7.0,1.0,2.0,26.0,8.0,46.0,7.0,0.0,1.0,2.0,1.75,,8.0,,,ionq_simulator_offline(harmony),simulator,True,,,,0.010278060100972652,2.888888888888889,1.0,,,,,,,,,,,,,,,,,,,,,30.0,7.0,1.0,
ghz_nq8_ionq_harmony_CPU_transpile_itrs0_opt3_20260422T011802Z.json,ghz,8,ionq,harmony,CPU,transpile,0,3.0,2026-04-22T01:18:02.176126Z,1,1,1,frontier,gen006,9,16,8.0,8,16,7,16,0,9,1,0,,8,7.0,1.0,3.0,26.0,8.0,46.0,7.0,0.0,1.0,2.0,1.75,,8.0,,,ionq_simulator_offline(harmony),simulator,True,,,,0.01232070685364306,2.888888888888889,1.0,,,,,,,,,,,,,,,,,,,,,30.0,7.0,1.0,
ghz_nq8_ionq_ideal_CPU_transpile_itrs0_opt0_20260422T011801Z.json,ghz,8,ionq,ideal,CPU,transpile,0,0.0,2026-04-22T01:18:01.901651Z,1,1,1,frontier,gen006,9,16,8.0,8,16,7,16,0,9,1,0,,8,7.0,1.0,0.0,10.0,8.0,17.0,7.0,0.0,1.0,2.0,1.75,,8.0,,,ionq_simulator_offline(ideal),simulator,True,,,,0.6676147319376469,1.1111111111111112,1.0,7.0,,,,,,,,,,,,,,,,,1.0,,,,,,1.0
ghz_nq8_ionq_ideal_CPU_transpile_itrs0_opt1_20260422T011801Z.json,ghz,8,ionq,ideal,CPU,transpile,0,1.0,2026-04-22T01:18:01.915329Z,1,1,1,frontier,gen006,9,16,8.0,8,16,7,16,0,9,1,0,,8,7.0,1.0,1.0,10.0,8.0,17.0,7.0,0.0,1.0,2.0,1.75,,8.0,,,ionq_simulator_offline(ideal),simulator,True,,,,0.01099333493039012,1.1111111111111112,1.0,7.0,,,,,,,,,,,,,,,,,1.0,,,,,,1.0
ghz_nq8_ionq_ideal_CPU_transpile_itrs0_opt2_20260422T011801Z.json,ghz,8,ionq,ideal,CPU,transpile,0,2.0,2026-04-22T01:18:01.937483Z,1,1,1,frontier,gen006,9,16,8.0,8,16,7,16,0,9,1,0,,8,7.0,1.0,2.0,10.0,8.0,17.0,7.0,0.0,1.0,2.0,1.75,,8.0,,,ionq_simulator_offline(ideal),simulator,True,,,,0.020104894880205393,1.1111111111111112,1.0,7.0,,,,,,,,,,,,,,,,,1.0,,,,,,1.0
ghz_nq8_ionq_ideal_CPU_transpile_itrs0_opt3_20260422T011801Z.json,ghz,8,ionq,ideal,CPU,transpile,0,3.0,2026-04-22T01:18:01.951224Z,1,1,1,frontier,gen006,9,16,8.0,8,16,7,16,0,9,1,0,,8,7.0,1.0,3.0,10.0,8.0,17.0,7.0,0.0,1.0,2.0,1.75,,8.0,,,ionq_simulator_offline(ideal),simulator,True,,,,0.011110391933470964,1.1111111111111112,1.0,7.0,,,,,,,,,,,,,,,,,1.0,,,,,,1.0
ghz_nq8_ionq_simulator_CPU_sync_itrs1_20260317T192505Z.json,ghz,8,ionq,simulator,CPU,sync,1,1.0,2026-03-17T19:25:05.485284Z,1,112,1,borg,gen008_borg,9,8,8.0,8,16,7,8,8,9,1,0,,8,7.0,1.0,1.0,9.0,8.0,16.0,7.0,0.0,1.0,2.0,1.75,,8.0,,,ionq_simulator,simulator,True,1.0,0.0,1.0,0.8429132588207722,1.0,1.0,7.0,1.0,,,,,,,,,,,,,,,,,,,,,,
ghz_nq8_nwqsim_MPI_CPU_sync_itrs1_opt0_20260415T223046Z.json,ghz,8,nwqsim,MPI,CPU,sync,1,0.0,2026-04-15T22:30:46.949486Z,1,112,1,frontier,gen006,9,8,,8,16,7,8,8,9,1,0,,8,7.0,1.0,,,,,,,,,,,,,,,,,1.0,0.0,1.0,,,,,,,,,,,,,,,,,,,,,,,,,,,
ghz_nq8_qtensor_numpy_CPU_sync_itrs1_opt0_20260415T223047Z.json,ghz,8,qtensor,numpy,CPU,sync,1,0.0,2026-04-15T22:30:47.751223Z,1,112,1,frontier,gen006,9,8,,8,16,7,8,8,9,1,0,,8,7.0,1.0,,,,,,,,,,,,,,,,,1.0,0.0,1.0,,,,,,,,,,,,,,,,,,,,,,,,,,,
ghz_nq9_ibmq_ibm_miami_CPU_sync_itrs1_20260317T193030Z.json,ghz,9,ibmq,ibm_miami,CPU,sync,1,1.0,2026-03-17T19:30:30.144895Z,1,112,1,borg,gen008_borg,10,9,9.0,9,18,8,9,9,10,1,0,,9,8.0,1.0,1.0,36.0,120.0,68.0,8.0,0.0,112.0,2.0,0.13333333333333333,8.0,9.0,34.0,17.0,ibm_miami,hardware,False,1.0,0.0,1.0,1.0668313200585544,3.6,1.0,,,,,,,,,,,,,,,,,,,,,,,,
ghz_nq9_ibmq_ibm_torino_CPU_sync_itrs1_20260317T192859Z.json,ghz,9,ibmq,ibm_torino,CPU,sync,1,1.0,2026-03-17T19:28:59.154530Z,1,112,1,borg,gen008_borg,10,9,9.0,9,18,8,9,9,10,1,0,,9,8.0,1.0,1.0,36.0,133.0,68.0,8.0,0.0,125.0,2.0,0.12030075187969924,8.0,9.0,34.0,17.0,ibm_torino,hardware,False,1.0,0.0,1.0,1.140296382829547,3.6,1.0,,,,,,,,,,,,,,,,,,,,,,,,
ghz_nq9_ionq_aria-1_CPU_transpile_itrs0_opt0_20260422T011801Z.json,ghz,9,ionq,aria-1,CPU,transpile,0,0.0,2026-04-22T01:18:01.986810Z,1,1,1,frontier,gen006,10,18,9.0,9,18,8,18,0,10,1,0,,9,8.0,1.0,0.0,29.0,9.0,52.0,8.0,0.0,1.0,2.0,1.7777777777777777,,9.0,,,ionq_simulator_offline(aria-1),simulator,True,,,,0.0087992490734905,2.9,1.0,,,,,,,,,,,,,,,,,,,,,34.0,8.0,1.0,
ghz_nq9_ionq_aria-1_CPU_transpile_itrs0_opt1_20260422T011801Z.json,ghz,9,ionq,aria-1,CPU,transpile,0,1.0,2026-04-22T01:18:01.998099Z,1,1,1,frontier,gen006,10,18,9.0,9,18,8,18,0,10,1,0,,9,8.0,1.0,1.0,29.0,9.0,52.0,8.0,0.0,1.0,2.0,1.7777777777777777,,9.0,,,ionq_simulator_offline(aria-1),simulator,True,,,,0.009098597103729844,2.9,1.0,,,,,,,,,,,,,,,,,,,,,34.0,8.0,1.0,
ghz_nq9_ionq_aria-1_CPU_transpile_itrs0_opt2_20260422T011802Z.json,ghz,9,ionq,aria-1,CPU,transpile,0,2.0,2026-04-22T01:18:02.011321Z,1,1,1,frontier,gen006,10,18,9.0,9,18,8,18,0,10,1,0,,9,8.0,1.0,2.0,29.0,9.0,52.0,8.0,0.0,1.0,2.0,1.7777777777777777,,9.0,,,ionq_simulator_offline(aria-1),simulator,True,,,,0.010949172079563141,2.9,1.0,,,,,,,,,,,,,,,,,,,,,34.0,8.0,1.0,
ghz_nq9_ionq_aria-1_CPU_transpile_itrs0_opt3_20260422T011802Z.json,ghz,9,ionq,aria-1,CPU,transpile,0,3.0,2026-04-22T01:18:02.026707Z,1,1,1,frontier,gen006,10,18,9.0,9,18,8,18,0,10,1,0,,9,8.0,1.0,3.0,29.0,9.0,52.0,8.0,0.0,1.0,2.0,1.7777777777777777,,9.0,,,ionq_simulator_offline(aria-1),simulator,True,,,,0.012914228020235896,2.9,1.0,,,,,,,,,,,,,,,,,,,,,34.0,8.0,1.0,
ghz_nq9_ionq_aria-2_CPU_transpile_itrs0_opt0_20260422T011802Z.json,ghz,9,ionq,aria-2,CPU,transpile,0,0.0,2026-04-22T01:18:02.033882Z,1,1,1,frontier,gen006,10,18,9.0,9,18,8,18,0,10,1,0,,9,8.0,1.0,0.0,29.0,9.0,52.0,8.0,0.0,1.0,2.0,1.7777777777777777,,9.0,,,ionq_simulator_offline(aria-2),simulator,True,,,,0.004655502969399095,2.9,1.0,,,,,,,,,,,,,,,,,,,,,34.0,8.0,1.0,
ghz_nq9_ionq_aria-2_CPU_transpile_itrs0_opt1_20260422T011802Z.json,ghz,9,ionq,aria-2,CPU,transpile,0,1.0,2026-04-22T01:18:02.044817Z,1,1,1,frontier,gen006,10,18,9.0,9,18,8,18,0,10,1,0,,9,8.0,1.0,1.0,29.0,9.0,52.0,8.0,0.0,1.0,2.0,1.7777777777777777,,9.0,,,ionq_simulator_offline(aria-2),simulator,True,,,,0.008553504012525082,2.9,1.0,,,,,,,,,,,,,,,,,,,,,34.0,8.0,1.0,
ghz_nq9_ionq_aria-2_CPU_transpile_itrs0_opt2_20260422T011802Z.json,ghz,9,ionq,aria-2,CPU,transpile,0,2.0,2026-04-22T01:18:02.057944Z,1,1,1,frontier,gen006,10,18,9.0,9,18,8,18,0,10,1,0,,9,8.0,1.0,2.0,29.0,9.0,52.0,8.0,0.0,1.0,2.0,1.7777777777777777,,9.0,,,ionq_simulator_offline(aria-2),simulator,True,,,,0.010759435128420591,2.9,1.0,,,,,,,,,,,,,,,,,,,,,34.0,8.0,1.0,
ghz_nq9_ionq_aria-2_CPU_transpile_itrs0_opt3_20260422T011802Z.json,ghz,9,ionq,aria-2,CPU,transpile,0,3.0,2026-04-22T01:18:02.073167Z,1,1,1,frontier,gen006,10,18,9.0,9,18,8,18,0,10,1,0,,9,8.0,1.0,3.0,29.0,9.0,52.0,8.0,0.0,1.0,2.0,1.7777777777777777,,9.0,,,ionq_simulator_offline(aria-2),simulator,True,,,,0.012886565178632736,2.9,1.0,,,,,,,,,,,,,,,,,,,,,34.0,8.0,1.0,
ghz_nq9_ionq_forte-1_CPU_transpile_itrs0_opt0_20260422T011802Z.json,ghz,9,ionq,forte-1,CPU,transpile,0,0.0,2026-04-22T01:18:02.080212Z,1,1,1,frontier,gen006,10,18,9.0,9,18,8,18,0,10,1,0,,9,8.0,1.0,0.0,29.0,9.0,52.0,8.0,0.0,1.0,2.0,1.7777777777777777,,9.0,,,ionq_simulator_offline(forte-1),simulator,True,,,,0.004580839071422815,2.9,1.0,,,,,,,,,,,,,,,,,,,,,34.0,8.0,1.0,
ghz_nq9_ionq_forte-1_CPU_transpile_itrs0_opt1_20260422T011802Z.json,ghz,9,ionq,forte-1,CPU,transpile,0,1.0,2026-04-22T01:18:02.090984Z,1,1,1,frontier,gen006,10,18,9.0,9,18,8,18,0,10,1,0,,9,8.0,1.0,1.0,29.0,9.0,52.0,8.0,0.0,1.0,2.0,1.7777777777777777,,9.0,,,ionq_simulator_offline(forte-1),simulator,True,,,,0.008541221031919122,2.9,1.0,,,,,,,,,,,,,,,,,,,,,34.0,8.0,1.0,
ghz_nq9_ionq_forte-1_CPU_transpile_itrs0_opt2_20260422T011802Z.json,ghz,9,ionq,forte-1,CPU,transpile,0,2.0,2026-04-22T01:18:02.104026Z,1,1,1,frontier,gen006,10,18,9.0,9,18,8,18,0,10,1,0,,9,8.0,1.0,2.0,29.0,9.0,52.0,8.0,0.0,1.0,2.0,1.7777777777777777,,9.0,,,ionq_simulator_offline(forte-1),simulator,True,,,,0.010564830154180527,2.9,1.0,,,,,,,,,,,,,,,,,,,,,34.0,8.0,1.0,
ghz_nq9_ionq_forte-1_CPU_transpile_itrs0_opt3_20260422T011802Z.json,ghz,9,ionq,forte-1,CPU,transpile,0,3.0,2026-04-22T01:18:02.119404Z,1,1,1,frontier,gen006,10,18,9.0,9,18,8,18,0,10,1,0,,9,8.0,1.0,3.0,29.0,9.0,52.0,8.0,0.0,1.0,2.0,1.7777777777777777,,9.0,,,ionq_simulator_offline(forte-1),simulator,True,,,,0.01279805414378643,2.9,1.0,,,,,,,,,,,,,,,,,,,,,34.0,8.0,1.0,
ghz_nq9_ionq_forte-enterprise-1_CPU_transpile_itrs0_opt0_20260422T011802Z.json,ghz,9,ionq,forte-enterprise-1,CPU,transpile,0,0.0,2026-04-22T01:18:02.126425Z,1,1,1,frontier,gen006,10,18,9.0,9,18,8,18,0,10,1,0,,9,8.0,1.0,0.0,29.0,9.0,52.0,8.0,0.0,1.0,2.0,1.7777777777777777,,9.0,,,ionq_simulator_offline(forte-enterprise-1),simulator,True,,,,0.004535390995442867,2.9,1.0,,,,,,,,,,,,,,,,,,,,,34.0,8.0,1.0,
ghz_nq9_ionq_forte-enterprise-1_CPU_transpile_itrs0_opt1_20260422T011802Z.json,ghz,9,ionq,forte-enterprise-1,CPU,transpile,0,1.0,2026-04-22T01:18:02.137259Z,1,1,1,frontier,gen006,10,18,9.0,9,18,8,18,0,10,1,0,,9,8.0,1.0,1.0,29.0,9.0,52.0,8.0,0.0,1.0,2.0,1.7777777777777777,,9.0,,,ionq_simulator_offline(forte-enterprise-1),simulator,True,,,,0.008622146910056472,2.9,1.0,,,,,,,,,,,,,,,,,,,,,34.0,8.0,1.0,
ghz_nq9_ionq_forte-enterprise-1_CPU_transpile_itrs0_opt2_20260422T011802Z.json,ghz,9,ionq,forte-enterprise-1,CPU,transpile,0,2.0,2026-04-22T01:18:02.150107Z,1,1,1,frontier,gen006,10,18,9.0,9,18,8,18,0,10,1,0,,9,8.0,1.0,2.0,29.0,9.0,52.0,8.0,0.0,1.0,2.0,1.7777777777777777,,9.0,,,ionq_simulator_offline(forte-enterprise-1),simulator,True,,,,0.010533889988437295,2.9,1.0,,,,,,,,,,,,,,,,,,,,,34.0,8.0,1.0,
ghz_nq9_ionq_forte-enterprise-1_CPU_transpile_itrs0_opt3_20260422T011802Z.json,ghz,9,ionq,forte-enterprise-1,CPU,transpile,0,3.0,2026-04-22T01:18:02.165626Z,1,1,1,frontier,gen006,10,18,9.0,9,18,8,18,0,10,1,0,,9,8.0,1.0,3.0,29.0,9.0,52.0,8.0,0.0,1.0,2.0,1.7777777777777777,,9.0,,,ionq_simulator_offline(forte-enterprise-1),simulator,True,,,,0.012947973096743226,2.9,1.0,,,,,,,,,,,,,,,,,,,,,34.0,8.0,1.0,
ghz_nq9_ionq_harmony_CPU_transpile_itrs0_opt0_20260422T011802Z.json,ghz,9,ionq,harmony,CPU,transpile,0,0.0,2026-04-22T01:18:02.172793Z,1,1,1,frontier,gen006,10,18,9.0,9,18,8,18,0,10,1,0,,9,8.0,1.0,0.0,29.0,9.0,52.0,8.0,0.0,1.0,2.0,1.7777777777777777,,9.0,,,ionq_simulator_offline(harmony),simulator,True,,,,0.004553936887532473,2.9,1.0,,,,,,,,,,,,,,,,,,,,,34.0,8.0,1.0,
ghz_nq9_ionq_harmony_CPU_transpile_itrs0_opt1_20260422T011802Z.json,ghz,9,ionq,harmony,CPU,transpile,0,1.0,2026-04-22T01:18:02.183597Z,1,1,1,frontier,gen006,10,18,9.0,9,18,8,18,0,10,1,0,,9,8.0,1.0,1.0,29.0,9.0,52.0,8.0,0.0,1.0,2.0,1.7777777777777777,,9.0,,,ionq_simulator_offline(harmony),simulator,True,,,,0.008549626916646957,2.9,1.0,,,,,,,,,,,,,,,,,,,,,34.0,8.0,1.0,
ghz_nq9_ionq_harmony_CPU_transpile_itrs0_opt2_20260422T011802Z.json,ghz,9,ionq,harmony,CPU,transpile,0,2.0,2026-04-22T01:18:02.196414Z,1,1,1,frontier,gen006,10,18,9.0,9,18,8,18,0,10,1,0,,9,8.0,1.0,2.0,29.0,9.0,52.0,8.0,0.0,1.0,2.0,1.7777777777777777,,9.0,,,ionq_simulator_offline(harmony),simulator,True,,,,0.01050019497051835,2.9,1.0,,,,,,,,,,,,,,,,,,,,,34.0,8.0,1.0,
ghz_nq9_ionq_harmony_CPU_transpile_itrs0_opt3_20260422T011802Z.json,ghz,9,ionq,harmony,CPU,transpile,0,3.0,2026-04-22T01:18:02.211664Z,1,1,1,frontier,gen006,10,18,9.0,9,18,8,18,0,10,1,0,,9,8.0,1.0,3.0,29.0,9.0,52.0,8.0,0.0,1.0,2.0,1.7777777777777777,,9.0,,,ionq_simulator_offline(harmony),simulator,True,,,,0.012880963971838355,2.9,1.0,,,,,,,,,,,,,,,,,,,,,34.0,8.0,1.0,
ghz_nq9_ionq_ideal_CPU_transpile_itrs0_opt0_20260422T011801Z.json,ghz,9,ionq,ideal,CPU,transpile,0,0.0,2026-04-22T01:18:01.923698Z,1,1,1,frontier,gen006,10,18,9.0,9,18,8,18,0,10,1,0,,9,8.0,1.0,0.0,11.0,9.0,19.0,8.0,0.0,1.0,2.0,1.7777777777777777,,9.0,,,ionq_simulator_offline(ideal),simulator,True,,,,0.6575229619629681,1.1,1.0,8.0,,,,,,,,,,,,,,,,,1.0,,,,,,1.0
ghz_nq9_ionq_ideal_CPU_transpile_itrs0_opt1_20260422T011801Z.json,ghz,9,ionq,ideal,CPU,transpile,0,1.0,2026-04-22T01:18:01.938973Z,1,1,1,frontier,gen006,10,18,9.0,9,18,8,18,0,10,1,0,,9,8.0,1.0,1.0,11.0,9.0,19.0,8.0,0.0,1.0,2.0,1.7777777777777777,,9.0,,,ionq_simulator_offline(ideal),simulator,True,,,,0.01263724290765822,1.1,1.0,8.0,,,,,,,,,,,,,,,,,1.0,,,,,,1.0
ghz_nq9_ionq_ideal_CPU_transpile_itrs0_opt2_20260422T011801Z.json,ghz,9,ionq,ideal,CPU,transpile,0,2.0,2026-04-22T01:18:01.961160Z,1,1,1,frontier,gen006,10,18,9.0,9,18,8,18,0,10,1,0,,9,8.0,1.0,2.0,11.0,9.0,19.0,8.0,0.0,1.0,2.0,1.7777777777777777,,9.0,,,ionq_simulator_offline(ideal),simulator,True,,,,0.01999858394265175,1.1,1.0,8.0,,,,,,,,,,,,,,,,,1.0,,,,,,1.0
ghz_nq9_ionq_ideal_CPU_transpile_itrs0_opt3_20260422T011801Z.json,ghz,9,ionq,ideal,CPU,transpile,0,3.0,2026-04-22T01:18:01.975548Z,1,1,1,frontier,gen006,10,18,9.0,9,18,8,18,0,10,1,0,,9,8.0,1.0,3.0,11.0,9.0,19.0,8.0,0.0,1.0,2.0,1.7777777777777777,,9.0,,,ionq_simulator_offline(ideal),simulator,True,,,,0.011379522969946265,1.1,1.0,8.0,,,,,,,,,,,,,,,,,1.0,,,,,,1.0
ghz_nq9_ionq_simulator_CPU_sync_itrs1_20260317T193159Z.json,ghz,9,ionq,simulator,CPU,sync,1,1.0,2026-03-17T19:31:59.447263Z,1,112,1,borg,gen008_borg,10,9,9.0,9,18,8,9,9,10,1,0,,9,8.0,1.0,1.0,10.0,9.0,18.0,8.0,0.0,1.0,2.0,1.7777777777777777,,9.0,,,ionq_simulator,simulator,True,1.0,0.0,1.0,0.7778117442503572,1.0,1.0,8.0,1.0,,,,,,,,,,,,,,,,,,,,,,
ghz_nq9_nwqsim_MPI_CPU_sync_itrs1_opt0_20260415T223042Z.json,ghz,9,nwqsim,MPI,CPU,sync,1,0.0,2026-04-15T22:30:42.870393Z,1,112,1,frontier,gen006,10,9,,9,18,8,9,9,10,1,0,,9,8.0,1.0,,,,,,,,,,,,,,,,,1.0,0.0,1.0,,,,,,,,,,,,,,,,,,,,,,,,,,,
ghz_nq9_qtensor_numpy_CPU_sync_itrs1_opt0_20260415T223052Z.json,ghz,9,qtensor,numpy,CPU,sync,1,0.0,2026-04-15T22:30:52.520147Z,1,112,1,frontier,gen006,10,9,,9,18,8,9,9,10,1,0,,9,8.0,1.0,,,,,,,,,,,,,,,,,1.0,0.0,1.0,,,,,,,,,,,,,,,,,,,,,,,,,,,
ham_nq15_ibmq_ibm_miami_CPU_sync_itrs1_20260225T140609Z.json,ham,15,ibmq,ibm_miami,CPU,sync,1,1.0,2026-02-25T14:06:09.916092Z,1,112,1,borg,gen008_borg,46,15,15.0,15,102,28,58,44,46,1,0,,15,28.0,30.0,1.0,118.0,120.0,174.0,28.0,0.0,106.0,2.0,0.23333333333333334,28.0,15.0,87.0,44.0,ibm_miami,hardware,False,1.0,0.0,1.0,3.1107441170024686,2.5652173913043477,1.0,,,29.0,,,,,,,,,,,,,,,,,,,,,
ham_nq15_ibmq_ibm_torino_CPU_sync_itrs1_20260225T140609Z.json,ham,15,ibmq,ibm_torino,CPU,sync,1,1.0,2026-02-25T14:06:09.960458Z,1,112,1,borg,gen008_borg,46,15,15.0,15,102,28,58,44,46,1,0,,15,28.0,30.0,1.0,118.0,133.0,174.0,28.0,0.0,119.0,2.0,0.21052631578947367,28.0,15.0,87.0,44.0,ibm_torino,hardware,False,1.0,0.0,1.0,1.4260184750892222,2.5652173913043477,1.0,,,29.0,,,,,,,,,,,,,,,,,,,,,
ham_nq15_ionq_aria-1_CPU_transpile_itrs0_opt0_20260422T011801Z.json,ham,15,ionq,aria-1,CPU,transpile,0,0.0,2026-04-22T01:18:01.953730Z,1,1,1,frontier,gen006,46,30,15.0,15,102,28,73,29,46,1,0,,15,28.0,30.0,0.0,123.0,15.0,332.0,28.0,0.0,1.0,2.0,1.8666666666666667,,15.0,,,ionq_simulator_offline(aria-1),simulator,True,,,,0.01012946991249919,2.6739130434782608,1.0,,,29.0,,,,,,,,,,,,,,,,,,230.0,28.0,59.0,
ham_nq15_ionq_aria-1_CPU_transpile_itrs0_opt1_20260422T011801Z.json,ham,15,ionq,aria-1,CPU,transpile,0,1.0,2026-04-22T01:18:01.973218Z,1,1,1,frontier,gen006,46,30,15.0,15,102,28,73,29,46,1,0,,15,28.0,30.0,1.0,123.0,15.0,332.0,28.0,0.0,1.0,2.0,1.8666666666666667,,15.0,,,ionq_simulator_offline(aria-1),simulator,True,,,,0.014564363984391093,2.6739130434782608,1.0,,,29.0,,,,,,,,,,,,,,,,,,230.0,28.0,59.0,
ham_nq15_ionq_aria-1_CPU_transpile_itrs0_opt2_20260422T011801Z.json,ham,15,ionq,aria-1,CPU,transpile,0,2.0,2026-04-22T01:18:01.998348Z,1,1,1,frontier,gen006,46,30,15.0,15,102,28,73,29,46,1,0,,15,28.0,30.0,2.0,128.0,15.0,253.0,14.0,0.0,1.0,2.0,1.8666666666666667,,15.0,,,ionq_simulator_offline(aria-1),simulator,True,,,,0.020571402041241527,2.782608695652174,0.5,,,29.0,,,,,,,,,,,,,,,,,,168.0,14.0,56.0,
ham_nq15_ionq_aria-1_CPU_transpile_itrs0_opt3_20260422T011802Z.json,ham,15,ionq,aria-1,CPU,transpile,0,3.0,2026-04-22T01:18:02.032706Z,1,1,1,frontier,gen006,46,30,15.0,15,102,28,73,29,46,1,0,,15,28.0,30.0,3.0,128.0,15.0,253.0,14.0,0.0,1.0,2.0,1.8666666666666667,,15.0,,,ionq_simulator_offline(aria-1),simulator,True,,,,0.02923633297905326,2.782608695652174,0.5,,,29.0,,,,,,,,,,,,,,,,,,168.0,14.0,56.0,
ham_nq15_ionq_aria-2_CPU_transpile_itrs0_opt0_20260422T011802Z.json,ham,15,ionq,aria-2,CPU,transpile,0,0.0,2026-04-22T01:18:02.045499Z,1,1,1,frontier,gen006,46,30,15.0,15,102,28,73,29,46,1,0,,15,28.0,30.0,0.0,123.0,15.0,332.0,28.0,0.0,1.0,2.0,1.8666666666666667,,15.0,,,ionq_simulator_offline(aria-2),simulator,True,,,,0.007701952941715717,2.6739130434782608,1.0,,,29.0,,,,,,,,,,,,,,,,,,230.0,28.0,59.0,
ham_nq15_ionq_aria-2_CPU_transpile_itrs0_opt1_20260422T011802Z.json,ham,15,ionq,aria-2,CPU,transpile,0,1.0,2026-04-22T01:18:02.064902Z,1,1,1,frontier,gen006,46,30,15.0,15,102,28,73,29,46,1,0,,15,28.0,30.0,1.0,123.0,15.0,332.0,28.0,0.0,1.0,2.0,1.8666666666666667,,15.0,,,ionq_simulator_offline(aria-2),simulator,True,,,,0.014564965153113008,2.6739130434782608,1.0,,,29.0,,,,,,,,,,,,,,,,,,230.0,28.0,59.0,
ham_nq15_ionq_aria-2_CPU_transpile_itrs0_opt2_20260422T011802Z.json,ham,15,ionq,aria-2,CPU,transpile,0,2.0,2026-04-22T01:18:02.089497Z,1,1,1,frontier,gen006,46,30,15.0,15,102,28,73,29,46,1,0,,15,28.0,30.0,2.0,128.0,15.0,253.0,14.0,0.0,1.0,2.0,1.8666666666666667,,15.0,,,ionq_simulator_offline(aria-2),simulator,True,,,,0.02006201585754752,2.782608695652174,0.5,,,29.0,,,,,,,,,,,,,,,,,,168.0,14.0,56.0,
ham_nq15_ionq_aria-2_CPU_transpile_itrs0_opt3_20260422T011802Z.json,ham,15,ionq,aria-2,CPU,transpile,0,3.0,2026-04-22T01:18:02.123465Z,1,1,1,frontier,gen006,46,30,15.0,15,102,28,73,29,46,1,0,,15,28.0,30.0,3.0,128.0,15.0,253.0,14.0,0.0,1.0,2.0,1.8666666666666667,,15.0,,,ionq_simulator_offline(aria-2),simulator,True,,,,0.029030231991782784,2.782608695652174,0.5,,,29.0,,,,,,,,,,,,,,,,,,168.0,14.0,56.0,
ham_nq15_ionq_forte-1_CPU_transpile_itrs0_opt0_20260422T011802Z.json,ham,15,ionq,forte-1,CPU,transpile,0,0.0,2026-04-22T01:18:02.136438Z,1,1,1,frontier,gen006,46,30,15.0,15,102,28,73,29,46,1,0,,15,28.0,30.0,0.0,123.0,15.0,332.0,28.0,0.0,1.0,2.0,1.8666666666666667,,15.0,,,ionq_simulator_offline(forte-1),simulator,True,,,,0.007756537990644574,2.6739130434782608,1.0,,,29.0,,,,,,,,,,,,,,,,,,230.0,28.0,59.0,
ham_nq15_ionq_forte-1_CPU_transpile_itrs0_opt1_20260422T011802Z.json,ham,15,ionq,forte-1,CPU,transpile,0,1.0,2026-04-22T01:18:02.155681Z,1,1,1,frontier,gen006,46,30,15.0,15,102,28,73,29,46,1,0,,15,28.0,30.0,1.0,123.0,15.0,332.0,28.0,0.0,1.0,2.0,1.8666666666666667,,15.0,,,ionq_simulator_offline(forte-1),simulator,True,,,,0.014294472057372332,2.6739130434782608,1.0,,,29.0,,,,,,,,,,,,,,,,,,230.0,28.0,59.0,
ham_nq15_ionq_forte-1_CPU_transpile_itrs0_opt2_20260422T011802Z.json,ham,15,ionq,forte-1,CPU,transpile,0,2.0,2026-04-22T01:18:02.180544Z,1,1,1,frontier,gen006,46,30,15.0,15,102,28,73,29,46,1,0,,15,28.0,30.0,2.0,128.0,15.0,253.0,14.0,0.0,1.0,2.0,1.8666666666666667,,15.0,,,ionq_simulator_offline(forte-1),simulator,True,,,,0.020218622172251344,2.782608695652174,0.5,,,29.0,,,,,,,,,,,,,,,,,,168.0,14.0,56.0,
ham_nq15_ionq_forte-1_CPU_transpile_itrs0_opt3_20260422T011802Z.json,ham,15,ionq,forte-1,CPU,transpile,0,3.0,2026-04-22T01:18:02.214338Z,1,1,1,frontier,gen006,46,30,15.0,15,102,28,73,29,46,1,0,,15,28.0,30.0,3.0,128.0,15.0,253.0,14.0,0.0,1.0,2.0,1.8666666666666667,,15.0,,,ionq_simulator_offline(forte-1),simulator,True,,,,0.029027354903519154,2.782608695652174,0.5,,,29.0,,,,,,,,,,,,,,,,,,168.0,14.0,56.0,
ham_nq15_ionq_forte-enterprise-1_CPU_transpile_itrs0_opt0_20260422T011802Z.json,ham,15,ionq,forte-enterprise-1,CPU,transpile,0,0.0,2026-04-22T01:18:02.227158Z,1,1,1,frontier,gen006,46,30,15.0,15,102,28,73,29,46,1,0,,15,28.0,30.0,0.0,123.0,15.0,332.0,28.0,0.0,1.0,2.0,1.8666666666666667,,15.0,,,ionq_simulator_offline(forte-enterprise-1),simulator,True,,,,0.007776665035635233,2.6739130434782608,1.0,,,29.0,,,,,,,,,,,,,,,,,,230.0,28.0,59.0,
ham_nq15_ionq_forte-enterprise-1_CPU_transpile_itrs0_opt1_20260422T011802Z.json,ham,15,ionq,forte-enterprise-1,CPU,transpile,0,1.0,2026-04-22T01:18:02.246286Z,1,1,1,frontier,gen006,46,30,15.0,15,102,28,73,29,46,1,0,,15,28.0,30.0,1.0,123.0,15.0,332.0,28.0,0.0,1.0,2.0,1.8666666666666667,,15.0,,,ionq_simulator_offline(forte-enterprise-1),simulator,True,,,,0.014234237838536501,2.6739130434782608,1.0,,,29.0,,,,,,,,,,,,,,,,,,230.0,28.0,59.0,
ham_nq15_ionq_forte-enterprise-1_CPU_transpile_itrs0_opt2_20260422T011802Z.json,ham,15,ionq,forte-enterprise-1,CPU,transpile,0,2.0,2026-04-22T01:18:02.270868Z,1,1,1,frontier,gen006,46,30,15.0,15,102,28,73,29,46,1,0,,15,28.0,30.0,2.0,128.0,15.0,253.0,14.0,0.0,1.0,2.0,1.8666666666666667,,15.0,,,ionq_simulator_offline(forte-enterprise-1),simulator,True,,,,0.02001533703878522,2.782608695652174,0.5,,,29.0,,,,,,,,,,,,,,,,,,168.0,14.0,56.0,
ham_nq15_ionq_forte-enterprise-1_CPU_transpile_itrs0_opt3_20260422T011802Z.json,ham,15,ionq,forte-enterprise-1,CPU,transpile,0,3.0,2026-04-22T01:18:02.304924Z,1,1,1,frontier,gen006,46,30,15.0,15,102,28,73,29,46,1,0,,15,28.0,30.0,3.0,128.0,15.0,253.0,14.0,0.0,1.0,2.0,1.8666666666666667,,15.0,,,ionq_simulator_offline(forte-enterprise-1),simulator,True,,,,0.029337394051253796,2.782608695652174,0.5,,,29.0,,,,,,,,,,,,,,,,,,168.0,14.0,56.0,
ham_nq15_ionq_harmony_CPU_transpile_itrs0_opt0_20260422T011802Z.json,ham,15,ionq,harmony,CPU,transpile,0,0.0,2026-04-22T01:18:02.317896Z,1,1,1,frontier,gen006,46,30,15.0,15,102,28,73,29,46,1,0,,15,28.0,30.0,0.0,123.0,15.0,332.0,28.0,0.0,1.0,2.0,1.8666666666666667,,15.0,,,ionq_simulator_offline(harmony),simulator,True,,,,0.0077553850132972,2.6739130434782608,1.0,,,29.0,,,,,,,,,,,,,,,,,,230.0,28.0,59.0,
ham_nq15_ionq_harmony_CPU_transpile_itrs0_opt1_20260422T011802Z.json,ham,15,ionq,harmony,CPU,transpile,0,1.0,2026-04-22T01:18:02.337057Z,1,1,1,frontier,gen006,46,30,15.0,15,102,28,73,29,46,1,0,,15,28.0,30.0,1.0,123.0,15.0,332.0,28.0,0.0,1.0,2.0,1.8666666666666667,,15.0,,,ionq_simulator_offline(harmony),simulator,True,,,,0.014219569973647594,2.6739130434782608,1.0,,,29.0,,,,,,,,,,,,,,,,,,230.0,28.0,59.0,
ham_nq15_ionq_harmony_CPU_transpile_itrs0_opt2_20260422T011802Z.json,ham,15,ionq,harmony,CPU,transpile,0,2.0,2026-04-22T01:18:02.361662Z,1,1,1,frontier,gen006,46,30,15.0,15,102,28,73,29,46,1,0,,15,28.0,30.0,2.0,128.0,15.0,253.0,14.0,0.0,1.0,2.0,1.8666666666666667,,15.0,,,ionq_simulator_offline(harmony),simulator,True,,,,0.019963137106969953,2.782608695652174,0.5,,,29.0,,,,,,,,,,,,,,,,,,168.0,14.0,56.0,
ham_nq15_ionq_harmony_CPU_transpile_itrs0_opt3_20260422T011802Z.json,ham,15,ionq,harmony,CPU,transpile,0,3.0,2026-04-22T01:18:02.395495Z,1,1,1,frontier,gen006,46,30,15.0,15,102,28,73,29,46,1,0,,15,28.0,30.0,3.0,128.0,15.0,253.0,14.0,0.0,1.0,2.0,1.8666666666666667,,15.0,,,ionq_simulator_offline(harmony),simulator,True,,,,0.029096877900883555,2.782608695652174,0.5,,,29.0,,,,,,,,,,,,,,,,,,168.0,14.0,56.0,
ham_nq15_ionq_ideal_CPU_transpile_itrs0_opt0_20260422T011801Z.json,ham,15,ionq,ideal,CPU,transpile,0,0.0,2026-04-22T01:18:01.874999Z,1,1,1,frontier,gen006,46,30,15.0,15,102,28,73,29,46,1,0,,15,28.0,30.0,0.0,48.0,15.0,132.0,28.0,0.0,1.0,2.0,1.8666666666666667,,15.0,29.0,,ionq_simulator_offline(ideal),simulator,True,,,,0.6582596900407225,1.0434782608695652,1.0,28.0,,29.0,,,,,,,,,,,,,,,30.0,,,,,,30.0
ham_nq15_ionq_ideal_CPU_transpile_itrs0_opt1_20260422T011801Z.json,ham,15,ionq,ideal,CPU,transpile,0,1.0,2026-04-22T01:18:01.891593Z,1,1,1,frontier,gen006,46,30,15.0,15,102,28,73,29,46,1,0,,15,28.0,30.0,1.0,44.0,15.0,72.0,28.0,0.0,1.0,2.0,1.8666666666666667,,15.0,14.0,,ionq_simulator_offline(ideal),simulator,True,,,,0.012055804952979088,0.9565217391304348,1.0,28.0,,29.0,,,,,,,,,,,,,,,15.0,,,,,,
ham_nq15_ionq_ideal_CPU_transpile_itrs0_opt2_20260422T011801Z.json,ham,15,ionq,ideal,CPU,transpile,0,2.0,2026-04-22T01:18:01.918693Z,1,1,1,frontier,gen006,46,30,15.0,15,102,28,73,29,46,1,0,,15,28.0,30.0,2.0,46.0,15.0,101.0,14.0,0.0,1.0,2.0,1.8666666666666667,,15.0,43.0,,ionq_simulator_offline(ideal),simulator,True,,,,0.02257139701396227,1.0,0.5,14.0,,29.0,,,,,,,,,,,,,,,1.0,,,,,,28.0
ham_nq15_ionq_ideal_CPU_transpile_itrs0_opt3_20260422T011801Z.json,ham,15,ionq,ideal,CPU,transpile,0,3.0,2026-04-22T01:18:01.938422Z,1,1,1,frontier,gen006,46,30,15.0,15,102,28,73,29,46,1,0,,15,28.0,30.0,3.0,46.0,15.0,101.0,14.0,0.0,1.0,2.0,1.8666666666666667,,15.0,43.0,,ionq_simulator_offline(ideal),simulator,True,,,,0.015204909956082702,1.0,0.5,14.0,,29.0,,,,,,,,,,,,,,,1.0,,,,,,28.0
ham_nq15_nwqsim_MPI_CPU_sync_itrs1_20260225T140616Z.json,ham,15,nwqsim,MPI,CPU,sync,1,,2026-02-25T14:06:16.080262Z,1,112,1,borg,gen008_borg,46,15,,15,102,28,58,44,46,1,0,,15,28.0,30.0,,,,,,,,,,,,,,,,,1.0,0.0,1.0,,,,,,29.0,,,,,,,,,,,,,,,,,,,,,
ham_nq16_ibmq_ibm_miami_CPU_sync_itrs1_20260225T020638Z.json,ham,16,ibmq,ibm_miami,CPU,sync,1,1.0,2026-02-25T02:06:38.622667Z,1,112,1,borg,gen008_borg,49,16,16.0,16,109,30,62,47,49,1,0,,16,30.0,32.0,1.0,126.0,120.0,186.0,30.0,0.0,105.0,2.0,0.25,30.0,16.0,93.0,47.0,ibm_miami,hardware,False,1.0,0.0,1.0,2.788416580762714,2.5714285714285716,1.0,,,31.0,,,,,,,,,,,,,,,,,,,,,
ham_nq16_ibmq_ibm_torino_CPU_sync_itrs1_20260225T020641Z.json,ham,16,ibmq,ibm_torino,CPU,sync,1,1.0,2026-02-25T02:06:41.248793Z,1,112,1,borg,gen008_borg,49,16,16.0,16,109,30,62,47,49,1,0,,16,30.0,32.0,1.0,126.0,133.0,186.0,30.0,0.0,118.0,2.0,0.22556390977443608,30.0,16.0,93.0,47.0,ibm_torino,hardware,False,1.0,0.0,1.0,2.946141363121569,2.5714285714285716,1.0,,,31.0,,,,,,,,,,,,,,,,,,,,,
ham_nq16_ionq_aria-1_CPU_transpile_itrs0_opt0_20260422T011802Z.json,ham,16,ionq,aria-1,CPU,transpile,0,0.0,2026-04-22T01:18:02.025182Z,1,1,1,frontier,gen006,49,32,16.0,16,109,30,78,31,49,1,0,,16,30.0,32.0,0.0,131.0,16.0,355.0,30.0,0.0,1.0,2.0,1.875,,16.0,,,ionq_simulator_offline(aria-1),simulator,True,,,,0.010876691900193691,2.673469387755102,1.0,,,31.0,,,,,,,,,,,,,,,,,,246.0,30.0,63.0,
ham_nq16_ionq_aria-1_CPU_transpile_itrs0_opt1_20260422T011802Z.json,ham,16,ionq,aria-1,CPU,transpile,0,1.0,2026-04-22T01:18:02.045293Z,1,1,1,frontier,gen006,49,32,16.0,16,109,30,78,31,49,1,0,,16,30.0,32.0,1.0,131.0,16.0,355.0,30.0,0.0,1.0,2.0,1.875,,16.0,,,ionq_simulator_offline(aria-1),simulator,True,,,,0.014866620069369674,2.673469387755102,1.0,,,31.0,,,,,,,,,,,,,,,,,,246.0,30.0,63.0,
ham_nq16_ionq_aria-1_CPU_transpile_itrs0_opt2_20260422T011802Z.json,ham,16,ionq,aria-1,CPU,transpile,0,2.0,2026-04-22T01:18:02.071634Z,1,1,1,frontier,gen006,49,32,16.0,16,109,30,78,31,49,1,0,,16,30.0,32.0,2.0,137.0,16.0,271.0,15.0,0.0,1.0,2.0,1.875,,16.0,,,ionq_simulator_offline(aria-1),simulator,True,,,,0.02139122784137726,2.795918367346939,0.5,,,31.0,,,,,,,,,,,,,,,,,,180.0,15.0,60.0,
ham_nq16_ionq_aria-1_CPU_transpile_itrs0_opt3_20260422T011802Z.json,ham,16,ionq,aria-1,CPU,transpile,0,3.0,2026-04-22T01:18:02.107297Z,1,1,1,frontier,gen006,49,32,16.0,16,109,30,78,31,49,1,0,,16,30.0,32.0,3.0,137.0,16.0,271.0,15.0,0.0,1.0,2.0,1.875,,16.0,,,ionq_simulator_offline(aria-1),simulator,True,,,,0.03060780488885939,2.795918367346939,0.5,,,31.0,,,,,,,,,,,,,,,,,,180.0,15.0,60.0,
ham_nq16_ionq_aria-2_CPU_transpile_itrs0_opt0_20260422T011802Z.json,ham,16,ionq,aria-2,CPU,transpile,0,0.0,2026-04-22T01:18:02.120958Z,1,1,1,frontier,gen006,49,32,16.0,16,109,30,78,31,49,1,0,,16,30.0,32.0,0.0,131.0,16.0,355.0,30.0,0.0,1.0,2.0,1.875,,16.0,,,ionq_simulator_offline(aria-2),simulator,True,,,,0.00821808585897088,2.673469387755102,1.0,,,31.0,,,,,,,,,,,,,,,,,,246.0,30.0,63.0,
ham_nq16_ionq_aria-2_CPU_transpile_itrs0_opt1_20260422T011802Z.json,ham,16,ionq,aria-2,CPU,transpile,0,1.0,2026-04-22T01:18:02.140853Z,1,1,1,frontier,gen006,49,32,16.0,16,109,30,78,31,49,1,0,,16,30.0,32.0,1.0,131.0,16.0,355.0,30.0,0.0,1.0,2.0,1.875,,16.0,,,ionq_simulator_offline(aria-2),simulator,True,,,,0.014646823052316904,2.673469387755102,1.0,,,31.0,,,,,,,,,,,,,,,,,,246.0,30.0,63.0,
ham_nq16_ionq_aria-2_CPU_transpile_itrs0_opt2_20260422T011802Z.json,ham,16,ionq,aria-2,CPU,transpile,0,2.0,2026-04-22T01:18:02.166773Z,1,1,1,frontier,gen006,49,32,16.0,16,109,30,78,31,49,1,0,,16,30.0,32.0,2.0,137.0,16.0,271.0,15.0,0.0,1.0,2.0,1.875,,16.0,,,ionq_simulator_offline(aria-2),simulator,True,,,,0.020937809022143483,2.795918367346939,0.5,,,31.0,,,,,,,,,,,,,,,,,,180.0,15.0,60.0,
ham_nq16_ionq_aria-2_CPU_transpile_itrs0_opt3_20260422T011802Z.json,ham,16,ionq,aria-2,CPU,transpile,0,3.0,2026-04-22T01:18:02.202170Z,1,1,1,frontier,gen006,49,32,16.0,16,109,30,78,31,49,1,0,,16,30.0,32.0,3.0,137.0,16.0,271.0,15.0,0.0,1.0,2.0,1.875,,16.0,,,ionq_simulator_offline(aria-2),simulator,True,,,,0.030302967876195908,2.795918367346939,0.5,,,31.0,,,,,,,,,,,,,,,,,,180.0,15.0,60.0,
ham_nq16_ionq_forte-1_CPU_transpile_itrs0_opt0_20260422T011802Z.json,ham,16,ionq,forte-1,CPU,transpile,0,0.0,2026-04-22T01:18:02.215681Z,1,1,1,frontier,gen006,49,32,16.0,16,109,30,78,31,49,1,0,,16,30.0,32.0,0.0,131.0,16.0,355.0,30.0,0.0,1.0,2.0,1.875,,16.0,,,ionq_simulator_offline(forte-1),simulator,True,,,,0.007967440877109766,2.673469387755102,1.0,,,31.0,,,,,,,,,,,,,,,,,,246.0,30.0,63.0,
ham_nq16_ionq_forte-1_CPU_transpile_itrs0_opt1_20260422T011802Z.json,ham,16,ionq,forte-1,CPU,transpile,0,1.0,2026-04-22T01:18:02.235806Z,1,1,1,frontier,gen006,49,32,16.0,16,109,30,78,31,49,1,0,,16,30.0,32.0,1.0,131.0,16.0,355.0,30.0,0.0,1.0,2.0,1.875,,16.0,,,ionq_simulator_offline(forte-1),simulator,True,,,,0.014913388062268496,2.673469387755102,1.0,,,31.0,,,,,,,,,,,,,,,,,,246.0,30.0,63.0,
ham_nq16_ionq_forte-1_CPU_transpile_itrs0_opt2_20260422T011802Z.json,ham,16,ionq,forte-1,CPU,transpile,0,2.0,2026-04-22T01:18:02.261610Z,1,1,1,frontier,gen006,49,32,16.0,16,109,30,78,31,49,1,0,,16,30.0,32.0,2.0,137.0,16.0,271.0,15.0,0.0,1.0,2.0,1.875,,16.0,,,ionq_simulator_offline(forte-1),simulator,True,,,,0.020912771113216877,2.795918367346939,0.5,,,31.0,,,,,,,,,,,,,,,,,,180.0,15.0,60.0,
ham_nq16_ionq_forte-1_CPU_transpile_itrs0_opt3_20260422T011802Z.json,ham,16,ionq,forte-1,CPU,transpile,0,3.0,2026-04-22T01:18:02.297133Z,1,1,1,frontier,gen006,49,32,16.0,16,109,30,78,31,49,1,0,,16,30.0,32.0,3.0,137.0,16.0,271.0,15.0,0.0,1.0,2.0,1.875,,16.0,,,ionq_simulator_offline(forte-1),simulator,True,,,,0.030339707154780626,2.795918367346939,0.5,,,31.0,,,,,,,,,,,,,,,,,,180.0,15.0,60.0,
ham_nq16_ionq_forte-enterprise-1_CPU_transpile_itrs0_opt0_20260422T011802Z.json,ham,16,ionq,forte-enterprise-1,CPU,transpile,0,0.0,2026-04-22T01:18:02.310534Z,1,1,1,frontier,gen006,49,32,16.0,16,109,30,78,31,49,1,0,,16,30.0,32.0,0.0,131.0,16.0,355.0,30.0,0.0,1.0,2.0,1.875,,16.0,,,ionq_simulator_offline(forte-enterprise-1),simulator,True,,,,0.007899532094597816,2.673469387755102,1.0,,,31.0,,,,,,,,,,,,,,,,,,246.0,30.0,63.0,
ham_nq16_ionq_forte-enterprise-1_CPU_transpile_itrs0_opt1_20260422T011802Z.json,ham,16,ionq,forte-enterprise-1,CPU,transpile,0,1.0,2026-04-22T01:18:02.330492Z,1,1,1,frontier,gen006,49,32,16.0,16,109,30,78,31,49,1,0,,16,30.0,32.0,1.0,131.0,16.0,355.0,30.0,0.0,1.0,2.0,1.875,,16.0,,,ionq_simulator_offline(forte-enterprise-1),simulator,True,,,,0.014734670054167509,2.673469387755102,1.0,,,31.0,,,,,,,,,,,,,,,,,,246.0,30.0,63.0,
ham_nq16_ionq_forte-enterprise-1_CPU_transpile_itrs0_opt2_20260422T011802Z.json,ham,16,ionq,forte-enterprise-1,CPU,transpile,0,2.0,2026-04-22T01:18:02.356593Z,1,1,1,frontier,gen006,49,32,16.0,16,109,30,78,31,49,1,0,,16,30.0,32.0,2.0,137.0,16.0,271.0,15.0,0.0,1.0,2.0,1.875,,16.0,,,ionq_simulator_offline(forte-enterprise-1),simulator,True,,,,0.021179146133363247,2.795918367346939,0.5,,,31.0,,,,,,,,,,,,,,,,,,180.0,15.0,60.0,
ham_nq16_ionq_forte-enterprise-1_CPU_transpile_itrs0_opt3_20260422T011802Z.json,ham,16,ionq,forte-enterprise-1,CPU,transpile,0,3.0,2026-04-22T01:18:02.392008Z,1,1,1,frontier,gen006,49,32,16.0,16,109,30,78,31,49,1,0,,16,30.0,32.0,3.0,137.0,16.0,271.0,15.0,0.0,1.0,2.0,1.875,,16.0,,,ionq_simulator_offline(forte-enterprise-1),simulator,True,,,,0.03032212401740253,2.795918367346939,0.5,,,31.0,,,,,,,,,,,,,,,,,,180.0,15.0,60.0,
ham_nq16_ionq_harmony_CPU_transpile_itrs0_opt0_20260422T011802Z.json,ham,16,ionq,harmony,CPU,transpile,0,0.0,2026-04-22T01:18:02.405290Z,1,1,1,frontier,gen006,49,32,16.0,16,109,30,78,31,49,1,0,,16,30.0,32.0,0.0,131.0,16.0,355.0,30.0,0.0,1.0,2.0,1.875,,16.0,,,ionq_simulator_offline(harmony),simulator,True,,,,0.007903380086645484,2.673469387755102,1.0,,,31.0,,,,,,,,,,,,,,,,,,246.0,30.0,63.0,
ham_nq16_ionq_harmony_CPU_transpile_itrs0_opt1_20260422T011802Z.json,ham,16,ionq,harmony,CPU,transpile,0,1.0,2026-04-22T01:18:02.425066Z,1,1,1,frontier,gen006,49,32,16.0,16,109,30,78,31,49,1,0,,16,30.0,32.0,1.0,131.0,16.0,355.0,30.0,0.0,1.0,2.0,1.875,,16.0,,,ionq_simulator_offline(harmony),simulator,True,,,,0.014588974183425307,2.673469387755102,1.0,,,31.0,,,,,,,,,,,,,,,,,,246.0,30.0,63.0,
ham_nq16_ionq_harmony_CPU_transpile_itrs0_opt2_20260422T011802Z.json,ham,16,ionq,harmony,CPU,transpile,0,2.0,2026-04-22T01:18:02.450653Z,1,1,1,frontier,gen006,49,32,16.0,16,109,30,78,31,49,1,0,,16,30.0,32.0,2.0,137.0,16.0,271.0,15.0,0.0,1.0,2.0,1.875,,16.0,,,ionq_simulator_offline(harmony),simulator,True,,,,0.0206678481772542,2.795918367346939,0.5,,,31.0,,,,,,,,,,,,,,,,,,180.0,15.0,60.0,
ham_nq16_ionq_harmony_CPU_transpile_itrs0_opt3_20260422T011802Z.json,ham,16,ionq,harmony,CPU,transpile,0,3.0,2026-04-22T01:18:02.486503Z,1,1,1,frontier,gen006,49,32,16.0,16,109,30,78,31,49,1,0,,16,30.0,32.0,3.0,137.0,16.0,271.0,15.0,0.0,1.0,2.0,1.875,,16.0,,,ionq_simulator_offline(harmony),simulator,True,,,,0.03080249414779246,2.795918367346939,0.5,,,31.0,,,,,,,,,,,,,,,,,,180.0,15.0,60.0,
ham_nq16_ionq_ideal_CPU_transpile_itrs0_opt0_20260422T011801Z.json,ham,16,ionq,ideal,CPU,transpile,0,0.0,2026-04-22T01:18:01.942288Z,1,1,1,frontier,gen006,49,32,16.0,16,109,30,78,31,49,1,0,,16,30.0,32.0,0.0,51.0,16.0,141.0,30.0,0.0,1.0,2.0,1.875,,16.0,31.0,,ionq_simulator_offline(ideal),simulator,True,,,,0.6575479239691049,1.0408163265306123,1.0,30.0,,31.0,,,,,,,,,,,,,,,32.0,,,,,,32.0
ham_nq16_ionq_ideal_CPU_transpile_itrs0_opt1_20260422T011801Z.json,ham,16,ionq,ideal,CPU,transpile,0,1.0,2026-04-22T01:18:01.959461Z,1,1,1,frontier,gen006,49,32,16.0,16,109,30,78,31,49,1,0,,16,30.0,32.0,1.0,47.0,16.0,77.0,30.0,0.0,1.0,2.0,1.875,,16.0,15.0,,ionq_simulator_offline(ideal),simulator,True,,,,0.012251546140760183,0.9591836734693877,1.0,30.0,,31.0,,,,,,,,,,,,,,,16.0,,,,,,
ham_nq16_ionq_ideal_CPU_transpile_itrs0_opt2_20260422T011801Z.json,ham,16,ionq,ideal,CPU,transpile,0,2.0,2026-04-22T01:18:01.987988Z,1,1,1,frontier,gen006,49,32,16.0,16,109,30,78,31,49,1,0,,16,30.0,32.0,2.0,49.0,16.0,108.0,15.0,0.0,1.0,2.0,1.875,,16.0,46.0,,ionq_simulator_offline(ideal),simulator,True,,,,0.023850705940276384,1.0,0.5,15.0,,31.0,,,,,,,,,,,,,,,1.0,,,,,,30.0
ham_nq16_ionq_ideal_CPU_transpile_itrs0_opt3_20260422T011802Z.json,ham,16,ionq,ideal,CPU,transpile,0,3.0,2026-04-22T01:18:02.008653Z,1,1,1,frontier,gen006,49,32,16.0,16,109,30,78,31,49,1,0,,16,30.0,32.0,3.0,49.0,16.0,108.0,15.0,0.0,1.0,2.0,1.875,,16.0,46.0,,ionq_simulator_offline(ideal),simulator,True,,,,0.015775610925629735,1.0,0.5,15.0,,31.0,,,,,,,,,,,,,,,1.0,,,,,,30.0
ham_nq16_nwqsim_MPI_CPU_sync_itrs1_20260225T020637Z.json,ham,16,nwqsim,MPI,CPU,sync,1,,2026-02-25T02:06:37.463976Z,1,112,1,borg,gen008_borg,49,16,,16,109,30,62,47,49,1,0,,16,30.0,32.0,,,,,,,,,,,,,,,,,1.0,0.0,1.0,,,,,,31.0,,,,,,,,,,,,,,,,,,,,,
ham_nq20_ibmq_ibm_miami_CPU_sync_itrs1_20260317T131539Z.json,ham,20,ibmq,ibm_miami,CPU,sync,1,1.0,2026-03-17T13:15:39.993500Z,1,112,1,borg,gen008_borg,61,20,20.0,20,137,38,78,59,61,1,0,,20,38.0,40.0,1.0,158.0,120.0,234.0,38.0,0.0,101.0,2.0,0.31666666666666665,38.0,20.0,117.0,59.0,ibm_miami,hardware,False,1.0,0.0,1.0,2.9262582822702825,2.5901639344262297,1.0,,,39.0,,,,,,,,,,,,,,,,,,,,,
ham_nq20_ibmq_ibm_torino_CPU_sync_itrs1_20260317T002636Z.json,ham,20,ibmq,ibm_torino,CPU,sync,1,1.0,2026-03-17T00:26:36.093215Z,1,112,1,borg,gen008_borg,61,20,20.0,20,137,38,78,59,61,1,0,,20,38.0,40.0,1.0,158.0,133.0,234.0,38.0,0.0,114.0,2.0,0.2857142857142857,38.0,20.0,117.0,59.0,ibm_torino,hardware,False,1.0,0.0,1.0,3.5062486690003425,2.5901639344262297,1.0,,,39.0,,,,,,,,,,,,,,,,,,,,,
ham_nq20_ionq_aria-1_CPU_transpile_itrs0_opt0_20260422T011802Z.json,ham,20,ionq,aria-1,CPU,transpile,0,0.0,2026-04-22T01:18:02.228984Z,1,1,1,frontier,gen006,61,40,20.0,20,137,38,98,39,61,1,0,,20,38.0,40.0,0.0,163.0,20.0,447.0,38.0,0.0,1.0,2.0,1.9,,20.0,,,ionq_simulator_offline(aria-1),simulator,True,,,,0.011466176947578788,2.6721311475409837,1.0,,,39.0,,,,,,,,,,,,,,,,,,310.0,38.0,79.0,
ham_nq20_ionq_aria-1_CPU_transpile_itrs0_opt1_20260422T011802Z.json,ham,20,ionq,aria-1,CPU,transpile,0,1.0,2026-04-22T01:18:02.251707Z,1,1,1,frontier,gen006,61,40,20.0,20,137,38,98,39,61,1,0,,20,38.0,40.0,1.0,163.0,20.0,447.0,38.0,0.0,1.0,2.0,1.9,,20.0,,,ionq_simulator_offline(aria-1),simulator,True,,,,0.016353417886421084,2.6721311475409837,1.0,,,39.0,,,,,,,,,,,,,,,,,,310.0,38.0,79.0,
ham_nq20_ionq_aria-1_CPU_transpile_itrs0_opt2_20260422T011802Z.json,ham,20,ionq,aria-1,CPU,transpile,0,2.0,2026-04-22T01:18:02.281381Z,1,1,1,frontier,gen006,61,40,20.0,20,137,38,98,39,61,1,0,,20,38.0,40.0,2.0,173.0,20.0,343.0,19.0,0.0,1.0,2.0,1.9,,20.0,,,ionq_simulator_offline(aria-1),simulator,True,,,,0.024155056104063988,2.8360655737704916,0.5,,,39.0,,,,,,,,,,,,,,,,,,228.0,19.0,76.0,
ham_nq20_ionq_aria-1_CPU_transpile_itrs0_opt3_20260422T011802Z.json,ham,20,ionq,aria-1,CPU,transpile,0,3.0,2026-04-22T01:18:02.323263Z,1,1,1,frontier,gen006,61,40,20.0,20,137,38,98,39,61,1,0,,20,38.0,40.0,3.0,173.0,20.0,343.0,19.0,0.0,1.0,2.0,1.9,,20.0,,,ionq_simulator_offline(aria-1),simulator,True,,,,0.0360160858836025,2.8360655737704916,0.5,,,39.0,,,,,,,,,,,,,,,,,,228.0,19.0,76.0,
ham_nq20_ionq_aria-2_CPU_transpile_itrs0_opt0_20260422T011802Z.json,ham,20,ionq,aria-2,CPU,transpile,0,0.0,2026-04-22T01:18:02.338247Z,1,1,1,frontier,gen006,61,40,20.0,20,137,38,98,39,61,1,0,,20,38.0,40.0,0.0,163.0,20.0,447.0,38.0,0.0,1.0,2.0,1.9,,20.0,,,ionq_simulator_offline(aria-2),simulator,True,,,,0.00872966181486845,2.6721311475409837,1.0,,,39.0,,,,,,,,,,,,,,,,,,310.0,38.0,79.0,
ham_nq20_ionq_aria-2_CPU_transpile_itrs0_opt1_20260422T011802Z.json,ham,20,ionq,aria-2,CPU,transpile,0,1.0,2026-04-22T01:18:02.360426Z,1,1,1,frontier,gen006,61,40,20.0,20,137,38,98,39,61,1,0,,20,38.0,40.0,1.0,163.0,20.0,447.0,38.0,0.0,1.0,2.0,1.9,,20.0,,,ionq_simulator_offline(aria-2),simulator,True,,,,0.01625302294269204,2.6721311475409837,1.0,,,39.0,,,,,,,,,,,,,,,,,,310.0,38.0,79.0,
ham_nq20_ionq_aria-2_CPU_transpile_itrs0_opt2_20260422T011802Z.json,ham,20,ionq,aria-2,CPU,transpile,0,2.0,2026-04-22T01:18:02.389328Z,1,1,1,frontier,gen006,61,40,20.0,20,137,38,98,39,61,1,0,,20,38.0,40.0,2.0,173.0,20.0,343.0,19.0,0.0,1.0,2.0,1.9,,20.0,,,ionq_simulator_offline(aria-2),simulator,True,,,,0.023363166954368353,2.8360655737704916,0.5,,,39.0,,,,,,,,,,,,,,,,,,228.0,19.0,76.0,
ham_nq20_ionq_aria-2_CPU_transpile_itrs0_opt3_20260422T011802Z.json,ham,20,ionq,aria-2,CPU,transpile,0,3.0,2026-04-22T01:18:02.431126Z,1,1,1,frontier,gen006,61,40,20.0,20,137,38,98,39,61,1,0,,20,38.0,40.0,3.0,173.0,20.0,343.0,19.0,0.0,1.0,2.0,1.9,,20.0,,,ionq_simulator_offline(aria-2),simulator,True,,,,0.0360248030629009,2.8360655737704916,0.5,,,39.0,,,,,,,,,,,,,,,,,,228.0,19.0,76.0,
ham_nq20_ionq_forte-1_CPU_transpile_itrs0_opt0_20260422T011802Z.json,ham,20,ionq,forte-1,CPU,transpile,0,0.0,2026-04-22T01:18:02.446230Z,1,1,1,frontier,gen006,61,40,20.0,20,137,38,98,39,61,1,0,,20,38.0,40.0,0.0,163.0,20.0,447.0,38.0,0.0,1.0,2.0,1.9,,20.0,,,ionq_simulator_offline(forte-1),simulator,True,,,,0.008816428948193789,2.6721311475409837,1.0,,,39.0,,,,,,,,,,,,,,,,,,310.0,38.0,79.0,
ham_nq20_ionq_forte-1_CPU_transpile_itrs0_opt1_20260422T011802Z.json,ham,20,ionq,forte-1,CPU,transpile,0,1.0,2026-04-22T01:18:02.468405Z,1,1,1,frontier,gen006,61,40,20.0,20,137,38,98,39,61,1,0,,20,38.0,40.0,1.0,163.0,20.0,447.0,38.0,0.0,1.0,2.0,1.9,,20.0,,,ionq_simulator_offline(forte-1),simulator,True,,,,0.016313550993800163,2.6721311475409837,1.0,,,39.0,,,,,,,,,,,,,,,,,,310.0,38.0,79.0,
ham_nq20_ionq_forte-1_CPU_transpile_itrs0_opt2_20260422T011802Z.json,ham,20,ionq,forte-1,CPU,transpile,0,2.0,2026-04-22T01:18:02.497384Z,1,1,1,frontier,gen006,61,40,20.0,20,137,38,98,39,61,1,0,,20,38.0,40.0,2.0,173.0,20.0,343.0,19.0,0.0,1.0,2.0,1.9,,20.0,,,ionq_simulator_offline(forte-1),simulator,True,,,,0.023260196903720498,2.8360655737704916,0.5,,,39.0,,,,,,,,,,,,,,,,,,228.0,19.0,76.0,
ham_nq20_ionq_forte-1_CPU_transpile_itrs0_opt3_20260422T011802Z.json,ham,20,ionq,forte-1,CPU,transpile,0,3.0,2026-04-22T01:18:02.539065Z,1,1,1,frontier,gen006,61,40,20.0,20,137,38,98,39,61,1,0,,20,38.0,40.0,3.0,173.0,20.0,343.0,19.0,0.0,1.0,2.0,1.9,,20.0,,,ionq_simulator_offline(forte-1),simulator,True,,,,0.035980517975986004,2.8360655737704916,0.5,,,39.0,,,,,,,,,,,,,,,,,,228.0,19.0,76.0,
ham_nq20_ionq_forte-enterprise-1_CPU_transpile_itrs0_opt0_20260422T011802Z.json,ham,20,ionq,forte-enterprise-1,CPU,transpile,0,0.0,2026-04-22T01:18:02.554135Z,1,1,1,frontier,gen006,61,40,20.0,20,137,38,98,39,61,1,0,,20,38.0,40.0,0.0,163.0,20.0,447.0,38.0,0.0,1.0,2.0,1.9,,20.0,,,ionq_simulator_offline(forte-enterprise-1),simulator,True,,,,0.008804665878415108,2.6721311475409837,1.0,,,39.0,,,,,,,,,,,,,,,,,,310.0,38.0,79.0,
ham_nq20_ionq_forte-enterprise-1_CPU_transpile_itrs0_opt1_20260422T011802Z.json,ham,20,ionq,forte-enterprise-1,CPU,transpile,0,1.0,2026-04-22T01:18:02.576342Z,1,1,1,frontier,gen006,61,40,20.0,20,137,38,98,39,61,1,0,,20,38.0,40.0,1.0,163.0,20.0,447.0,38.0,0.0,1.0,2.0,1.9,,20.0,,,ionq_simulator_offline(forte-enterprise-1),simulator,True,,,,0.01625214098021388,2.6721311475409837,1.0,,,39.0,,,,,,,,,,,,,,,,,,310.0,38.0,79.0,
ham_nq20_ionq_forte-enterprise-1_CPU_transpile_itrs0_opt2_20260422T011802Z.json,ham,20,ionq,forte-enterprise-1,CPU,transpile,0,2.0,2026-04-22T01:18:02.605405Z,1,1,1,frontier,gen006,61,40,20.0,20,137,38,98,39,61,1,0,,20,38.0,40.0,2.0,173.0,20.0,343.0,19.0,0.0,1.0,2.0,1.9,,20.0,,,ionq_simulator_offline(forte-enterprise-1),simulator,True,,,,0.023383996915072203,2.8360655737704916,0.5,,,39.0,,,,,,,,,,,,,,,,,,228.0,19.0,76.0,
ham_nq20_ionq_forte-enterprise-1_CPU_transpile_itrs0_opt3_20260422T011802Z.json,ham,20,ionq,forte-enterprise-1,CPU,transpile,0,3.0,2026-04-22T01:18:02.647179Z,1,1,1,frontier,gen006,61,40,20.0,20,137,38,98,39,61,1,0,,20,38.0,40.0,3.0,173.0,20.0,343.0,19.0,0.0,1.0,2.0,1.9,,20.0,,,ionq_simulator_offline(forte-enterprise-1),simulator,True,,,,0.035978893050923944,2.8360655737704916,0.5,,,39.0,,,,,,,,,,,,,,,,,,228.0,19.0,76.0,
ham_nq20_ionq_harmony_CPU_transpile_itrs0_opt0_20260422T011802Z.json,ham,20,ionq,harmony,CPU,transpile,0,0.0,2026-04-22T01:18:02.794902Z,1,1,1,frontier,gen006,61,40,20.0,20,137,38,98,39,61,1,0,,20,38.0,40.0,0.0,163.0,20.0,447.0,38.0,0.0,1.0,2.0,1.9,,20.0,,,ionq_simulator_offline(harmony),simulator,True,,,,0.1413353430107236,2.6721311475409837,1.0,,,39.0,,,,,,,,,,,,,,,,,,310.0,38.0,79.0,
ham_nq20_ionq_harmony_CPU_transpile_itrs0_opt1_20260422T011802Z.json,ham,20,ionq,harmony,CPU,transpile,0,1.0,2026-04-22T01:18:02.819000Z,1,1,1,frontier,gen006,61,40,20.0,20,137,38,98,39,61,1,0,,20,38.0,40.0,1.0,163.0,20.0,447.0,38.0,0.0,1.0,2.0,1.9,,20.0,,,ionq_simulator_offline(harmony),simulator,True,,,,0.017431068001314998,2.6721311475409837,1.0,,,39.0,,,,,,,,,,,,,,,,,,310.0,38.0,79.0,
ham_nq20_ionq_harmony_CPU_transpile_itrs0_opt2_20260422T011802Z.json,ham,20,ionq,harmony,CPU,transpile,0,2.0,2026-04-22T01:18:02.848891Z,1,1,1,frontier,gen006,61,40,20.0,20,137,38,98,39,61,1,0,,20,38.0,40.0,2.0,173.0,20.0,343.0,19.0,0.0,1.0,2.0,1.9,,20.0,,,ionq_simulator_offline(harmony),simulator,True,,,,0.023955199867486954,2.8360655737704916,0.5,,,39.0,,,,,,,,,,,,,,,,,,228.0,19.0,76.0,
ham_nq20_ionq_harmony_CPU_transpile_itrs0_opt3_20260422T011802Z.json,ham,20,ionq,harmony,CPU,transpile,0,3.0,2026-04-22T01:18:02.890514Z,1,1,1,frontier,gen006,61,40,20.0,20,137,38,98,39,61,1,0,,20,38.0,40.0,3.0,173.0,20.0,343.0,19.0,0.0,1.0,2.0,1.9,,20.0,,,ionq_simulator_offline(harmony),simulator,True,,,,0.0357994781807065,2.8360655737704916,0.5,,,39.0,,,,,,,,,,,,,,,,,,228.0,19.0,76.0,
ham_nq20_ionq_ideal_CPU_transpile_itrs0_opt0_20260422T011802Z.json,ham,20,ionq,ideal,CPU,transpile,0,0.0,2026-04-22T01:18:02.141000Z,1,1,1,frontier,gen006,61,40,20.0,20,137,38,98,39,61,1,0,,20,38.0,40.0,0.0,63.0,20.0,177.0,38.0,0.0,1.0,2.0,1.9,,20.0,39.0,,ionq_simulator_offline(ideal),simulator,True,,,,0.6660552930552512,1.0327868852459017,1.0,38.0,,39.0,,,,,,,,,,,,,,,40.0,,,,,,40.0
ham_nq20_ionq_ideal_CPU_transpile_itrs0_opt1_20260422T011802Z.json,ham,20,ionq,ideal,CPU,transpile,0,1.0,2026-04-22T01:18:02.159305Z,1,1,1,frontier,gen006,61,40,20.0,20,137,38,98,39,61,1,0,,20,38.0,40.0,1.0,59.0,20.0,97.0,38.0,0.0,1.0,2.0,1.9,,20.0,19.0,,ionq_simulator_offline(ideal),simulator,True,,,,0.012832046020776033,0.9672131147540983,1.0,38.0,,39.0,,,,,,,,,,,,,,,20.0,,,,,,
ham_nq20_ionq_ideal_CPU_transpile_itrs0_opt2_20260422T011802Z.json,ham,20,ionq,ideal,CPU,transpile,0,2.0,2026-04-22T01:18:02.188867Z,1,1,1,frontier,gen006,61,40,20.0,20,137,38,98,39,61,1,0,,20,38.0,40.0,2.0,61.0,20.0,136.0,19.0,0.0,1.0,2.0,1.9,,20.0,58.0,,ionq_simulator_offline(ideal),simulator,True,,,,0.024213328026235104,1.0,0.5,19.0,,39.0,,,,,,,,,,,,,,,1.0,,,,,,38.0
ham_nq20_ionq_ideal_CPU_transpile_itrs0_opt3_20260422T011802Z.json,ham,20,ionq,ideal,CPU,transpile,0,3.0,2026-04-22T01:18:02.211232Z,1,1,1,frontier,gen006,61,40,20.0,20,137,38,98,39,61,1,0,,20,38.0,40.0,3.0,61.0,20.0,136.0,19.0,0.0,1.0,2.0,1.9,,20.0,58.0,,ionq_simulator_offline(ideal),simulator,True,,,,0.016863703029230237,1.0,0.5,19.0,,39.0,,,,,,,,,,,,,,,1.0,,,,,,38.0
ham_nq23_ibmq_ibm_miami_CPU_sync_itrs1_20260317T214032Z.json,ham,23,ibmq,ibm_miami,CPU,sync,1,1.0,2026-03-17T21:40:32.800557Z,1,112,1,borg,gen008_borg,70,23,23.0,23,158,44,90,68,70,1,0,,23,44.0,46.0,1.0,182.0,120.0,270.0,44.0,0.0,98.0,2.0,0.36666666666666664,44.0,23.0,135.0,68.0,ibm_miami,hardware,False,1.0,0.0,1.0,2.6862905607558787,2.6,1.0,,,45.0,,,,,,,,,,,,,,,,,,,,,
ham_nq23_ibmq_ibm_torino_CPU_sync_itrs1_20260317T214034Z.json,ham,23,ibmq,ibm_torino,CPU,sync,1,1.0,2026-03-17T21:40:34.351690Z,1,112,1,borg,gen008_borg,70,23,23.0,23,158,44,90,68,70,1,0,,23,44.0,46.0,1.0,182.0,133.0,270.0,44.0,0.0,111.0,2.0,0.3308270676691729,44.0,23.0,135.0,68.0,ibm_torino,hardware,False,1.0,0.0,1.0,3.1440208102576435,2.6,1.0,,,45.0,,,,,,,,,,,,,,,,,,,,,
ham_nq23_ionq_aria-1_CPU_transpile_itrs0_opt0_20260422T011804Z.json,ham,23,ionq,aria-1,CPU,transpile,0,0.0,2026-04-22T01:18:04.757185Z,1,1,1,frontier,gen006,70,46,23.0,23,158,44,113,45,70,1,0,,23,44.0,46.0,0.0,187.0,23.0,516.0,44.0,0.0,1.0,2.0,1.9130434782608696,,23.0,,,ionq_simulator_offline(aria-1),simulator,True,,,,0.012078220024704933,2.6714285714285713,1.0,,,45.0,,,,,,,,,,,,,,,,,,358.0,44.0,91.0,
ham_nq23_ionq_aria-1_CPU_transpile_itrs0_opt1_20260422T011804Z.json,ham,23,ionq,aria-1,CPU,transpile,0,1.0,2026-04-22T01:18:04.781758Z,1,1,1,frontier,gen006,70,46,23.0,23,158,44,113,45,70,1,0,,23,44.0,46.0,1.0,187.0,23.0,516.0,44.0,0.0,1.0,2.0,1.9130434782608696,,23.0,,,ionq_simulator_offline(aria-1),simulator,True,,,,0.017734111985191703,2.6714285714285713,1.0,,,45.0,,,,,,,,,,,,,,,,,,358.0,44.0,91.0,
ham_nq23_ionq_aria-1_CPU_transpile_itrs0_opt2_20260422T011804Z.json,ham,23,ionq,aria-1,CPU,transpile,0,2.0,2026-04-22T01:18:04.814511Z,1,1,1,frontier,gen006,70,46,23.0,23,158,44,113,45,70,1,0,,23,44.0,46.0,2.0,200.0,23.0,397.0,22.0,0.0,1.0,2.0,1.9130434782608696,,23.0,,,ionq_simulator_offline(aria-1),simulator,True,,,,0.026488971896469593,2.857142857142857,0.5,,,45.0,,,,,,,,,,,,,,,,,,264.0,22.0,88.0,
ham_nq23_ionq_aria-1_CPU_transpile_itrs0_opt3_20260422T011804Z.json,ham,23,ionq,aria-1,CPU,transpile,0,3.0,2026-04-22T01:18:04.861486Z,1,1,1,frontier,gen006,70,46,23.0,23,158,44,113,45,70,1,0,,23,44.0,46.0,3.0,200.0,23.0,397.0,22.0,0.0,1.0,2.0,1.9130434782608696,,23.0,,,ionq_simulator_offline(aria-1),simulator,True,,,,0.04058510484173894,2.857142857142857,0.5,,,45.0,,,,,,,,,,,,,,,,,,264.0,22.0,88.0,
ham_nq23_ionq_aria-2_CPU_transpile_itrs0_opt0_20260422T011804Z.json,ham,23,ionq,aria-2,CPU,transpile,0,0.0,2026-04-22T01:18:04.878000Z,1,1,1,frontier,gen006,70,46,23.0,23,158,44,113,45,70,1,0,,23,44.0,46.0,0.0,187.0,23.0,516.0,44.0,0.0,1.0,2.0,1.9130434782608696,,23.0,,,ionq_simulator_offline(aria-2),simulator,True,,,,0.009402392897754908,2.6714285714285713,1.0,,,45.0,,,,,,,,,,,,,,,,,,358.0,44.0,91.0,
ham_nq23_ionq_aria-2_CPU_transpile_itrs0_opt1_20260422T011804Z.json,ham,23,ionq,aria-2,CPU,transpile,0,1.0,2026-04-22T01:18:04.902322Z,1,1,1,frontier,gen006,70,46,23.0,23,158,44,113,45,70,1,0,,23,44.0,46.0,1.0,187.0,23.0,516.0,44.0,0.0,1.0,2.0,1.9130434782608696,,23.0,,,ionq_simulator_offline(aria-2),simulator,True,,,,0.017766816075891256,2.6714285714285713,1.0,,,45.0,,,,,,,,,,,,,,,,,,358.0,44.0,91.0,
ham_nq23_ionq_aria-2_CPU_transpile_itrs0_opt2_20260422T011804Z.json,ham,23,ionq,aria-2,CPU,transpile,0,2.0,2026-04-22T01:18:04.934623Z,1,1,1,frontier,gen006,70,46,23.0,23,158,44,113,45,70,1,0,,23,44.0,46.0,2.0,200.0,23.0,397.0,22.0,0.0,1.0,2.0,1.9130434782608696,,23.0,,,ionq_simulator_offline(aria-2),simulator,True,,,,0.026092536048963666,2.857142857142857,0.5,,,45.0,,,,,,,,,,,,,,,,,,264.0,22.0,88.0,
ham_nq23_ionq_aria-2_CPU_transpile_itrs0_opt3_20260422T011804Z.json,ham,23,ionq,aria-2,CPU,transpile,0,3.0,2026-04-22T01:18:04.981291Z,1,1,1,frontier,gen006,70,46,23.0,23,158,44,113,45,70,1,0,,23,44.0,46.0,3.0,200.0,23.0,397.0,22.0,0.0,1.0,2.0,1.9130434782608696,,23.0,,,ionq_simulator_offline(aria-2),simulator,True,,,,0.040119875920936465,2.857142857142857,0.5,,,45.0,,,,,,,,,,,,,,,,,,264.0,22.0,88.0,
ham_nq23_ionq_forte-1_CPU_transpile_itrs0_opt0_20260422T011804Z.json,ham,23,ionq,forte-1,CPU,transpile,0,0.0,2026-04-22T01:18:04.997596Z,1,1,1,frontier,gen006,70,46,23.0,23,158,44,113,45,70,1,0,,23,44.0,46.0,0.0,187.0,23.0,516.0,44.0,0.0,1.0,2.0,1.9130434782608696,,23.0,,,ionq_simulator_offline(forte-1),simulator,True,,,,0.009378516115248203,2.6714285714285713,1.0,,,45.0,,,,,,,,,,,,,,,,,,358.0,44.0,91.0,
ham_nq23_ionq_forte-1_CPU_transpile_itrs0_opt1_20260422T011805Z.json,ham,23,ionq,forte-1,CPU,transpile,0,1.0,2026-04-22T01:18:05.022000Z,1,1,1,frontier,gen006,70,46,23.0,23,158,44,113,45,70,1,0,,23,44.0,46.0,1.0,187.0,23.0,516.0,44.0,0.0,1.0,2.0,1.9130434782608696,,23.0,,,ionq_simulator_offline(forte-1),simulator,True,,,,0.017791112884879112,2.6714285714285713,1.0,,,45.0,,,,,,,,,,,,,,,,,,358.0,44.0,91.0,
ham_nq23_ionq_forte-1_CPU_transpile_itrs0_opt2_20260422T011805Z.json,ham,23,ionq,forte-1,CPU,transpile,0,2.0,2026-04-22T01:18:05.054372Z,1,1,1,frontier,gen006,70,46,23.0,23,158,44,113,45,70,1,0,,23,44.0,46.0,2.0,200.0,23.0,397.0,22.0,0.0,1.0,2.0,1.9130434782608696,,23.0,,,ionq_simulator_offline(forte-1),simulator,True,,,,0.026197618106380105,2.857142857142857,0.5,,,45.0,,,,,,,,,,,,,,,,,,264.0,22.0,88.0,
ham_nq23_ionq_forte-1_CPU_transpile_itrs0_opt3_20260422T011805Z.json,ham,23,ionq,forte-1,CPU,transpile,0,3.0,2026-04-22T01:18:05.100770Z,1,1,1,frontier,gen006,70,46,23.0,23,158,44,113,45,70,1,0,,23,44.0,46.0,3.0,200.0,23.0,397.0,22.0,0.0,1.0,2.0,1.9130434782608696,,23.0,,,ionq_simulator_offline(forte-1),simulator,True,,,,0.04003668506629765,2.857142857142857,0.5,,,45.0,,,,,,,,,,,,,,,,,,264.0,22.0,88.0,
ham_nq23_ionq_forte-enterprise-1_CPU_transpile_itrs0_opt0_20260422T011805Z.json,ham,23,ionq,forte-enterprise-1,CPU,transpile,0,0.0,2026-04-22T01:18:05.117043Z,1,1,1,frontier,gen006,70,46,23.0,23,158,44,113,45,70,1,0,,23,44.0,46.0,0.0,187.0,23.0,516.0,44.0,0.0,1.0,2.0,1.9130434782608696,,23.0,,,ionq_simulator_offline(forte-enterprise-1),simulator,True,,,,0.009460545144975185,2.6714285714285713,1.0,,,45.0,,,,,,,,,,,,,,,,,,358.0,44.0,91.0,
ham_nq23_ionq_forte-enterprise-1_CPU_transpile_itrs0_opt1_20260422T011805Z.json,ham,23,ionq,forte-enterprise-1,CPU,transpile,0,1.0,2026-04-22T01:18:05.141342Z,1,1,1,frontier,gen006,70,46,23.0,23,158,44,113,45,70,1,0,,23,44.0,46.0,1.0,187.0,23.0,516.0,44.0,0.0,1.0,2.0,1.9130434782608696,,23.0,,,ionq_simulator_offline(forte-enterprise-1),simulator,True,,,,0.017702532932162285,2.6714285714285713,1.0,,,45.0,,,,,,,,,,,,,,,,,,358.0,44.0,91.0,
ham_nq23_ionq_forte-enterprise-1_CPU_transpile_itrs0_opt2_20260422T011805Z.json,ham,23,ionq,forte-enterprise-1,CPU,transpile,0,2.0,2026-04-22T01:18:05.173800Z,1,1,1,frontier,gen006,70,46,23.0,23,158,44,113,45,70,1,0,,23,44.0,46.0,2.0,200.0,23.0,397.0,22.0,0.0,1.0,2.0,1.9130434782608696,,23.0,,,ionq_simulator_offline(forte-enterprise-1),simulator,True,,,,0.02621247712522745,2.857142857142857,0.5,,,45.0,,,,,,,,,,,,,,,,,,264.0,22.0,88.0,
ham_nq23_ionq_forte-enterprise-1_CPU_transpile_itrs0_opt3_20260422T011805Z.json,ham,23,ionq,forte-enterprise-1,CPU,transpile,0,3.0,2026-04-22T01:18:05.220536Z,1,1,1,frontier,gen006,70,46,23.0,23,158,44,113,45,70,1,0,,23,44.0,46.0,3.0,200.0,23.0,397.0,22.0,0.0,1.0,2.0,1.9130434782608696,,23.0,,,ionq_simulator_offline(forte-enterprise-1),simulator,True,,,,0.04012540704570711,2.857142857142857,0.5,,,45.0,,,,,,,,,,,,,,,,,,264.0,22.0,88.0,
ham_nq23_ionq_harmony_CPU_transpile_itrs0_opt0_20260422T011805Z.json,ham,23,ionq,harmony,CPU,transpile,0,0.0,2026-04-22T01:18:05.237114Z,1,1,1,frontier,gen006,70,46,23.0,23,158,44,113,45,70,1,0,,23,44.0,46.0,0.0,187.0,23.0,516.0,44.0,0.0,1.0,2.0,1.9130434782608696,,23.0,,,ionq_simulator_offline(harmony),simulator,True,,,,0.009411820909008384,2.6714285714285713,1.0,,,45.0,,,,,,,,,,,,,,,,,,358.0,44.0,91.0,
ham_nq23_ionq_harmony_CPU_transpile_itrs0_opt1_20260422T011805Z.json,ham,23,ionq,harmony,CPU,transpile,0,1.0,2026-04-22T01:18:05.262080Z,1,1,1,frontier,gen006,70,46,23.0,23,158,44,113,45,70,1,0,,23,44.0,46.0,1.0,187.0,23.0,516.0,44.0,0.0,1.0,2.0,1.9130434782608696,,23.0,,,ionq_simulator_offline(harmony),simulator,True,,,,0.017996028997004032,2.6714285714285713,1.0,,,45.0,,,,,,,,,,,,,,,,,,358.0,44.0,91.0,
ham_nq23_ionq_harmony_CPU_transpile_itrs0_opt2_20260422T011805Z.json,ham,23,ionq,harmony,CPU,transpile,0,2.0,2026-04-22T01:18:05.294261Z,1,1,1,frontier,gen006,70,46,23.0,23,158,44,113,45,70,1,0,,23,44.0,46.0,2.0,200.0,23.0,397.0,22.0,0.0,1.0,2.0,1.9130434782608696,,23.0,,,ionq_simulator_offline(harmony),simulator,True,,,,0.025953175965696573,2.857142857142857,0.5,,,45.0,,,,,,,,,,,,,,,,,,264.0,22.0,88.0,
ham_nq23_ionq_harmony_CPU_transpile_itrs0_opt3_20260422T011805Z.json,ham,23,ionq,harmony,CPU,transpile,0,3.0,2026-04-22T01:18:05.341160Z,1,1,1,frontier,gen006,70,46,23.0,23,158,44,113,45,70,1,0,,23,44.0,46.0,3.0,200.0,23.0,397.0,22.0,0.0,1.0,2.0,1.9130434782608696,,23.0,,,ionq_simulator_offline(harmony),simulator,True,,,,0.040138912154361606,2.857142857142857,0.5,,,45.0,,,,,,,,,,,,,,,,,,264.0,22.0,88.0,
ham_nq23_ionq_ideal_CPU_transpile_itrs0_opt0_20260422T011804Z.json,ham,23,ionq,ideal,CPU,transpile,0,0.0,2026-04-22T01:18:04.661684Z,1,1,1,frontier,gen006,70,46,23.0,23,158,44,113,45,70,1,0,,23,44.0,46.0,0.0,72.0,23.0,204.0,44.0,0.0,1.0,2.0,1.9130434782608696,,23.0,45.0,,ionq_simulator_offline(ideal),simulator,True,,,,0.6548205490689725,1.0285714285714285,1.0,44.0,,45.0,,,,,,,,,,,,,,,46.0,,,,,,46.0
ham_nq23_ionq_ideal_CPU_transpile_itrs0_opt1_20260422T011804Z.json,ham,23,ionq,ideal,CPU,transpile,0,1.0,2026-04-22T01:18:04.683813Z,1,1,1,frontier,gen006,70,46,23.0,23,158,44,113,45,70,1,0,,23,44.0,46.0,1.0,68.0,23.0,112.0,44.0,0.0,1.0,2.0,1.9130434782608696,,23.0,22.0,,ionq_simulator_offline(ideal),simulator,True,,,,0.016316018998622894,0.9714285714285714,1.0,44.0,,45.0,,,,,,,,,,,,,,,23.0,,,,,,
ham_nq23_ionq_ideal_CPU_transpile_itrs0_opt2_20260422T011804Z.json,ham,23,ionq,ideal,CPU,transpile,0,2.0,2026-04-22T01:18:04.713926Z,1,1,1,frontier,gen006,70,46,23.0,23,158,44,113,45,70,1,0,,23,44.0,46.0,2.0,70.0,23.0,157.0,22.0,0.0,1.0,2.0,1.9130434782608696,,23.0,67.0,,ionq_simulator_offline(ideal),simulator,True,,,,0.024131279904395342,1.0,0.5,22.0,,45.0,,,,,,,,,,,,,,,1.0,,,,,,44.0
ham_nq23_ionq_ideal_CPU_transpile_itrs0_opt3_20260422T011804Z.json,ham,23,ionq,ideal,CPU,transpile,0,3.0,2026-04-22T01:18:04.738253Z,1,1,1,frontier,gen006,70,46,23.0,23,158,44,113,45,70,1,0,,23,44.0,46.0,3.0,70.0,23.0,157.0,22.0,0.0,1.0,2.0,1.9130434782608696,,23.0,67.0,,ionq_simulator_offline(ideal),simulator,True,,,,0.018407825846225023,1.0,0.5,22.0,,45.0,,,,,,,,,,,,,,,1.0,,,,,,44.0
ham_nq4_ibmq_ibm_miami_CPU_sync_itrs1_20260317T191604Z.json,ham,4,ibmq,ibm_miami,CPU,sync,1,1.0,2026-03-17T19:16:04.952069Z,1,112,1,borg,gen008_borg,13,4,4.0,4,25,6,14,11,13,1,0,,4,6.0,8.0,1.0,30.0,120.0,42.0,6.0,0.0,117.0,2.0,0.05,6.0,4.0,21.0,11.0,ibm_miami,hardware,False,1.0,0.0,1.0,1.231467847013846,2.3076923076923075,1.0,,,7.0,,,,,,,,,,,,,,,,,,,,,
ham_nq4_ibmq_ibm_torino_CPU_sync_itrs1_20260317T180900Z.json,ham,4,ibmq,ibm_torino,CPU,sync,1,1.0,2026-03-17T18:09:00.436098Z,1,112,1,borg,gen008_borg,13,4,4.0,4,25,6,14,11,13,1,0,,4,6.0,8.0,1.0,30.0,133.0,42.0,6.0,0.0,130.0,2.0,0.045112781954887216,6.0,4.0,21.0,11.0,ibm_torino,hardware,False,1.0,0.0,1.0,1.2242426970042288,2.3076923076923075,1.0,,,7.0,,,,,,,,,,,,,,,,,,,,,
ham_nq4_ionq_aria-1_CPU_transpile_itrs0_opt0_20260422T011801Z.json,ham,4,ionq,aria-1,CPU,transpile,0,0.0,2026-04-22T01:18:01.977049Z,1,1,1,frontier,gen006,13,8,4.0,4,25,6,18,7,13,1,0,,4,6.0,8.0,0.0,35.0,4.0,79.0,6.0,0.0,1.0,2.0,1.5,,4.0,,,ionq_simulator_offline(aria-1),simulator,True,,,,0.008011040001292713,2.6923076923076925,1.0,,,7.0,,,,,,,,,,,,,,,,,,54.0,6.0,15.0,
ham_nq4_ionq_aria-1_CPU_transpile_itrs0_opt1_20260422T011801Z.json,ham,4,ionq,aria-1,CPU,transpile,0,1.0,2026-04-22T01:18:01.989311Z,1,1,1,frontier,gen006,13,8,4.0,4,25,6,18,7,13,1,0,,4,6.0,8.0,1.0,35.0,4.0,79.0,6.0,0.0,1.0,2.0,1.5,,4.0,,,ionq_simulator_offline(aria-1),simulator,True,,,,0.009858517005341128,2.6923076923076925,1.0,,,7.0,,,,,,,,,,,,,,,,,,54.0,6.0,15.0,
ham_nq4_ionq_aria-1_CPU_transpile_itrs0_opt2_20260422T011802Z.json,ham,4,ionq,aria-1,CPU,transpile,0,2.0,2026-04-22T01:18:02.004380Z,1,1,1,frontier,gen006,13,8,4.0,4,25,6,18,7,13,1,0,,4,6.0,8.0,2.0,29.0,4.0,55.0,3.0,0.0,1.0,2.0,1.5,,4.0,,,ionq_simulator_offline(aria-1),simulator,True,,,,0.01265484000032302,2.230769230769231,0.5,,,7.0,,,,,,,,,,,,,,,,,,36.0,3.0,12.0,
ham_nq4_ionq_aria-1_CPU_transpile_itrs0_opt3_20260422T011802Z.json,ham,4,ionq,aria-1,CPU,transpile,0,3.0,2026-04-22T01:18:02.021585Z,1,1,1,frontier,gen006,13,8,4.0,4,25,6,18,7,13,1,0,,4,6.0,8.0,3.0,29.0,4.0,55.0,3.0,0.0,1.0,2.0,1.5,,4.0,,,ionq_simulator_offline(aria-1),simulator,True,,,,0.014597030996810645,2.230769230769231,0.5,,,7.0,,,,,,,,,,,,,,,,,,36.0,3.0,12.0,
ham_nq4_ionq_aria-2_CPU_transpile_itrs0_opt0_20260422T011802Z.json,ham,4,ionq,aria-2,CPU,transpile,0,0.0,2026-04-22T01:18:02.029643Z,1,1,1,frontier,gen006,13,8,4.0,4,25,6,18,7,13,1,0,,4,6.0,8.0,0.0,35.0,4.0,79.0,6.0,0.0,1.0,2.0,1.5,,4.0,,,ionq_simulator_offline(aria-2),simulator,True,,,,0.005356830995879136,2.6923076923076925,1.0,,,7.0,,,,,,,,,,,,,,,,,,54.0,6.0,15.0,
ham_nq4_ionq_aria-2_CPU_transpile_itrs0_opt1_20260422T011802Z.json,ham,4,ionq,aria-2,CPU,transpile,0,1.0,2026-04-22T01:18:02.041863Z,1,1,1,frontier,gen006,13,8,4.0,4,25,6,18,7,13,1,0,,4,6.0,8.0,1.0,35.0,4.0,79.0,6.0,0.0,1.0,2.0,1.5,,4.0,,,ionq_simulator_offline(aria-2),simulator,True,,,,0.009717793989693746,2.6923076923076925,1.0,,,7.0,,,,,,,,,,,,,,,,,,54.0,6.0,15.0,
ham_nq4_ionq_aria-2_CPU_transpile_itrs0_opt2_20260422T011802Z.json,ham,4,ionq,aria-2,CPU,transpile,0,2.0,2026-04-22T01:18:02.056387Z,1,1,1,frontier,gen006,13,8,4.0,4,25,6,18,7,13,1,0,,4,6.0,8.0,2.0,29.0,4.0,55.0,3.0,0.0,1.0,2.0,1.5,,4.0,,,ionq_simulator_offline(aria-2),simulator,True,,,,0.012083704001270235,2.230769230769231,0.5,,,7.0,,,,,,,,,,,,,,,,,,36.0,3.0,12.0,
ham_nq4_ionq_aria-2_CPU_transpile_itrs0_opt3_20260422T011802Z.json,ham,4,ionq,aria-2,CPU,transpile,0,3.0,2026-04-22T01:18:02.073235Z,1,1,1,frontier,gen006,13,8,4.0,4,25,6,18,7,13,1,0,,4,6.0,8.0,3.0,29.0,4.0,55.0,3.0,0.0,1.0,2.0,1.5,,4.0,,,ionq_simulator_offline(aria-2),simulator,True,,,,0.014270077997935005,2.230769230769231,0.5,,,7.0,,,,,,,,,,,,,,,,,,36.0,3.0,12.0,
ham_nq4_ionq_forte-1_CPU_transpile_itrs0_opt0_20260422T011802Z.json,ham,4,ionq,forte-1,CPU,transpile,0,0.0,2026-04-22T01:18:02.081284Z,1,1,1,frontier,gen006,13,8,4.0,4,25,6,18,7,13,1,0,,4,6.0,8.0,0.0,35.0,4.0,79.0,6.0,0.0,1.0,2.0,1.5,,4.0,,,ionq_simulator_offline(forte-1),simulator,True,,,,0.005359957009204663,2.6923076923076925,1.0,,,7.0,,,,,,,,,,,,,,,,,,54.0,6.0,15.0,
ham_nq4_ionq_forte-1_CPU_transpile_itrs0_opt1_20260422T011802Z.json,ham,4,ionq,forte-1,CPU,transpile,0,1.0,2026-04-22T01:18:02.093506Z,1,1,1,frontier,gen006,13,8,4.0,4,25,6,18,7,13,1,0,,4,6.0,8.0,1.0,35.0,4.0,79.0,6.0,0.0,1.0,2.0,1.5,,4.0,,,ionq_simulator_offline(forte-1),simulator,True,,,,0.00967461099207867,2.6923076923076925,1.0,,,7.0,,,,,,,,,,,,,,,,,,54.0,6.0,15.0,
ham_nq4_ionq_forte-1_CPU_transpile_itrs0_opt2_20260422T011802Z.json,ham,4,ionq,forte-1,CPU,transpile,0,2.0,2026-04-22T01:18:02.107984Z,1,1,1,frontier,gen006,13,8,4.0,4,25,6,18,7,13,1,0,,4,6.0,8.0,2.0,29.0,4.0,55.0,3.0,0.0,1.0,2.0,1.5,,4.0,,,ionq_simulator_offline(forte-1),simulator,True,,,,0.012037043998134322,2.230769230769231,0.5,,,7.0,,,,,,,,,,,,,,,,,,36.0,3.0,12.0,
ham_nq4_ionq_forte-1_CPU_transpile_itrs0_opt3_20260422T011802Z.json,ham,4,ionq,forte-1,CPU,transpile,0,3.0,2026-04-22T01:18:02.125163Z,1,1,1,frontier,gen006,13,8,4.0,4,25,6,18,7,13,1,0,,4,6.0,8.0,3.0,29.0,4.0,55.0,3.0,0.0,1.0,2.0,1.5,,4.0,,,ionq_simulator_offline(forte-1),simulator,True,,,,0.014297850997536443,2.230769230769231,0.5,,,7.0,,,,,,,,,,,,,,,,,,36.0,3.0,12.0,
ham_nq4_ionq_forte-enterprise-1_CPU_transpile_itrs0_opt0_20260422T011802Z.json,ham,4,ionq,forte-enterprise-1,CPU,transpile,0,0.0,2026-04-22T01:18:02.133108Z,1,1,1,frontier,gen006,13,8,4.0,4,25,6,18,7,13,1,0,,4,6.0,8.0,0.0,35.0,4.0,79.0,6.0,0.0,1.0,2.0,1.5,,4.0,,,ionq_simulator_offline(forte-enterprise-1),simulator,True,,,,0.0052995910082245246,2.6923076923076925,1.0,,,7.0,,,,,,,,,,,,,,,,,,54.0,6.0,15.0,
ham_nq4_ionq_forte-enterprise-1_CPU_transpile_itrs0_opt1_20260422T011802Z.json,ham,4,ionq,forte-enterprise-1,CPU,transpile,0,1.0,2026-04-22T01:18:02.145223Z,1,1,1,frontier,gen006,13,8,4.0,4,25,6,18,7,13,1,0,,4,6.0,8.0,1.0,35.0,4.0,79.0,6.0,0.0,1.0,2.0,1.5,,4.0,,,ionq_simulator_offline(forte-enterprise-1),simulator,True,,,,0.009635244001401588,2.6923076923076925,1.0,,,7.0,,,,,,,,,,,,,,,,,,54.0,6.0,15.0,
ham_nq4_ionq_forte-enterprise-1_CPU_transpile_itrs0_opt2_20260422T011802Z.json,ham,4,ionq,forte-enterprise-1,CPU,transpile,0,2.0,2026-04-22T01:18:02.159706Z,1,1,1,frontier,gen006,13,8,4.0,4,25,6,18,7,13,1,0,,4,6.0,8.0,2.0,29.0,4.0,55.0,3.0,0.0,1.0,2.0,1.5,,4.0,,,ionq_simulator_offline(forte-enterprise-1),simulator,True,,,,0.012018548004562035,2.230769230769231,0.5,,,7.0,,,,,,,,,,,,,,,,,,36.0,3.0,12.0,
ham_nq4_ionq_forte-enterprise-1_CPU_transpile_itrs0_opt3_20260422T011802Z.json,ham,4,ionq,forte-enterprise-1,CPU,transpile,0,3.0,2026-04-22T01:18:02.176467Z,1,1,1,frontier,gen006,13,8,4.0,4,25,6,18,7,13,1,0,,4,6.0,8.0,3.0,29.0,4.0,55.0,3.0,0.0,1.0,2.0,1.5,,4.0,,,ionq_simulator_offline(forte-enterprise-1),simulator,True,,,,0.014232002999051474,2.230769230769231,0.5,,,7.0,,,,,,,,,,,,,,,,,,36.0,3.0,12.0,
ham_nq4_ionq_harmony_CPU_transpile_itrs0_opt0_20260422T011802Z.json,ham,4,ionq,harmony,CPU,transpile,0,0.0,2026-04-22T01:18:02.184531Z,1,1,1,frontier,gen006,13,8,4.0,4,25,6,18,7,13,1,0,,4,6.0,8.0,0.0,35.0,4.0,79.0,6.0,0.0,1.0,2.0,1.5,,4.0,,,ionq_simulator_offline(harmony),simulator,True,,,,0.005326122001861222,2.6923076923076925,1.0,,,7.0,,,,,,,,,,,,,,,,,,54.0,6.0,15.0,
ham_nq4_ionq_harmony_CPU_transpile_itrs0_opt1_20260422T011802Z.json,ham,4,ionq,harmony,CPU,transpile,0,1.0,2026-04-22T01:18:02.196582Z,1,1,1,frontier,gen006,13,8,4.0,4,25,6,18,7,13,1,0,,4,6.0,8.0,1.0,35.0,4.0,79.0,6.0,0.0,1.0,2.0,1.5,,4.0,,,ionq_simulator_offline(harmony),simulator,True,,,,0.00959977600723505,2.6923076923076925,1.0,,,7.0,,,,,,,,,,,,,,,,,,54.0,6.0,15.0,
ham_nq4_ionq_harmony_CPU_transpile_itrs0_opt2_20260422T011802Z.json,ham,4,ionq,harmony,CPU,transpile,0,2.0,2026-04-22T01:18:02.211094Z,1,1,1,frontier,gen006,13,8,4.0,4,25,6,18,7,13,1,0,,4,6.0,8.0,2.0,29.0,4.0,55.0,3.0,0.0,1.0,2.0,1.5,,4.0,,,ionq_simulator_offline(harmony),simulator,True,,,,0.012057043000822887,2.230769230769231,0.5,,,7.0,,,,,,,,,,,,,,,,,,36.0,3.0,12.0,
ham_nq4_ionq_harmony_CPU_transpile_itrs0_opt3_20260422T011802Z.json,ham,4,ionq,harmony,CPU,transpile,0,3.0,2026-04-22T01:18:02.228054Z,1,1,1,frontier,gen006,13,8,4.0,4,25,6,18,7,13,1,0,,4,6.0,8.0,3.0,29.0,4.0,55.0,3.0,0.0,1.0,2.0,1.5,,4.0,,,ionq_simulator_offline(harmony),simulator,True,,,,0.014383325993549079,2.230769230769231,0.5,,,7.0,,,,,,,,,,,,,,,,,,36.0,3.0,12.0,
ham_nq4_ionq_ideal_CPU_transpile_itrs0_opt0_20260422T011801Z.json,ham,4,ionq,ideal,CPU,transpile,0,0.0,2026-04-22T01:18:01.914701Z,1,1,1,frontier,gen006,13,8,4.0,4,25,6,18,7,13,1,0,,4,6.0,8.0,0.0,15.0,4.0,33.0,6.0,0.0,1.0,2.0,1.5,,4.0,7.0,,ionq_simulator_offline(ideal),simulator,True,,,,0.6645782409905223,1.1538461538461537,1.0,6.0,,7.0,,,,,,,,,,,,,,,8.0,,,,,,8.0
ham_nq4_ionq_ideal_CPU_transpile_itrs0_opt1_20260422T011801Z.json,ham,4,ionq,ideal,CPU,transpile,0,1.0,2026-04-22T01:18:01.928771Z,1,1,1,frontier,gen006,13,8,4.0,4,25,6,18,7,13,1,0,,4,6.0,8.0,1.0,11.0,4.0,17.0,6.0,0.0,1.0,2.0,1.5,,4.0,3.0,,ionq_simulator_offline(ideal),simulator,True,,,,0.011387355989427306,0.8461538461538461,1.0,6.0,,7.0,,,,,,,,,,,,,,,4.0,,,,,,
ham_nq4_ionq_ideal_CPU_transpile_itrs0_opt2_20260422T011801Z.json,ham,4,ionq,ideal,CPU,transpile,0,2.0,2026-04-22T01:18:01.952205Z,1,1,1,frontier,gen006,13,8,4.0,4,25,6,18,7,13,1,0,,4,6.0,8.0,2.0,13.0,4.0,24.0,3.0,0.0,1.0,2.0,1.5,,4.0,10.0,,ionq_simulator_offline(ideal),simulator,True,,,,0.021043831991846673,1.0,0.5,3.0,,7.0,,,,,,,,,,,,,,,1.0,,,,,,6.0
ham_nq4_ionq_ideal_CPU_transpile_itrs0_opt3_20260422T011801Z.json,ham,4,ionq,ideal,CPU,transpile,0,3.0,2026-04-22T01:18:01.966074Z,1,1,1,frontier,gen006,13,8,4.0,4,25,6,18,7,13,1,0,,4,6.0,8.0,3.0,13.0,4.0,24.0,3.0,0.0,1.0,2.0,1.5,,4.0,10.0,,ionq_simulator_offline(ideal),simulator,True,,,,0.011282141989795491,1.0,0.5,3.0,,7.0,,,,,,,,,,,,,,,1.0,,,,,,6.0
ham_nq8_ibmq_ibm_miami_CPU_sync_itrs1_20260317T192359Z.json,ham,8,ibmq,ibm_miami,CPU,sync,1,1.0,2026-03-17T19:23:59.628209Z,1,112,1,borg,gen008_borg,25,8,8.0,8,53,14,30,23,25,1,0,,8,14.0,16.0,1.0,62.0,120.0,90.0,14.0,0.0,113.0,2.0,0.11666666666666667,14.0,8.0,45.0,23.0,ibm_miami,hardware,False,1.0,0.0,1.0,1.157010892406106,2.48,1.0,,,15.0,,,,,,,,,,,,,,,,,,,,,
ham_nq8_ibmq_ibm_torino_CPU_sync_itrs1_20260317T192359Z.json,ham,8,ibmq,ibm_torino,CPU,sync,1,1.0,2026-03-17T19:23:59.660871Z,1,112,1,borg,gen008_borg,25,8,8.0,8,53,14,30,23,25,1,0,,8,14.0,16.0,1.0,62.0,133.0,90.0,14.0,0.0,126.0,2.0,0.10526315789473684,14.0,8.0,45.0,23.0,ibm_torino,hardware,False,1.0,0.0,1.0,1.2058950713835657,2.48,1.0,,,15.0,,,,,,,,,,,,,,,,,,,,,
ham_nq8_ionq_aria-1_CPU_transpile_itrs0_opt0_20260422T011802Z.json,ham,8,ionq,aria-1,CPU,transpile,0,0.0,2026-04-22T01:18:02.236938Z,1,1,1,frontier,gen006,25,16,8.0,8,53,14,38,15,25,1,0,,8,14.0,16.0,0.0,67.0,8.0,171.0,14.0,0.0,1.0,2.0,1.75,,8.0,,,ionq_simulator_offline(aria-1),simulator,True,,,,0.00881121912971139,2.68,1.0,,,15.0,,,,,,,,,,,,,,,,,,118.0,14.0,31.0,
ham_nq8_ionq_aria-1_CPU_transpile_itrs0_opt1_20260422T011802Z.json,ham,8,ionq,aria-1,CPU,transpile,0,1.0,2026-04-22T01:18:02.251891Z,1,1,1,frontier,gen006,25,16,8.0,8,53,14,38,15,25,1,0,,8,14.0,16.0,1.0,67.0,8.0,171.0,14.0,0.0,1.0,2.0,1.75,,8.0,,,ionq_simulator_offline(aria-1),simulator,True,,,,0.011338728945702314,2.68,1.0,,,15.0,,,,,,,,,,,,,,,,,,118.0,14.0,31.0,
ham_nq8_ionq_aria-1_CPU_transpile_itrs0_opt2_20260422T011802Z.json,ham,8,ionq,aria-1,CPU,transpile,0,2.0,2026-04-22T01:18:02.270552Z,1,1,1,frontier,gen006,25,16,8.0,8,53,14,38,15,25,1,0,,8,14.0,16.0,2.0,65.0,8.0,127.0,7.0,0.0,1.0,2.0,1.75,,8.0,,,ionq_simulator_offline(aria-1),simulator,True,,,,0.01520459889434278,2.6,0.5,,,15.0,,,,,,,,,,,,,,,,,,84.0,7.0,28.0,
ham_nq8_ionq_aria-1_CPU_transpile_itrs0_opt3_20260422T011802Z.json,ham,8,ionq,aria-1,CPU,transpile,0,3.0,2026-04-22T01:18:02.293972Z,1,1,1,frontier,gen006,25,16,8.0,8,53,14,38,15,25,1,0,,8,14.0,16.0,3.0,65.0,8.0,127.0,7.0,0.0,1.0,2.0,1.75,,8.0,,,ionq_simulator_offline(aria-1),simulator,True,,,,0.01970578799955547,2.6,0.5,,,15.0,,,,,,,,,,,,,,,,,,84.0,7.0,28.0,
ham_nq8_ionq_aria-2_CPU_transpile_itrs0_opt0_20260422T011802Z.json,ham,8,ionq,aria-2,CPU,transpile,0,0.0,2026-04-22T01:18:02.304208Z,1,1,1,frontier,gen006,25,16,8.0,8,53,14,38,15,25,1,0,,8,14.0,16.0,0.0,67.0,8.0,171.0,14.0,0.0,1.0,2.0,1.75,,8.0,,,ionq_simulator_offline(aria-2),simulator,True,,,,0.006187913008034229,2.68,1.0,,,15.0,,,,,,,,,,,,,,,,,,118.0,14.0,31.0,
ham_nq8_ionq_aria-2_CPU_transpile_itrs0_opt1_20260422T011802Z.json,ham,8,ionq,aria-2,CPU,transpile,0,1.0,2026-04-22T01:18:02.318894Z,1,1,1,frontier,gen006,25,16,8.0,8,53,14,38,15,25,1,0,,8,14.0,16.0,1.0,67.0,8.0,171.0,14.0,0.0,1.0,2.0,1.75,,8.0,,,ionq_simulator_offline(aria-2),simulator,True,,,,0.011144364019855857,2.68,1.0,,,15.0,,,,,,,,,,,,,,,,,,118.0,14.0,31.0,
ham_nq8_ionq_aria-2_CPU_transpile_itrs0_opt2_20260422T011802Z.json,ham,8,ionq,aria-2,CPU,transpile,0,2.0,2026-04-22T01:18:02.336925Z,1,1,1,frontier,gen006,25,16,8.0,8,53,14,38,15,25,1,0,,8,14.0,16.0,2.0,65.0,8.0,127.0,7.0,0.0,1.0,2.0,1.75,,8.0,,,ionq_simulator_offline(aria-2),simulator,True,,,,0.014575261855497956,2.6,0.5,,,15.0,,,,,,,,,,,,,,,,,,84.0,7.0,28.0,
ham_nq8_ionq_aria-2_CPU_transpile_itrs0_opt3_20260422T011802Z.json,ham,8,ionq,aria-2,CPU,transpile,0,3.0,2026-04-22T01:18:02.360025Z,1,1,1,frontier,gen006,25,16,8.0,8,53,14,38,15,25,1,0,,8,14.0,16.0,3.0,65.0,8.0,127.0,7.0,0.0,1.0,2.0,1.75,,8.0,,,ionq_simulator_offline(aria-2),simulator,True,,,,0.019496263936161995,2.6,0.5,,,15.0,,,,,,,,,,,,,,,,,,84.0,7.0,28.0,
ham_nq8_ionq_forte-1_CPU_transpile_itrs0_opt0_20260422T011802Z.json,ham,8,ionq,forte-1,CPU,transpile,0,0.0,2026-04-22T01:18:02.369886Z,1,1,1,frontier,gen006,25,16,8.0,8,53,14,38,15,25,1,0,,8,14.0,16.0,0.0,67.0,8.0,171.0,14.0,0.0,1.0,2.0,1.75,,8.0,,,ionq_simulator_offline(forte-1),simulator,True,,,,0.006157574011012912,2.68,1.0,,,15.0,,,,,,,,,,,,,,,,,,118.0,14.0,31.0,
ham_nq8_ionq_forte-1_CPU_transpile_itrs0_opt1_20260422T011802Z.json,ham,8,ionq,forte-1,CPU,transpile,0,1.0,2026-04-22T01:18:02.384726Z,1,1,1,frontier,gen006,25,16,8.0,8,53,14,38,15,25,1,0,,8,14.0,16.0,1.0,67.0,8.0,171.0,14.0,0.0,1.0,2.0,1.75,,8.0,,,ionq_simulator_offline(forte-1),simulator,True,,,,0.011159972986206412,2.68,1.0,,,15.0,,,,,,,,,,,,,,,,,,118.0,14.0,31.0,
ham_nq8_ionq_forte-1_CPU_transpile_itrs0_opt2_20260422T011802Z.json,ham,8,ionq,forte-1,CPU,transpile,0,2.0,2026-04-22T01:18:02.402595Z,1,1,1,frontier,gen006,25,16,8.0,8,53,14,38,15,25,1,0,,8,14.0,16.0,2.0,65.0,8.0,127.0,7.0,0.0,1.0,2.0,1.75,,8.0,,,ionq_simulator_offline(forte-1),simulator,True,,,,0.014538230141624808,2.6,0.5,,,15.0,,,,,,,,,,,,,,,,,,84.0,7.0,28.0,
ham_nq8_ionq_forte-1_CPU_transpile_itrs0_opt3_20260422T011802Z.json,ham,8,ionq,forte-1,CPU,transpile,0,3.0,2026-04-22T01:18:02.425550Z,1,1,1,frontier,gen006,25,16,8.0,8,53,14,38,15,25,1,0,,8,14.0,16.0,3.0,65.0,8.0,127.0,7.0,0.0,1.0,2.0,1.75,,8.0,,,ionq_simulator_offline(forte-1),simulator,True,,,,0.01934776594862342,2.6,0.5,,,15.0,,,,,,,,,,,,,,,,,,84.0,7.0,28.0,
ham_nq8_ionq_forte-enterprise-1_CPU_transpile_itrs0_opt0_20260422T011802Z.json,ham,8,ionq,forte-enterprise-1,CPU,transpile,0,0.0,2026-04-22T01:18:02.435701Z,1,1,1,frontier,gen006,25,16,8.0,8,53,14,38,15,25,1,0,,8,14.0,16.0,0.0,67.0,8.0,171.0,14.0,0.0,1.0,2.0,1.75,,8.0,,,ionq_simulator_offline(forte-enterprise-1),simulator,True,,,,0.00636371411383152,2.68,1.0,,,15.0,,,,,,,,,,,,,,,,,,118.0,14.0,31.0,
ham_nq8_ionq_forte-enterprise-1_CPU_transpile_itrs0_opt1_20260422T011802Z.json,ham,8,ionq,forte-enterprise-1,CPU,transpile,0,1.0,2026-04-22T01:18:02.450374Z,1,1,1,frontier,gen006,25,16,8.0,8,53,14,38,15,25,1,0,,8,14.0,16.0,1.0,67.0,8.0,171.0,14.0,0.0,1.0,2.0,1.75,,8.0,,,ionq_simulator_offline(forte-enterprise-1),simulator,True,,,,0.011141638038679957,2.68,1.0,,,15.0,,,,,,,,,,,,,,,,,,118.0,14.0,31.0,
ham_nq8_ionq_forte-enterprise-1_CPU_transpile_itrs0_opt2_20260422T011802Z.json,ham,8,ionq,forte-enterprise-1,CPU,transpile,0,2.0,2026-04-22T01:18:02.468239Z,1,1,1,frontier,gen006,25,16,8.0,8,53,14,38,15,25,1,0,,8,14.0,16.0,2.0,65.0,8.0,127.0,7.0,0.0,1.0,2.0,1.75,,8.0,,,ionq_simulator_offline(forte-enterprise-1),simulator,True,,,,0.014571895124390721,2.6,0.5,,,15.0,,,,,,,,,,,,,,,,,,84.0,7.0,28.0,
ham_nq8_ionq_forte-enterprise-1_CPU_transpile_itrs0_opt3_20260422T011802Z.json,ham,8,ionq,forte-enterprise-1,CPU,transpile,0,3.0,2026-04-22T01:18:02.491280Z,1,1,1,frontier,gen006,25,16,8.0,8,53,14,38,15,25,1,0,,8,14.0,16.0,3.0,65.0,8.0,127.0,7.0,0.0,1.0,2.0,1.75,,8.0,,,ionq_simulator_offline(forte-enterprise-1),simulator,True,,,,0.01943931309506297,2.6,0.5,,,15.0,,,,,,,,,,,,,,,,,,84.0,7.0,28.0,
ham_nq8_ionq_harmony_CPU_transpile_itrs0_opt0_20260422T011802Z.json,ham,8,ionq,harmony,CPU,transpile,0,0.0,2026-04-22T01:18:02.501217Z,1,1,1,frontier,gen006,25,16,8.0,8,53,14,38,15,25,1,0,,8,14.0,16.0,0.0,67.0,8.0,171.0,14.0,0.0,1.0,2.0,1.75,,8.0,,,ionq_simulator_offline(harmony),simulator,True,,,,0.0061564629431813955,2.68,1.0,,,15.0,,,,,,,,,,,,,,,,,,118.0,14.0,31.0,
ham_nq8_ionq_harmony_CPU_transpile_itrs0_opt1_20260422T011802Z.json,ham,8,ionq,harmony,CPU,transpile,0,1.0,2026-04-22T01:18:02.515902Z,1,1,1,frontier,gen006,25,16,8.0,8,53,14,38,15,25,1,0,,8,14.0,16.0,1.0,67.0,8.0,171.0,14.0,0.0,1.0,2.0,1.75,,8.0,,,ionq_simulator_offline(harmony),simulator,True,,,,0.011117360787466168,2.68,1.0,,,15.0,,,,,,,,,,,,,,,,,,118.0,14.0,31.0,
ham_nq8_ionq_harmony_CPU_transpile_itrs0_opt2_20260422T011802Z.json,ham,8,ionq,harmony,CPU,transpile,0,2.0,2026-04-22T01:18:02.533929Z,1,1,1,frontier,gen006,25,16,8.0,8,53,14,38,15,25,1,0,,8,14.0,16.0,2.0,65.0,8.0,127.0,7.0,0.0,1.0,2.0,1.75,,8.0,,,ionq_simulator_offline(harmony),simulator,True,,,,0.014566995901986957,2.6,0.5,,,15.0,,,,,,,,,,,,,,,,,,84.0,7.0,28.0,
ham_nq8_ionq_harmony_CPU_transpile_itrs0_opt3_20260422T011802Z.json,ham,8,ionq,harmony,CPU,transpile,0,3.0,2026-04-22T01:18:02.556890Z,1,1,1,frontier,gen006,25,16,8.0,8,53,14,38,15,25,1,0,,8,14.0,16.0,3.0,65.0,8.0,127.0,7.0,0.0,1.0,2.0,1.75,,8.0,,,ionq_simulator_offline(harmony),simulator,True,,,,0.019447979982942343,2.6,0.5,,,15.0,,,,,,,,,,,,,,,,,,84.0,7.0,28.0,
ham_nq8_ionq_ideal_CPU_transpile_itrs0_opt0_20260422T011802Z.json,ham,8,ionq,ideal,CPU,transpile,0,0.0,2026-04-22T01:18:02.166449Z,1,1,1,frontier,gen006,25,16,8.0,8,53,14,38,15,25,1,0,,8,14.0,16.0,0.0,27.0,8.0,69.0,14.0,0.0,1.0,2.0,1.75,,8.0,15.0,,ionq_simulator_offline(ideal),simulator,True,,,,0.6625292031094432,1.08,1.0,14.0,,15.0,,,,,,,,,,,,,,,16.0,,,,,,16.0
ham_nq8_ionq_ideal_CPU_transpile_itrs0_opt1_20260422T011802Z.json,ham,8,ionq,ideal,CPU,transpile,0,1.0,2026-04-22T01:18:02.184421Z,1,1,1,frontier,gen006,25,16,8.0,8,53,14,38,15,25,1,0,,8,14.0,16.0,1.0,23.0,8.0,37.0,14.0,0.0,1.0,2.0,1.75,,8.0,7.0,,ionq_simulator_offline(ideal),simulator,True,,,,0.014341709902510047,0.92,1.0,14.0,,15.0,,,,,,,,,,,,,,,8.0,,,,,,
ham_nq8_ionq_ideal_CPU_transpile_itrs0_opt2_20260422T011802Z.json,ham,8,ionq,ideal,CPU,transpile,0,2.0,2026-04-22T01:18:02.208299Z,1,1,1,frontier,gen006,25,16,8.0,8,53,14,38,15,25,1,0,,8,14.0,16.0,2.0,25.0,8.0,52.0,7.0,0.0,1.0,2.0,1.75,,8.0,22.0,,ionq_simulator_offline(ideal),simulator,True,,,,0.02051816089078784,1.0,0.5,7.0,,15.0,,,,,,,,,,,,,,,1.0,,,,,,14.0
ham_nq8_ionq_ideal_CPU_transpile_itrs0_opt3_20260422T011802Z.json,ham,8,ionq,ideal,CPU,transpile,0,3.0,2026-04-22T01:18:02.224398Z,1,1,1,frontier,gen006,25,16,8.0,8,53,14,38,15,25,1,0,,8,14.0,16.0,3.0,25.0,8.0,52.0,7.0,0.0,1.0,2.0,1.75,,8.0,22.0,,ionq_simulator_offline(ideal),simulator,True,,,,0.01241418020799756,1.0,0.5,7.0,,15.0,,,,,,,,,,,,,,,1.0,,,,,,14.0
ham_nq9_ibmq_ibm_miami_CPU_sync_itrs1_20260317T193030Z.json,ham,9,ibmq,ibm_miami,CPU,sync,1,1.0,2026-03-17T19:30:30.462231Z,1,112,1,borg,gen008_borg,28,9,9.0,9,60,16,34,26,28,1,0,,9,16.0,18.0,1.0,70.0,120.0,102.0,16.0,0.0,112.0,2.0,0.13333333333333333,16.0,9.0,51.0,26.0,ibm_miami,hardware,False,1.0,0.0,1.0,1.269104682840407,2.5,1.0,,,17.0,,,,,,,,,,,,,,,,,,,,,
ham_nq9_ibmq_ibm_torino_CPU_sync_itrs1_20260317T192859Z.json,ham,9,ibmq,ibm_torino,CPU,sync,1,1.0,2026-03-17T19:28:59.494919Z,1,112,1,borg,gen008_borg,28,9,9.0,9,60,16,34,26,28,1,0,,9,16.0,18.0,1.0,70.0,133.0,102.0,16.0,0.0,125.0,2.0,0.12030075187969924,16.0,9.0,51.0,26.0,ibm_torino,hardware,False,1.0,0.0,1.0,1.2645911979489028,2.5,1.0,,,17.0,,,,,,,,,,,,,,,,,,,,,
ham_nq9_ionq_aria-1_CPU_transpile_itrs0_opt0_20260422T011801Z.json,ham,9,ionq,aria-1,CPU,transpile,0,0.0,2026-04-22T01:18:01.980988Z,1,1,1,frontier,gen006,28,18,9.0,9,60,16,43,17,28,1,0,,9,16.0,18.0,0.0,75.0,9.0,194.0,16.0,0.0,1.0,2.0,1.7777777777777777,,9.0,,,ionq_simulator_offline(aria-1),simulator,True,,,,0.00884866900742054,2.6785714285714284,1.0,,,17.0,,,,,,,,,,,,,,,,,,134.0,16.0,35.0,
ham_nq9_ionq_aria-1_CPU_transpile_itrs0_opt1_20260422T011801Z.json,ham,9,ionq,aria-1,CPU,transpile,0,1.0,2026-04-22T01:18:01.996599Z,1,1,1,frontier,gen006,28,18,9.0,9,60,16,43,17,28,1,0,,9,16.0,18.0,1.0,75.0,9.0,194.0,16.0,0.0,1.0,2.0,1.7777777777777777,,9.0,,,ionq_simulator_offline(aria-1),simulator,True,,,,0.011959514115005732,2.6785714285714284,1.0,,,17.0,,,,,,,,,,,,,,,,,,134.0,16.0,35.0,
ham_nq9_ionq_aria-1_CPU_transpile_itrs0_opt2_20260422T011802Z.json,ham,9,ionq,aria-1,CPU,transpile,0,2.0,2026-04-22T01:18:02.016982Z,1,1,1,frontier,gen006,28,18,9.0,9,60,16,43,17,28,1,0,,9,16.0,18.0,2.0,74.0,9.0,145.0,8.0,0.0,1.0,2.0,1.7777777777777777,,9.0,,,ionq_simulator_offline(aria-1),simulator,True,,,,0.016804212937131524,2.642857142857143,0.5,,,17.0,,,,,,,,,,,,,,,,,,96.0,8.0,32.0,
ham_nq9_ionq_aria-1_CPU_transpile_itrs0_opt3_20260422T011802Z.json,ham,9,ionq,aria-1,CPU,transpile,0,3.0,2026-04-22T01:18:02.042490Z,1,1,1,frontier,gen006,28,18,9.0,9,60,16,43,17,28,1,0,,9,16.0,18.0,3.0,74.0,9.0,145.0,8.0,0.0,1.0,2.0,1.7777777777777777,,9.0,,,ionq_simulator_offline(aria-1),simulator,True,,,,0.021586271934211254,2.642857142857143,0.5,,,17.0,,,,,,,,,,,,,,,,,,96.0,8.0,32.0,
ham_nq9_ionq_aria-2_CPU_transpile_itrs0_opt0_20260422T011802Z.json,ham,9,ionq,aria-2,CPU,transpile,0,0.0,2026-04-22T01:18:02.052997Z,1,1,1,frontier,gen006,28,18,9.0,9,60,16,43,17,28,1,0,,9,16.0,18.0,0.0,75.0,9.0,194.0,16.0,0.0,1.0,2.0,1.7777777777777777,,9.0,,,ionq_simulator_offline(aria-2),simulator,True,,,,0.006504700053483248,2.6785714285714284,1.0,,,17.0,,,,,,,,,,,,,,,,,,134.0,16.0,35.0,
ham_nq9_ionq_aria-2_CPU_transpile_itrs0_opt1_20260422T011802Z.json,ham,9,ionq,aria-2,CPU,transpile,0,1.0,2026-04-22T01:18:02.068484Z,1,1,1,frontier,gen006,28,18,9.0,9,60,16,43,17,28,1,0,,9,16.0,18.0,1.0,75.0,9.0,194.0,16.0,0.0,1.0,2.0,1.7777777777777777,,9.0,,,ionq_simulator_offline(aria-2),simulator,True,,,,0.01176605699583888,2.6785714285714284,1.0,,,17.0,,,,,,,,,,,,,,,,,,134.0,16.0,35.0,
ham_nq9_ionq_aria-2_CPU_transpile_itrs0_opt2_20260422T011802Z.json,ham,9,ionq,aria-2,CPU,transpile,0,2.0,2026-04-22T01:18:02.087912Z,1,1,1,frontier,gen006,28,18,9.0,9,60,16,43,17,28,1,0,,9,16.0,18.0,2.0,74.0,9.0,145.0,8.0,0.0,1.0,2.0,1.7777777777777777,,9.0,,,ionq_simulator_offline(aria-2),simulator,True,,,,0.015890631126239896,2.642857142857143,0.5,,,17.0,,,,,,,,,,,,,,,,,,96.0,8.0,32.0,
ham_nq9_ionq_aria-2_CPU_transpile_itrs0_opt3_20260422T011802Z.json,ham,9,ionq,aria-2,CPU,transpile,0,3.0,2026-04-22T01:18:02.112934Z,1,1,1,frontier,gen006,28,18,9.0,9,60,16,43,17,28,1,0,,9,16.0,18.0,3.0,74.0,9.0,145.0,8.0,0.0,1.0,2.0,1.7777777777777777,,9.0,,,ionq_simulator_offline(aria-2),simulator,True,,,,0.02133515407331288,2.642857142857143,0.5,,,17.0,,,,,,,,,,,,,,,,,,96.0,8.0,32.0,
ham_nq9_ionq_forte-1_CPU_transpile_itrs0_opt0_20260422T011802Z.json,ham,9,ionq,forte-1,CPU,transpile,0,0.0,2026-04-22T01:18:02.123550Z,1,1,1,frontier,gen006,28,18,9.0,9,60,16,43,17,28,1,0,,9,16.0,18.0,0.0,75.0,9.0,194.0,16.0,0.0,1.0,2.0,1.7777777777777777,,9.0,,,ionq_simulator_offline(forte-1),simulator,True,,,,0.006634693127125502,2.6785714285714284,1.0,,,17.0,,,,,,,,,,,,,,,,,,134.0,16.0,35.0,
ham_nq9_ionq_forte-1_CPU_transpile_itrs0_opt1_20260422T011802Z.json,ham,9,ionq,forte-1,CPU,transpile,0,1.0,2026-04-22T01:18:02.139139Z,1,1,1,frontier,gen006,28,18,9.0,9,60,16,43,17,28,1,0,,9,16.0,18.0,1.0,75.0,9.0,194.0,16.0,0.0,1.0,2.0,1.7777777777777777,,9.0,,,ionq_simulator_offline(forte-1),simulator,True,,,,0.011833437951281667,2.6785714285714284,1.0,,,17.0,,,,,,,,,,,,,,,,,,134.0,16.0,35.0,
ham_nq9_ionq_forte-1_CPU_transpile_itrs0_opt2_20260422T011802Z.json,ham,9,ionq,forte-1,CPU,transpile,0,2.0,2026-04-22T01:18:02.158420Z,1,1,1,frontier,gen006,28,18,9.0,9,60,16,43,17,28,1,0,,9,16.0,18.0,2.0,74.0,9.0,145.0,8.0,0.0,1.0,2.0,1.7777777777777777,,9.0,,,ionq_simulator_offline(forte-1),simulator,True,,,,0.015881102066487074,2.642857142857143,0.5,,,17.0,,,,,,,,,,,,,,,,,,96.0,8.0,32.0,
ham_nq9_ionq_forte-1_CPU_transpile_itrs0_opt3_20260422T011802Z.json,ham,9,ionq,forte-1,CPU,transpile,0,3.0,2026-04-22T01:18:02.183203Z,1,1,1,frontier,gen006,28,18,9.0,9,60,16,43,17,28,1,0,,9,16.0,18.0,3.0,74.0,9.0,145.0,8.0,0.0,1.0,2.0,1.7777777777777777,,9.0,,,ionq_simulator_offline(forte-1),simulator,True,,,,0.021079476922750473,2.642857142857143,0.5,,,17.0,,,,,,,,,,,,,,,,,,96.0,8.0,32.0,
ham_nq9_ionq_forte-enterprise-1_CPU_transpile_itrs0_opt0_20260422T011802Z.json,ham,9,ionq,forte-enterprise-1,CPU,transpile,0,0.0,2026-04-22T01:18:02.193775Z,1,1,1,frontier,gen006,28,18,9.0,9,60,16,43,17,28,1,0,,9,16.0,18.0,0.0,75.0,9.0,194.0,16.0,0.0,1.0,2.0,1.7777777777777777,,9.0,,,ionq_simulator_offline(forte-enterprise-1),simulator,True,,,,0.0066004260443151,2.6785714285714284,1.0,,,17.0,,,,,,,,,,,,,,,,,,134.0,16.0,35.0,
ham_nq9_ionq_forte-enterprise-1_CPU_transpile_itrs0_opt1_20260422T011802Z.json,ham,9,ionq,forte-enterprise-1,CPU,transpile,0,1.0,2026-04-22T01:18:02.209190Z,1,1,1,frontier,gen006,28,18,9.0,9,60,16,43,17,28,1,0,,9,16.0,18.0,1.0,75.0,9.0,194.0,16.0,0.0,1.0,2.0,1.7777777777777777,,9.0,,,ionq_simulator_offline(forte-enterprise-1),simulator,True,,,,0.011711633065715432,2.6785714285714284,1.0,,,17.0,,,,,,,,,,,,,,,,,,134.0,16.0,35.0,
ham_nq9_ionq_forte-enterprise-1_CPU_transpile_itrs0_opt2_20260422T011802Z.json,ham,9,ionq,forte-enterprise-1,CPU,transpile,0,2.0,2026-04-22T01:18:02.228392Z,1,1,1,frontier,gen006,28,18,9.0,9,60,16,43,17,28,1,0,,9,16.0,18.0,2.0,74.0,9.0,145.0,8.0,0.0,1.0,2.0,1.7777777777777777,,9.0,,,ionq_simulator_offline(forte-enterprise-1),simulator,True,,,,0.015567643102258444,2.642857142857143,0.5,,,17.0,,,,,,,,,,,,,,,,,,96.0,8.0,32.0,
ham_nq9_ionq_forte-enterprise-1_CPU_transpile_itrs0_opt3_20260422T011802Z.json,ham,9,ionq,forte-enterprise-1,CPU,transpile,0,3.0,2026-04-22T01:18:02.253404Z,1,1,1,frontier,gen006,28,18,9.0,9,60,16,43,17,28,1,0,,9,16.0,18.0,3.0,74.0,9.0,145.0,8.0,0.0,1.0,2.0,1.7777777777777777,,9.0,,,ionq_simulator_offline(forte-enterprise-1),simulator,True,,,,0.021372076123952866,2.642857142857143,0.5,,,17.0,,,,,,,,,,,,,,,,,,96.0,8.0,32.0,
ham_nq9_ionq_harmony_CPU_transpile_itrs0_opt0_20260422T011802Z.json,ham,9,ionq,harmony,CPU,transpile,0,0.0,2026-04-22T01:18:02.263777Z,1,1,1,frontier,gen006,28,18,9.0,9,60,16,43,17,28,1,0,,9,16.0,18.0,0.0,75.0,9.0,194.0,16.0,0.0,1.0,2.0,1.7777777777777777,,9.0,,,ionq_simulator_offline(harmony),simulator,True,,,,0.006500923074781895,2.6785714285714284,1.0,,,17.0,,,,,,,,,,,,,,,,,,134.0,16.0,35.0,
ham_nq9_ionq_harmony_CPU_transpile_itrs0_opt1_20260422T011802Z.json,ham,9,ionq,harmony,CPU,transpile,0,1.0,2026-04-22T01:18:02.279316Z,1,1,1,frontier,gen006,28,18,9.0,9,60,16,43,17,28,1,0,,9,16.0,18.0,1.0,75.0,9.0,194.0,16.0,0.0,1.0,2.0,1.7777777777777777,,9.0,,,ionq_simulator_offline(harmony),simulator,True,,,,0.0118250020314008,2.6785714285714284,1.0,,,17.0,,,,,,,,,,,,,,,,,,134.0,16.0,35.0,
ham_nq9_ionq_harmony_CPU_transpile_itrs0_opt2_20260422T011802Z.json,ham,9,ionq,harmony,CPU,transpile,0,2.0,2026-04-22T01:18:02.298643Z,1,1,1,frontier,gen006,28,18,9.0,9,60,16,43,17,28,1,0,,9,16.0,18.0,2.0,74.0,9.0,145.0,8.0,0.0,1.0,2.0,1.7777777777777777,,9.0,,,ionq_simulator_offline(harmony),simulator,True,,,,0.015766059048473835,2.642857142857143,0.5,,,17.0,,,,,,,,,,,,,,,,,,96.0,8.0,32.0,
ham_nq9_ionq_harmony_CPU_transpile_itrs0_opt3_20260422T011802Z.json,ham,9,ionq,harmony,CPU,transpile,0,3.0,2026-04-22T01:18:02.323813Z,1,1,1,frontier,gen006,28,18,9.0,9,60,16,43,17,28,1,0,,9,16.0,18.0,3.0,74.0,9.0,145.0,8.0,0.0,1.0,2.0,1.7777777777777777,,9.0,,,ionq_simulator_offline(harmony),simulator,True,,,,0.021378148114308715,2.642857142857143,0.5,,,17.0,,,,,,,,,,,,,,,,,,96.0,8.0,32.0,
ham_nq9_ionq_ideal_CPU_transpile_itrs0_opt0_20260422T011801Z.json,ham,9,ionq,ideal,CPU,transpile,0,0.0,2026-04-22T01:18:01.901978Z,1,1,1,frontier,gen006,28,18,9.0,9,60,16,43,17,28,1,0,,9,16.0,18.0,0.0,30.0,9.0,78.0,16.0,0.0,1.0,2.0,1.7777777777777777,,9.0,17.0,,ionq_simulator_offline(ideal),simulator,True,,,,0.6647632131353021,1.0714285714285714,1.0,16.0,,17.0,,,,,,,,,,,,,,,18.0,,,,,,18.0
ham_nq9_ionq_ideal_CPU_transpile_itrs0_opt1_20260422T011801Z.json,ham,9,ionq,ideal,CPU,transpile,0,1.0,2026-04-22T01:18:01.917767Z,1,1,1,frontier,gen006,28,18,9.0,9,60,16,43,17,28,1,0,,9,16.0,18.0,1.0,26.0,9.0,42.0,16.0,0.0,1.0,2.0,1.7777777777777777,,9.0,8.0,,ionq_simulator_offline(ideal),simulator,True,,,,0.01166728581301868,0.9285714285714286,1.0,16.0,,17.0,,,,,,,,,,,,,,,9.0,,,,,,
ham_nq9_ionq_ideal_CPU_transpile_itrs0_opt2_20260422T011801Z.json,ham,9,ionq,ideal,CPU,transpile,0,2.0,2026-04-22T01:18:01.950618Z,1,1,1,frontier,gen006,28,18,9.0,9,60,16,43,17,28,1,0,,9,16.0,18.0,2.0,28.0,9.0,59.0,8.0,0.0,1.0,2.0,1.7777777777777777,,9.0,25.0,,ionq_simulator_offline(ideal),simulator,True,,,,0.02930862409994006,1.0,0.5,8.0,,17.0,,,,,,,,,,,,,,,1.0,,,,,,16.0
ham_nq9_ionq_ideal_CPU_transpile_itrs0_opt3_20260422T011801Z.json,ham,9,ionq,ideal,CPU,transpile,0,3.0,2026-04-22T01:18:01.968084Z,1,1,1,frontier,gen006,28,18,9.0,9,60,16,43,17,28,1,0,,9,16.0,18.0,3.0,28.0,9.0,59.0,8.0,0.0,1.0,2.0,1.7777777777777777,,9.0,25.0,,ionq_simulator_offline(ideal),simulator,True,,,,0.01339295506477356,1.0,0.5,8.0,,17.0,,,,,,,,,,,,,,,1.0,,,,,,16.0
hhl_nq15_ionq_aria-1_CPU_transpile_itrs0_opt0_20260422T013706Z.json,hhl,15,ionq,aria-1,CPU,transpile,0,0.0,2026-04-22T01:37:06.802538Z,1,1,1,frontier,gen006,90955,30,15.0,15,91054,60728,167,90888,90955,1,0,,15,128.0,23.0,0.0,1882301.0,15.0,3141868.0,302192.0,0.0,1.0,14.0,14.0,,15.0,,,ionq_simulator_offline(aria-1),simulator,True,,,,31.17738555301912,20.694860095651695,4.97615597417995,,,,,,,,,,45184.0,30144.0,15416.0,9.0,128.0,7.0,1.0,1.0,,,,2296030.0,302192.0,543631.0,
hhl_nq15_ionq_aria-1_CPU_transpile_itrs0_opt0_20260422T022114Z.json,hhl,15,ionq,aria-1,CPU,transpile,0,0.0,2026-04-22T02:21:14.275466Z,1,1,1,frontier,gen006,90955,30,15.0,15,91054,60728,167,90888,90955,1,0,,15,128.0,23.0,0.0,1882301.0,15.0,3141868.0,302192.0,0.0,1.0,14.0,14.0,,15.0,,,ionq_simulator_offline(aria-1),simulator,True,,,,31.526074297027662,20.694860095651695,4.97615597417995,,,,,,,,,,45184.0,30144.0,15416.0,9.0,128.0,7.0,1.0,1.0,,,,2296030.0,302192.0,543631.0,
hhl_nq15_ionq_aria-1_CPU_transpile_itrs0_opt1_20260422T022241Z.json,hhl,15,ionq,aria-1,CPU,transpile,0,1.0,2026-04-22T02:22:41.405258Z,1,1,1,frontier,gen006,90955,30,15.0,15,91054,60728,167,90888,90955,1,0,,15,128.0,23.0,1.0,1882301.0,15.0,3141868.0,302192.0,0.0,1.0,14.0,14.0,,15.0,,,ionq_simulator_offline(aria-1),simulator,True,,,,63.049546014051884,20.694860095651695,4.97615597417995,,,,,,,,,,45184.0,30144.0,15416.0,9.0,128.0,7.0,1.0,1.0,,,,2296030.0,302192.0,543631.0,
hhl_nq15_ionq_aria-1_CPU_transpile_itrs0_opt2_20260422T023201Z.json,hhl,15,ionq,aria-1,CPU,transpile,0,2.0,2026-04-22T02:32:01.166276Z,1,1,1,frontier,gen006,90955,30,15.0,15,91054,60728,167,90888,90955,1,0,,15,128.0,23.0,2.0,1288252.0,15.0,2385429.0,233394.0,0.0,1.0,14.0,14.0,,15.0,,,ionq_simulator_offline(aria-1),simulator,True,,,,539.0278762548696,14.163619372217031,3.8432683440916877,,,,,,,,,,45184.0,30144.0,15416.0,9.0,128.0,7.0,1.0,1.0,,,,1745872.0,233394.0,406148.0,
hhl_nq15_ionq_aria-1_CPU_transpile_itrs0_opt3_20260422T024248Z.json,hhl,15,ionq,aria-1,CPU,transpile,0,3.0,2026-04-22T02:42:48.329036Z,1,1,1,frontier,gen006,90955,30,15.0,15,91054,60728,167,90888,90955,1,0,,15,128.0,23.0,3.0,1288252.0,15.0,2385429.0,233394.0,0.0,1.0,14.0,14.0,,15.0,,,ionq_simulator_offline(aria-1),simulator,True,,,,627.0362380580045,14.163619372217031,3.8432683440916877,,,,,,,,,,45184.0,30144.0,15416.0,9.0,128.0,7.0,1.0,1.0,,,,1745872.0,233394.0,406148.0,
hhl_nq15_ionq_aria-2_CPU_transpile_itrs0_opt0_20260422T024344Z.json,hhl,15,ionq,aria-2,CPU,transpile,0,0.0,2026-04-22T02:43:44.290452Z,1,1,1,frontier,gen006,90955,30,15.0,15,91054,60728,167,90888,90955,1,0,,15,128.0,23.0,0.0,1882301.0,15.0,3141868.0,302192.0,0.0,1.0,14.0,14.0,,15.0,,,ionq_simulator_offline(aria-2),simulator,True,,,,31.901788344839588,20.694860095651695,4.97615597417995,,,,,,,,,,45184.0,30144.0,15416.0,9.0,128.0,7.0,1.0,1.0,,,,2296030.0,302192.0,543631.0,
hhl_nq15_ionq_aria-2_CPU_transpile_itrs0_opt1_20260422T024510Z.json,hhl,15,ionq,aria-2,CPU,transpile,0,1.0,2026-04-22T02:45:10.298959Z,1,1,1,frontier,gen006,90955,30,15.0,15,91054,60728,167,90888,90955,1,0,,15,128.0,23.0,1.0,1882301.0,15.0,3141868.0,302192.0,0.0,1.0,14.0,14.0,,15.0,,,ionq_simulator_offline(aria-2),simulator,True,,,,62.88859812892042,20.694860095651695,4.97615597417995,,,,,,,,,,45184.0,30144.0,15416.0,9.0,128.0,7.0,1.0,1.0,,,,2296030.0,302192.0,543631.0,
hhl_nq15_ionq_aria-2_CPU_transpile_itrs0_opt2_20260422T025434Z.json,hhl,15,ionq,aria-2,CPU,transpile,0,2.0,2026-04-22T02:54:34.036279Z,1,1,1,frontier,gen006,90955,30,15.0,15,91054,60728,167,90888,90955,1,0,,15,128.0,23.0,2.0,1288252.0,15.0,2385429.0,233394.0,0.0,1.0,14.0,14.0,,15.0,,,ionq_simulator_offline(aria-2),simulator,True,,,,544.0535377939232,14.163619372217031,3.8432683440916877,,,,,,,,,,45184.0,30144.0,15416.0,9.0,128.0,7.0,1.0,1.0,,,,1745872.0,233394.0,406148.0,
hhl_nq15_ionq_aria-2_CPU_transpile_itrs0_opt3_20260422T030524Z.json,hhl,15,ionq,aria-2,CPU,transpile,0,3.0,2026-04-22T03:05:24.530571Z,1,1,1,frontier,gen006,90955,30,15.0,15,91054,60728,167,90888,90955,1,0,,15,128.0,23.0,3.0,1288252.0,15.0,2385429.0,233394.0,0.0,1.0,14.0,14.0,,15.0,,,ionq_simulator_offline(aria-2),simulator,True,,,,629.657866575988,14.163619372217031,3.8432683440916877,,,,,,,,,,45184.0,30144.0,15416.0,9.0,128.0,7.0,1.0,1.0,,,,1745872.0,233394.0,406148.0,
hhl_nq15_ionq_forte-1_CPU_transpile_itrs0_opt0_20260422T030620Z.json,hhl,15,ionq,forte-1,CPU,transpile,0,0.0,2026-04-22T03:06:20.908162Z,1,1,1,frontier,gen006,90955,30,15.0,15,91054,60728,167,90888,90955,1,0,,15,128.0,23.0,0.0,1882301.0,15.0,3141868.0,302192.0,0.0,1.0,14.0,14.0,,15.0,,,ionq_simulator_offline(forte-1),simulator,True,,,,31.869256113888696,20.694860095651695,4.97615597417995,,,,,,,,,,45184.0,30144.0,15416.0,9.0,128.0,7.0,1.0,1.0,,,,2296030.0,302192.0,543631.0,
hhl_nq15_ionq_forte-1_CPU_transpile_itrs0_opt1_20260422T030746Z.json,hhl,15,ionq,forte-1,CPU,transpile,0,1.0,2026-04-22T03:07:46.073214Z,1,1,1,frontier,gen006,90955,30,15.0,15,91054,60728,167,90888,90955,1,0,,15,128.0,23.0,1.0,1882301.0,15.0,3141868.0,302192.0,0.0,1.0,14.0,14.0,,15.0,,,ionq_simulator_offline(forte-1),simulator,True,,,,62.511096115922555,20.694860095651695,4.97615597417995,,,,,,,,,,45184.0,30144.0,15416.0,9.0,128.0,7.0,1.0,1.0,,,,2296030.0,302192.0,543631.0,
hhl_nq15_ionq_forte-1_CPU_transpile_itrs0_opt2_20260422T031708Z.json,hhl,15,ionq,forte-1,CPU,transpile,0,2.0,2026-04-22T03:17:08.037160Z,1,1,1,frontier,gen006,90955,30,15.0,15,91054,60728,167,90888,90955,1,0,,15,128.0,23.0,2.0,1288252.0,15.0,2385429.0,233394.0,0.0,1.0,14.0,14.0,,15.0,,,ionq_simulator_offline(forte-1),simulator,True,,,,541.2954058540054,14.163619372217031,3.8432683440916877,,,,,,,,,,45184.0,30144.0,15416.0,9.0,128.0,7.0,1.0,1.0,,,,1745872.0,233394.0,406148.0,
hhl_nq15_ionq_forte-1_CPU_transpile_itrs0_opt3_20260422T032757Z.json,hhl,15,ionq,forte-1,CPU,transpile,0,3.0,2026-04-22T03:27:57.930459Z,1,1,1,frontier,gen006,90955,30,15.0,15,91054,60728,167,90888,90955,1,0,,15,128.0,23.0,3.0,1288252.0,15.0,2385429.0,233394.0,0.0,1.0,14.0,14.0,,15.0,,,ionq_simulator_offline(forte-1),simulator,True,,,,629.7266578970011,14.163619372217031,3.8432683440916877,,,,,,,,,,45184.0,30144.0,15416.0,9.0,128.0,7.0,1.0,1.0,,,,1745872.0,233394.0,406148.0,
hhl_nq15_ionq_forte-enterprise-1_CPU_transpile_itrs0_opt0_20260422T032853Z.json,hhl,15,ionq,forte-enterprise-1,CPU,transpile,0,0.0,2026-04-22T03:28:53.914346Z,1,1,1,frontier,gen006,90955,30,15.0,15,91054,60728,167,90888,90955,1,0,,15,128.0,23.0,0.0,1882301.0,15.0,3141868.0,302192.0,0.0,1.0,14.0,14.0,,15.0,,,ionq_simulator_offline(forte-enterprise-1),simulator,True,,,,32.60654403711669,20.694860095651695,4.97615597417995,,,,,,,,,,45184.0,30144.0,15416.0,9.0,128.0,7.0,1.0,1.0,,,,2296030.0,302192.0,543631.0,
hhl_nq15_ionq_forte-enterprise-1_CPU_transpile_itrs0_opt1_20260422T033019Z.json,hhl,15,ionq,forte-enterprise-1,CPU,transpile,0,1.0,2026-04-22T03:30:19.362156Z,1,1,1,frontier,gen006,90955,30,15.0,15,91054,60728,167,90888,90955,1,0,,15,128.0,23.0,1.0,1882301.0,15.0,3141868.0,302192.0,0.0,1.0,14.0,14.0,,15.0,,,ionq_simulator_offline(forte-enterprise-1),simulator,True,,,,62.655263260006905,20.694860095651695,4.97615597417995,,,,,,,,,,45184.0,30144.0,15416.0,9.0,128.0,7.0,1.0,1.0,,,,2296030.0,302192.0,543631.0,
hhl_nq15_ionq_forte-enterprise-1_CPU_transpile_itrs0_opt2_20260422T033942Z.json,hhl,15,ionq,forte-enterprise-1,CPU,transpile,0,2.0,2026-04-22T03:39:42.182611Z,1,1,1,frontier,gen006,90955,30,15.0,15,91054,60728,167,90888,90955,1,0,,15,128.0,23.0,2.0,1288252.0,15.0,2385429.0,233394.0,0.0,1.0,14.0,14.0,,15.0,,,ionq_simulator_offline(forte-enterprise-1),simulator,True,,,,542.4139989451505,14.163619372217031,3.8432683440916877,,,,,,,,,,45184.0,30144.0,15416.0,9.0,128.0,7.0,1.0,1.0,,,,1745872.0,233394.0,406148.0,
hhl_nq15_ionq_forte-enterprise-1_CPU_transpile_itrs0_opt3_20260422T035036Z.json,hhl,15,ionq,forte-enterprise-1,CPU,transpile,0,3.0,2026-04-22T03:50:36.496953Z,1,1,1,frontier,gen006,90955,30,15.0,15,91054,60728,167,90888,90955,1,0,,15,128.0,23.0,3.0,1288252.0,15.0,2385429.0,233394.0,0.0,1.0,14.0,14.0,,15.0,,,ionq_simulator_offline(forte-enterprise-1),simulator,True,,,,634.3400608720258,14.163619372217031,3.8432683440916877,,,,,,,,,,45184.0,30144.0,15416.0,9.0,128.0,7.0,1.0,1.0,,,,1745872.0,233394.0,406148.0,
hhl_nq15_ionq_harmony_CPU_transpile_itrs0_opt0_20260422T035132Z.json,hhl,15,ionq,harmony,CPU,transpile,0,0.0,2026-04-22T03:51:32.815124Z,1,1,1,frontier,gen006,90955,30,15.0,15,91054,60728,167,90888,90955,1,0,,15,128.0,23.0,0.0,1882301.0,15.0,3141868.0,302192.0,0.0,1.0,14.0,14.0,,15.0,,,ionq_simulator_offline(harmony),simulator,True,,,,32.066782754147425,20.694860095651695,4.97615597417995,,,,,,,,,,45184.0,30144.0,15416.0,9.0,128.0,7.0,1.0,1.0,,,,2296030.0,302192.0,543631.0,
hhl_nq15_ionq_harmony_CPU_transpile_itrs0_opt1_20260422T035259Z.json,hhl,15,ionq,harmony,CPU,transpile,0,1.0,2026-04-22T03:52:59.163921Z,1,1,1,frontier,gen006,90955,30,15.0,15,91054,60728,167,90888,90955,1,0,,15,128.0,23.0,1.0,1882301.0,15.0,3141868.0,302192.0,0.0,1.0,14.0,14.0,,15.0,,,ionq_simulator_offline(harmony),simulator,True,,,,63.09093163814396,20.694860095651695,4.97615597417995,,,,,,,,,,45184.0,30144.0,15416.0,9.0,128.0,7.0,1.0,1.0,,,,2296030.0,302192.0,543631.0,
hhl_nq15_ionq_harmony_CPU_transpile_itrs0_opt2_20260422T040216Z.json,hhl,15,ionq,harmony,CPU,transpile,0,2.0,2026-04-22T04:02:16.813396Z,1,1,1,frontier,gen006,90955,30,15.0,15,91054,60728,167,90888,90955,1,0,,15,128.0,23.0,2.0,1288252.0,15.0,2385429.0,233394.0,0.0,1.0,14.0,14.0,,15.0,,,ionq_simulator_offline(harmony),simulator,True,,,,537.4090551619884,14.163619372217031,3.8432683440916877,,,,,,,,,,45184.0,30144.0,15416.0,9.0,128.0,7.0,1.0,1.0,,,,1745872.0,233394.0,406148.0,
hhl_nq15_ionq_harmony_CPU_transpile_itrs0_opt3_20260422T041311Z.json,hhl,15,ionq,harmony,CPU,transpile,0,3.0,2026-04-22T04:13:11.246308Z,1,1,1,frontier,gen006,90955,30,15.0,15,91054,60728,167,90888,90955,1,0,,15,128.0,23.0,3.0,1288252.0,15.0,2385429.0,233394.0,0.0,1.0,14.0,14.0,,15.0,,,ionq_simulator_offline(harmony),simulator,True,,,,633.9038969220128,14.163619372217031,3.8432683440916877,,,,,,,,,,45184.0,30144.0,15416.0,9.0,128.0,7.0,1.0,1.0,,,,1745872.0,233394.0,406148.0,
hhl_nq15_ionq_ideal_CPU_transpile_itrs0_opt0_20260422T011832Z.json,hhl,15,ionq,ideal,CPU,transpile,0,0.0,2026-04-22T01:18:32.485686Z,1,1,1,frontier,gen006,90955,30,15.0,15,91054,60728,167,90888,90955,1,0,,15,128.0,23.0,0.0,972570.0,15.0,1267639.0,302192.0,0.0,1.0,14.0,14.0,,15.0,663937.0,,ionq_simulator_offline(ideal),simulator,True,,,,14.871567857917398,10.692870100599198,4.97615597417995,302192.0,,,,,,,,,45184.0,30144.0,15416.0,9.0,128.0,7.0,1.0,1.0,241056.0,,,,,,60439.0
hhl_nq15_ionq_ideal_CPU_transpile_itrs0_opt0_20260422T020248Z.json,hhl,15,ionq,ideal,CPU,transpile,0,0.0,2026-04-22T02:02:48.136787Z,1,1,1,frontier,gen006,90955,30,15.0,15,91054,60728,167,90888,90955,1,0,,15,128.0,23.0,0.0,972570.0,15.0,1267639.0,302192.0,0.0,1.0,14.0,14.0,,15.0,663937.0,,ionq_simulator_offline(ideal),simulator,True,,,,14.735233559971675,10.692870100599198,4.97615597417995,302192.0,,,,,,,,,45184.0,30144.0,15416.0,9.0,128.0,7.0,1.0,1.0,241056.0,,,,,,60439.0
hhl_nq15_ionq_ideal_CPU_transpile_itrs0_opt1_20260422T011905Z.json,hhl,15,ionq,ideal,CPU,transpile,0,1.0,2026-04-22T01:19:05.260644Z,1,1,1,frontier,gen006,90955,30,15.0,15,91054,60728,167,90888,90955,1,0,,15,128.0,23.0,1.0,646146.0,15.0,827987.0,302192.0,0.0,1.0,14.0,14.0,,15.0,381534.0,,ionq_simulator_offline(ideal),simulator,True,,,,16.073532938025892,7.104018470672311,4.97615597417995,302192.0,,,,,,,,,45184.0,30144.0,15416.0,9.0,128.0,7.0,1.0,1.0,14534.0,,,,,,129712.0
hhl_nq15_ionq_ideal_CPU_transpile_itrs0_opt1_20260422T020321Z.json,hhl,15,ionq,ideal,CPU,transpile,0,1.0,2026-04-22T02:03:21.093557Z,1,1,1,frontier,gen006,90955,30,15.0,15,91054,60728,167,90888,90955,1,0,,15,128.0,23.0,1.0,646146.0,15.0,827987.0,302192.0,0.0,1.0,14.0,14.0,,15.0,381534.0,,ionq_simulator_offline(ideal),simulator,True,,,,16.128889068961143,7.104018470672311,4.97615597417995,302192.0,,,,,,,,,45184.0,30144.0,15416.0,9.0,128.0,7.0,1.0,1.0,14534.0,,,,,,129712.0
hhl_nq15_ionq_ideal_CPU_transpile_itrs0_opt2_20260422T012722Z.json,hhl,15,ionq,ideal,CPU,transpile,0,2.0,2026-04-22T01:27:22.640713Z,1,1,1,frontier,gen006,90955,30,15.0,15,91054,60728,167,90888,90955,1,0,,15,128.0,23.0,2.0,556213.0,15.0,759860.0,233394.0,0.0,1.0,14.0,14.0,,15.0,335023.0,,ionq_simulator_offline(ideal),simulator,True,,,,481.0404896240216,6.1152547963278545,3.8432683440916877,233394.0,,,,,,,,,45184.0,30144.0,15416.0,9.0,128.0,7.0,1.0,1.0,11881.0,,,,,,179547.0
hhl_nq15_ionq_ideal_CPU_transpile_itrs0_opt2_20260422T021138Z.json,hhl,15,ionq,ideal,CPU,transpile,0,2.0,2026-04-22T02:11:38.224419Z,1,1,1,frontier,gen006,90955,30,15.0,15,91054,60728,167,90888,90955,1,0,,15,128.0,23.0,2.0,556213.0,15.0,759860.0,233394.0,0.0,1.0,14.0,14.0,,15.0,335023.0,,ionq_simulator_offline(ideal),simulator,True,,,,480.68363642296754,6.1152547963278545,3.8432683440916877,233394.0,,,,,,,,,45184.0,30144.0,15416.0,9.0,128.0,7.0,1.0,1.0,11881.0,,,,,,179547.0
hhl_nq15_ionq_ideal_CPU_transpile_itrs0_opt3_20260422T013611Z.json,hhl,15,ionq,ideal,CPU,transpile,0,3.0,2026-04-22T01:36:11.928804Z,1,1,1,frontier,gen006,90955,30,15.0,15,91054,60728,167,90888,90955,1,0,,15,128.0,23.0,3.0,556217.0,15.0,759872.0,233394.0,0.0,1.0,14.0,14.0,,15.0,335035.0,,ionq_simulator_offline(ideal),simulator,True,,,,515.4152680081315,6.11529877411907,3.8432683440916877,233394.0,,,,,,,,,45184.0,30144.0,15416.0,9.0,128.0,7.0,1.0,1.0,11881.0,,,,,,179547.0
hhl_nq15_ionq_ideal_CPU_transpile_itrs0_opt3_20260422T022018Z.json,hhl,15,ionq,ideal,CPU,transpile,0,3.0,2026-04-22T02:20:18.918975Z,1,1,1,frontier,gen006,90955,30,15.0,15,91054,60728,167,90888,90955,1,0,,15,128.0,23.0,3.0,556217.0,15.0,759872.0,233394.0,0.0,1.0,14.0,14.0,,15.0,335035.0,,ionq_simulator_offline(ideal),simulator,True,,,,506.76221623201855,6.11529877411907,3.8432683440916877,233394.0,,,,,,,,,45184.0,30144.0,15416.0,9.0,128.0,7.0,1.0,1.0,11881.0,,,,,,179547.0
hhl_nq19_ionq_ideal_CPU_transpile_itrs0_opt0_20260422T013046Z.json,hhl,19,ionq,ideal,CPU,transpile,0,0.0,2026-04-22T01:30:46.473848Z,1,1,1,frontier,gen006,1866845,38,19.0,19,1866990,1244986,561,1866430,1866845,1,0,,19,512.0,29.0,0.0,19987918.0,19.0,26005961.0,6218004.0,0.0,1.0,18.0,18.0,,19.0,13614365.0,,ionq_simulator_offline(ideal),simulator,True,,,,323.9537425839808,10.706790333423504,4.994436885234051,6218004.0,,,,,,,,,921824.0,621424.0,322650.0,11.0,512.0,9.0,1.0,1.0,4930184.0,,,,,,1243389.0
hhl_nq19_ionq_ideal_CPU_transpile_itrs0_opt0_20260422T021507Z.json,hhl,19,ionq,ideal,CPU,transpile,0,0.0,2026-04-22T02:15:07.819659Z,1,1,1,frontier,gen006,1866845,38,19.0,19,1866990,1244986,561,1866430,1866845,1,0,,19,512.0,29.0,0.0,19987918.0,19.0,26005961.0,6218004.0,0.0,1.0,18.0,18.0,,19.0,13614365.0,,ionq_simulator_offline(ideal),simulator,True,,,,326.71093432977796,10.706790333423504,4.994436885234051,6218004.0,,,,,,,,,921824.0,621424.0,322650.0,11.0,512.0,9.0,1.0,1.0,4930184.0,,,,,,1243389.0
hhl_nq19_ionq_ideal_CPU_transpile_itrs0_opt1_20260422T022727Z.json,hhl,19,ionq,ideal,CPU,transpile,0,1.0,2026-04-22T02:27:27.173713Z,1,1,1,frontier,gen006,1866845,38,19.0,19,1866990,1244986,561,1866430,1866845,1,0,,19,512.0,29.0,1.0,13300866.0,19.0,17013321.0,6218004.0,0.0,1.0,18.0,18.0,,19.0,7843246.0,,ionq_simulator_offline(ideal),simulator,True,,,,391.00589884398505,7.12478325731381,4.994436885234051,6218004.0,,,,,,,,,921824.0,621424.0,322650.0,11.0,512.0,9.0,1.0,1.0,297848.0,,,,,,2654204.0
hhl_nq5_ionq_aria-1_CPU_transpile_itrs0_opt0_20260422T011757Z.json,hhl,5,ionq,aria-1,CPU,transpile,0,0.0,2026-04-22T01:17:57.071498Z,1,1,1,frontier,gen006,40,10,5.0,5,55,24,18,38,40,1,0,,5,4.0,8.0,0.0,567.0,5.0,999.0,92.0,0.0,1.0,4.0,4.0,,5.0,,,ionq_simulator_offline(aria-1),simulator,True,,,,0.014081637840718031,14.175,3.8333333333333335,,,,,,,,,,14.0,8.0,6.0,4.0,4.0,2.0,1.0,1.0,,,,724.0,92.0,178.0,
hhl_nq5_ionq_aria-1_CPU_transpile_itrs0_opt1_20260422T011757Z.json,hhl,5,ionq,aria-1,CPU,transpile,0,1.0,2026-04-22T01:17:57.115286Z,1,1,1,frontier,gen006,40,10,5.0,5,55,24,18,38,40,1,0,,5,4.0,8.0,1.0,567.0,5.0,999.0,92.0,0.0,1.0,4.0,4.0,,5.0,,,ionq_simulator_offline(aria-1),simulator,True,,,,0.02662158594466746,14.175,3.8333333333333335,,,,,,,,,,14.0,8.0,6.0,4.0,4.0,2.0,1.0,1.0,,,,724.0,92.0,178.0,
hhl_nq5_ionq_aria-1_CPU_transpile_itrs0_opt2_20260422T011757Z.json,hhl,5,ionq,aria-1,CPU,transpile,0,2.0,2026-04-22T01:17:57.161770Z,1,1,1,frontier,gen006,40,10,5.0,5,55,24,18,38,40,1,0,,5,4.0,8.0,2.0,474.0,5.0,820.0,88.0,0.0,1.0,4.0,4.0,,5.0,,,ionq_simulator_offline(aria-1),simulator,True,,,,0.03400707384571433,11.85,3.6666666666666665,,,,,,,,,,14.0,8.0,6.0,4.0,4.0,2.0,1.0,1.0,,,,602.0,88.0,125.0,
hhl_nq5_ionq_aria-1_CPU_transpile_itrs0_opt3_20260422T011757Z.json,hhl,5,ionq,aria-1,CPU,transpile,0,3.0,2026-04-22T01:17:57.231601Z,1,1,1,frontier,gen006,40,10,5.0,5,55,24,18,38,40,1,0,,5,4.0,8.0,3.0,474.0,5.0,820.0,88.0,0.0,1.0,4.0,4.0,,5.0,,,ionq_simulator_offline(aria-1),simulator,True,,,,0.060886909952387214,11.85,3.6666666666666665,,,,,,,,,,14.0,8.0,6.0,4.0,4.0,2.0,1.0,1.0,,,,602.0,88.0,125.0,
hhl_nq5_ionq_aria-2_CPU_transpile_itrs0_opt0_20260422T011757Z.json,hhl,5,ionq,aria-2,CPU,transpile,0,0.0,2026-04-22T01:17:57.256695Z,1,1,1,frontier,gen006,40,10,5.0,5,55,24,18,38,40,1,0,,5,4.0,8.0,0.0,567.0,5.0,999.0,92.0,0.0,1.0,4.0,4.0,,5.0,,,ionq_simulator_offline(aria-2),simulator,True,,,,0.014170188922435045,14.175,3.8333333333333335,,,,,,,,,,14.0,8.0,6.0,4.0,4.0,2.0,1.0,1.0,,,,724.0,92.0,178.0,
hhl_nq5_ionq_aria-2_CPU_transpile_itrs0_opt1_20260422T011757Z.json,hhl,5,ionq,aria-2,CPU,transpile,0,1.0,2026-04-22T01:17:57.293056Z,1,1,1,frontier,gen006,40,10,5.0,5,55,24,18,38,40,1,0,,5,4.0,8.0,1.0,567.0,5.0,999.0,92.0,0.0,1.0,4.0,4.0,,5.0,,,ionq_simulator_offline(aria-2),simulator,True,,,,0.026753162033855915,14.175,3.8333333333333335,,,,,,,,,,14.0,8.0,6.0,4.0,4.0,2.0,1.0,1.0,,,,724.0,92.0,178.0,
hhl_nq5_ionq_aria-2_CPU_transpile_itrs0_opt2_20260422T011757Z.json,hhl,5,ionq,aria-2,CPU,transpile,0,2.0,2026-04-22T01:17:57.353773Z,1,1,1,frontier,gen006,40,10,5.0,5,55,24,18,38,40,1,0,,5,4.0,8.0,2.0,474.0,5.0,820.0,88.0,0.0,1.0,4.0,4.0,,5.0,,,ionq_simulator_offline(aria-2),simulator,True,,,,0.03391010616905987,11.85,3.6666666666666665,,,,,,,,,,14.0,8.0,6.0,4.0,4.0,2.0,1.0,1.0,,,,602.0,88.0,125.0,
hhl_nq5_ionq_aria-2_CPU_transpile_itrs0_opt3_20260422T011757Z.json,hhl,5,ionq,aria-2,CPU,transpile,0,3.0,2026-04-22T01:17:57.424018Z,1,1,1,frontier,gen006,40,10,5.0,5,55,24,18,38,40,1,0,,5,4.0,8.0,3.0,474.0,5.0,820.0,88.0,0.0,1.0,4.0,4.0,,5.0,,,ionq_simulator_offline(aria-2),simulator,True,,,,0.06112302700057626,11.85,3.6666666666666665,,,,,,,,,,14.0,8.0,6.0,4.0,4.0,2.0,1.0,1.0,,,,602.0,88.0,125.0,
hhl_nq5_ionq_forte-1_CPU_transpile_itrs0_opt0_20260422T011757Z.json,hhl,5,ionq,forte-1,CPU,transpile,0,0.0,2026-04-22T01:17:57.447788Z,1,1,1,frontier,gen006,40,10,5.0,5,55,24,18,38,40,1,0,,5,4.0,8.0,0.0,567.0,5.0,999.0,92.0,0.0,1.0,4.0,4.0,,5.0,,,ionq_simulator_offline(forte-1),simulator,True,,,,0.014022742863744497,14.175,3.8333333333333335,,,,,,,,,,14.0,8.0,6.0,4.0,4.0,2.0,1.0,1.0,,,,724.0,92.0,178.0,
hhl_nq5_ionq_forte-1_CPU_transpile_itrs0_opt1_20260422T011757Z.json,hhl,5,ionq,forte-1,CPU,transpile,0,1.0,2026-04-22T01:17:57.484097Z,1,1,1,frontier,gen006,40,10,5.0,5,55,24,18,38,40,1,0,,5,4.0,8.0,1.0,567.0,5.0,999.0,92.0,0.0,1.0,4.0,4.0,,5.0,,,ionq_simulator_offline(forte-1),simulator,True,,,,0.02627984411083162,14.175,3.8333333333333335,,,,,,,,,,14.0,8.0,6.0,4.0,4.0,2.0,1.0,1.0,,,,724.0,92.0,178.0,
hhl_nq5_ionq_forte-1_CPU_transpile_itrs0_opt2_20260422T011757Z.json,hhl,5,ionq,forte-1,CPU,transpile,0,2.0,2026-04-22T01:17:57.526012Z,1,1,1,frontier,gen006,40,10,5.0,5,55,24,18,38,40,1,0,,5,4.0,8.0,2.0,474.0,5.0,820.0,88.0,0.0,1.0,4.0,4.0,,5.0,,,ionq_simulator_offline(forte-1),simulator,True,,,,0.033304420998319983,11.85,3.6666666666666665,,,,,,,,,,14.0,8.0,6.0,4.0,4.0,2.0,1.0,1.0,,,,602.0,88.0,125.0,
hhl_nq5_ionq_forte-1_CPU_transpile_itrs0_opt3_20260422T011757Z.json,hhl,5,ionq,forte-1,CPU,transpile,0,3.0,2026-04-22T01:17:57.596249Z,1,1,1,frontier,gen006,40,10,5.0,5,55,24,18,38,40,1,0,,5,4.0,8.0,3.0,474.0,5.0,820.0,88.0,0.0,1.0,4.0,4.0,,5.0,,,ionq_simulator_offline(forte-1),simulator,True,,,,0.060816744109615684,11.85,3.6666666666666665,,,,,,,,,,14.0,8.0,6.0,4.0,4.0,2.0,1.0,1.0,,,,602.0,88.0,125.0,
hhl_nq5_ionq_forte-enterprise-1_CPU_transpile_itrs0_opt0_20260422T011757Z.json,hhl,5,ionq,forte-enterprise-1,CPU,transpile,0,0.0,2026-04-22T01:17:57.620457Z,1,1,1,frontier,gen006,40,10,5.0,5,55,24,18,38,40,1,0,,5,4.0,8.0,0.0,567.0,5.0,999.0,92.0,0.0,1.0,4.0,4.0,,5.0,,,ionq_simulator_offline(forte-enterprise-1),simulator,True,,,,0.014026030199602246,14.175,3.8333333333333335,,,,,,,,,,14.0,8.0,6.0,4.0,4.0,2.0,1.0,1.0,,,,724.0,92.0,178.0,
hhl_nq5_ionq_forte-enterprise-1_CPU_transpile_itrs0_opt1_20260422T011757Z.json,hhl,5,ionq,forte-enterprise-1,CPU,transpile,0,1.0,2026-04-22T01:17:57.698332Z,1,1,1,frontier,gen006,40,10,5.0,5,55,24,18,38,40,1,0,,5,4.0,8.0,1.0,567.0,5.0,999.0,92.0,0.0,1.0,4.0,4.0,,5.0,,,ionq_simulator_offline(forte-enterprise-1),simulator,True,,,,0.06755925482138991,14.175,3.8333333333333335,,,,,,,,,,14.0,8.0,6.0,4.0,4.0,2.0,1.0,1.0,,,,724.0,92.0,178.0,
hhl_nq5_ionq_forte-enterprise-1_CPU_transpile_itrs0_opt2_20260422T011757Z.json,hhl,5,ionq,forte-enterprise-1,CPU,transpile,0,2.0,2026-04-22T01:17:57.741069Z,1,1,1,frontier,gen006,40,10,5.0,5,55,24,18,38,40,1,0,,5,4.0,8.0,2.0,474.0,5.0,820.0,88.0,0.0,1.0,4.0,4.0,,5.0,,,ionq_simulator_offline(forte-enterprise-1),simulator,True,,,,0.03341863211244345,11.85,3.6666666666666665,,,,,,,,,,14.0,8.0,6.0,4.0,4.0,2.0,1.0,1.0,,,,602.0,88.0,125.0,
hhl_nq5_ionq_forte-enterprise-1_CPU_transpile_itrs0_opt3_20260422T011757Z.json,hhl,5,ionq,forte-enterprise-1,CPU,transpile,0,3.0,2026-04-22T01:17:57.811251Z,1,1,1,frontier,gen006,40,10,5.0,5,55,24,18,38,40,1,0,,5,4.0,8.0,3.0,474.0,5.0,820.0,88.0,0.0,1.0,4.0,4.0,,5.0,,,ionq_simulator_offline(forte-enterprise-1),simulator,True,,,,0.06079025287181139,11.85,3.6666666666666665,,,,,,,,,,14.0,8.0,6.0,4.0,4.0,2.0,1.0,1.0,,,,602.0,88.0,125.0,
hhl_nq5_ionq_harmony_CPU_transpile_itrs0_opt0_20260422T011757Z.json,hhl,5,ionq,harmony,CPU,transpile,0,0.0,2026-04-22T01:17:57.835408Z,1,1,1,frontier,gen006,40,10,5.0,5,55,24,18,38,40,1,0,,5,4.0,8.0,0.0,567.0,5.0,999.0,92.0,0.0,1.0,4.0,4.0,,5.0,,,ionq_simulator_offline(harmony),simulator,True,,,,0.013937849085777998,14.175,3.8333333333333335,,,,,,,,,,14.0,8.0,6.0,4.0,4.0,2.0,1.0,1.0,,,,724.0,92.0,178.0,
hhl_nq5_ionq_harmony_CPU_transpile_itrs0_opt1_20260422T011757Z.json,hhl,5,ionq,harmony,CPU,transpile,0,1.0,2026-04-22T01:17:57.871580Z,1,1,1,frontier,gen006,40,10,5.0,5,55,24,18,38,40,1,0,,5,4.0,8.0,1.0,567.0,5.0,999.0,92.0,0.0,1.0,4.0,4.0,,5.0,,,ionq_simulator_offline(harmony),simulator,True,,,,0.02628081594593823,14.175,3.8333333333333335,,,,,,,,,,14.0,8.0,6.0,4.0,4.0,2.0,1.0,1.0,,,,724.0,92.0,178.0,
hhl_nq5_ionq_harmony_CPU_transpile_itrs0_opt2_20260422T011757Z.json,hhl,5,ionq,harmony,CPU,transpile,0,2.0,2026-04-22T01:17:57.913495Z,1,1,1,frontier,gen006,40,10,5.0,5,55,24,18,38,40,1,0,,5,4.0,8.0,2.0,474.0,5.0,820.0,88.0,0.0,1.0,4.0,4.0,,5.0,,,ionq_simulator_offline(harmony),simulator,True,,,,0.033217402873560786,11.85,3.6666666666666665,,,,,,,,,,14.0,8.0,6.0,4.0,4.0,2.0,1.0,1.0,,,,602.0,88.0,125.0,
hhl_nq5_ionq_harmony_CPU_transpile_itrs0_opt3_20260422T011757Z.json,hhl,5,ionq,harmony,CPU,transpile,0,3.0,2026-04-22T01:17:57.984066Z,1,1,1,frontier,gen006,40,10,5.0,5,55,24,18,38,40,1,0,,5,4.0,8.0,3.0,474.0,5.0,820.0,88.0,0.0,1.0,4.0,4.0,,5.0,,,ionq_simulator_offline(harmony),simulator,True,,,,0.06171196000650525,11.85,3.6666666666666665,,,,,,,,,,14.0,8.0,6.0,4.0,4.0,2.0,1.0,1.0,,,,602.0,88.0,125.0,
hhl_nq5_ionq_ideal_CPU_transpile_itrs0_opt0_20260422T011756Z.json,hhl,5,ionq,ideal,CPU,transpile,0,0.0,2026-04-22T01:17:56.927524Z,1,1,1,frontier,gen006,40,10,5.0,5,55,24,18,38,40,1,0,,5,4.0,8.0,0.0,322.0,5.0,419.0,92.0,0.0,1.0,4.0,4.0,,5.0,210.0,,ionq_simulator_offline(ideal),simulator,True,,,,1.0135469671804458,8.05,3.8333333333333335,92.0,,,,,,,,,14.0,8.0,6.0,4.0,4.0,2.0,1.0,1.0,84.0,,,,,,28.0
hhl_nq5_ionq_ideal_CPU_transpile_itrs0_opt1_20260422T011756Z.json,hhl,5,ionq,ideal,CPU,transpile,0,1.0,2026-04-22T01:17:56.951831Z,1,1,1,frontier,gen006,40,10,5.0,5,55,24,18,38,40,1,0,,5,4.0,8.0,1.0,189.0,5.0,251.0,92.0,0.0,1.0,4.0,4.0,,5.0,101.0,,ionq_simulator_offline(ideal),simulator,True,,,,0.01612990815192461,4.725,3.8333333333333335,92.0,,,,,,,,,14.0,8.0,6.0,4.0,4.0,2.0,1.0,1.0,1.0,,,,,,52.0
hhl_nq5_ionq_ideal_CPU_transpile_itrs0_opt2_20260422T011756Z.json,hhl,5,ionq,ideal,CPU,transpile,0,2.0,2026-04-22T01:17:56.985718Z,1,1,1,frontier,gen006,40,10,5.0,5,55,24,18,38,40,1,0,,5,4.0,8.0,2.0,176.0,5.0,221.0,88.0,0.0,1.0,4.0,4.0,,5.0,73.0,,ionq_simulator_offline(ideal),simulator,True,,,,0.026604083133861423,4.4,3.6666666666666665,88.0,,,,,,,,,14.0,8.0,6.0,4.0,4.0,2.0,1.0,1.0,9.0,,,,,,46.0
hhl_nq5_ionq_ideal_CPU_transpile_itrs0_opt3_20260422T011757Z.json,hhl,5,ionq,ideal,CPU,transpile,0,3.0,2026-04-22T01:17:57.021346Z,1,1,1,frontier,gen006,40,10,5.0,5,55,24,18,38,40,1,0,,5,4.0,8.0,3.0,176.0,5.0,221.0,88.0,0.0,1.0,4.0,4.0,,5.0,73.0,,ionq_simulator_offline(ideal),simulator,True,,,,0.02783692185766995,4.4,3.6666666666666665,88.0,,,,,,,,,14.0,8.0,6.0,4.0,4.0,2.0,1.0,1.0,9.0,,,,,,46.0
hhl_nq9_ionq_aria-1_CPU_transpile_itrs0_opt0_20260422T011758Z.json,hhl,9,ionq,aria-1,CPU,transpile,0,0.0,2026-04-22T01:17:58.619565Z,1,1,1,frontier,gen006,676,18,9.0,9,721,448,40,682,676,1,0,,9,16.0,14.0,0.0,13445.0,9.0,23441.0,2224.0,0.0,1.0,8.0,8.0,,9.0,,,ionq_simulator_offline(aria-1),simulator,True,,,,0.23155156010761857,19.88905325443787,4.964285714285714,,,,,,,,,,376.0,224.0,56.0,6.0,16.0,4.0,1.0,1.0,,,,17104.0,2224.0,4104.0,
hhl_nq9_ionq_aria-1_CPU_transpile_itrs0_opt1_20260422T011759Z.json,hhl,9,ionq,aria-1,CPU,transpile,0,1.0,2026-04-22T01:17:59.238267Z,1,1,1,frontier,gen006,676,18,9.0,9,721,448,40,682,676,1,0,,9,16.0,14.0,1.0,13427.0,9.0,23231.0,2224.0,0.0,1.0,8.0,8.0,,9.0,,,ionq_simulator_offline(aria-1),simulator,True,,,,0.45115009089931846,19.86242603550296,4.964285714285714,,,,,,,,,,376.0,224.0,56.0,6.0,16.0,4.0,1.0,1.0,,,,16964.0,2224.0,4034.0,
hhl_nq9_ionq_aria-1_CPU_transpile_itrs0_opt2_20260422T011759Z.json,hhl,9,ionq,aria-1,CPU,transpile,0,2.0,2026-04-22T01:17:59.963577Z,1,1,1,frontier,gen006,676,18,9.0,9,721,448,40,682,676,1,0,,9,16.0,14.0,2.0,9188.0,9.0,17684.0,1741.0,0.0,1.0,8.0,8.0,,9.0,,,ionq_simulator_offline(aria-1),simulator,True,,,,0.5785823781043291,13.591715976331361,3.8861607142857144,,,,,,,,,,376.0,224.0,56.0,6.0,16.0,4.0,1.0,1.0,,,,12944.0,1741.0,2990.0,
hhl_nq9_ionq_aria-1_CPU_transpile_itrs0_opt3_20260422T011801Z.json,hhl,9,ionq,aria-1,CPU,transpile,0,3.0,2026-04-22T01:18:01.377223Z,1,1,1,frontier,gen006,676,18,9.0,9,721,448,40,682,676,1,0,,9,16.0,14.0,3.0,9188.0,9.0,17684.0,1741.0,0.0,1.0,8.0,8.0,,9.0,,,ionq_simulator_offline(aria-1),simulator,True,,,,1.2695054840296507,13.591715976331361,3.8861607142857144,,,,,,,,,,376.0,224.0,56.0,6.0,16.0,4.0,1.0,1.0,,,,12944.0,1741.0,2990.0,
hhl_nq9_ionq_aria-2_CPU_transpile_itrs0_opt0_20260422T011801Z.json,hhl,9,ionq,aria-2,CPU,transpile,0,0.0,2026-04-22T01:18:01.785796Z,1,1,1,frontier,gen006,676,18,9.0,9,721,448,40,682,676,1,0,,9,16.0,14.0,0.0,13445.0,9.0,23441.0,2224.0,0.0,1.0,8.0,8.0,,9.0,,,ionq_simulator_offline(aria-2),simulator,True,,,,0.2381527058314532,19.88905325443787,4.964285714285714,,,,,,,,,,376.0,224.0,56.0,6.0,16.0,4.0,1.0,1.0,,,,17104.0,2224.0,4104.0,
hhl_nq9_ionq_aria-2_CPU_transpile_itrs0_opt1_20260422T011802Z.json,hhl,9,ionq,aria-2,CPU,transpile,0,1.0,2026-04-22T01:18:02.408581Z,1,1,1,frontier,gen006,676,18,9.0,9,721,448,40,682,676,1,0,,9,16.0,14.0,1.0,13427.0,9.0,23231.0,2224.0,0.0,1.0,8.0,8.0,,9.0,,,ionq_simulator_offline(aria-2),simulator,True,,,,0.4562137979082763,19.86242603550296,4.964285714285714,,,,,,,,,,376.0,224.0,56.0,6.0,16.0,4.0,1.0,1.0,,,,16964.0,2224.0,4034.0,
hhl_nq9_ionq_aria-2_CPU_transpile_itrs0_opt2_20260422T011803Z.json,hhl,9,ionq,aria-2,CPU,transpile,0,2.0,2026-04-22T01:18:03.134303Z,1,1,1,frontier,gen006,676,18,9.0,9,721,448,40,682,676,1,0,,9,16.0,14.0,2.0,9188.0,9.0,17684.0,1741.0,0.0,1.0,8.0,8.0,,9.0,,,ionq_simulator_offline(aria-2),simulator,True,,,,0.581121426075697,13.591715976331361,3.8861607142857144,,,,,,,,,,376.0,224.0,56.0,6.0,16.0,4.0,1.0,1.0,,,,12944.0,1741.0,2990.0,
hhl_nq9_ionq_aria-2_CPU_transpile_itrs0_opt3_20260422T011804Z.json,hhl,9,ionq,aria-2,CPU,transpile,0,3.0,2026-04-22T01:18:04.509693Z,1,1,1,frontier,gen006,676,18,9.0,9,721,448,40,682,676,1,0,,9,16.0,14.0,3.0,9188.0,9.0,17684.0,1741.0,0.0,1.0,8.0,8.0,,9.0,,,ionq_simulator_offline(aria-2),simulator,True,,,,1.2292111939750612,13.591715976331361,3.8861607142857144,,,,,,,,,,376.0,224.0,56.0,6.0,16.0,4.0,1.0,1.0,,,,12944.0,1741.0,2990.0,
hhl_nq9_ionq_forte-1_CPU_transpile_itrs0_opt0_20260422T011804Z.json,hhl,9,ionq,forte-1,CPU,transpile,0,0.0,2026-04-22T01:18:04.912404Z,1,1,1,frontier,gen006,676,18,9.0,9,721,448,40,682,676,1,0,,9,16.0,14.0,0.0,13445.0,9.0,23441.0,2224.0,0.0,1.0,8.0,8.0,,9.0,,,ionq_simulator_offline(forte-1),simulator,True,,,,0.2322209980338812,19.88905325443787,4.964285714285714,,,,,,,,,,376.0,224.0,56.0,6.0,16.0,4.0,1.0,1.0,,,,17104.0,2224.0,4104.0,
hhl_nq9_ionq_forte-1_CPU_transpile_itrs0_opt1_20260422T011805Z.json,hhl,9,ionq,forte-1,CPU,transpile,0,1.0,2026-04-22T01:18:05.529542Z,1,1,1,frontier,gen006,676,18,9.0,9,721,448,40,682,676,1,0,,9,16.0,14.0,1.0,13427.0,9.0,23231.0,2224.0,0.0,1.0,8.0,8.0,,9.0,,,ionq_simulator_offline(forte-1),simulator,True,,,,0.44976835092529655,19.86242603550296,4.964285714285714,,,,,,,,,,376.0,224.0,56.0,6.0,16.0,4.0,1.0,1.0,,,,16964.0,2224.0,4034.0,
hhl_nq9_ionq_forte-1_CPU_transpile_itrs0_opt2_20260422T011806Z.json,hhl,9,ionq,forte-1,CPU,transpile,0,2.0,2026-04-22T01:18:06.254848Z,1,1,1,frontier,gen006,676,18,9.0,9,721,448,40,682,676,1,0,,9,16.0,14.0,2.0,9188.0,9.0,17684.0,1741.0,0.0,1.0,8.0,8.0,,9.0,,,ionq_simulator_offline(forte-1),simulator,True,,,,0.580389236100018,13.591715976331361,3.8861607142857144,,,,,,,,,,376.0,224.0,56.0,6.0,16.0,4.0,1.0,1.0,,,,12944.0,1741.0,2990.0,
hhl_nq9_ionq_forte-1_CPU_transpile_itrs0_opt3_20260422T011807Z.json,hhl,9,ionq,forte-1,CPU,transpile,0,3.0,2026-04-22T01:18:07.672997Z,1,1,1,frontier,gen006,676,18,9.0,9,721,448,40,682,676,1,0,,9,16.0,14.0,3.0,9188.0,9.0,17684.0,1741.0,0.0,1.0,8.0,8.0,,9.0,,,ionq_simulator_offline(forte-1),simulator,True,,,,1.2726561878807843,13.591715976331361,3.8861607142857144,,,,,,,,,,376.0,224.0,56.0,6.0,16.0,4.0,1.0,1.0,,,,12944.0,1741.0,2990.0,
hhl_nq9_ionq_forte-enterprise-1_CPU_transpile_itrs0_opt0_20260422T011808Z.json,hhl,9,ionq,forte-enterprise-1,CPU,transpile,0,0.0,2026-04-22T01:18:08.080690Z,1,1,1,frontier,gen006,676,18,9.0,9,721,448,40,682,676,1,0,,9,16.0,14.0,0.0,13445.0,9.0,23441.0,2224.0,0.0,1.0,8.0,8.0,,9.0,,,ionq_simulator_offline(forte-enterprise-1),simulator,True,,,,0.23581967502832413,19.88905325443787,4.964285714285714,,,,,,,,,,376.0,224.0,56.0,6.0,16.0,4.0,1.0,1.0,,,,17104.0,2224.0,4104.0,
hhl_nq9_ionq_forte-enterprise-1_CPU_transpile_itrs0_opt1_20260422T011808Z.json,hhl,9,ionq,forte-enterprise-1,CPU,transpile,0,1.0,2026-04-22T01:18:08.700935Z,1,1,1,frontier,gen006,676,18,9.0,9,721,448,40,682,676,1,0,,9,16.0,14.0,1.0,13427.0,9.0,23231.0,2224.0,0.0,1.0,8.0,8.0,,9.0,,,ionq_simulator_offline(forte-enterprise-1),simulator,True,,,,0.4534780129324645,19.86242603550296,4.964285714285714,,,,,,,,,,376.0,224.0,56.0,6.0,16.0,4.0,1.0,1.0,,,,16964.0,2224.0,4034.0,
hhl_nq9_ionq_forte-enterprise-1_CPU_transpile_itrs0_opt2_20260422T011809Z.json,hhl,9,ionq,forte-enterprise-1,CPU,transpile,0,2.0,2026-04-22T01:18:09.431098Z,1,1,1,frontier,gen006,676,18,9.0,9,721,448,40,682,676,1,0,,9,16.0,14.0,2.0,9188.0,9.0,17684.0,1741.0,0.0,1.0,8.0,8.0,,9.0,,,ionq_simulator_offline(forte-enterprise-1),simulator,True,,,,0.5848048459738493,13.591715976331361,3.8861607142857144,,,,,,,,,,376.0,224.0,56.0,6.0,16.0,4.0,1.0,1.0,,,,12944.0,1741.0,2990.0,
hhl_nq9_ionq_forte-enterprise-1_CPU_transpile_itrs0_opt3_20260422T011810Z.json,hhl,9,ionq,forte-enterprise-1,CPU,transpile,0,3.0,2026-04-22T01:18:10.805343Z,1,1,1,frontier,gen006,676,18,9.0,9,721,448,40,682,676,1,0,,9,16.0,14.0,3.0,9188.0,9.0,17684.0,1741.0,0.0,1.0,8.0,8.0,,9.0,,,ionq_simulator_offline(forte-enterprise-1),simulator,True,,,,1.2290721761528403,13.591715976331361,3.8861607142857144,,,,,,,,,,376.0,224.0,56.0,6.0,16.0,4.0,1.0,1.0,,,,12944.0,1741.0,2990.0,
hhl_nq9_ionq_harmony_CPU_transpile_itrs0_opt0_20260422T011811Z.json,hhl,9,ionq,harmony,CPU,transpile,0,0.0,2026-04-22T01:18:11.206220Z,1,1,1,frontier,gen006,676,18,9.0,9,721,448,40,682,676,1,0,,9,16.0,14.0,0.0,13445.0,9.0,23441.0,2224.0,0.0,1.0,8.0,8.0,,9.0,,,ionq_simulator_offline(harmony),simulator,True,,,,0.23057777504436672,19.88905325443787,4.964285714285714,,,,,,,,,,376.0,224.0,56.0,6.0,16.0,4.0,1.0,1.0,,,,17104.0,2224.0,4104.0,
hhl_nq9_ionq_harmony_CPU_transpile_itrs0_opt1_20260422T011811Z.json,hhl,9,ionq,harmony,CPU,transpile,0,1.0,2026-04-22T01:18:11.820042Z,1,1,1,frontier,gen006,676,18,9.0,9,721,448,40,682,676,1,0,,9,16.0,14.0,1.0,13427.0,9.0,23231.0,2224.0,0.0,1.0,8.0,8.0,,9.0,,,ionq_simulator_offline(harmony),simulator,True,,,,0.44833258888684213,19.86242603550296,4.964285714285714,,,,,,,,,,376.0,224.0,56.0,6.0,16.0,4.0,1.0,1.0,,,,16964.0,2224.0,4034.0,
hhl_nq9_ionq_harmony_CPU_transpile_itrs0_opt2_20260422T011812Z.json,hhl,9,ionq,harmony,CPU,transpile,0,2.0,2026-04-22T01:18:12.545138Z,1,1,1,frontier,gen006,676,18,9.0,9,721,448,40,682,676,1,0,,9,16.0,14.0,2.0,9188.0,9.0,17684.0,1741.0,0.0,1.0,8.0,8.0,,9.0,,,ionq_simulator_offline(harmony),simulator,True,,,,0.5797934688162059,13.591715976331361,3.8861607142857144,,,,,,,,,,376.0,224.0,56.0,6.0,16.0,4.0,1.0,1.0,,,,12944.0,1741.0,2990.0,
hhl_nq9_ionq_harmony_CPU_transpile_itrs0_opt3_20260422T011813Z.json,hhl,9,ionq,harmony,CPU,transpile,0,3.0,2026-04-22T01:18:13.959431Z,1,1,1,frontier,gen006,676,18,9.0,9,721,448,40,682,676,1,0,,9,16.0,14.0,3.0,9188.0,9.0,17684.0,1741.0,0.0,1.0,8.0,8.0,,9.0,,,ionq_simulator_offline(harmony),simulator,True,,,,1.2709570981096476,13.591715976331361,3.8861607142857144,,,,,,,,,,376.0,224.0,56.0,6.0,16.0,4.0,1.0,1.0,,,,12944.0,1741.0,2990.0,
hhl_nq9_ionq_ideal_CPU_transpile_itrs0_opt0_20260422T011757Z.json,hhl,9,ionq,ideal,CPU,transpile,0,0.0,2026-04-22T01:17:57.094092Z,1,1,1,frontier,gen006,676,18,9.0,9,721,448,40,682,676,1,0,,9,16.0,14.0,0.0,7220.0,9.0,9819.0,2224.0,0.0,1.0,8.0,8.0,,9.0,5136.0,,ionq_simulator_offline(ideal),simulator,True,,,,1.087864545173943,10.680473372781066,4.964285714285714,2224.0,,,,,,,,,376.0,224.0,56.0,6.0,16.0,4.0,1.0,1.0,1972.0,,,,,,478.0
hhl_nq9_ionq_ideal_CPU_transpile_itrs0_opt1_20260422T011757Z.json,hhl,9,ionq,ideal,CPU,transpile,0,1.0,2026-04-22T01:17:57.336047Z,1,1,1,frontier,gen006,676,18,9.0,9,721,448,40,682,676,1,0,,9,16.0,14.0,1.0,4533.0,9.0,6122.0,2224.0,0.0,1.0,8.0,8.0,,9.0,2809.0,,ionq_simulator_offline(ideal),simulator,True,,,,0.1118070709053427,6.705621301775148,4.964285714285714,2224.0,,,,,,,,,376.0,224.0,56.0,6.0,16.0,4.0,1.0,1.0,114.0,,,,,,966.0
hhl_nq9_ionq_ideal_CPU_transpile_itrs0_opt2_20260422T011757Z.json,hhl,9,ionq,ideal,CPU,transpile,0,2.0,2026-04-22T01:17:57.629335Z,1,1,1,frontier,gen006,676,18,9.0,9,721,448,40,682,676,1,0,,9,16.0,14.0,2.0,3958.0,9.0,5582.0,1741.0,0.0,1.0,8.0,8.0,,9.0,2364.0,,ionq_simulator_offline(ideal),simulator,True,,,,0.17429661308415234,5.855029585798817,3.8861607142857144,1741.0,,,,,,,,,376.0,224.0,56.0,6.0,16.0,4.0,1.0,1.0,115.0,,,,,,1353.0
hhl_nq9_ionq_ideal_CPU_transpile_itrs0_opt3_20260422T011758Z.json,hhl,9,ionq,ideal,CPU,transpile,0,3.0,2026-04-22T01:17:58.222511Z,1,1,1,frontier,gen006,676,18,9.0,9,721,448,40,682,676,1,0,,9,16.0,14.0,3.0,3958.0,9.0,5582.0,1741.0,0.0,1.0,8.0,8.0,,9.0,2364.0,,ionq_simulator_offline(ideal),simulator,True,,,,0.43929133494384587,5.855029585798817,3.8861607142857144,1741.0,,,,,,,,,376.0,224.0,56.0,6.0,16.0,4.0,1.0,1.0,115.0,,,,,,1353.0
mermin_bell_nq15_ibmq_ibm_miami_CPU_sync_itrs1_20260225T140612Z.json,mermin_bell,15,ibmq,ibm_miami,CPU,sync,1,1.0,2026-02-25T14:06:12.485683Z,1,112,1,borg,gen008_borg,73,15,15.0,15,199,139,183,16,73,1,0,,15,42.0,29.0,1.0,553.0,120.0,1235.0,430.0,0.0,105.0,4.0,0.38333333333333336,430.0,15.0,156.0,634.0,ibm_miami,hardware,False,1.0,0.0,1.0,1.6926960970740765,7.575342465753424,3.093525179856115,,,,91.0,15.0,6.0,1.0,,,,,,,,,,,,,,,,,
mermin_bell_nq15_ibmq_ibm_torino_CPU_sync_itrs1_20260225T140612Z.json,mermin_bell,15,ibmq,ibm_torino,CPU,sync,1,1.0,2026-02-25T14:06:12.900958Z,1,112,1,borg,gen008_borg,73,15,15.0,15,199,139,183,16,73,1,0,,15,42.0,29.0,1.0,790.0,133.0,2021.0,679.0,0.0,119.0,3.0,0.22556390977443608,679.0,15.0,192.0,1135.0,ibm_torino,hardware,False,1.0,0.0,1.0,1.7104262500070035,10.821917808219178,4.884892086330935,,,,91.0,15.0,6.0,1.0,,,,,,,,,,,,,,,,,
mermin_bell_nq15_ionq_aria-1_CPU_transpile_itrs0_opt0_20260422T011806Z.json,mermin_bell,15,ionq,aria-1,CPU,transpile,0,0.0,2026-04-22T01:18:06.724294Z,1,1,1,frontier,gen006,73,30,15.0,15,199,139,198,1,73,1,0,,15,42.0,29.0,0.0,274.0,15.0,1451.0,151.0,0.0,1.0,14.0,14.0,,15.0,,,ionq_simulator_offline(aria-1),simulator,True,,,,0.012316052103415132,3.7534246575342465,1.0863309352517985,,,,91.0,15.0,6.0,1.0,,,,,,,,,,,,,,1058.0,151.0,227.0,
mermin_bell_nq15_ionq_aria-1_CPU_transpile_itrs0_opt1_20260422T011806Z.json,mermin_bell,15,ionq,aria-1,CPU,transpile,0,1.0,2026-04-22T01:18:06.764803Z,1,1,1,frontier,gen006,73,30,15.0,15,199,139,198,1,73,1,0,,15,42.0,29.0,1.0,274.0,15.0,1451.0,151.0,0.0,1.0,14.0,14.0,,15.0,,,ionq_simulator_offline(aria-1),simulator,True,,,,0.029741954058408737,3.7534246575342465,1.0863309352517985,,,,91.0,15.0,6.0,1.0,,,,,,,,,,,,,,1058.0,151.0,227.0,
mermin_bell_nq15_ionq_aria-1_CPU_transpile_itrs0_opt2_20260422T011806Z.json,mermin_bell,15,ionq,aria-1,CPU,transpile,0,2.0,2026-04-22T01:18:06.814597Z,1,1,1,frontier,gen006,73,30,15.0,15,199,139,198,1,73,1,0,,15,42.0,29.0,2.0,265.0,15.0,1361.0,133.0,0.0,1.0,14.0,14.0,,15.0,,,ionq_simulator_offline(aria-1),simulator,True,,,,0.03951756004244089,3.6301369863013697,0.9568345323741008,,,,91.0,15.0,6.0,1.0,,,,,,,,,,,,,,986.0,133.0,227.0,
mermin_bell_nq15_ionq_aria-1_CPU_transpile_itrs0_opt3_20260422T011807Z.json,mermin_bell,15,ionq,aria-1,CPU,transpile,0,3.0,2026-04-22T01:18:07.045629Z,1,1,1,frontier,gen006,73,30,15.0,15,199,139,198,1,73,1,0,,15,42.0,29.0,3.0,265.0,15.0,1361.0,133.0,0.0,1.0,14.0,14.0,,15.0,,,ionq_simulator_offline(aria-1),simulator,True,,,,0.22048388794064522,3.6301369863013697,0.9568345323741008,,,,91.0,15.0,6.0,1.0,,,,,,,,,,,,,,986.0,133.0,227.0,
mermin_bell_nq15_ionq_aria-2_CPU_transpile_itrs0_opt0_20260422T011807Z.json,mermin_bell,15,ionq,aria-2,CPU,transpile,0,0.0,2026-04-22T01:18:07.070490Z,1,1,1,frontier,gen006,73,30,15.0,15,199,139,198,1,73,1,0,,15,42.0,29.0,0.0,274.0,15.0,1451.0,151.0,0.0,1.0,14.0,14.0,,15.0,,,ionq_simulator_offline(aria-2),simulator,True,,,,0.012834056979045272,3.7534246575342465,1.0863309352517985,,,,91.0,15.0,6.0,1.0,,,,,,,,,,,,,,1058.0,151.0,227.0,
mermin_bell_nq15_ionq_aria-2_CPU_transpile_itrs0_opt1_20260422T011807Z.json,mermin_bell,15,ionq,aria-2,CPU,transpile,0,1.0,2026-04-22T01:18:07.110553Z,1,1,1,frontier,gen006,73,30,15.0,15,199,139,198,1,73,1,0,,15,42.0,29.0,1.0,274.0,15.0,1451.0,151.0,0.0,1.0,14.0,14.0,,15.0,,,ionq_simulator_offline(aria-2),simulator,True,,,,0.029325214913114905,3.7534246575342465,1.0863309352517985,,,,91.0,15.0,6.0,1.0,,,,,,,,,,,,,,1058.0,151.0,227.0,
mermin_bell_nq15_ionq_aria-2_CPU_transpile_itrs0_opt2_20260422T011807Z.json,mermin_bell,15,ionq,aria-2,CPU,transpile,0,2.0,2026-04-22T01:18:07.160509Z,1,1,1,frontier,gen006,73,30,15.0,15,199,139,198,1,73,1,0,,15,42.0,29.0,2.0,265.0,15.0,1361.0,133.0,0.0,1.0,14.0,14.0,,15.0,,,ionq_simulator_offline(aria-2),simulator,True,,,,0.03962745284661651,3.6301369863013697,0.9568345323741008,,,,91.0,15.0,6.0,1.0,,,,,,,,,,,,,,986.0,133.0,227.0,
mermin_bell_nq15_ionq_aria-2_CPU_transpile_itrs0_opt3_20260422T011807Z.json,mermin_bell,15,ionq,aria-2,CPU,transpile,0,3.0,2026-04-22T01:18:07.257486Z,1,1,1,frontier,gen006,73,30,15.0,15,199,139,198,1,73,1,0,,15,42.0,29.0,3.0,265.0,15.0,1361.0,133.0,0.0,1.0,14.0,14.0,,15.0,,,ionq_simulator_offline(aria-2),simulator,True,,,,0.08653764915652573,3.6301369863013697,0.9568345323741008,,,,91.0,15.0,6.0,1.0,,,,,,,,,,,,,,986.0,133.0,227.0,
mermin_bell_nq15_ionq_forte-1_CPU_transpile_itrs0_opt0_20260422T011807Z.json,mermin_bell,15,ionq,forte-1,CPU,transpile,0,0.0,2026-04-22T01:18:07.280738Z,1,1,1,frontier,gen006,73,30,15.0,15,199,139,198,1,73,1,0,,15,42.0,29.0,0.0,274.0,15.0,1451.0,151.0,0.0,1.0,14.0,14.0,,15.0,,,ionq_simulator_offline(forte-1),simulator,True,,,,0.012047823052853346,3.7534246575342465,1.0863309352517985,,,,91.0,15.0,6.0,1.0,,,,,,,,,,,,,,1058.0,151.0,227.0,
mermin_bell_nq15_ionq_forte-1_CPU_transpile_itrs0_opt1_20260422T011807Z.json,mermin_bell,15,ionq,forte-1,CPU,transpile,0,1.0,2026-04-22T01:18:07.320724Z,1,1,1,frontier,gen006,73,30,15.0,15,199,139,198,1,73,1,0,,15,42.0,29.0,1.0,274.0,15.0,1451.0,151.0,0.0,1.0,14.0,14.0,,15.0,,,ionq_simulator_offline(forte-1),simulator,True,,,,0.029237044975161552,3.7534246575342465,1.0863309352517985,,,,91.0,15.0,6.0,1.0,,,,,,,,,,,,,,1058.0,151.0,227.0,
mermin_bell_nq15_ionq_forte-1_CPU_transpile_itrs0_opt2_20260422T011807Z.json,mermin_bell,15,ionq,forte-1,CPU,transpile,0,2.0,2026-04-22T01:18:07.370607Z,1,1,1,frontier,gen006,73,30,15.0,15,199,139,198,1,73,1,0,,15,42.0,29.0,2.0,265.0,15.0,1361.0,133.0,0.0,1.0,14.0,14.0,,15.0,,,ionq_simulator_offline(forte-1),simulator,True,,,,0.03952060593292117,3.6301369863013697,0.9568345323741008,,,,91.0,15.0,6.0,1.0,,,,,,,,,,,,,,986.0,133.0,227.0,
mermin_bell_nq15_ionq_forte-1_CPU_transpile_itrs0_opt3_20260422T011807Z.json,mermin_bell,15,ionq,forte-1,CPU,transpile,0,3.0,2026-04-22T01:18:07.468024Z,1,1,1,frontier,gen006,73,30,15.0,15,199,139,198,1,73,1,0,,15,42.0,29.0,3.0,265.0,15.0,1361.0,133.0,0.0,1.0,14.0,14.0,,15.0,,,ionq_simulator_offline(forte-1),simulator,True,,,,0.08696568896993995,3.6301369863013697,0.9568345323741008,,,,91.0,15.0,6.0,1.0,,,,,,,,,,,,,,986.0,133.0,227.0,
mermin_bell_nq15_ionq_forte-enterprise-1_CPU_transpile_itrs0_opt0_20260422T011807Z.json,mermin_bell,15,ionq,forte-enterprise-1,CPU,transpile,0,0.0,2026-04-22T01:18:07.490996Z,1,1,1,frontier,gen006,73,30,15.0,15,199,139,198,1,73,1,0,,15,42.0,29.0,0.0,274.0,15.0,1451.0,151.0,0.0,1.0,14.0,14.0,,15.0,,,ionq_simulator_offline(forte-enterprise-1),simulator,True,,,,0.011982506141066551,3.7534246575342465,1.0863309352517985,,,,91.0,15.0,6.0,1.0,,,,,,,,,,,,,,1058.0,151.0,227.0,
mermin_bell_nq15_ionq_forte-enterprise-1_CPU_transpile_itrs0_opt1_20260422T011807Z.json,mermin_bell,15,ionq,forte-enterprise-1,CPU,transpile,0,1.0,2026-04-22T01:18:07.530739Z,1,1,1,frontier,gen006,73,30,15.0,15,199,139,198,1,73,1,0,,15,42.0,29.0,1.0,274.0,15.0,1451.0,151.0,0.0,1.0,14.0,14.0,,15.0,,,ionq_simulator_offline(forte-enterprise-1),simulator,True,,,,0.029157690005376935,3.7534246575342465,1.0863309352517985,,,,91.0,15.0,6.0,1.0,,,,,,,,,,,,,,1058.0,151.0,227.0,
mermin_bell_nq15_ionq_forte-enterprise-1_CPU_transpile_itrs0_opt2_20260422T011807Z.json,mermin_bell,15,ionq,forte-enterprise-1,CPU,transpile,0,2.0,2026-04-22T01:18:07.580461Z,1,1,1,frontier,gen006,73,30,15.0,15,199,139,198,1,73,1,0,,15,42.0,29.0,2.0,265.0,15.0,1361.0,133.0,0.0,1.0,14.0,14.0,,15.0,,,ionq_simulator_offline(forte-enterprise-1),simulator,True,,,,0.0394966599997133,3.6301369863013697,0.9568345323741008,,,,91.0,15.0,6.0,1.0,,,,,,,,,,,,,,986.0,133.0,227.0,
mermin_bell_nq15_ionq_forte-enterprise-1_CPU_transpile_itrs0_opt3_20260422T011807Z.json,mermin_bell,15,ionq,forte-enterprise-1,CPU,transpile,0,3.0,2026-04-22T01:18:07.677831Z,1,1,1,frontier,gen006,73,30,15.0,15,199,139,198,1,73,1,0,,15,42.0,29.0,3.0,265.0,15.0,1361.0,133.0,0.0,1.0,14.0,14.0,,15.0,,,ionq_simulator_offline(forte-enterprise-1),simulator,True,,,,0.08686480298638344,3.6301369863013697,0.9568345323741008,,,,91.0,15.0,6.0,1.0,,,,,,,,,,,,,,986.0,133.0,227.0,
mermin_bell_nq15_ionq_harmony_CPU_transpile_itrs0_opt0_20260422T011807Z.json,mermin_bell,15,ionq,harmony,CPU,transpile,0,0.0,2026-04-22T01:18:07.700878Z,1,1,1,frontier,gen006,73,30,15.0,15,199,139,198,1,73,1,0,,15,42.0,29.0,0.0,274.0,15.0,1451.0,151.0,0.0,1.0,14.0,14.0,,15.0,,,ionq_simulator_offline(harmony),simulator,True,,,,0.011869938112795353,3.7534246575342465,1.0863309352517985,,,,91.0,15.0,6.0,1.0,,,,,,,,,,,,,,1058.0,151.0,227.0,
mermin_bell_nq15_ionq_harmony_CPU_transpile_itrs0_opt1_20260422T011807Z.json,mermin_bell,15,ionq,harmony,CPU,transpile,0,1.0,2026-04-22T01:18:07.740789Z,1,1,1,frontier,gen006,73,30,15.0,15,199,139,198,1,73,1,0,,15,42.0,29.0,1.0,274.0,15.0,1451.0,151.0,0.0,1.0,14.0,14.0,,15.0,,,ionq_simulator_offline(harmony),simulator,True,,,,0.029278264148160815,3.7534246575342465,1.0863309352517985,,,,91.0,15.0,6.0,1.0,,,,,,,,,,,,,,1058.0,151.0,227.0,
mermin_bell_nq15_ionq_harmony_CPU_transpile_itrs0_opt2_20260422T011807Z.json,mermin_bell,15,ionq,harmony,CPU,transpile,0,2.0,2026-04-22T01:18:07.790192Z,1,1,1,frontier,gen006,73,30,15.0,15,199,139,198,1,73,1,0,,15,42.0,29.0,2.0,265.0,15.0,1361.0,133.0,0.0,1.0,14.0,14.0,,15.0,,,ionq_simulator_offline(harmony),simulator,True,,,,0.03914735186845064,3.6301369863013697,0.9568345323741008,,,,91.0,15.0,6.0,1.0,,,,,,,,,,,,,,986.0,133.0,227.0,
mermin_bell_nq15_ionq_harmony_CPU_transpile_itrs0_opt3_20260422T011807Z.json,mermin_bell,15,ionq,harmony,CPU,transpile,0,3.0,2026-04-22T01:18:07.887449Z,1,1,1,frontier,gen006,73,30,15.0,15,199,139,198,1,73,1,0,,15,42.0,29.0,3.0,265.0,15.0,1361.0,133.0,0.0,1.0,14.0,14.0,,15.0,,,ionq_simulator_offline(harmony),simulator,True,,,,0.0867114351131022,3.6301369863013697,0.9568345323741008,,,,91.0,15.0,6.0,1.0,,,,,,,,,,,,,,986.0,133.0,227.0,
mermin_bell_nq15_ionq_ideal_CPU_transpile_itrs0_opt0_20260422T011806Z.json,mermin_bell,15,ionq,ideal,CPU,transpile,0,0.0,2026-04-22T01:18:06.611366Z,1,1,1,frontier,gen006,73,30,15.0,15,199,139,198,1,73,1,0,,15,42.0,29.0,0.0,128.0,15.0,604.0,151.0,0.0,1.0,14.0,14.0,,15.0,15.0,,ionq_simulator_offline(ideal),simulator,True,,,,0.6598043711856008,1.7534246575342465,1.0863309352517985,151.0,,,91.0,15.0,6.0,1.0,,,,,,,,,,,212.0,,,,,,211.0
mermin_bell_nq15_ionq_ideal_CPU_transpile_itrs0_opt1_20260422T011806Z.json,mermin_bell,15,ionq,ideal,CPU,transpile,0,1.0,2026-04-22T01:18:06.633920Z,1,1,1,frontier,gen006,73,30,15.0,15,199,139,198,1,73,1,0,,15,42.0,29.0,1.0,89.0,15.0,225.0,151.0,0.0,1.0,14.0,14.0,,15.0,15.0,,ionq_simulator_offline(ideal),simulator,True,,,,0.015619979007169604,1.2191780821917808,1.0863309352517985,151.0,,,91.0,15.0,6.0,1.0,,,,,,,,,,,15.0,,,,,,29.0
mermin_bell_nq15_ionq_ideal_CPU_transpile_itrs0_opt2_20260422T011806Z.json,mermin_bell,15,ionq,ideal,CPU,transpile,0,2.0,2026-04-22T01:18:06.672835Z,1,1,1,frontier,gen006,73,30,15.0,15,199,139,198,1,73,1,0,,15,42.0,29.0,2.0,85.0,15.0,208.0,132.0,0.0,1.0,14.0,14.0,,15.0,16.0,,ionq_simulator_offline(ideal),simulator,True,,,,0.032686394173651934,1.1643835616438356,0.9496402877697842,132.0,,,91.0,15.0,6.0,1.0,,,,,,,,,,,17.0,,,,,,28.0
mermin_bell_nq15_ionq_ideal_CPU_transpile_itrs0_opt3_20260422T011806Z.json,mermin_bell,15,ionq,ideal,CPU,transpile,0,3.0,2026-04-22T01:18:06.700890Z,1,1,1,frontier,gen006,73,30,15.0,15,199,139,198,1,73,1,0,,15,42.0,29.0,3.0,85.0,15.0,208.0,132.0,0.0,1.0,14.0,14.0,,15.0,16.0,,ionq_simulator_offline(ideal),simulator,True,,,,0.021643229061737657,1.1643835616438356,0.9496402877697842,132.0,,,91.0,15.0,6.0,1.0,,,,,,,,,,,17.0,,,,,,28.0
mermin_bell_nq15_nwqsim_MPI_CPU_sync_itrs1_20260225T140612Z.json,mermin_bell,15,nwqsim,MPI,CPU,sync,1,,2026-02-25T14:06:12.679498Z,1,112,1,borg,gen008_borg,73,15,,15,199,139,183,16,73,1,0,,15,42.0,29.0,,,,,,,,,,,,,,,,,1.0,0.0,1.0,,,,,,,91.0,15.0,6.0,1.0,,,,,,,,,,,,,,,,,
mermin_bell_nq16_ibmq_ibm_miami_CPU_sync_itrs1_20260225T020717Z.json,mermin_bell,16,ibmq,ibm_miami,CPU,sync,1,1.0,2026-02-25T02:07:17.443268Z,1,112,1,borg,gen008_borg,78,16,16.0,16,221,157,204,17,78,1,0,,16,45.0,31.0,1.0,603.0,120.0,1418.0,492.0,0.0,103.0,4.0,0.43333333333333335,492.0,16.0,177.0,733.0,ibm_miami,hardware,False,1.0,0.0,1.0,1.7866489384323359,7.730769230769231,3.1337579617834397,,,,105.0,16.0,7.0,1.0,,,,,,,,,,,,,,,,,
mermin_bell_nq16_ibmq_ibm_torino_CPU_sync_itrs1_20260225T020718Z.json,mermin_bell,16,ibmq,ibm_torino,CPU,sync,1,1.0,2026-02-25T02:07:18.900186Z,1,112,1,borg,gen008_borg,78,16,16.0,16,221,157,204,17,78,1,0,,16,45.0,31.0,1.0,907.0,133.0,2267.0,774.0,0.0,117.0,3.0,0.2556390977443609,774.0,16.0,181.0,1296.0,ibm_torino,hardware,False,1.0,0.0,1.0,1.642593044321984,11.628205128205128,4.929936305732484,,,,105.0,16.0,7.0,1.0,,,,,,,,,,,,,,,,,
mermin_bell_nq16_ionq_aria-1_CPU_transpile_itrs0_opt0_20260422T011812Z.json,mermin_bell,16,ionq,aria-1,CPU,transpile,0,0.0,2026-04-22T01:18:12.000242Z,1,1,1,frontier,gen006,78,32,16.0,16,221,157,220,1,78,1,0,,16,45.0,31.0,0.0,293.0,16.0,1645.0,171.0,0.0,1.0,15.0,15.0,,16.0,,,ionq_simulator_offline(aria-1),simulator,True,,,,0.013182339956983924,3.7564102564102564,1.089171974522293,,,,105.0,16.0,7.0,1.0,,,,,,,,,,,,,,1200.0,171.0,258.0,
mermin_bell_nq16_ionq_aria-1_CPU_transpile_itrs0_opt1_20260422T011812Z.json,mermin_bell,16,ionq,aria-1,CPU,transpile,0,1.0,2026-04-22T01:18:12.044239Z,1,1,1,frontier,gen006,78,32,16.0,16,221,157,220,1,78,1,0,,16,45.0,31.0,1.0,293.0,16.0,1645.0,171.0,0.0,1.0,15.0,15.0,,16.0,,,ionq_simulator_offline(aria-1),simulator,True,,,,0.03226572694256902,3.7564102564102564,1.089171974522293,,,,105.0,16.0,7.0,1.0,,,,,,,,,,,,,,1200.0,171.0,258.0,
mermin_bell_nq16_ionq_aria-1_CPU_transpile_itrs0_opt2_20260422T011812Z.json,mermin_bell,16,ionq,aria-1,CPU,transpile,0,2.0,2026-04-22T01:18:12.098718Z,1,1,1,frontier,gen006,78,32,16.0,16,221,157,220,1,78,1,0,,16,45.0,31.0,2.0,284.0,16.0,1540.0,150.0,0.0,1.0,15.0,15.0,,16.0,,,ionq_simulator_offline(aria-1),simulator,True,,,,0.043064471101388335,3.641025641025641,0.9554140127388535,,,,105.0,16.0,7.0,1.0,,,,,,,,,,,,,,1116.0,150.0,258.0,
mermin_bell_nq16_ionq_aria-1_CPU_transpile_itrs0_opt3_20260422T011812Z.json,mermin_bell,16,ionq,aria-1,CPU,transpile,0,3.0,2026-04-22T01:18:12.341471Z,1,1,1,frontier,gen006,78,32,16.0,16,221,157,220,1,78,1,0,,16,45.0,31.0,3.0,284.0,16.0,1540.0,150.0,0.0,1.0,15.0,15.0,,16.0,,,ionq_simulator_offline(aria-1),simulator,True,,,,0.23104200814850628,3.641025641025641,0.9554140127388535,,,,105.0,16.0,7.0,1.0,,,,,,,,,,,,,,1116.0,150.0,258.0,
mermin_bell_nq16_ionq_aria-2_CPU_transpile_itrs0_opt0_20260422T011812Z.json,mermin_bell,16,ionq,aria-2,CPU,transpile,0,0.0,2026-04-22T01:18:12.369789Z,1,1,1,frontier,gen006,78,32,16.0,16,221,157,220,1,78,1,0,,16,45.0,31.0,0.0,293.0,16.0,1645.0,171.0,0.0,1.0,15.0,15.0,,16.0,,,ionq_simulator_offline(aria-2),simulator,True,,,,0.013730181148275733,3.7564102564102564,1.089171974522293,,,,105.0,16.0,7.0,1.0,,,,,,,,,,,,,,1200.0,171.0,258.0,
mermin_bell_nq16_ionq_aria-2_CPU_transpile_itrs0_opt1_20260422T011812Z.json,mermin_bell,16,ionq,aria-2,CPU,transpile,0,1.0,2026-04-22T01:18:12.413816Z,1,1,1,frontier,gen006,78,32,16.0,16,221,157,220,1,78,1,0,,16,45.0,31.0,1.0,293.0,16.0,1645.0,171.0,0.0,1.0,15.0,15.0,,16.0,,,ionq_simulator_offline(aria-2),simulator,True,,,,0.03196305106393993,3.7564102564102564,1.089171974522293,,,,105.0,16.0,7.0,1.0,,,,,,,,,,,,,,1200.0,171.0,258.0,
mermin_bell_nq16_ionq_aria-2_CPU_transpile_itrs0_opt2_20260422T011812Z.json,mermin_bell,16,ionq,aria-2,CPU,transpile,0,2.0,2026-04-22T01:18:12.468160Z,1,1,1,frontier,gen006,78,32,16.0,16,221,157,220,1,78,1,0,,16,45.0,31.0,2.0,284.0,16.0,1540.0,150.0,0.0,1.0,15.0,15.0,,16.0,,,ionq_simulator_offline(aria-2),simulator,True,,,,0.042886998038738966,3.641025641025641,0.9554140127388535,,,,105.0,16.0,7.0,1.0,,,,,,,,,,,,,,1116.0,150.0,258.0,
mermin_bell_nq16_ionq_aria-2_CPU_transpile_itrs0_opt3_20260422T011812Z.json,mermin_bell,16,ionq,aria-2,CPU,transpile,0,3.0,2026-04-22T01:18:12.575564Z,1,1,1,frontier,gen006,78,32,16.0,16,221,157,220,1,78,1,0,,16,45.0,31.0,3.0,284.0,16.0,1540.0,150.0,0.0,1.0,15.0,15.0,,16.0,,,ionq_simulator_offline(aria-2),simulator,True,,,,0.09554661088623106,3.641025641025641,0.9554140127388535,,,,105.0,16.0,7.0,1.0,,,,,,,,,,,,,,1116.0,150.0,258.0,
mermin_bell_nq16_ionq_forte-1_CPU_transpile_itrs0_opt0_20260422T011812Z.json,mermin_bell,16,ionq,forte-1,CPU,transpile,0,0.0,2026-04-22T01:18:12.600963Z,1,1,1,frontier,gen006,78,32,16.0,16,221,157,220,1,78,1,0,,16,45.0,31.0,0.0,293.0,16.0,1645.0,171.0,0.0,1.0,15.0,15.0,,16.0,,,ionq_simulator_offline(forte-1),simulator,True,,,,0.01301625813357532,3.7564102564102564,1.089171974522293,,,,105.0,16.0,7.0,1.0,,,,,,,,,,,,,,1200.0,171.0,258.0,
mermin_bell_nq16_ionq_forte-1_CPU_transpile_itrs0_opt1_20260422T011812Z.json,mermin_bell,16,ionq,forte-1,CPU,transpile,0,1.0,2026-04-22T01:18:12.644606Z,1,1,1,frontier,gen006,78,32,16.0,16,221,157,220,1,78,1,0,,16,45.0,31.0,1.0,293.0,16.0,1645.0,171.0,0.0,1.0,15.0,15.0,,16.0,,,ionq_simulator_offline(forte-1),simulator,True,,,,0.03166191792115569,3.7564102564102564,1.089171974522293,,,,105.0,16.0,7.0,1.0,,,,,,,,,,,,,,1200.0,171.0,258.0,
mermin_bell_nq16_ionq_forte-1_CPU_transpile_itrs0_opt2_20260422T011812Z.json,mermin_bell,16,ionq,forte-1,CPU,transpile,0,2.0,2026-04-22T01:18:12.698661Z,1,1,1,frontier,gen006,78,32,16.0,16,221,157,220,1,78,1,0,,16,45.0,31.0,2.0,284.0,16.0,1540.0,150.0,0.0,1.0,15.0,15.0,,16.0,,,ionq_simulator_offline(forte-1),simulator,True,,,,0.04277810687199235,3.641025641025641,0.9554140127388535,,,,105.0,16.0,7.0,1.0,,,,,,,,,,,,,,1116.0,150.0,258.0,
mermin_bell_nq16_ionq_forte-1_CPU_transpile_itrs0_opt3_20260422T011812Z.json,mermin_bell,16,ionq,forte-1,CPU,transpile,0,3.0,2026-04-22T01:18:12.805743Z,1,1,1,frontier,gen006,78,32,16.0,16,221,157,220,1,78,1,0,,16,45.0,31.0,3.0,284.0,16.0,1540.0,150.0,0.0,1.0,15.0,15.0,,16.0,,,ionq_simulator_offline(forte-1),simulator,True,,,,0.09557571704499424,3.641025641025641,0.9554140127388535,,,,105.0,16.0,7.0,1.0,,,,,,,,,,,,,,1116.0,150.0,258.0,
mermin_bell_nq16_ionq_forte-enterprise-1_CPU_transpile_itrs0_opt0_20260422T011812Z.json,mermin_bell,16,ionq,forte-enterprise-1,CPU,transpile,0,0.0,2026-04-22T01:18:12.830739Z,1,1,1,frontier,gen006,78,32,16.0,16,221,157,220,1,78,1,0,,16,45.0,31.0,0.0,293.0,16.0,1645.0,171.0,0.0,1.0,15.0,15.0,,16.0,,,ionq_simulator_offline(forte-enterprise-1),simulator,True,,,,0.012829326093196869,3.7564102564102564,1.089171974522293,,,,105.0,16.0,7.0,1.0,,,,,,,,,,,,,,1200.0,171.0,258.0,
mermin_bell_nq16_ionq_forte-enterprise-1_CPU_transpile_itrs0_opt1_20260422T011812Z.json,mermin_bell,16,ionq,forte-enterprise-1,CPU,transpile,0,1.0,2026-04-22T01:18:12.874149Z,1,1,1,frontier,gen006,78,32,16.0,16,221,157,220,1,78,1,0,,16,45.0,31.0,1.0,293.0,16.0,1645.0,171.0,0.0,1.0,15.0,15.0,,16.0,,,ionq_simulator_offline(forte-enterprise-1),simulator,True,,,,0.03178659011609852,3.7564102564102564,1.089171974522293,,,,105.0,16.0,7.0,1.0,,,,,,,,,,,,,,1200.0,171.0,258.0,
mermin_bell_nq16_ionq_forte-enterprise-1_CPU_transpile_itrs0_opt2_20260422T011812Z.json,mermin_bell,16,ionq,forte-enterprise-1,CPU,transpile,0,2.0,2026-04-22T01:18:12.928352Z,1,1,1,frontier,gen006,78,32,16.0,16,221,157,220,1,78,1,0,,16,45.0,31.0,2.0,284.0,16.0,1540.0,150.0,0.0,1.0,15.0,15.0,,16.0,,,ionq_simulator_offline(forte-enterprise-1),simulator,True,,,,0.04293856699950993,3.641025641025641,0.9554140127388535,,,,105.0,16.0,7.0,1.0,,,,,,,,,,,,,,1116.0,150.0,258.0,
mermin_bell_nq16_ionq_forte-enterprise-1_CPU_transpile_itrs0_opt3_20260422T011813Z.json,mermin_bell,16,ionq,forte-enterprise-1,CPU,transpile,0,3.0,2026-04-22T01:18:13.035473Z,1,1,1,frontier,gen006,78,32,16.0,16,221,157,220,1,78,1,0,,16,45.0,31.0,3.0,284.0,16.0,1540.0,150.0,0.0,1.0,15.0,15.0,,16.0,,,ionq_simulator_offline(forte-enterprise-1),simulator,True,,,,0.09554453613236547,3.641025641025641,0.9554140127388535,,,,105.0,16.0,7.0,1.0,,,,,,,,,,,,,,1116.0,150.0,258.0,
mermin_bell_nq16_ionq_harmony_CPU_transpile_itrs0_opt0_20260422T011813Z.json,mermin_bell,16,ionq,harmony,CPU,transpile,0,0.0,2026-04-22T01:18:13.060561Z,1,1,1,frontier,gen006,78,32,16.0,16,221,157,220,1,78,1,0,,16,45.0,31.0,0.0,293.0,16.0,1645.0,171.0,0.0,1.0,15.0,15.0,,16.0,,,ionq_simulator_offline(harmony),simulator,True,,,,0.012856728862971067,3.7564102564102564,1.089171974522293,,,,105.0,16.0,7.0,1.0,,,,,,,,,,,,,,1200.0,171.0,258.0,
mermin_bell_nq16_ionq_harmony_CPU_transpile_itrs0_opt1_20260422T011813Z.json,mermin_bell,16,ionq,harmony,CPU,transpile,0,1.0,2026-04-22T01:18:13.104286Z,1,1,1,frontier,gen006,78,32,16.0,16,221,157,220,1,78,1,0,,16,45.0,31.0,1.0,293.0,16.0,1645.0,171.0,0.0,1.0,15.0,15.0,,16.0,,,ionq_simulator_offline(harmony),simulator,True,,,,0.03195444494485855,3.7564102564102564,1.089171974522293,,,,105.0,16.0,7.0,1.0,,,,,,,,,,,,,,1200.0,171.0,258.0,
mermin_bell_nq16_ionq_harmony_CPU_transpile_itrs0_opt2_20260422T011813Z.json,mermin_bell,16,ionq,harmony,CPU,transpile,0,2.0,2026-04-22T01:18:13.158231Z,1,1,1,frontier,gen006,78,32,16.0,16,221,157,220,1,78,1,0,,16,45.0,31.0,2.0,284.0,16.0,1540.0,150.0,0.0,1.0,15.0,15.0,,16.0,,,ionq_simulator_offline(harmony),simulator,True,,,,0.04272554419003427,3.641025641025641,0.9554140127388535,,,,105.0,16.0,7.0,1.0,,,,,,,,,,,,,,1116.0,150.0,258.0,
mermin_bell_nq16_ionq_harmony_CPU_transpile_itrs0_opt3_20260422T011813Z.json,mermin_bell,16,ionq,harmony,CPU,transpile,0,3.0,2026-04-22T01:18:13.264835Z,1,1,1,frontier,gen006,78,32,16.0,16,221,157,220,1,78,1,0,,16,45.0,31.0,3.0,284.0,16.0,1540.0,150.0,0.0,1.0,15.0,15.0,,16.0,,,ionq_simulator_offline(harmony),simulator,True,,,,0.09504387713968754,3.641025641025641,0.9554140127388535,,,,105.0,16.0,7.0,1.0,,,,,,,,,,,,,,1116.0,150.0,258.0,
mermin_bell_nq16_ionq_ideal_CPU_transpile_itrs0_opt0_20260422T011811Z.json,mermin_bell,16,ionq,ideal,CPU,transpile,0,0.0,2026-04-22T01:18:11.888773Z,1,1,1,frontier,gen006,78,32,16.0,16,221,157,220,1,78,1,0,,16,45.0,31.0,0.0,137.0,16.0,686.0,171.0,0.0,1.0,15.0,15.0,,16.0,16.0,,ionq_simulator_offline(ideal),simulator,True,,,,0.6577495220117271,1.7564102564102564,1.089171974522293,171.0,,,105.0,16.0,7.0,1.0,,,,,,,,,,,242.0,,,,,,241.0
mermin_bell_nq16_ionq_ideal_CPU_transpile_itrs0_opt1_20260422T011811Z.json,mermin_bell,16,ionq,ideal,CPU,transpile,0,1.0,2026-04-22T01:18:11.910546Z,1,1,1,frontier,gen006,78,32,16.0,16,221,157,220,1,78,1,0,,16,45.0,31.0,1.0,95.0,16.0,250.0,171.0,0.0,1.0,15.0,15.0,,16.0,16.0,,ionq_simulator_offline(ideal),simulator,True,,,,0.014584786025807261,1.2179487179487178,1.089171974522293,171.0,,,105.0,16.0,7.0,1.0,,,,,,,,,,,16.0,,,,,,31.0
mermin_bell_nq16_ionq_ideal_CPU_transpile_itrs0_opt2_20260422T011811Z.json,mermin_bell,16,ionq,ideal,CPU,transpile,0,2.0,2026-04-22T01:18:11.944734Z,1,1,1,frontier,gen006,78,32,16.0,16,221,157,220,1,78,1,0,,16,45.0,31.0,2.0,91.0,16.0,230.0,149.0,0.0,1.0,15.0,15.0,,16.0,17.0,,ionq_simulator_offline(ideal),simulator,True,,,,0.027504646917805076,1.1666666666666667,0.9490445859872612,149.0,,,105.0,16.0,7.0,1.0,,,,,,,,,,,18.0,,,,,,30.0
mermin_bell_nq16_ionq_ideal_CPU_transpile_itrs0_opt3_20260422T011811Z.json,mermin_bell,16,ionq,ideal,CPU,transpile,0,3.0,2026-04-22T01:18:11.974893Z,1,1,1,frontier,gen006,78,32,16.0,16,221,157,220,1,78,1,0,,16,45.0,31.0,3.0,91.0,16.0,230.0,149.0,0.0,1.0,15.0,15.0,,16.0,17.0,,ionq_simulator_offline(ideal),simulator,True,,,,0.02298932196572423,1.1666666666666667,0.9490445859872612,149.0,,,105.0,16.0,7.0,1.0,,,,,,,,,,,18.0,,,,,,30.0
mermin_bell_nq16_nwqsim_MPI_CPU_sync_itrs1_20260225T020718Z.json,mermin_bell,16,nwqsim,MPI,CPU,sync,1,,2026-02-25T02:07:18.920988Z,1,112,1,borg,gen008_borg,78,16,,16,221,157,204,17,78,1,0,,16,45.0,31.0,,,,,,,,,,,,,,,,,1.0,0.0,1.0,,,,,,,105.0,16.0,7.0,1.0,,,,,,,,,,,,,,,,,
mermin_bell_nq20_ibmq_ibm_torino_CPU_sync_itrs1_20260317T002953Z.json,mermin_bell,20,ibmq,ibm_torino,CPU,sync,1,1.0,2026-03-17T00:29:53.181697Z,1,112,1,borg,gen008_borg,98,20,20.0,20,317,237,296,21,98,1,0,,20,57.0,39.0,1.0,1101.0,133.0,3346.0,1161.0,0.0,110.0,3.0,0.37593984962406013,1161.0,20.0,241.0,1924.0,ibm_torino,hardware,False,1.0,0.0,1.0,1.874521393328905,11.23469387755102,4.89873417721519,,,,171.0,20.0,9.0,1.0,,,,,,,,,,,,,,,,,
mermin_bell_nq20_ionq_aria-1_CPU_transpile_itrs0_opt0_20260422T012109Z.json,mermin_bell,20,ionq,aria-1,CPU,transpile,0,0.0,2026-04-22T01:21:09.907319Z,1,1,1,frontier,gen006,98,40,20.0,20,317,237,316,1,98,1,0,,20,57.0,39.0,0.0,369.0,20.0,2501.0,255.0,0.0,1.0,19.0,19.0,,20.0,,,ionq_simulator_offline(aria-1),simulator,True,,,,0.017210297053679824,3.7653061224489797,1.0759493670886076,,,,171.0,20.0,9.0,1.0,,,,,,,,,,,,,,1824.0,255.0,402.0,
mermin_bell_nq20_ionq_aria-1_CPU_transpile_itrs0_opt1_20260422T012109Z.json,mermin_bell,20,ionq,aria-1,CPU,transpile,0,1.0,2026-04-22T01:21:09.969074Z,1,1,1,frontier,gen006,98,40,20.0,20,317,237,316,1,98,1,0,,20,57.0,39.0,1.0,369.0,20.0,2501.0,255.0,0.0,1.0,19.0,19.0,,20.0,,,ionq_simulator_offline(aria-1),simulator,True,,,,0.04436511802487075,3.7653061224489797,1.0759493670886076,,,,171.0,20.0,9.0,1.0,,,,,,,,,,,,,,1824.0,255.0,402.0,
mermin_bell_nq20_ionq_aria-1_CPU_transpile_itrs0_opt2_20260422T012110Z.json,mermin_bell,20,ionq,aria-1,CPU,transpile,0,2.0,2026-04-22T01:21:10.046648Z,1,1,1,frontier,gen006,98,40,20.0,20,317,237,316,1,98,1,0,,20,57.0,39.0,2.0,360.0,20.0,2366.0,228.0,0.0,1.0,19.0,19.0,,20.0,,,ionq_simulator_offline(aria-1),simulator,True,,,,0.06051626708358526,3.673469387755102,0.9620253164556962,,,,171.0,20.0,9.0,1.0,,,,,,,,,,,,,,1716.0,228.0,402.0,
mermin_bell_nq20_ionq_aria-1_CPU_transpile_itrs0_opt3_20260422T012110Z.json,mermin_bell,20,ionq,aria-1,CPU,transpile,0,3.0,2026-04-22T01:21:10.366173Z,1,1,1,frontier,gen006,98,40,20.0,20,317,237,316,1,98,1,0,,20,57.0,39.0,3.0,360.0,20.0,2366.0,228.0,0.0,1.0,19.0,19.0,,20.0,,,ionq_simulator_offline(aria-1),simulator,True,,,,0.30248207692056894,3.673469387755102,0.9620253164556962,,,,171.0,20.0,9.0,1.0,,,,,,,,,,,,,,1716.0,228.0,402.0,
mermin_bell_nq20_ionq_aria-2_CPU_transpile_itrs0_opt0_20260422T012110Z.json,mermin_bell,20,ionq,aria-2,CPU,transpile,0,0.0,2026-04-22T01:21:10.404253Z,1,1,1,frontier,gen006,98,40,20.0,20,317,237,316,1,98,1,0,,20,57.0,39.0,0.0,369.0,20.0,2501.0,255.0,0.0,1.0,19.0,19.0,,20.0,,,ionq_simulator_offline(aria-2),simulator,True,,,,0.017780619906261563,3.7653061224489797,1.0759493670886076,,,,171.0,20.0,9.0,1.0,,,,,,,,,,,,,,1824.0,255.0,402.0,
mermin_bell_nq20_ionq_aria-2_CPU_transpile_itrs0_opt1_20260422T012110Z.json,mermin_bell,20,ionq,aria-2,CPU,transpile,0,1.0,2026-04-22T01:21:10.465993Z,1,1,1,frontier,gen006,98,40,20.0,20,317,237,316,1,98,1,0,,20,57.0,39.0,1.0,369.0,20.0,2501.0,255.0,0.0,1.0,19.0,19.0,,20.0,,,ionq_simulator_offline(aria-2),simulator,True,,,,0.04409499512985349,3.7653061224489797,1.0759493670886076,,,,171.0,20.0,9.0,1.0,,,,,,,,,,,,,,1824.0,255.0,402.0,
mermin_bell_nq20_ionq_aria-2_CPU_transpile_itrs0_opt2_20260422T012110Z.json,mermin_bell,20,ionq,aria-2,CPU,transpile,0,2.0,2026-04-22T01:21:10.543255Z,1,1,1,frontier,gen006,98,40,20.0,20,317,237,316,1,98,1,0,,20,57.0,39.0,2.0,360.0,20.0,2366.0,228.0,0.0,1.0,19.0,19.0,,20.0,,,ionq_simulator_offline(aria-2),simulator,True,,,,0.06055342988111079,3.673469387755102,0.9620253164556962,,,,171.0,20.0,9.0,1.0,,,,,,,,,,,,,,1716.0,228.0,402.0,
mermin_bell_nq20_ionq_aria-2_CPU_transpile_itrs0_opt3_20260422T012110Z.json,mermin_bell,20,ionq,aria-2,CPU,transpile,0,3.0,2026-04-22T01:21:10.702366Z,1,1,1,frontier,gen006,98,40,20.0,20,317,237,316,1,98,1,0,,20,57.0,39.0,3.0,360.0,20.0,2366.0,228.0,0.0,1.0,19.0,19.0,,20.0,,,ionq_simulator_offline(aria-2),simulator,True,,,,0.14208517014048994,3.673469387755102,0.9620253164556962,,,,171.0,20.0,9.0,1.0,,,,,,,,,,,,,,1716.0,228.0,402.0,
mermin_bell_nq20_ionq_forte-1_CPU_transpile_itrs0_opt0_20260422T012110Z.json,mermin_bell,20,ionq,forte-1,CPU,transpile,0,0.0,2026-04-22T01:21:10.737203Z,1,1,1,frontier,gen006,98,40,20.0,20,317,237,316,1,98,1,0,,20,57.0,39.0,0.0,369.0,20.0,2501.0,255.0,0.0,1.0,19.0,19.0,,20.0,,,ionq_simulator_offline(forte-1),simulator,True,,,,0.016858888091519475,3.7653061224489797,1.0759493670886076,,,,171.0,20.0,9.0,1.0,,,,,,,,,,,,,,1824.0,255.0,402.0,
mermin_bell_nq20_ionq_forte-1_CPU_transpile_itrs0_opt1_20260422T012110Z.json,mermin_bell,20,ionq,forte-1,CPU,transpile,0,1.0,2026-04-22T01:21:10.798717Z,1,1,1,frontier,gen006,98,40,20.0,20,317,237,316,1,98,1,0,,20,57.0,39.0,1.0,369.0,20.0,2501.0,255.0,0.0,1.0,19.0,19.0,,20.0,,,ionq_simulator_offline(forte-1),simulator,True,,,,0.044060108019039035,3.7653061224489797,1.0759493670886076,,,,171.0,20.0,9.0,1.0,,,,,,,,,,,,,,1824.0,255.0,402.0,
mermin_bell_nq20_ionq_forte-1_CPU_transpile_itrs0_opt2_20260422T012110Z.json,mermin_bell,20,ionq,forte-1,CPU,transpile,0,2.0,2026-04-22T01:21:10.875658Z,1,1,1,frontier,gen006,98,40,20.0,20,317,237,316,1,98,1,0,,20,57.0,39.0,2.0,360.0,20.0,2366.0,228.0,0.0,1.0,19.0,19.0,,20.0,,,ionq_simulator_offline(forte-1),simulator,True,,,,0.06036142795346677,3.673469387755102,0.9620253164556962,,,,171.0,20.0,9.0,1.0,,,,,,,,,,,,,,1716.0,228.0,402.0,
mermin_bell_nq20_ionq_forte-1_CPU_transpile_itrs0_opt3_20260422T012111Z.json,mermin_bell,20,ionq,forte-1,CPU,transpile,0,3.0,2026-04-22T01:21:11.034509Z,1,1,1,frontier,gen006,98,40,20.0,20,317,237,316,1,98,1,0,,20,57.0,39.0,3.0,360.0,20.0,2366.0,228.0,0.0,1.0,19.0,19.0,,20.0,,,ionq_simulator_offline(forte-1),simulator,True,,,,0.14184988592751324,3.673469387755102,0.9620253164556962,,,,171.0,20.0,9.0,1.0,,,,,,,,,,,,,,1716.0,228.0,402.0,
mermin_bell_nq20_ionq_forte-enterprise-1_CPU_transpile_itrs0_opt0_20260422T012111Z.json,mermin_bell,20,ionq,forte-enterprise-1,CPU,transpile,0,0.0,2026-04-22T01:21:11.069248Z,1,1,1,frontier,gen006,98,40,20.0,20,317,237,316,1,98,1,0,,20,57.0,39.0,0.0,369.0,20.0,2501.0,255.0,0.0,1.0,19.0,19.0,,20.0,,,ionq_simulator_offline(forte-enterprise-1),simulator,True,,,,0.01694240001961589,3.7653061224489797,1.0759493670886076,,,,171.0,20.0,9.0,1.0,,,,,,,,,,,,,,1824.0,255.0,402.0,
mermin_bell_nq20_ionq_forte-enterprise-1_CPU_transpile_itrs0_opt1_20260422T012111Z.json,mermin_bell,20,ionq,forte-enterprise-1,CPU,transpile,0,1.0,2026-04-22T01:21:11.129969Z,1,1,1,frontier,gen006,98,40,20.0,20,317,237,316,1,98,1,0,,20,57.0,39.0,1.0,369.0,20.0,2501.0,255.0,0.0,1.0,19.0,19.0,,20.0,,,ionq_simulator_offline(forte-enterprise-1),simulator,True,,,,0.04388327710330486,3.7653061224489797,1.0759493670886076,,,,171.0,20.0,9.0,1.0,,,,,,,,,,,,,,1824.0,255.0,402.0,
mermin_bell_nq20_ionq_forte-enterprise-1_CPU_transpile_itrs0_opt2_20260422T012111Z.json,mermin_bell,20,ionq,forte-enterprise-1,CPU,transpile,0,2.0,2026-04-22T01:21:11.207402Z,1,1,1,frontier,gen006,98,40,20.0,20,317,237,316,1,98,1,0,,20,57.0,39.0,2.0,360.0,20.0,2366.0,228.0,0.0,1.0,19.0,19.0,,20.0,,,ionq_simulator_offline(forte-enterprise-1),simulator,True,,,,0.060747615061700344,3.673469387755102,0.9620253164556962,,,,171.0,20.0,9.0,1.0,,,,,,,,,,,,,,1716.0,228.0,402.0,
mermin_bell_nq20_ionq_forte-enterprise-1_CPU_transpile_itrs0_opt3_20260422T012111Z.json,mermin_bell,20,ionq,forte-enterprise-1,CPU,transpile,0,3.0,2026-04-22T01:21:11.462378Z,1,1,1,frontier,gen006,98,40,20.0,20,317,237,316,1,98,1,0,,20,57.0,39.0,3.0,360.0,20.0,2366.0,228.0,0.0,1.0,19.0,19.0,,20.0,,,ionq_simulator_offline(forte-enterprise-1),simulator,True,,,,0.23761656298302114,3.673469387755102,0.9620253164556962,,,,171.0,20.0,9.0,1.0,,,,,,,,,,,,,,1716.0,228.0,402.0,
mermin_bell_nq20_ionq_harmony_CPU_transpile_itrs0_opt0_20260422T012111Z.json,mermin_bell,20,ionq,harmony,CPU,transpile,0,0.0,2026-04-22T01:21:11.497764Z,1,1,1,frontier,gen006,98,40,20.0,20,317,237,316,1,98,1,0,,20,57.0,39.0,0.0,369.0,20.0,2501.0,255.0,0.0,1.0,19.0,19.0,,20.0,,,ionq_simulator_offline(harmony),simulator,True,,,,0.017436375143006444,3.7653061224489797,1.0759493670886076,,,,171.0,20.0,9.0,1.0,,,,,,,,,,,,,,1824.0,255.0,402.0,
mermin_bell_nq20_ionq_harmony_CPU_transpile_itrs0_opt1_20260422T012111Z.json,mermin_bell,20,ionq,harmony,CPU,transpile,0,1.0,2026-04-22T01:21:11.559549Z,1,1,1,frontier,gen006,98,40,20.0,20,317,237,316,1,98,1,0,,20,57.0,39.0,1.0,369.0,20.0,2501.0,255.0,0.0,1.0,19.0,19.0,,20.0,,,ionq_simulator_offline(harmony),simulator,True,,,,0.0443774308077991,3.7653061224489797,1.0759493670886076,,,,171.0,20.0,9.0,1.0,,,,,,,,,,,,,,1824.0,255.0,402.0,
mermin_bell_nq20_ionq_harmony_CPU_transpile_itrs0_opt2_20260422T012111Z.json,mermin_bell,20,ionq,harmony,CPU,transpile,0,2.0,2026-04-22T01:21:11.636121Z,1,1,1,frontier,gen006,98,40,20.0,20,317,237,316,1,98,1,0,,20,57.0,39.0,2.0,360.0,20.0,2366.0,228.0,0.0,1.0,19.0,19.0,,20.0,,,ionq_simulator_offline(harmony),simulator,True,,,,0.05999848688952625,3.673469387755102,0.9620253164556962,,,,171.0,20.0,9.0,1.0,,,,,,,,,,,,,,1716.0,228.0,402.0,
mermin_bell_nq20_ionq_harmony_CPU_transpile_itrs0_opt3_20260422T012111Z.json,mermin_bell,20,ionq,harmony,CPU,transpile,0,3.0,2026-04-22T01:21:11.795940Z,1,1,1,frontier,gen006,98,40,20.0,20,317,237,316,1,98,1,0,,20,57.0,39.0,3.0,360.0,20.0,2366.0,228.0,0.0,1.0,19.0,19.0,,20.0,,,ionq_simulator_offline(harmony),simulator,True,,,,0.14283821592107415,3.673469387755102,0.9620253164556962,,,,171.0,20.0,9.0,1.0,,,,,,,,,,,,,,1716.0,228.0,402.0,
mermin_bell_nq20_ionq_ideal_CPU_transpile_itrs0_opt0_20260422T012109Z.json,mermin_bell,20,ionq,ideal,CPU,transpile,0,0.0,2026-04-22T01:21:09.764653Z,1,1,1,frontier,gen006,98,40,20.0,20,317,237,316,1,98,1,0,,20,57.0,39.0,0.0,173.0,20.0,1058.0,255.0,0.0,1.0,19.0,19.0,,20.0,20.0,,ionq_simulator_offline(ideal),simulator,True,,,,0.7267296670470387,1.7653061224489797,1.0759493670886076,255.0,,,171.0,20.0,9.0,1.0,,,,,,,,,,,382.0,,,,,,381.0
mermin_bell_nq20_ionq_ideal_CPU_transpile_itrs0_opt1_20260422T012109Z.json,mermin_bell,20,ionq,ideal,CPU,transpile,0,1.0,2026-04-22T01:21:09.792459Z,1,1,1,frontier,gen006,98,40,20.0,20,317,237,316,1,98,1,0,,20,57.0,39.0,1.0,119.0,20.0,354.0,255.0,0.0,1.0,19.0,19.0,,20.0,20.0,,ionq_simulator_offline(ideal),simulator,True,,,,0.01672522001899779,1.2142857142857142,1.0759493670886076,255.0,,,171.0,20.0,9.0,1.0,,,,,,,,,,,20.0,,,,,,39.0
mermin_bell_nq20_ionq_ideal_CPU_transpile_itrs0_opt2_20260422T012109Z.json,mermin_bell,20,ionq,ideal,CPU,transpile,0,2.0,2026-04-22T01:21:09.833722Z,1,1,1,frontier,gen006,98,40,20.0,20,317,237,316,1,98,1,0,,20,57.0,39.0,2.0,115.0,20.0,328.0,227.0,0.0,1.0,19.0,19.0,,20.0,21.0,,ionq_simulator_offline(ideal),simulator,True,,,,0.03185689891688526,1.1734693877551021,0.9578059071729957,227.0,,,171.0,20.0,9.0,1.0,,,,,,,,,,,22.0,,,,,,38.0
mermin_bell_nq20_ionq_ideal_CPU_transpile_itrs0_opt3_20260422T012109Z.json,mermin_bell,20,ionq,ideal,CPU,transpile,0,3.0,2026-04-22T01:21:09.872303Z,1,1,1,frontier,gen006,98,40,20.0,20,317,237,316,1,98,1,0,,20,57.0,39.0,3.0,115.0,20.0,328.0,227.0,0.0,1.0,19.0,19.0,,20.0,21.0,,ionq_simulator_offline(ideal),simulator,True,,,,0.028807474998757243,1.1734693877551021,0.9578059071729957,227.0,,,171.0,20.0,9.0,1.0,,,,,,,,,,,22.0,,,,,,38.0
mermin_bell_nq23_ibmq_ibm_miami_CPU_sync_itrs1_20260317T220827Z.json,mermin_bell,23,ibmq,ibm_miami,CPU,sync,1,1.0,2026-03-17T22:08:27.257786Z,1,112,1,borg,gen008_borg,113,23,23.0,23,399,307,375,24,113,1,0,,23,66.0,45.0,1.0,1032.0,120.0,2900.0,1050.0,0.0,95.0,4.0,0.6833333333333333,1050.0,23.0,256.0,1571.0,ibm_miami,hardware,False,1.0,0.0,1.0,1.7532898117788136,9.132743362831858,3.420195439739414,,,,231.0,23.0,10.0,1.0,,,,,,,,,,,,,,,,,
mermin_bell_nq23_ibmq_ibm_torino_CPU_sync_itrs1_20260317T220818Z.json,mermin_bell,23,ibmq,ibm_torino,CPU,sync,1,1.0,2026-03-17T22:08:18.064697Z,1,112,1,borg,gen008_borg,113,23,23.0,23,399,307,375,24,113,1,0,,23,66.0,45.0,1.0,1494.0,133.0,4250.0,1497.0,0.0,111.0,3.0,0.3308270676691729,1497.0,23.0,268.0,2462.0,ibm_torino,hardware,False,1.0,0.0,1.0,3.333699306997005,13.221238938053098,4.8762214983713354,,,,231.0,23.0,10.0,1.0,,,,,,,,,,,,,,,,,
mermin_bell_nq4_ibmq_ibm_miami_CPU_sync_itrs1_20260317T191608Z.json,mermin_bell,4,ibmq,ibm_miami,CPU,sync,1,1.0,2026-03-17T19:16:08.203301Z,1,112,1,borg,gen008_borg,18,4,4.0,4,29,13,24,5,18,1,0,,4,9.0,7.0,1.0,66.0,120.0,111.0,27.0,0.0,117.0,2.0,0.06666666666666667,27.0,4.0,37.0,43.0,ibm_miami,hardware,False,1.0,0.0,1.0,2.0309167304076254,3.6666666666666665,2.076923076923077,,,,3.0,4.0,1.0,1.0,,,,,,,,,,,,,,,,,
mermin_bell_nq4_ibmq_ibm_torino_CPU_sync_itrs1_20260317T180900Z.json,mermin_bell,4,ibmq,ibm_torino,CPU,sync,1,1.0,2026-03-17T18:09:00.826692Z,1,112,1,borg,gen008_borg,18,4,4.0,4,29,13,24,5,18,1,0,,4,9.0,7.0,1.0,76.0,133.0,124.0,33.0,0.0,130.0,3.0,0.045112781954887216,33.0,4.0,33.0,54.0,ibm_torino,hardware,False,1.0,0.0,1.0,1.5372399147599936,4.222222222222222,2.5384615384615383,,,,3.0,4.0,1.0,1.0,,,,,,,,,,,,,,,,,
mermin_bell_nq4_ionq_aria-1_CPU_transpile_itrs0_opt0_20260422T011801Z.json,mermin_bell,4,ionq,aria-1,CPU,transpile,0,0.0,2026-04-22T01:18:01.968515Z,1,1,1,frontier,gen006,18,8,4.0,4,29,13,28,1,18,1,0,,4,9.0,7.0,0.0,65.0,4.0,133.0,15.0,0.0,1.0,3.0,3.0,,4.0,,,ionq_simulator_offline(aria-1),simulator,True,,,,0.006502845091745257,3.611111111111111,1.1538461538461537,,,,3.0,4.0,1.0,1.0,,,,,,,,,,,,,,96.0,15.0,18.0,
mermin_bell_nq4_ionq_aria-1_CPU_transpile_itrs0_opt1_20260422T011801Z.json,mermin_bell,4,ionq,aria-1,CPU,transpile,0,1.0,2026-04-22T01:18:01.982336Z,1,1,1,frontier,gen006,18,8,4.0,4,29,13,28,1,18,1,0,,4,9.0,7.0,1.0,65.0,4.0,133.0,15.0,0.0,1.0,3.0,3.0,,4.0,,,ionq_simulator_offline(aria-1),simulator,True,,,,0.011238756123930216,3.611111111111111,1.1538461538461537,,,,3.0,4.0,1.0,1.0,,,,,,,,,,,,,,96.0,15.0,18.0,
mermin_bell_nq4_ionq_aria-1_CPU_transpile_itrs0_opt2_20260422T011801Z.json,mermin_bell,4,ionq,aria-1,CPU,transpile,0,2.0,2026-04-22T01:18:01.998516Z,1,1,1,frontier,gen006,18,8,4.0,4,29,13,28,1,18,1,0,,4,9.0,7.0,2.0,56.0,4.0,118.0,12.0,0.0,1.0,3.0,3.0,,4.0,,,ionq_simulator_offline(aria-1),simulator,True,,,,0.013394544133916497,3.111111111111111,0.9230769230769231,,,,3.0,4.0,1.0,1.0,,,,,,,,,,,,,,84.0,12.0,18.0,
mermin_bell_nq4_ionq_aria-1_CPU_transpile_itrs0_opt3_20260422T011802Z.json,mermin_bell,4,ionq,aria-1,CPU,transpile,0,3.0,2026-04-22T01:18:02.019128Z,1,1,1,frontier,gen006,18,8,4.0,4,29,13,28,1,18,1,0,,4,9.0,7.0,3.0,56.0,4.0,118.0,12.0,0.0,1.0,3.0,3.0,,4.0,,,ionq_simulator_offline(aria-1),simulator,True,,,,0.017809301149100065,3.111111111111111,0.9230769230769231,,,,3.0,4.0,1.0,1.0,,,,,,,,,,,,,,84.0,12.0,18.0,
mermin_bell_nq4_ionq_aria-2_CPU_transpile_itrs0_opt0_20260422T011802Z.json,mermin_bell,4,ionq,aria-2,CPU,transpile,0,0.0,2026-04-22T01:18:02.028091Z,1,1,1,frontier,gen006,18,8,4.0,4,29,13,28,1,18,1,0,,4,9.0,7.0,0.0,65.0,4.0,133.0,15.0,0.0,1.0,3.0,3.0,,4.0,,,ionq_simulator_offline(aria-2),simulator,True,,,,0.006078328937292099,3.611111111111111,1.1538461538461537,,,,3.0,4.0,1.0,1.0,,,,,,,,,,,,,,96.0,15.0,18.0,
mermin_bell_nq4_ionq_aria-2_CPU_transpile_itrs0_opt1_20260422T011802Z.json,mermin_bell,4,ionq,aria-2,CPU,transpile,0,1.0,2026-04-22T01:18:02.041434Z,1,1,1,frontier,gen006,18,8,4.0,4,29,13,28,1,18,1,0,,4,9.0,7.0,1.0,65.0,4.0,133.0,15.0,0.0,1.0,3.0,3.0,,4.0,,,ionq_simulator_offline(aria-2),simulator,True,,,,0.010695821139961481,3.611111111111111,1.1538461538461537,,,,3.0,4.0,1.0,1.0,,,,,,,,,,,,,,96.0,15.0,18.0,
mermin_bell_nq4_ionq_aria-2_CPU_transpile_itrs0_opt2_20260422T011802Z.json,mermin_bell,4,ionq,aria-2,CPU,transpile,0,2.0,2026-04-22T01:18:02.057042Z,1,1,1,frontier,gen006,18,8,4.0,4,29,13,28,1,18,1,0,,4,9.0,7.0,2.0,56.0,4.0,118.0,12.0,0.0,1.0,3.0,3.0,,4.0,,,ionq_simulator_offline(aria-2),simulator,True,,,,0.012977023841813207,3.111111111111111,0.9230769230769231,,,,3.0,4.0,1.0,1.0,,,,,,,,,,,,,,84.0,12.0,18.0,
mermin_bell_nq4_ionq_aria-2_CPU_transpile_itrs0_opt3_20260422T011802Z.json,mermin_bell,4,ionq,aria-2,CPU,transpile,0,3.0,2026-04-22T01:18:02.077202Z,1,1,1,frontier,gen006,18,8,4.0,4,29,13,28,1,18,1,0,,4,9.0,7.0,3.0,56.0,4.0,118.0,12.0,0.0,1.0,3.0,3.0,,4.0,,,ionq_simulator_offline(aria-2),simulator,True,,,,0.01730577298440039,3.111111111111111,0.9230769230769231,,,,3.0,4.0,1.0,1.0,,,,,,,,,,,,,,84.0,12.0,18.0,
mermin_bell_nq4_ionq_forte-1_CPU_transpile_itrs0_opt0_20260422T011802Z.json,mermin_bell,4,ionq,forte-1,CPU,transpile,0,0.0,2026-04-22T01:18:02.086070Z,1,1,1,frontier,gen006,18,8,4.0,4,29,13,28,1,18,1,0,,4,9.0,7.0,0.0,65.0,4.0,133.0,15.0,0.0,1.0,3.0,3.0,,4.0,,,ionq_simulator_offline(forte-1),simulator,True,,,,0.00603558705188334,3.611111111111111,1.1538461538461537,,,,3.0,4.0,1.0,1.0,,,,,,,,,,,,,,96.0,15.0,18.0,
mermin_bell_nq4_ionq_forte-1_CPU_transpile_itrs0_opt1_20260422T011802Z.json,mermin_bell,4,ionq,forte-1,CPU,transpile,0,1.0,2026-04-22T01:18:02.099571Z,1,1,1,frontier,gen006,18,8,4.0,4,29,13,28,1,18,1,0,,4,9.0,7.0,1.0,65.0,4.0,133.0,15.0,0.0,1.0,3.0,3.0,,4.0,,,ionq_simulator_offline(forte-1),simulator,True,,,,0.010728465160354972,3.611111111111111,1.1538461538461537,,,,3.0,4.0,1.0,1.0,,,,,,,,,,,,,,96.0,15.0,18.0,
mermin_bell_nq4_ionq_forte-1_CPU_transpile_itrs0_opt2_20260422T011802Z.json,mermin_bell,4,ionq,forte-1,CPU,transpile,0,2.0,2026-04-22T01:18:02.115025Z,1,1,1,frontier,gen006,18,8,4.0,4,29,13,28,1,18,1,0,,4,9.0,7.0,2.0,56.0,4.0,118.0,12.0,0.0,1.0,3.0,3.0,,4.0,,,ionq_simulator_offline(forte-1),simulator,True,,,,0.01292674383148551,3.111111111111111,0.9230769230769231,,,,3.0,4.0,1.0,1.0,,,,,,,,,,,,,,84.0,12.0,18.0,
mermin_bell_nq4_ionq_forte-1_CPU_transpile_itrs0_opt3_20260422T011802Z.json,mermin_bell,4,ionq,forte-1,CPU,transpile,0,3.0,2026-04-22T01:18:02.135193Z,1,1,1,frontier,gen006,18,8,4.0,4,29,13,28,1,18,1,0,,4,9.0,7.0,3.0,56.0,4.0,118.0,12.0,0.0,1.0,3.0,3.0,,4.0,,,ionq_simulator_offline(forte-1),simulator,True,,,,0.01730039296671748,3.111111111111111,0.9230769230769231,,,,3.0,4.0,1.0,1.0,,,,,,,,,,,,,,84.0,12.0,18.0,
mermin_bell_nq4_ionq_forte-enterprise-1_CPU_transpile_itrs0_opt0_20260422T011802Z.json,mermin_bell,4,ionq,forte-enterprise-1,CPU,transpile,0,0.0,2026-04-22T01:18:02.144351Z,1,1,1,frontier,gen006,18,8,4.0,4,29,13,28,1,18,1,0,,4,9.0,7.0,0.0,65.0,4.0,133.0,15.0,0.0,1.0,3.0,3.0,,4.0,,,ionq_simulator_offline(forte-enterprise-1),simulator,True,,,,0.00621204893104732,3.611111111111111,1.1538461538461537,,,,3.0,4.0,1.0,1.0,,,,,,,,,,,,,,96.0,15.0,18.0,
mermin_bell_nq4_ionq_forte-enterprise-1_CPU_transpile_itrs0_opt1_20260422T011802Z.json,mermin_bell,4,ionq,forte-enterprise-1,CPU,transpile,0,1.0,2026-04-22T01:18:02.157662Z,1,1,1,frontier,gen006,18,8,4.0,4,29,13,28,1,18,1,0,,4,9.0,7.0,1.0,65.0,4.0,133.0,15.0,0.0,1.0,3.0,3.0,,4.0,,,ionq_simulator_offline(forte-enterprise-1),simulator,True,,,,0.010667043970897794,3.611111111111111,1.1538461538461537,,,,3.0,4.0,1.0,1.0,,,,,,,,,,,,,,96.0,15.0,18.0,
mermin_bell_nq4_ionq_forte-enterprise-1_CPU_transpile_itrs0_opt2_20260422T011802Z.json,mermin_bell,4,ionq,forte-enterprise-1,CPU,transpile,0,2.0,2026-04-22T01:18:02.173081Z,1,1,1,frontier,gen006,18,8,4.0,4,29,13,28,1,18,1,0,,4,9.0,7.0,2.0,56.0,4.0,118.0,12.0,0.0,1.0,3.0,3.0,,4.0,,,ionq_simulator_offline(forte-enterprise-1),simulator,True,,,,0.012918218970298767,3.111111111111111,0.9230769230769231,,,,3.0,4.0,1.0,1.0,,,,,,,,,,,,,,84.0,12.0,18.0,
mermin_bell_nq4_ionq_forte-enterprise-1_CPU_transpile_itrs0_opt3_20260422T011802Z.json,mermin_bell,4,ionq,forte-enterprise-1,CPU,transpile,0,3.0,2026-04-22T01:18:02.193012Z,1,1,1,frontier,gen006,18,8,4.0,4,29,13,28,1,18,1,0,,4,9.0,7.0,3.0,56.0,4.0,118.0,12.0,0.0,1.0,3.0,3.0,,4.0,,,ionq_simulator_offline(forte-enterprise-1),simulator,True,,,,0.017218343913555145,3.111111111111111,0.9230769230769231,,,,3.0,4.0,1.0,1.0,,,,,,,,,,,,,,84.0,12.0,18.0,
mermin_bell_nq4_ionq_harmony_CPU_transpile_itrs0_opt0_20260422T011802Z.json,mermin_bell,4,ionq,harmony,CPU,transpile,0,0.0,2026-04-22T01:18:02.202046Z,1,1,1,frontier,gen006,18,8,4.0,4,29,13,28,1,18,1,0,,4,9.0,7.0,0.0,65.0,4.0,133.0,15.0,0.0,1.0,3.0,3.0,,4.0,,,ionq_simulator_offline(harmony),simulator,True,,,,0.0060353451408445835,3.611111111111111,1.1538461538461537,,,,3.0,4.0,1.0,1.0,,,,,,,,,,,,,,96.0,15.0,18.0,
mermin_bell_nq4_ionq_harmony_CPU_transpile_itrs0_opt1_20260422T011802Z.json,mermin_bell,4,ionq,harmony,CPU,transpile,0,1.0,2026-04-22T01:18:02.215357Z,1,1,1,frontier,gen006,18,8,4.0,4,29,13,28,1,18,1,0,,4,9.0,7.0,1.0,65.0,4.0,133.0,15.0,0.0,1.0,3.0,3.0,,4.0,,,ionq_simulator_offline(harmony),simulator,True,,,,0.010717072058469057,3.611111111111111,1.1538461538461537,,,,3.0,4.0,1.0,1.0,,,,,,,,,,,,,,96.0,15.0,18.0,
mermin_bell_nq4_ionq_harmony_CPU_transpile_itrs0_opt2_20260422T011802Z.json,mermin_bell,4,ionq,harmony,CPU,transpile,0,2.0,2026-04-22T01:18:02.230944Z,1,1,1,frontier,gen006,18,8,4.0,4,29,13,28,1,18,1,0,,4,9.0,7.0,2.0,56.0,4.0,118.0,12.0,0.0,1.0,3.0,3.0,,4.0,,,ionq_simulator_offline(harmony),simulator,True,,,,0.012954249046742916,3.111111111111111,0.9230769230769231,,,,3.0,4.0,1.0,1.0,,,,,,,,,,,,,,84.0,12.0,18.0,
mermin_bell_nq4_ionq_harmony_CPU_transpile_itrs0_opt3_20260422T011802Z.json,mermin_bell,4,ionq,harmony,CPU,transpile,0,3.0,2026-04-22T01:18:02.251409Z,1,1,1,frontier,gen006,18,8,4.0,4,29,13,28,1,18,1,0,,4,9.0,7.0,3.0,56.0,4.0,118.0,12.0,0.0,1.0,3.0,3.0,,4.0,,,ionq_simulator_offline(harmony),simulator,True,,,,0.017301203915849328,3.111111111111111,0.9230769230769231,,,,3.0,4.0,1.0,1.0,,,,,,,,,,,,,,84.0,12.0,18.0,
mermin_bell_nq4_ionq_ideal_CPU_transpile_itrs0_opt0_20260422T011801Z.json,mermin_bell,4,ionq,ideal,CPU,transpile,0,0.0,2026-04-22T01:18:01.903606Z,1,1,1,frontier,gen006,18,8,4.0,4,29,13,28,1,18,1,0,,4,9.0,7.0,0.0,29.0,4.0,50.0,15.0,0.0,1.0,3.0,3.0,,4.0,4.0,,ionq_simulator_offline(ideal),simulator,True,,,,0.6707424039486796,1.6111111111111112,1.1538461538461537,15.0,,,3.0,4.0,1.0,1.0,,,,,,,,,,,14.0,,,,,,13.0
mermin_bell_nq4_ionq_ideal_CPU_transpile_itrs0_opt1_20260422T011801Z.json,mermin_bell,4,ionq,ideal,CPU,transpile,0,1.0,2026-04-22T01:18:01.918128Z,1,1,1,frontier,gen006,18,8,4.0,4,29,13,28,1,18,1,0,,4,9.0,7.0,1.0,23.0,4.0,34.0,15.0,0.0,1.0,3.0,3.0,,4.0,4.0,,ionq_simulator_offline(ideal),simulator,True,,,,0.011705742916092277,1.2777777777777777,1.1538461538461537,15.0,,,3.0,4.0,1.0,1.0,,,,,,,,,,,4.0,,,,,,7.0
mermin_bell_nq4_ionq_ideal_CPU_transpile_itrs0_opt2_20260422T011801Z.json,mermin_bell,4,ionq,ideal,CPU,transpile,0,2.0,2026-04-22T01:18:01.944455Z,1,1,1,frontier,gen006,18,8,4.0,4,29,13,28,1,18,1,0,,4,9.0,7.0,2.0,19.0,4.0,32.0,11.0,0.0,1.0,3.0,3.0,,4.0,5.0,,ionq_simulator_offline(ideal),simulator,True,,,,0.02383723296225071,1.0555555555555556,0.8461538461538461,11.0,,,3.0,4.0,1.0,1.0,,,,,,,,,,,6.0,,,,,,6.0
mermin_bell_nq4_ionq_ideal_CPU_transpile_itrs0_opt3_20260422T011801Z.json,mermin_bell,4,ionq,ideal,CPU,transpile,0,3.0,2026-04-22T01:18:01.959068Z,1,1,1,frontier,gen006,18,8,4.0,4,29,13,28,1,18,1,0,,4,9.0,7.0,3.0,19.0,4.0,32.0,11.0,0.0,1.0,3.0,3.0,,4.0,5.0,,ionq_simulator_offline(ideal),simulator,True,,,,0.012035154039040208,1.0555555555555556,0.8461538461538461,11.0,,,3.0,4.0,1.0,1.0,,,,,,,,,,,6.0,,,,,,6.0
mermin_bell_nq8_ibmq_ibm_miami_CPU_sync_itrs1_20260317T192400Z.json,mermin_bell,8,ibmq,ibm_miami,CPU,sync,1,1.0,2026-03-17T19:24:00.189940Z,1,112,1,borg,gen008_borg,38,8,8.0,8,77,45,68,9,38,1,0,,8,21.0,15.0,1.0,203.0,120.0,370.0,114.0,0.0,113.0,4.0,0.16666666666666666,114.0,8.0,81.0,167.0,ibm_miami,hardware,False,1.0,0.0,1.0,1.9344969922676682,5.342105263157895,2.533333333333333,,,,21.0,8.0,3.0,1.0,,,,,,,,,,,,,,,,,
mermin_bell_nq8_ionq_aria-1_CPU_transpile_itrs0_opt0_20260422T011802Z.json,mermin_bell,8,ionq,aria-1,CPU,transpile,0,0.0,2026-04-22T01:18:02.130169Z,1,1,1,frontier,gen006,38,16,8.0,8,77,45,76,1,38,1,0,,8,21.0,15.0,0.0,141.0,8.0,461.0,51.0,0.0,1.0,7.0,7.0,,8.0,,,ionq_simulator_offline(aria-1),simulator,True,,,,0.008407741086557508,3.710526315789474,1.1333333333333333,,,,21.0,8.0,3.0,1.0,,,,,,,,,,,,,,336.0,51.0,66.0,
mermin_bell_nq8_ionq_aria-1_CPU_transpile_itrs0_opt1_20260422T011802Z.json,mermin_bell,8,ionq,aria-1,CPU,transpile,0,1.0,2026-04-22T01:18:02.150846Z,1,1,1,frontier,gen006,38,16,8.0,8,77,45,76,1,38,1,0,,8,21.0,15.0,1.0,141.0,8.0,461.0,51.0,0.0,1.0,7.0,7.0,,8.0,,,ionq_simulator_offline(aria-1),simulator,True,,,,0.015816782135516405,3.710526315789474,1.1333333333333333,,,,21.0,8.0,3.0,1.0,,,,,,,,,,,,,,336.0,51.0,66.0,
mermin_bell_nq8_ionq_aria-1_CPU_transpile_itrs0_opt2_20260422T011802Z.json,mermin_bell,8,ionq,aria-1,CPU,transpile,0,2.0,2026-04-22T01:18:02.175303Z,1,1,1,frontier,gen006,38,16,8.0,8,77,45,76,1,38,1,0,,8,21.0,15.0,2.0,132.0,8.0,416.0,42.0,0.0,1.0,7.0,7.0,,8.0,,,ionq_simulator_offline(aria-1),simulator,True,,,,0.01978383492678404,3.473684210526316,0.9333333333333333,,,,21.0,8.0,3.0,1.0,,,,,,,,,,,,,,300.0,42.0,66.0,
mermin_bell_nq8_ionq_aria-1_CPU_transpile_itrs0_opt3_20260422T011802Z.json,mermin_bell,8,ionq,aria-1,CPU,transpile,0,3.0,2026-04-22T01:18:02.213987Z,1,1,1,frontier,gen006,38,16,8.0,8,77,45,76,1,38,1,0,,8,21.0,15.0,3.0,132.0,8.0,416.0,42.0,0.0,1.0,7.0,7.0,,8.0,,,ionq_simulator_offline(aria-1),simulator,True,,,,0.03395601105876267,3.473684210526316,0.9333333333333333,,,,21.0,8.0,3.0,1.0,,,,,,,,,,,,,,300.0,42.0,66.0,
mermin_bell_nq8_ionq_aria-2_CPU_transpile_itrs0_opt0_20260422T011802Z.json,mermin_bell,8,ionq,aria-2,CPU,transpile,0,0.0,2026-04-22T01:18:02.226592Z,1,1,1,frontier,gen006,38,16,8.0,8,77,45,76,1,38,1,0,,8,21.0,15.0,0.0,141.0,8.0,461.0,51.0,0.0,1.0,7.0,7.0,,8.0,,,ionq_simulator_offline(aria-2),simulator,True,,,,0.007691757054999471,3.710526315789474,1.1333333333333333,,,,21.0,8.0,3.0,1.0,,,,,,,,,,,,,,336.0,51.0,66.0,
mermin_bell_nq8_ionq_aria-2_CPU_transpile_itrs0_opt1_20260422T011802Z.json,mermin_bell,8,ionq,aria-2,CPU,transpile,0,1.0,2026-04-22T01:18:02.246541Z,1,1,1,frontier,gen006,38,16,8.0,8,77,45,76,1,38,1,0,,8,21.0,15.0,1.0,141.0,8.0,461.0,51.0,0.0,1.0,7.0,7.0,,8.0,,,ionq_simulator_offline(aria-2),simulator,True,,,,0.015265065943822265,3.710526315789474,1.1333333333333333,,,,21.0,8.0,3.0,1.0,,,,,,,,,,,,,,336.0,51.0,66.0,
mermin_bell_nq8_ionq_aria-2_CPU_transpile_itrs0_opt2_20260422T011802Z.json,mermin_bell,8,ionq,aria-2,CPU,transpile,0,2.0,2026-04-22T01:18:02.270486Z,1,1,1,frontier,gen006,38,16,8.0,8,77,45,76,1,38,1,0,,8,21.0,15.0,2.0,132.0,8.0,416.0,42.0,0.0,1.0,7.0,7.0,,8.0,,,ionq_simulator_offline(aria-2),simulator,True,,,,0.01935473596677184,3.473684210526316,0.9333333333333333,,,,21.0,8.0,3.0,1.0,,,,,,,,,,,,,,300.0,42.0,66.0,
mermin_bell_nq8_ionq_aria-2_CPU_transpile_itrs0_opt3_20260422T011802Z.json,mermin_bell,8,ionq,aria-2,CPU,transpile,0,3.0,2026-04-22T01:18:02.308996Z,1,1,1,frontier,gen006,38,16,8.0,8,77,45,76,1,38,1,0,,8,21.0,15.0,3.0,132.0,8.0,416.0,42.0,0.0,1.0,7.0,7.0,,8.0,,,ionq_simulator_offline(aria-2),simulator,True,,,,0.033765102038159966,3.473684210526316,0.9333333333333333,,,,21.0,8.0,3.0,1.0,,,,,,,,,,,,,,300.0,42.0,66.0,
mermin_bell_nq8_ionq_forte-1_CPU_transpile_itrs0_opt0_20260422T011802Z.json,mermin_bell,8,ionq,forte-1,CPU,transpile,0,0.0,2026-04-22T01:18:02.321839Z,1,1,1,frontier,gen006,38,16,8.0,8,77,45,76,1,38,1,0,,8,21.0,15.0,0.0,141.0,8.0,461.0,51.0,0.0,1.0,7.0,7.0,,8.0,,,ionq_simulator_offline(forte-1),simulator,True,,,,0.007742766058072448,3.710526315789474,1.1333333333333333,,,,21.0,8.0,3.0,1.0,,,,,,,,,,,,,,336.0,51.0,66.0,
mermin_bell_nq8_ionq_forte-1_CPU_transpile_itrs0_opt1_20260422T011802Z.json,mermin_bell,8,ionq,forte-1,CPU,transpile,0,1.0,2026-04-22T01:18:02.341916Z,1,1,1,frontier,gen006,38,16,8.0,8,77,45,76,1,38,1,0,,8,21.0,15.0,1.0,141.0,8.0,461.0,51.0,0.0,1.0,7.0,7.0,,8.0,,,ionq_simulator_offline(forte-1),simulator,True,,,,0.015255238162353635,3.710526315789474,1.1333333333333333,,,,21.0,8.0,3.0,1.0,,,,,,,,,,,,,,336.0,51.0,66.0,
mermin_bell_nq8_ionq_forte-1_CPU_transpile_itrs0_opt2_20260422T011802Z.json,mermin_bell,8,ionq,forte-1,CPU,transpile,0,2.0,2026-04-22T01:18:02.365730Z,1,1,1,frontier,gen006,38,16,8.0,8,77,45,76,1,38,1,0,,8,21.0,15.0,2.0,132.0,8.0,416.0,42.0,0.0,1.0,7.0,7.0,,8.0,,,ionq_simulator_offline(forte-1),simulator,True,,,,0.019304048968479037,3.473684210526316,0.9333333333333333,,,,21.0,8.0,3.0,1.0,,,,,,,,,,,,,,300.0,42.0,66.0,
mermin_bell_nq8_ionq_forte-1_CPU_transpile_itrs0_opt3_20260422T011802Z.json,mermin_bell,8,ionq,forte-1,CPU,transpile,0,3.0,2026-04-22T01:18:02.404286Z,1,1,1,frontier,gen006,38,16,8.0,8,77,45,76,1,38,1,0,,8,21.0,15.0,3.0,132.0,8.0,416.0,42.0,0.0,1.0,7.0,7.0,,8.0,,,ionq_simulator_offline(forte-1),simulator,True,,,,0.03363228519447148,3.473684210526316,0.9333333333333333,,,,21.0,8.0,3.0,1.0,,,,,,,,,,,,,,300.0,42.0,66.0,
mermin_bell_nq8_ionq_forte-enterprise-1_CPU_transpile_itrs0_opt0_20260422T011802Z.json,mermin_bell,8,ionq,forte-enterprise-1,CPU,transpile,0,0.0,2026-04-22T01:18:02.416933Z,1,1,1,frontier,gen006,38,16,8.0,8,77,45,76,1,38,1,0,,8,21.0,15.0,0.0,141.0,8.0,461.0,51.0,0.0,1.0,7.0,7.0,,8.0,,,ionq_simulator_offline(forte-enterprise-1),simulator,True,,,,0.007723710034042597,3.710526315789474,1.1333333333333333,,,,21.0,8.0,3.0,1.0,,,,,,,,,,,,,,336.0,51.0,66.0,
mermin_bell_nq8_ionq_forte-enterprise-1_CPU_transpile_itrs0_opt1_20260422T011802Z.json,mermin_bell,8,ionq,forte-enterprise-1,CPU,transpile,0,1.0,2026-04-22T01:18:02.436867Z,1,1,1,frontier,gen006,38,16,8.0,8,77,45,76,1,38,1,0,,8,21.0,15.0,1.0,141.0,8.0,461.0,51.0,0.0,1.0,7.0,7.0,,8.0,,,ionq_simulator_offline(forte-enterprise-1),simulator,True,,,,0.015277940779924393,3.710526315789474,1.1333333333333333,,,,21.0,8.0,3.0,1.0,,,,,,,,,,,,,,336.0,51.0,66.0,
mermin_bell_nq8_ionq_forte-enterprise-1_CPU_transpile_itrs0_opt2_20260422T011802Z.json,mermin_bell,8,ionq,forte-enterprise-1,CPU,transpile,0,2.0,2026-04-22T01:18:02.460674Z,1,1,1,frontier,gen006,38,16,8.0,8,77,45,76,1,38,1,0,,8,21.0,15.0,2.0,132.0,8.0,416.0,42.0,0.0,1.0,7.0,7.0,,8.0,,,ionq_simulator_offline(forte-enterprise-1),simulator,True,,,,0.01922562695108354,3.473684210526316,0.9333333333333333,,,,21.0,8.0,3.0,1.0,,,,,,,,,,,,,,300.0,42.0,66.0,
mermin_bell_nq8_ionq_forte-enterprise-1_CPU_transpile_itrs0_opt3_20260422T011802Z.json,mermin_bell,8,ionq,forte-enterprise-1,CPU,transpile,0,3.0,2026-04-22T01:18:02.499161Z,1,1,1,frontier,gen006,38,16,8.0,8,77,45,76,1,38,1,0,,8,21.0,15.0,3.0,132.0,8.0,416.0,42.0,0.0,1.0,7.0,7.0,,8.0,,,ionq_simulator_offline(forte-enterprise-1),simulator,True,,,,0.03374372096732259,3.473684210526316,0.9333333333333333,,,,21.0,8.0,3.0,1.0,,,,,,,,,,,,,,300.0,42.0,66.0,
mermin_bell_nq8_ionq_harmony_CPU_transpile_itrs0_opt0_20260422T011802Z.json,mermin_bell,8,ionq,harmony,CPU,transpile,0,0.0,2026-04-22T01:18:02.511890Z,1,1,1,frontier,gen006,38,16,8.0,8,77,45,76,1,38,1,0,,8,21.0,15.0,0.0,141.0,8.0,461.0,51.0,0.0,1.0,7.0,7.0,,8.0,,,ionq_simulator_offline(harmony),simulator,True,,,,0.0077590979635715485,3.710526315789474,1.1333333333333333,,,,21.0,8.0,3.0,1.0,,,,,,,,,,,,,,336.0,51.0,66.0,
mermin_bell_nq8_ionq_harmony_CPU_transpile_itrs0_opt1_20260422T011802Z.json,mermin_bell,8,ionq,harmony,CPU,transpile,0,1.0,2026-04-22T01:18:02.532063Z,1,1,1,frontier,gen006,38,16,8.0,8,77,45,76,1,38,1,0,,8,21.0,15.0,1.0,141.0,8.0,461.0,51.0,0.0,1.0,7.0,7.0,,8.0,,,ionq_simulator_offline(harmony),simulator,True,,,,0.015350441914051771,3.710526315789474,1.1333333333333333,,,,21.0,8.0,3.0,1.0,,,,,,,,,,,,,,336.0,51.0,66.0,
mermin_bell_nq8_ionq_harmony_CPU_transpile_itrs0_opt2_20260422T011802Z.json,mermin_bell,8,ionq,harmony,CPU,transpile,0,2.0,2026-04-22T01:18:02.555953Z,1,1,1,frontier,gen006,38,16,8.0,8,77,45,76,1,38,1,0,,8,21.0,15.0,2.0,132.0,8.0,416.0,42.0,0.0,1.0,7.0,7.0,,8.0,,,ionq_simulator_offline(harmony),simulator,True,,,,0.019306301837787032,3.473684210526316,0.9333333333333333,,,,21.0,8.0,3.0,1.0,,,,,,,,,,,,,,300.0,42.0,66.0,
mermin_bell_nq8_ionq_harmony_CPU_transpile_itrs0_opt3_20260422T011802Z.json,mermin_bell,8,ionq,harmony,CPU,transpile,0,3.0,2026-04-22T01:18:02.594379Z,1,1,1,frontier,gen006,38,16,8.0,8,77,45,76,1,38,1,0,,8,21.0,15.0,3.0,132.0,8.0,416.0,42.0,0.0,1.0,7.0,7.0,,8.0,,,ionq_simulator_offline(harmony),simulator,True,,,,0.03376697585918009,3.473684210526316,0.9333333333333333,,,,21.0,8.0,3.0,1.0,,,,,,,,,,,,,,300.0,42.0,66.0,
mermin_bell_nq8_ionq_ideal_CPU_transpile_itrs0_opt0_20260422T011802Z.json,mermin_bell,8,ionq,ideal,CPU,transpile,0,0.0,2026-04-22T01:18:02.055562Z,1,1,1,frontier,gen006,38,16,8.0,8,77,45,76,1,38,1,0,,8,21.0,15.0,0.0,65.0,8.0,182.0,51.0,0.0,1.0,7.0,7.0,,8.0,8.0,,ionq_simulator_offline(ideal),simulator,True,,,,0.6554826761130244,1.7105263157894737,1.1333333333333333,51.0,,,21.0,8.0,3.0,1.0,,,,,,,,,,,58.0,,,,,,57.0
mermin_bell_nq8_ionq_ideal_CPU_transpile_itrs0_opt1_20260422T011802Z.json,mermin_bell,8,ionq,ideal,CPU,transpile,0,1.0,2026-04-22T01:18:02.072161Z,1,1,1,frontier,gen006,38,16,8.0,8,77,45,76,1,38,1,0,,8,21.0,15.0,1.0,47.0,8.0,90.0,51.0,0.0,1.0,7.0,7.0,,8.0,8.0,,ionq_simulator_offline(ideal),simulator,True,,,,0.012499935925006866,1.236842105263158,1.1333333333333333,51.0,,,21.0,8.0,3.0,1.0,,,,,,,,,,,8.0,,,,,,15.0
mermin_bell_nq8_ionq_ideal_CPU_transpile_itrs0_opt2_20260422T011802Z.json,mermin_bell,8,ionq,ideal,CPU,transpile,0,2.0,2026-04-22T01:18:02.098324Z,1,1,1,frontier,gen006,38,16,8.0,8,77,45,76,1,38,1,0,,8,21.0,15.0,2.0,43.0,8.0,82.0,41.0,0.0,1.0,7.0,7.0,,8.0,9.0,,ionq_simulator_offline(ideal),simulator,True,,,,0.022423484129831195,1.131578947368421,0.9111111111111111,41.0,,,21.0,8.0,3.0,1.0,,,,,,,,,,,10.0,,,,,,14.0
mermin_bell_nq8_ionq_ideal_CPU_transpile_itrs0_opt3_20260422T011802Z.json,mermin_bell,8,ionq,ideal,CPU,transpile,0,3.0,2026-04-22T01:18:02.116829Z,1,1,1,frontier,gen006,38,16,8.0,8,77,45,76,1,38,1,0,,8,21.0,15.0,3.0,43.0,8.0,82.0,41.0,0.0,1.0,7.0,7.0,,8.0,9.0,,ionq_simulator_offline(ideal),simulator,True,,,,0.014709762996062636,1.131578947368421,0.9111111111111111,41.0,,,21.0,8.0,3.0,1.0,,,,,,,,,,,10.0,,,,,,14.0
mermin_bell_nq9_ibmq_ibm_miami_CPU_sync_itrs1_20260317T193030Z.json,mermin_bell,9,ibmq,ibm_miami,CPU,sync,1,1.0,2026-03-17T19:30:30.401233Z,1,112,1,borg,gen008_borg,43,9,9.0,9,91,55,81,10,43,1,0,,9,24.0,17.0,1.0,260.0,120.0,485.0,154.0,0.0,111.0,4.0,0.2,154.0,9.0,90.0,232.0,ibm_miami,hardware,False,1.0,0.0,1.0,2.2515076738782227,6.046511627906977,2.8,,,,28.0,9.0,3.0,1.0,,,,,,,,,,,,,,,,,
mermin_bell_nq9_ibmq_ibm_torino_CPU_sync_itrs1_20260317T192859Z.json,mermin_bell,9,ibmq,ibm_torino,CPU,sync,1,1.0,2026-03-17T19:28:59.190277Z,1,112,1,borg,gen008_borg,43,9,9.0,9,91,55,81,10,43,1,0,,9,24.0,17.0,1.0,341.0,133.0,655.0,205.0,0.0,125.0,3.0,0.12030075187969924,205.0,9.0,106.0,335.0,ibm_torino,hardware,False,1.0,0.0,1.0,1.6855832803994417,7.930232558139535,3.727272727272727,,,,28.0,9.0,3.0,1.0,,,,,,,,,,,,,,,,,
mermin_bell_nq9_ionq_aria-1_CPU_transpile_itrs0_opt0_20260422T011802Z.json,mermin_bell,9,ionq,aria-1,CPU,transpile,0,0.0,2026-04-22T01:18:02.027105Z,1,1,1,frontier,gen006,43,18,9.0,9,91,55,90,1,43,1,0,,9,24.0,17.0,0.0,160.0,9.0,563.0,61.0,0.0,1.0,8.0,8.0,,9.0,,,ionq_simulator_offline(aria-1),simulator,True,,,,0.008794878842309117,3.7209302325581395,1.1090909090909091,,,,28.0,9.0,3.0,1.0,,,,,,,,,,,,,,410.0,61.0,83.0,
mermin_bell_nq9_ionq_aria-1_CPU_transpile_itrs0_opt1_20260422T011802Z.json,mermin_bell,9,ionq,aria-1,CPU,transpile,0,1.0,2026-04-22T01:18:02.049735Z,1,1,1,frontier,gen006,43,18,9.0,9,91,55,90,1,43,1,0,,9,24.0,17.0,1.0,160.0,9.0,563.0,61.0,0.0,1.0,8.0,8.0,,9.0,,,ionq_simulator_offline(aria-1),simulator,True,,,,0.017254838021472096,3.7209302325581395,1.1090909090909091,,,,28.0,9.0,3.0,1.0,,,,,,,,,,,,,,410.0,61.0,83.0,
mermin_bell_nq9_ionq_aria-1_CPU_transpile_itrs0_opt2_20260422T011802Z.json,mermin_bell,9,ionq,aria-1,CPU,transpile,0,2.0,2026-04-22T01:18:02.077388Z,1,1,1,frontier,gen006,43,18,9.0,9,91,55,90,1,43,1,0,,9,24.0,17.0,2.0,151.0,9.0,518.0,52.0,0.0,1.0,8.0,8.0,,9.0,,,ionq_simulator_offline(aria-1),simulator,True,,,,0.02233332791365683,3.511627906976744,0.9454545454545454,,,,28.0,9.0,3.0,1.0,,,,,,,,,,,,,,374.0,52.0,83.0,
mermin_bell_nq9_ionq_aria-1_CPU_transpile_itrs0_opt3_20260422T011802Z.json,mermin_bell,9,ionq,aria-1,CPU,transpile,0,3.0,2026-04-22T01:18:02.123129Z,1,1,1,frontier,gen006,43,18,9.0,9,91,55,90,1,43,1,0,,9,24.0,17.0,3.0,151.0,9.0,518.0,52.0,0.0,1.0,8.0,8.0,,9.0,,,ionq_simulator_offline(aria-1),simulator,True,,,,0.040333091048523784,3.511627906976744,0.9454545454545454,,,,28.0,9.0,3.0,1.0,,,,,,,,,,,,,,374.0,52.0,83.0,
mermin_bell_nq9_ionq_aria-2_CPU_transpile_itrs0_opt0_20260422T011802Z.json,mermin_bell,9,ionq,aria-2,CPU,transpile,0,0.0,2026-04-22T01:18:02.136988Z,1,1,1,frontier,gen006,43,18,9.0,9,91,55,90,1,43,1,0,,9,24.0,17.0,0.0,160.0,9.0,563.0,61.0,0.0,1.0,8.0,8.0,,9.0,,,ionq_simulator_offline(aria-2),simulator,True,,,,0.008149656001478434,3.7209302325581395,1.1090909090909091,,,,28.0,9.0,3.0,1.0,,,,,,,,,,,,,,410.0,61.0,83.0,
mermin_bell_nq9_ionq_aria-2_CPU_transpile_itrs0_opt1_20260422T011802Z.json,mermin_bell,9,ionq,aria-2,CPU,transpile,0,1.0,2026-04-22T01:18:02.159334Z,1,1,1,frontier,gen006,43,18,9.0,9,91,55,90,1,43,1,0,,9,24.0,17.0,1.0,160.0,9.0,563.0,61.0,0.0,1.0,8.0,8.0,,9.0,,,ionq_simulator_offline(aria-2),simulator,True,,,,0.016967972042039037,3.7209302325581395,1.1090909090909091,,,,28.0,9.0,3.0,1.0,,,,,,,,,,,,,,410.0,61.0,83.0,
mermin_bell_nq9_ionq_aria-2_CPU_transpile_itrs0_opt2_20260422T011802Z.json,mermin_bell,9,ionq,aria-2,CPU,transpile,0,2.0,2026-04-22T01:18:02.186319Z,1,1,1,frontier,gen006,43,18,9.0,9,91,55,90,1,43,1,0,,9,24.0,17.0,2.0,151.0,9.0,518.0,52.0,0.0,1.0,8.0,8.0,,9.0,,,ionq_simulator_offline(aria-2),simulator,True,,,,0.021823138929903507,3.511627906976744,0.9454545454545454,,,,28.0,9.0,3.0,1.0,,,,,,,,,,,,,,374.0,52.0,83.0,
mermin_bell_nq9_ionq_aria-2_CPU_transpile_itrs0_opt3_20260422T011802Z.json,mermin_bell,9,ionq,aria-2,CPU,transpile,0,3.0,2026-04-22T01:18:02.231498Z,1,1,1,frontier,gen006,43,18,9.0,9,91,55,90,1,43,1,0,,9,24.0,17.0,3.0,151.0,9.0,518.0,52.0,0.0,1.0,8.0,8.0,,9.0,,,ionq_simulator_offline(aria-2),simulator,True,,,,0.03987152595072985,3.511627906976744,0.9454545454545454,,,,28.0,9.0,3.0,1.0,,,,,,,,,,,,,,374.0,52.0,83.0,
mermin_bell_nq9_ionq_forte-1_CPU_transpile_itrs0_opt0_20260422T011802Z.json,mermin_bell,9,ionq,forte-1,CPU,transpile,0,0.0,2026-04-22T01:18:02.245272Z,1,1,1,frontier,gen006,43,18,9.0,9,91,55,90,1,43,1,0,,9,24.0,17.0,0.0,160.0,9.0,563.0,61.0,0.0,1.0,8.0,8.0,,9.0,,,ionq_simulator_offline(forte-1),simulator,True,,,,0.008128264918923378,3.7209302325581395,1.1090909090909091,,,,28.0,9.0,3.0,1.0,,,,,,,,,,,,,,410.0,61.0,83.0,
mermin_bell_nq9_ionq_forte-1_CPU_transpile_itrs0_opt1_20260422T011802Z.json,mermin_bell,9,ionq,forte-1,CPU,transpile,0,1.0,2026-04-22T01:18:02.267524Z,1,1,1,frontier,gen006,43,18,9.0,9,91,55,90,1,43,1,0,,9,24.0,17.0,1.0,160.0,9.0,563.0,61.0,0.0,1.0,8.0,8.0,,9.0,,,ionq_simulator_offline(forte-1),simulator,True,,,,0.016860794043168426,3.7209302325581395,1.1090909090909091,,,,28.0,9.0,3.0,1.0,,,,,,,,,,,,,,410.0,61.0,83.0,
mermin_bell_nq9_ionq_forte-1_CPU_transpile_itrs0_opt2_20260422T011802Z.json,mermin_bell,9,ionq,forte-1,CPU,transpile,0,2.0,2026-04-22T01:18:02.294719Z,1,1,1,frontier,gen006,43,18,9.0,9,91,55,90,1,43,1,0,,9,24.0,17.0,2.0,151.0,9.0,518.0,52.0,0.0,1.0,8.0,8.0,,9.0,,,ionq_simulator_offline(forte-1),simulator,True,,,,0.022022344870492816,3.511627906976744,0.9454545454545454,,,,28.0,9.0,3.0,1.0,,,,,,,,,,,,,,374.0,52.0,83.0,
mermin_bell_nq9_ionq_forte-1_CPU_transpile_itrs0_opt3_20260422T011802Z.json,mermin_bell,9,ionq,forte-1,CPU,transpile,0,3.0,2026-04-22T01:18:02.339964Z,1,1,1,frontier,gen006,43,18,9.0,9,91,55,90,1,43,1,0,,9,24.0,17.0,3.0,151.0,9.0,518.0,52.0,0.0,1.0,8.0,8.0,,9.0,,,ionq_simulator_offline(forte-1),simulator,True,,,,0.03971983212977648,3.511627906976744,0.9454545454545454,,,,28.0,9.0,3.0,1.0,,,,,,,,,,,,,,374.0,52.0,83.0,
mermin_bell_nq9_ionq_forte-enterprise-1_CPU_transpile_itrs0_opt0_20260422T011802Z.json,mermin_bell,9,ionq,forte-enterprise-1,CPU,transpile,0,0.0,2026-04-22T01:18:02.354192Z,1,1,1,frontier,gen006,43,18,9.0,9,91,55,90,1,43,1,0,,9,24.0,17.0,0.0,160.0,9.0,563.0,61.0,0.0,1.0,8.0,8.0,,9.0,,,ionq_simulator_offline(forte-enterprise-1),simulator,True,,,,0.008136532036587596,3.7209302325581395,1.1090909090909091,,,,28.0,9.0,3.0,1.0,,,,,,,,,,,,,,410.0,61.0,83.0,
mermin_bell_nq9_ionq_forte-enterprise-1_CPU_transpile_itrs0_opt1_20260422T011802Z.json,mermin_bell,9,ionq,forte-enterprise-1,CPU,transpile,0,1.0,2026-04-22T01:18:02.376472Z,1,1,1,frontier,gen006,43,18,9.0,9,91,55,90,1,43,1,0,,9,24.0,17.0,1.0,160.0,9.0,563.0,61.0,0.0,1.0,8.0,8.0,,9.0,,,ionq_simulator_offline(forte-enterprise-1),simulator,True,,,,0.016904658172279596,3.7209302325581395,1.1090909090909091,,,,28.0,9.0,3.0,1.0,,,,,,,,,,,,,,410.0,61.0,83.0,
mermin_bell_nq9_ionq_forte-enterprise-1_CPU_transpile_itrs0_opt2_20260422T011802Z.json,mermin_bell,9,ionq,forte-enterprise-1,CPU,transpile,0,2.0,2026-04-22T01:18:02.403524Z,1,1,1,frontier,gen006,43,18,9.0,9,91,55,90,1,43,1,0,,9,24.0,17.0,2.0,151.0,9.0,518.0,52.0,0.0,1.0,8.0,8.0,,9.0,,,ionq_simulator_offline(forte-enterprise-1),simulator,True,,,,0.021769925020635128,3.511627906976744,0.9454545454545454,,,,28.0,9.0,3.0,1.0,,,,,,,,,,,,,,374.0,52.0,83.0,
mermin_bell_nq9_ionq_forte-enterprise-1_CPU_transpile_itrs0_opt3_20260422T011802Z.json,mermin_bell,9,ionq,forte-enterprise-1,CPU,transpile,0,3.0,2026-04-22T01:18:02.448653Z,1,1,1,frontier,gen006,43,18,9.0,9,91,55,90,1,43,1,0,,9,24.0,17.0,3.0,151.0,9.0,518.0,52.0,0.0,1.0,8.0,8.0,,9.0,,,ionq_simulator_offline(forte-enterprise-1),simulator,True,,,,0.03977678203955293,3.511627906976744,0.9454545454545454,,,,28.0,9.0,3.0,1.0,,,,,,,,,,,,,,374.0,52.0,83.0,
mermin_bell_nq9_ionq_harmony_CPU_transpile_itrs0_opt0_20260422T011802Z.json,mermin_bell,9,ionq,harmony,CPU,transpile,0,0.0,2026-04-22T01:18:02.462440Z,1,1,1,frontier,gen006,43,18,9.0,9,91,55,90,1,43,1,0,,9,24.0,17.0,0.0,160.0,9.0,563.0,61.0,0.0,1.0,8.0,8.0,,9.0,,,ionq_simulator_offline(harmony),simulator,True,,,,0.008147532818838954,3.7209302325581395,1.1090909090909091,,,,28.0,9.0,3.0,1.0,,,,,,,,,,,,,,410.0,61.0,83.0,
mermin_bell_nq9_ionq_harmony_CPU_transpile_itrs0_opt1_20260422T011802Z.json,mermin_bell,9,ionq,harmony,CPU,transpile,0,1.0,2026-04-22T01:18:02.484899Z,1,1,1,frontier,gen006,43,18,9.0,9,91,55,90,1,43,1,0,,9,24.0,17.0,1.0,160.0,9.0,563.0,61.0,0.0,1.0,8.0,8.0,,9.0,,,ionq_simulator_offline(harmony),simulator,True,,,,0.016970125027000904,3.7209302325581395,1.1090909090909091,,,,28.0,9.0,3.0,1.0,,,,,,,,,,,,,,410.0,61.0,83.0,
mermin_bell_nq9_ionq_harmony_CPU_transpile_itrs0_opt2_20260422T011802Z.json,mermin_bell,9,ionq,harmony,CPU,transpile,0,2.0,2026-04-22T01:18:02.511960Z,1,1,1,frontier,gen006,43,18,9.0,9,91,55,90,1,43,1,0,,9,24.0,17.0,2.0,151.0,9.0,518.0,52.0,0.0,1.0,8.0,8.0,,9.0,,,ionq_simulator_offline(harmony),simulator,True,,,,0.021826895885169506,3.511627906976744,0.9454545454545454,,,,28.0,9.0,3.0,1.0,,,,,,,,,,,,,,374.0,52.0,83.0,
mermin_bell_nq9_ionq_harmony_CPU_transpile_itrs0_opt3_20260422T011802Z.json,mermin_bell,9,ionq,harmony,CPU,transpile,0,3.0,2026-04-22T01:18:02.557022Z,1,1,1,frontier,gen006,43,18,9.0,9,91,55,90,1,43,1,0,,9,24.0,17.0,3.0,151.0,9.0,518.0,52.0,0.0,1.0,8.0,8.0,,9.0,,,ionq_simulator_offline(harmony),simulator,True,,,,0.039777060970664024,3.511627906976744,0.9454545454545454,,,,28.0,9.0,3.0,1.0,,,,,,,,,,,,,,374.0,52.0,83.0,
mermin_bell_nq9_ionq_ideal_CPU_transpile_itrs0_opt0_20260422T011801Z.json,mermin_bell,9,ionq,ideal,CPU,transpile,0,0.0,2026-04-22T01:18:01.945916Z,1,1,1,frontier,gen006,43,18,9.0,9,91,55,90,1,43,1,0,,9,24.0,17.0,0.0,74.0,9.0,226.0,61.0,0.0,1.0,8.0,8.0,,9.0,9.0,,ionq_simulator_offline(ideal),simulator,True,,,,0.6553203698713332,1.7209302325581395,1.1090909090909091,61.0,,,28.0,9.0,3.0,1.0,,,,,,,,,,,74.0,,,,,,73.0
mermin_bell_nq9_ionq_ideal_CPU_transpile_itrs0_opt1_20260422T011801Z.json,mermin_bell,9,ionq,ideal,CPU,transpile,0,1.0,2026-04-22T01:18:01.965156Z,1,1,1,frontier,gen006,43,18,9.0,9,91,55,90,1,43,1,0,,9,24.0,17.0,1.0,53.0,9.0,105.0,61.0,0.0,1.0,8.0,8.0,,9.0,9.0,,ionq_simulator_offline(ideal),simulator,True,,,,0.014859152026474476,1.2325581395348837,1.1090909090909091,61.0,,,28.0,9.0,3.0,1.0,,,,,,,,,,,9.0,,,,,,17.0
mermin_bell_nq9_ionq_ideal_CPU_transpile_itrs0_opt2_20260422T011801Z.json,mermin_bell,9,ionq,ideal,CPU,transpile,0,2.0,2026-04-22T01:18:01.993223Z,1,1,1,frontier,gen006,43,18,9.0,9,91,55,90,1,43,1,0,,9,24.0,17.0,2.0,49.0,9.0,97.0,51.0,0.0,1.0,8.0,8.0,,9.0,10.0,,ionq_simulator_offline(ideal),simulator,True,,,,0.024260425940155983,1.1395348837209303,0.9272727272727272,51.0,,,28.0,9.0,3.0,1.0,,,,,,,,,,,11.0,,,,,,16.0
mermin_bell_nq9_ionq_ideal_CPU_transpile_itrs0_opt3_20260422T011802Z.json,mermin_bell,9,ionq,ideal,CPU,transpile,0,3.0,2026-04-22T01:18:02.012710Z,1,1,1,frontier,gen006,43,18,9.0,9,91,55,90,1,43,1,0,,9,24.0,17.0,3.0,49.0,9.0,97.0,51.0,0.0,1.0,8.0,8.0,,9.0,10.0,,ionq_simulator_offline(ideal),simulator,True,,,,0.015567866154015064,1.1395348837209303,0.9272727272727272,51.0,,,28.0,9.0,3.0,1.0,,,,,,,,,,,11.0,,,,,,16.0
nqmatrix1_nq5_ibmq_ibm_miami_CPU_sync_itrs1_20260317T191603Z.json,hhl,5,ibmq,ibm_miami,CPU,sync,1,1.0,2026-03-17T19:16:03.241283Z,1,112,1,borg,gen008_borg,40,5,5.0,5,55,4,12,44,41,1,0,,5,4.0,8.0,1.0,510.0,120.0,701.0,140.0,0.0,115.0,5.0,0.2,140.0,5.0,284.0,272.0,ibm_miami,hardware,False,1.0,0.0,1.0,1.6693427260033786,12.75,35.0,,,,,,,,,sample_HHL_circ_nqmatrix1.qasm,14.0,8.0,6.0,4.0,4.0,2.0,1.0,1.0,,,,,,,
nqmatrix1_nq5_ibmq_ibm_torino_CPU_sync_itrs1_20260317T180858Z.json,hhl,5,ibmq,ibm_torino,CPU,sync,1,1.0,2026-03-17T18:08:58.972685Z,1,112,1,borg,gen008_borg,40,5,5.0,5,55,4,12,44,41,1,0,,5,4.0,8.0,1.0,523.0,133.0,727.0,143.0,0.0,129.0,4.0,0.15037593984962405,143.0,5.0,295.0,284.0,ibm_torino,hardware,False,1.0,0.0,1.0,1.7446544957347214,13.075,35.75,,,,,,,,,sample_HHL_circ_nqmatrix1.qasm,14.0,8.0,6.0,4.0,4.0,2.0,1.0,1.0,,,,,,,
nqmatrix3_nq9_ibmq_ibm_miami_CPU_sync_itrs1_20260317T192359Z.json,hhl,9,ibmq,ibm_miami,CPU,sync,1,1.0,2026-03-17T19:23:59.264051Z,1,112,1,borg,gen008_borg,676,9,9.0,9,721,16,30,692,677,1,0,,9,16.0,14.0,1.0,13132.0,120.0,18297.0,3856.0,0.0,112.0,8.0,0.6,3856.0,9.0,7190.0,7239.0,ibm_miami,hardware,False,1.0,0.0,1.0,3.4421095638535917,19.42603550295858,241.0,,,,,,,,3.0,sample_HHL_circ_nqmatrix3.qasm,376.0,224.0,56.0,6.0,16.0,4.0,1.0,1.0,,,,,,,
nqmatrix6_nq15_ibmq_ibm_miami_CPU_sync_itrs1_20260225T062328Z.json,hhl,15,ibmq,ibm_miami,CPU,sync,1,1.0,2026-02-25T06:23:28.569273Z,1,112,1,borg,gen008_borg,90955,15,15.0,15,91054,128,151,90904,90956,1,0,,15,128.0,23.0,1.0,1800984.0,120.0,2502757.0,541649.0,0.0,106.0,14.0,1.75,541649.0,15.0,965480.0,995613.0,ibm_miami,hardware,False,1.0,0.0,1.0,194.27298350608908,19.80082458358529,4231.6328125,,,,,,,,,sample_HHL_circ_nqmatrix6.qasm,45184.0,30144.0,15416.0,9.0,128.0,7.0,1.0,1.0,,,,,,,
nqmatrix6_nq15_ibmq_ibm_torino_CPU_sync_itrs1_20260225T062334Z.json,hhl,15,ibmq,ibm_torino,CPU,sync,1,1.0,2026-02-25T06:23:34.486952Z,1,112,1,borg,gen008_borg,90955,15,15.0,15,91054,128,151,90904,90956,1,0,,15,128.0,23.0,1.0,1854852.0,133.0,2634625.0,572519.0,0.0,119.0,14.0,1.5789473684210527,572519.0,15.0,992203.0,1069888.0,ibm_torino,hardware,False,1.0,0.0,1.0,206.53361773700453,20.39307349788357,4472.8046875,,,,,,,,,sample_HHL_circ_nqmatrix6.qasm,45184.0,30144.0,15416.0,9.0,128.0,7.0,1.0,1.0,,,,,,,
nqmatrix8_nq19_ibmq_ibm_miami_CPU_sync_itrs1_20260317T135404Z.json,hhl,19,ibmq,ibm_miami,CPU,sync,1,1.0,2026-03-17T13:54:04.130789Z,1,112,1,borg,gen008_borg,1866845,19,19.0,19,1866990,512,541,1866450,1866846,1,0,,19,512.0,29.0,1.0,37050248.0,120.0,51470825.0,11136186.0,0.0,101.0,19.0,2.8833333333333333,11136186.0,19.0,19869931.0,20464689.0,ibm_miami,hardware,False,1.0,0.0,1.0,4035.4647557185963,19.84645109797546,21750.36328125,,,,,,,,,sample_HHL_circ_nqmatrix8.qasm,921824.0,621424.0,322650.0,11.0,512.0,9.0,1.0,1.0,,,,,,,
nqmatrix8_nq19_ibmq_ibm_torino_CPU_sync_itrs1_20260317T134221Z.json,hhl,19,ibmq,ibm_torino,CPU,sync,1,1.0,2026-03-17T13:42:21.960486Z,1,112,1,borg,gen008_borg,1866845,19,19.0,19,1866990,512,541,1866450,1866846,1,0,,19,512.0,29.0,1.0,38157217.0,133.0,54120184.0,11758611.0,0.0,114.0,19.0,2.601503759398496,11758611.0,19.0,20407730.0,21953824.0,ibm_torino,hardware,False,1.0,0.0,1.0,4408.651096355927,20.439413556026345,22966.037109375,,,,,,,,,sample_HHL_circ_nqmatrix8.qasm,921824.0,621424.0,322650.0,11.0,512.0,9.0,1.0,1.0,,,,,,,
phase_code_nq15_ibmq_ibm_torino_CPU_sync_itrs1_20260225T135110Z.json,phase_code,15,ibmq,ibm_torino,CPU,sync,1,1.0,2026-02-25T13:51:10.390534Z,1,112,1,borg,gen008_borg,8,29,29.0,43,173,28,116,57,8,1,0,,43,,88.0,1.0,11.0,133.0,169.0,28.0,0.0,105.0,2.0,0.42105263157894735,28.0,43.0,56.0,28.0,ibm_torino,hardware,False,1.0,0.0,1.0,3.1496493502054363,1.375,1.0,,,,28.0,,,,,,,,,,,,,,,14.0,14.0,,,,
phase_code_nq15_ionq_aria-1_CPU_transpile_itrs0_opt0_20260422T011801Z.json,phase_code,15,ionq,aria-1,CPU,transpile,0,0.0,2026-04-22T01:18:01.967847Z,1,1,1,frontier,gen006,8,37,15.0,22,89,14,89,0,8,1,0,,22,,46.0,0.0,26.0,15.0,321.0,14.0,0.0,1.0,2.0,1.8666666666666667,,22.0,,,ionq_simulator_offline(aria-1),simulator,True,,,,0.008093766868114471,3.25,1.0,,,,14.0,,,,,,,,,,,,,,,7.0,7.0,204.0,14.0,74.0,
phase_code_nq15_ionq_aria-1_CPU_transpile_itrs0_opt1_20260422T011801Z.json,phase_code,15,ionq,aria-1,CPU,transpile,0,1.0,2026-04-22T01:18:01.983678Z,1,1,1,frontier,gen006,8,37,15.0,22,89,14,89,0,8,1,0,,22,,46.0,1.0,25.0,15.0,225.0,14.0,0.0,1.0,2.0,1.8666666666666667,,22.0,,,ionq_simulator_offline(aria-1),simulator,True,,,,0.011789905838668346,3.125,1.0,,,,14.0,,,,,,,,,,,,,,,7.0,7.0,140.0,14.0,42.0,
phase_code_nq15_ionq_aria-1_CPU_transpile_itrs0_opt2_20260422T011802Z.json,phase_code,15,ionq,aria-1,CPU,transpile,0,2.0,2026-04-22T01:18:02.002281Z,1,1,1,frontier,gen006,8,37,15.0,22,89,14,89,0,8,1,0,,22,,46.0,2.0,25.0,15.0,225.0,14.0,0.0,1.0,2.0,1.8666666666666667,,22.0,,,ionq_simulator_offline(aria-1),simulator,True,,,,0.014641629066318274,3.125,1.0,,,,14.0,,,,,,,,,,,,,,,7.0,7.0,140.0,14.0,42.0,
phase_code_nq15_ionq_aria-1_CPU_transpile_itrs0_opt3_20260422T011802Z.json,phase_code,15,ionq,aria-1,CPU,transpile,0,3.0,2026-04-22T01:18:02.029111Z,1,1,1,frontier,gen006,8,37,15.0,22,89,14,89,0,8,1,0,,22,,46.0,3.0,25.0,15.0,225.0,14.0,0.0,1.0,2.0,1.8666666666666667,,22.0,,,ionq_simulator_offline(aria-1),simulator,True,,,,0.022494759876281023,3.125,1.0,,,,14.0,,,,,,,,,,,,,,,7.0,7.0,140.0,14.0,42.0,
phase_code_nq15_ionq_aria-2_CPU_transpile_itrs0_opt0_20260422T011802Z.json,phase_code,15,ionq,aria-2,CPU,transpile,0,0.0,2026-04-22T01:18:02.040261Z,1,1,1,frontier,gen006,8,37,15.0,22,89,14,89,0,8,1,0,,22,,46.0,0.0,26.0,15.0,321.0,14.0,0.0,1.0,2.0,1.8666666666666667,,22.0,,,ionq_simulator_offline(aria-2),simulator,True,,,,0.006536519853398204,3.25,1.0,,,,14.0,,,,,,,,,,,,,,,7.0,7.0,204.0,14.0,74.0,
phase_code_nq15_ionq_aria-2_CPU_transpile_itrs0_opt1_20260422T011802Z.json,phase_code,15,ionq,aria-2,CPU,transpile,0,1.0,2026-04-22T01:18:02.055677Z,1,1,1,frontier,gen006,8,37,15.0,22,89,14,89,0,8,1,0,,22,,46.0,1.0,25.0,15.0,225.0,14.0,0.0,1.0,2.0,1.8666666666666667,,22.0,,,ionq_simulator_offline(aria-2),simulator,True,,,,0.011312692193314433,3.125,1.0,,,,14.0,,,,,,,,,,,,,,,7.0,7.0,140.0,14.0,42.0,
phase_code_nq15_ionq_aria-2_CPU_transpile_itrs0_opt2_20260422T011802Z.json,phase_code,15,ionq,aria-2,CPU,transpile,0,2.0,2026-04-22T01:18:02.074136Z,1,1,1,frontier,gen006,8,37,15.0,22,89,14,89,0,8,1,0,,22,,46.0,2.0,25.0,15.0,225.0,14.0,0.0,1.0,2.0,1.8666666666666667,,22.0,,,ionq_simulator_offline(aria-2),simulator,True,,,,0.014392426004633307,3.125,1.0,,,,14.0,,,,,,,,,,,,,,,7.0,7.0,140.0,14.0,42.0,
phase_code_nq15_ionq_aria-2_CPU_transpile_itrs0_opt3_20260422T011802Z.json,phase_code,15,ionq,aria-2,CPU,transpile,0,3.0,2026-04-22T01:18:02.100741Z,1,1,1,frontier,gen006,8,37,15.0,22,89,14,89,0,8,1,0,,22,,46.0,3.0,25.0,15.0,225.0,14.0,0.0,1.0,2.0,1.8666666666666667,,22.0,,,ionq_simulator_offline(aria-2),simulator,True,,,,0.02246288792230189,3.125,1.0,,,,14.0,,,,,,,,,,,,,,,7.0,7.0,140.0,14.0,42.0,
phase_code_nq15_ionq_forte-1_CPU_transpile_itrs0_opt0_20260422T011802Z.json,phase_code,15,ionq,forte-1,CPU,transpile,0,0.0,2026-04-22T01:18:02.111856Z,1,1,1,frontier,gen006,8,37,15.0,22,89,14,89,0,8,1,0,,22,,46.0,0.0,26.0,15.0,321.0,14.0,0.0,1.0,2.0,1.8666666666666667,,22.0,,,ionq_simulator_offline(forte-1),simulator,True,,,,0.006497364956885576,3.25,1.0,,,,14.0,,,,,,,,,,,,,,,7.0,7.0,204.0,14.0,74.0,
phase_code_nq15_ionq_forte-1_CPU_transpile_itrs0_opt1_20260422T011802Z.json,phase_code,15,ionq,forte-1,CPU,transpile,0,1.0,2026-04-22T01:18:02.127048Z,1,1,1,frontier,gen006,8,37,15.0,22,89,14,89,0,8,1,0,,22,,46.0,1.0,25.0,15.0,225.0,14.0,0.0,1.0,2.0,1.8666666666666667,,22.0,,,ionq_simulator_offline(forte-1),simulator,True,,,,0.011271650902926922,3.125,1.0,,,,14.0,,,,,,,,,,,,,,,7.0,7.0,140.0,14.0,42.0,
phase_code_nq15_ionq_forte-1_CPU_transpile_itrs0_opt2_20260422T011802Z.json,phase_code,15,ionq,forte-1,CPU,transpile,0,2.0,2026-04-22T01:18:02.145214Z,1,1,1,frontier,gen006,8,37,15.0,22,89,14,89,0,8,1,0,,22,,46.0,2.0,25.0,15.0,225.0,14.0,0.0,1.0,2.0,1.8666666666666667,,22.0,,,ionq_simulator_offline(forte-1),simulator,True,,,,0.01419539493508637,3.125,1.0,,,,14.0,,,,,,,,,,,,,,,7.0,7.0,140.0,14.0,42.0,
phase_code_nq15_ionq_forte-1_CPU_transpile_itrs0_opt3_20260422T011802Z.json,phase_code,15,ionq,forte-1,CPU,transpile,0,3.0,2026-04-22T01:18:02.171712Z,1,1,1,frontier,gen006,8,37,15.0,22,89,14,89,0,8,1,0,,22,,46.0,3.0,25.0,15.0,225.0,14.0,0.0,1.0,2.0,1.8666666666666667,,22.0,,,ionq_simulator_offline(forte-1),simulator,True,,,,0.022374807158485055,3.125,1.0,,,,14.0,,,,,,,,,,,,,,,7.0,7.0,140.0,14.0,42.0,
phase_code_nq15_ionq_forte-enterprise-1_CPU_transpile_itrs0_opt0_20260422T011802Z.json,phase_code,15,ionq,forte-enterprise-1,CPU,transpile,0,0.0,2026-04-22T01:18:02.182834Z,1,1,1,frontier,gen006,8,37,15.0,22,89,14,89,0,8,1,0,,22,,46.0,0.0,26.0,15.0,321.0,14.0,0.0,1.0,2.0,1.8666666666666667,,22.0,,,ionq_simulator_offline(forte-enterprise-1),simulator,True,,,,0.006517322966828942,3.25,1.0,,,,14.0,,,,,,,,,,,,,,,7.0,7.0,204.0,14.0,74.0,
phase_code_nq15_ionq_forte-enterprise-1_CPU_transpile_itrs0_opt1_20260422T011802Z.json,phase_code,15,ionq,forte-enterprise-1,CPU,transpile,0,1.0,2026-04-22T01:18:02.198076Z,1,1,1,frontier,gen006,8,37,15.0,22,89,14,89,0,8,1,0,,22,,46.0,1.0,25.0,15.0,225.0,14.0,0.0,1.0,2.0,1.8666666666666667,,22.0,,,ionq_simulator_offline(forte-enterprise-1),simulator,True,,,,0.011231784941628575,3.125,1.0,,,,14.0,,,,,,,,,,,,,,,7.0,7.0,140.0,14.0,42.0,
phase_code_nq15_ionq_forte-enterprise-1_CPU_transpile_itrs0_opt2_20260422T011802Z.json,phase_code,15,ionq,forte-enterprise-1,CPU,transpile,0,2.0,2026-04-22T01:18:02.216493Z,1,1,1,frontier,gen006,8,37,15.0,22,89,14,89,0,8,1,0,,22,,46.0,2.0,25.0,15.0,225.0,14.0,0.0,1.0,2.0,1.8666666666666667,,22.0,,,ionq_simulator_offline(forte-enterprise-1),simulator,True,,,,0.014222055906429887,3.125,1.0,,,,14.0,,,,,,,,,,,,,,,7.0,7.0,140.0,14.0,42.0,
phase_code_nq15_ionq_forte-enterprise-1_CPU_transpile_itrs0_opt3_20260422T011802Z.json,phase_code,15,ionq,forte-enterprise-1,CPU,transpile,0,3.0,2026-04-22T01:18:02.242972Z,1,1,1,frontier,gen006,8,37,15.0,22,89,14,89,0,8,1,0,,22,,46.0,3.0,25.0,15.0,225.0,14.0,0.0,1.0,2.0,1.8666666666666667,,22.0,,,ionq_simulator_offline(forte-enterprise-1),simulator,True,,,,0.02230329904705286,3.125,1.0,,,,14.0,,,,,,,,,,,,,,,7.0,7.0,140.0,14.0,42.0,
phase_code_nq15_ionq_harmony_CPU_transpile_itrs0_opt0_20260422T011802Z.json,phase_code,15,ionq,harmony,CPU,transpile,0,0.0,2026-04-22T01:18:02.253960Z,1,1,1,frontier,gen006,8,37,15.0,22,89,14,89,0,8,1,0,,22,,46.0,0.0,26.0,15.0,321.0,14.0,0.0,1.0,2.0,1.8666666666666667,,22.0,,,ionq_simulator_offline(harmony),simulator,True,,,,0.006568852812051773,3.25,1.0,,,,14.0,,,,,,,,,,,,,,,7.0,7.0,204.0,14.0,74.0,
phase_code_nq15_ionq_harmony_CPU_transpile_itrs0_opt1_20260422T011802Z.json,phase_code,15,ionq,harmony,CPU,transpile,0,1.0,2026-04-22T01:18:02.269371Z,1,1,1,frontier,gen006,8,37,15.0,22,89,14,89,0,8,1,0,,22,,46.0,1.0,25.0,15.0,225.0,14.0,0.0,1.0,2.0,1.8666666666666667,,22.0,,,ionq_simulator_offline(harmony),simulator,True,,,,0.011279426980763674,3.125,1.0,,,,14.0,,,,,,,,,,,,,,,7.0,7.0,140.0,14.0,42.0,
phase_code_nq15_ionq_harmony_CPU_transpile_itrs0_opt2_20260422T011802Z.json,phase_code,15,ionq,harmony,CPU,transpile,0,2.0,2026-04-22T01:18:02.287675Z,1,1,1,frontier,gen006,8,37,15.0,22,89,14,89,0,8,1,0,,22,,46.0,2.0,25.0,15.0,225.0,14.0,0.0,1.0,2.0,1.8666666666666667,,22.0,,,ionq_simulator_offline(harmony),simulator,True,,,,0.014194642892107368,3.125,1.0,,,,14.0,,,,,,,,,,,,,,,7.0,7.0,140.0,14.0,42.0,
phase_code_nq15_ionq_harmony_CPU_transpile_itrs0_opt3_20260422T011802Z.json,phase_code,15,ionq,harmony,CPU,transpile,0,3.0,2026-04-22T01:18:02.314697Z,1,1,1,frontier,gen006,8,37,15.0,22,89,14,89,0,8,1,0,,22,,46.0,3.0,25.0,15.0,225.0,14.0,0.0,1.0,2.0,1.8666666666666667,,22.0,,,ionq_simulator_offline(harmony),simulator,True,,,,0.022830920992419124,3.125,1.0,,,,14.0,,,,,,,,,,,,,,,7.0,7.0,140.0,14.0,42.0,
phase_code_nq15_ionq_ideal_CPU_transpile_itrs0_opt0_20260422T011801Z.json,phase_code,15,ionq,ideal,CPU,transpile,0,0.0,2026-04-22T01:18:01.898000Z,1,1,1,frontier,gen006,8,37,15.0,22,89,14,89,0,8,1,0,,22,,46.0,0.0,17.0,15.0,191.0,14.0,0.0,1.0,2.0,1.8666666666666667,,22.0,,,ionq_simulator_offline(ideal),simulator,True,,,,0.6666086888872087,2.125,1.0,14.0,,,14.0,,,,,,,,,,,,,,74.0,7.0,7.0,,,,74.0
phase_code_nq15_ionq_ideal_CPU_transpile_itrs0_opt1_20260422T011801Z.json,phase_code,15,ionq,ideal,CPU,transpile,0,1.0,2026-04-22T01:18:01.914243Z,1,1,1,frontier,gen006,8,37,15.0,22,89,14,89,0,8,1,0,,22,,46.0,1.0,5.0,15.0,43.0,14.0,0.0,1.0,2.0,1.8666666666666667,,22.0,,,ionq_simulator_offline(ideal),simulator,True,,,,0.012181242927908897,0.625,1.0,14.0,,,14.0,,,,,,,,,,,,,,,7.0,7.0,,,,
phase_code_nq15_ionq_ideal_CPU_transpile_itrs0_opt2_20260422T011801Z.json,phase_code,15,ionq,ideal,CPU,transpile,0,2.0,2026-04-22T01:18:01.937449Z,1,1,1,frontier,gen006,8,37,15.0,22,89,14,89,0,8,1,0,,22,,46.0,2.0,5.0,15.0,43.0,14.0,0.0,1.0,2.0,1.8666666666666667,,22.0,,,ionq_simulator_offline(ideal),simulator,True,,,,0.01993609289638698,0.625,1.0,14.0,,,14.0,,,,,,,,,,,,,,,7.0,7.0,,,,
phase_code_nq15_ionq_ideal_CPU_transpile_itrs0_opt3_20260422T011801Z.json,phase_code,15,ionq,ideal,CPU,transpile,0,3.0,2026-04-22T01:18:01.955189Z,1,1,1,frontier,gen006,8,37,15.0,22,89,14,89,0,8,1,0,,22,,46.0,3.0,5.0,15.0,43.0,14.0,0.0,1.0,2.0,1.8666666666666667,,22.0,,,ionq_simulator_offline(ideal),simulator,True,,,,0.013238411163911223,0.625,1.0,14.0,,,14.0,,,,,,,,,,,,,,,7.0,7.0,,,,
phase_code_nq16_ibmq_ibm_torino_CPU_sync_itrs1_20260225T031206Z.json,phase_code,16,ibmq,ibm_torino,CPU,sync,1,1.0,2026-02-25T03:12:06.177205Z,1,112,1,borg,gen008_borg,8,31,31.0,46,185,30,124,61,8,1,0,,46,,94.0,1.0,11.0,133.0,181.0,30.0,0.0,103.0,2.0,0.45112781954887216,30.0,46.0,60.0,30.0,ibm_torino,hardware,False,1.0,0.0,1.0,2.8439532332122326,1.375,1.0,,,,30.0,,,,,,,,,,,,,,,15.0,15.0,,,,
phase_code_nq17_ionq_aria-1_CPU_transpile_itrs0_opt0_20260422T011801Z.json,phase_code,17,ionq,aria-1,CPU,transpile,0,0.0,2026-04-22T01:18:01.973435Z,1,1,1,frontier,gen006,8,42,17.0,25,101,16,101,0,8,1,0,,25,,52.0,0.0,26.0,17.0,365.0,16.0,0.0,1.0,2.0,1.8823529411764706,,25.0,,,ionq_simulator_offline(aria-1),simulator,True,,,,0.009689432103186846,3.25,1.0,,,,16.0,,,,,,,,,,,,,,,8.0,8.0,232.0,16.0,84.0,
phase_code_nq17_ionq_aria-1_CPU_transpile_itrs0_opt1_20260422T011801Z.json,phase_code,17,ionq,aria-1,CPU,transpile,0,1.0,2026-04-22T01:18:01.990028Z,1,1,1,frontier,gen006,8,42,17.0,25,101,16,101,0,8,1,0,,25,,52.0,1.0,25.0,17.0,257.0,16.0,0.0,1.0,2.0,1.8823529411764706,,25.0,,,ionq_simulator_offline(aria-1),simulator,True,,,,0.012030184036120772,3.125,1.0,,,,16.0,,,,,,,,,,,,,,,8.0,8.0,160.0,16.0,48.0,
phase_code_nq17_ionq_aria-1_CPU_transpile_itrs0_opt2_20260422T011802Z.json,phase_code,17,ionq,aria-1,CPU,transpile,0,2.0,2026-04-22T01:18:02.009953Z,1,1,1,frontier,gen006,8,42,17.0,25,101,16,101,0,8,1,0,,25,,52.0,2.0,25.0,17.0,257.0,16.0,0.0,1.0,2.0,1.8823529411764706,,25.0,,,ionq_simulator_offline(aria-1),simulator,True,,,,0.015332045964896679,3.125,1.0,,,,16.0,,,,,,,,,,,,,,,8.0,8.0,160.0,16.0,48.0,
phase_code_nq17_ionq_aria-1_CPU_transpile_itrs0_opt3_20260422T011802Z.json,phase_code,17,ionq,aria-1,CPU,transpile,0,3.0,2026-04-22T01:18:02.038991Z,1,1,1,frontier,gen006,8,42,17.0,25,101,16,101,0,8,1,0,,25,,52.0,3.0,25.0,17.0,257.0,16.0,0.0,1.0,2.0,1.8823529411764706,,25.0,,,ionq_simulator_offline(aria-1),simulator,True,,,,0.024355087894946337,3.125,1.0,,,,16.0,,,,,,,,,,,,,,,8.0,8.0,160.0,16.0,48.0,
phase_code_nq17_ionq_aria-2_CPU_transpile_itrs0_opt0_20260422T011802Z.json,phase_code,17,ionq,aria-2,CPU,transpile,0,0.0,2026-04-22T01:18:02.050712Z,1,1,1,frontier,gen006,8,42,17.0,25,101,16,101,0,8,1,0,,25,,52.0,0.0,26.0,17.0,365.0,16.0,0.0,1.0,2.0,1.8823529411764706,,25.0,,,ionq_simulator_offline(aria-2),simulator,True,,,,0.006659514969214797,3.25,1.0,,,,16.0,,,,,,,,,,,,,,,8.0,8.0,232.0,16.0,84.0,
phase_code_nq17_ionq_aria-2_CPU_transpile_itrs0_opt1_20260422T011802Z.json,phase_code,17,ionq,aria-2,CPU,transpile,0,1.0,2026-04-22T01:18:02.066707Z,1,1,1,frontier,gen006,8,42,17.0,25,101,16,101,0,8,1,0,,25,,52.0,1.0,25.0,17.0,257.0,16.0,0.0,1.0,2.0,1.8823529411764706,,25.0,,,ionq_simulator_offline(aria-2),simulator,True,,,,0.011626651976257563,3.125,1.0,,,,16.0,,,,,,,,,,,,,,,8.0,8.0,160.0,16.0,48.0,
phase_code_nq17_ionq_aria-2_CPU_transpile_itrs0_opt2_20260422T011802Z.json,phase_code,17,ionq,aria-2,CPU,transpile,0,2.0,2026-04-22T01:18:02.086373Z,1,1,1,frontier,gen006,8,42,17.0,25,101,16,101,0,8,1,0,,25,,52.0,2.0,25.0,17.0,257.0,16.0,0.0,1.0,2.0,1.8823529411764706,,25.0,,,ionq_simulator_offline(aria-2),simulator,True,,,,0.015292651019990444,3.125,1.0,,,,16.0,,,,,,,,,,,,,,,8.0,8.0,160.0,16.0,48.0,
phase_code_nq17_ionq_aria-2_CPU_transpile_itrs0_opt3_20260422T011802Z.json,phase_code,17,ionq,aria-2,CPU,transpile,0,3.0,2026-04-22T01:18:02.114948Z,1,1,1,frontier,gen006,8,42,17.0,25,101,16,101,0,8,1,0,,25,,52.0,3.0,25.0,17.0,257.0,16.0,0.0,1.0,2.0,1.8823529411764706,,25.0,,,ionq_simulator_offline(aria-2),simulator,True,,,,0.023997115902602673,3.125,1.0,,,,16.0,,,,,,,,,,,,,,,8.0,8.0,160.0,16.0,48.0,
phase_code_nq17_ionq_forte-1_CPU_transpile_itrs0_opt0_20260422T011802Z.json,phase_code,17,ionq,forte-1,CPU,transpile,0,0.0,2026-04-22T01:18:02.126708Z,1,1,1,frontier,gen006,8,42,17.0,25,101,16,101,0,8,1,0,,25,,52.0,0.0,26.0,17.0,365.0,16.0,0.0,1.0,2.0,1.8823529411764706,,25.0,,,ionq_simulator_offline(forte-1),simulator,True,,,,0.006706885993480682,3.25,1.0,,,,16.0,,,,,,,,,,,,,,,8.0,8.0,232.0,16.0,84.0,
phase_code_nq17_ionq_forte-1_CPU_transpile_itrs0_opt1_20260422T011802Z.json,phase_code,17,ionq,forte-1,CPU,transpile,0,1.0,2026-04-22T01:18:02.142830Z,1,1,1,frontier,gen006,8,42,17.0,25,101,16,101,0,8,1,0,,25,,52.0,1.0,25.0,17.0,257.0,16.0,0.0,1.0,2.0,1.8823529411764706,,25.0,,,ionq_simulator_offline(forte-1),simulator,True,,,,0.011706446995958686,3.125,1.0,,,,16.0,,,,,,,,,,,,,,,8.0,8.0,160.0,16.0,48.0,
phase_code_nq17_ionq_forte-1_CPU_transpile_itrs0_opt2_20260422T011802Z.json,phase_code,17,ionq,forte-1,CPU,transpile,0,2.0,2026-04-22T01:18:02.162296Z,1,1,1,frontier,gen006,8,42,17.0,25,101,16,101,0,8,1,0,,25,,52.0,2.0,25.0,17.0,257.0,16.0,0.0,1.0,2.0,1.8823529411764706,,25.0,,,ionq_simulator_offline(forte-1),simulator,True,,,,0.015017478028312325,3.125,1.0,,,,16.0,,,,,,,,,,,,,,,8.0,8.0,160.0,16.0,48.0,
phase_code_nq17_ionq_forte-1_CPU_transpile_itrs0_opt3_20260422T011802Z.json,phase_code,17,ionq,forte-1,CPU,transpile,0,3.0,2026-04-22T01:18:02.191403Z,1,1,1,frontier,gen006,8,42,17.0,25,101,16,101,0,8,1,0,,25,,52.0,3.0,25.0,17.0,257.0,16.0,0.0,1.0,2.0,1.8823529411764706,,25.0,,,ionq_simulator_offline(forte-1),simulator,True,,,,0.02445532102137804,3.125,1.0,,,,16.0,,,,,,,,,,,,,,,8.0,8.0,160.0,16.0,48.0,
phase_code_nq17_ionq_forte-enterprise-1_CPU_transpile_itrs0_opt0_20260422T011802Z.json,phase_code,17,ionq,forte-enterprise-1,CPU,transpile,0,0.0,2026-04-22T01:18:02.203239Z,1,1,1,frontier,gen006,8,42,17.0,25,101,16,101,0,8,1,0,,25,,52.0,0.0,26.0,17.0,365.0,16.0,0.0,1.0,2.0,1.8823529411764706,,25.0,,,ionq_simulator_offline(forte-enterprise-1),simulator,True,,,,0.006724259816110134,3.25,1.0,,,,16.0,,,,,,,,,,,,,,,8.0,8.0,232.0,16.0,84.0,
phase_code_nq17_ionq_forte-enterprise-1_CPU_transpile_itrs0_opt1_20260422T011802Z.json,phase_code,17,ionq,forte-enterprise-1,CPU,transpile,0,1.0,2026-04-22T01:18:02.219328Z,1,1,1,frontier,gen006,8,42,17.0,25,101,16,101,0,8,1,0,,25,,52.0,1.0,25.0,17.0,257.0,16.0,0.0,1.0,2.0,1.8823529411764706,,25.0,,,ionq_simulator_offline(forte-enterprise-1),simulator,True,,,,0.011690485989674926,3.125,1.0,,,,16.0,,,,,,,,,,,,,,,8.0,8.0,160.0,16.0,48.0,
phase_code_nq17_ionq_forte-enterprise-1_CPU_transpile_itrs0_opt2_20260422T011802Z.json,phase_code,17,ionq,forte-enterprise-1,CPU,transpile,0,2.0,2026-04-22T01:18:02.238745Z,1,1,1,frontier,gen006,8,42,17.0,25,101,16,101,0,8,1,0,,25,,52.0,2.0,25.0,17.0,257.0,16.0,0.0,1.0,2.0,1.8823529411764706,,25.0,,,ionq_simulator_offline(forte-enterprise-1),simulator,True,,,,0.014970185933634639,3.125,1.0,,,,16.0,,,,,,,,,,,,,,,8.0,8.0,160.0,16.0,48.0,
phase_code_nq17_ionq_forte-enterprise-1_CPU_transpile_itrs0_opt3_20260422T011802Z.json,phase_code,17,ionq,forte-enterprise-1,CPU,transpile,0,3.0,2026-04-22T01:18:02.267471Z,1,1,1,frontier,gen006,8,42,17.0,25,101,16,101,0,8,1,0,,25,,52.0,3.0,25.0,17.0,257.0,16.0,0.0,1.0,2.0,1.8823529411764706,,25.0,,,ionq_simulator_offline(forte-enterprise-1),simulator,True,,,,0.02403876488097012,3.125,1.0,,,,16.0,,,,,,,,,,,,,,,8.0,8.0,160.0,16.0,48.0,
phase_code_nq17_ionq_harmony_CPU_transpile_itrs0_opt0_20260422T011802Z.json,phase_code,17,ionq,harmony,CPU,transpile,0,0.0,2026-04-22T01:18:02.279355Z,1,1,1,frontier,gen006,8,42,17.0,25,101,16,101,0,8,1,0,,25,,52.0,0.0,26.0,17.0,365.0,16.0,0.0,1.0,2.0,1.8823529411764706,,25.0,,,ionq_simulator_offline(harmony),simulator,True,,,,0.006684943800792098,3.25,1.0,,,,16.0,,,,,,,,,,,,,,,8.0,8.0,232.0,16.0,84.0,
phase_code_nq17_ionq_harmony_CPU_transpile_itrs0_opt1_20260422T011802Z.json,phase_code,17,ionq,harmony,CPU,transpile,0,1.0,2026-04-22T01:18:02.295432Z,1,1,1,frontier,gen006,8,42,17.0,25,101,16,101,0,8,1,0,,25,,52.0,1.0,25.0,17.0,257.0,16.0,0.0,1.0,2.0,1.8823529411764706,,25.0,,,ionq_simulator_offline(harmony),simulator,True,,,,0.01164696179330349,3.125,1.0,,,,16.0,,,,,,,,,,,,,,,8.0,8.0,160.0,16.0,48.0,
phase_code_nq17_ionq_harmony_CPU_transpile_itrs0_opt2_20260422T011802Z.json,phase_code,17,ionq,harmony,CPU,transpile,0,2.0,2026-04-22T01:18:02.315148Z,1,1,1,frontier,gen006,8,42,17.0,25,101,16,101,0,8,1,0,,25,,52.0,2.0,25.0,17.0,257.0,16.0,0.0,1.0,2.0,1.8823529411764706,,25.0,,,ionq_simulator_offline(harmony),simulator,True,,,,0.015255918959155679,3.125,1.0,,,,16.0,,,,,,,,,,,,,,,8.0,8.0,160.0,16.0,48.0,
phase_code_nq17_ionq_harmony_CPU_transpile_itrs0_opt3_20260422T011802Z.json,phase_code,17,ionq,harmony,CPU,transpile,0,3.0,2026-04-22T01:18:02.343791Z,1,1,1,frontier,gen006,8,42,17.0,25,101,16,101,0,8,1,0,,25,,52.0,3.0,25.0,17.0,257.0,16.0,0.0,1.0,2.0,1.8823529411764706,,25.0,,,ionq_simulator_offline(harmony),simulator,True,,,,0.023963889805600047,3.125,1.0,,,,16.0,,,,,,,,,,,,,,,8.0,8.0,160.0,16.0,48.0,
phase_code_nq17_ionq_ideal_CPU_transpile_itrs0_opt0_20260422T011801Z.json,phase_code,17,ionq,ideal,CPU,transpile,0,0.0,2026-04-22T01:18:01.899155Z,1,1,1,frontier,gen006,8,42,17.0,25,101,16,101,0,8,1,0,,25,,52.0,0.0,17.0,17.0,217.0,16.0,0.0,1.0,2.0,1.8823529411764706,,25.0,,,ionq_simulator_offline(ideal),simulator,True,,,,0.6669154618866742,2.125,1.0,16.0,,,16.0,,,,,,,,,,,,,,84.0,8.0,8.0,,,,84.0
phase_code_nq17_ionq_ideal_CPU_transpile_itrs0_opt1_20260422T011801Z.json,phase_code,17,ionq,ideal,CPU,transpile,0,1.0,2026-04-22T01:18:01.915547Z,1,1,1,frontier,gen006,8,42,17.0,25,101,16,101,0,8,1,0,,25,,52.0,1.0,5.0,17.0,49.0,16.0,0.0,1.0,2.0,1.8823529411764706,,25.0,,,ionq_simulator_offline(ideal),simulator,True,,,,0.012086301809176803,0.625,1.0,16.0,,,16.0,,,,,,,,,,,,,,,8.0,8.0,,,,
phase_code_nq17_ionq_ideal_CPU_transpile_itrs0_opt2_20260422T011801Z.json,phase_code,17,ionq,ideal,CPU,transpile,0,2.0,2026-04-22T01:18:01.940944Z,1,1,1,frontier,gen006,8,42,17.0,25,101,16,101,0,8,1,0,,25,,52.0,2.0,5.0,17.0,49.0,16.0,0.0,1.0,2.0,1.8823529411764706,,25.0,,,ionq_simulator_offline(ideal),simulator,True,,,,0.02183065004646778,0.625,1.0,16.0,,,16.0,,,,,,,,,,,,,,,8.0,8.0,,,,
phase_code_nq17_ionq_ideal_CPU_transpile_itrs0_opt3_20260422T011801Z.json,phase_code,17,ionq,ideal,CPU,transpile,0,3.0,2026-04-22T01:18:01.958746Z,1,1,1,frontier,gen006,8,42,17.0,25,101,16,101,0,8,1,0,,25,,52.0,3.0,5.0,17.0,49.0,16.0,0.0,1.0,2.0,1.8823529411764706,,25.0,,,ionq_simulator_offline(ideal),simulator,True,,,,0.013655911199748516,0.625,1.0,16.0,,,16.0,,,,,,,,,,,,,,,8.0,8.0,,,,
phase_code_nq20_ibmq_ibm_torino_CPU_sync_itrs1_20260317T002712Z.json,phase_code,20,ibmq,ibm_torino,CPU,sync,1,1.0,2026-03-17T00:27:12.242476Z,1,112,1,borg,gen008_borg,8,39,39.0,58,233,38,156,77,8,1,0,,58,,118.0,1.0,11.0,133.0,229.0,38.0,0.0,95.0,2.0,0.5714285714285714,38.0,58.0,76.0,38.0,ibm_torino,hardware,False,1.0,0.0,1.0,3.0457407431676984,1.375,1.0,,,,38.0,,,,,,,,,,,,,,,19.0,19.0,,,,
phase_code_nq23_ibmq_ibm_torino_CPU_sync_itrs1_20260317T214033Z.json,phase_code,23,ibmq,ibm_torino,CPU,sync,1,1.0,2026-03-17T21:40:33.863739Z,1,112,1,borg,gen008_borg,8,45,45.0,67,269,44,180,89,8,1,0,,67,,136.0,1.0,11.0,133.0,265.0,44.0,0.0,89.0,2.0,0.6616541353383458,44.0,67.0,88.0,44.0,ibm_torino,hardware,False,1.0,0.0,1.0,2.932185165118426,1.375,1.0,,,,44.0,,,,,,,,,,,,,,,22.0,22.0,,,,
phase_code_nq29_ionq_aria-1_CPU_transpile_itrs0_opt0_20260422T011801Z.json,phase_code,29,ionq,aria-1,CPU,transpile,0,0.0,2026-04-22T01:18:01.985407Z,1,1,1,frontier,gen006,8,72,29.0,43,173,28,173,0,8,1,0,,43,,88.0,0.0,26.0,29.0,629.0,28.0,0.0,1.0,2.0,1.9310344827586208,,43.0,,,ionq_simulator_offline(aria-1),simulator,True,,,,0.010154355084523559,3.25,1.0,,,,28.0,,,,,,,,,,,,,,,14.0,14.0,400.0,28.0,144.0,
phase_code_nq29_ionq_aria-1_CPU_transpile_itrs0_opt1_20260422T011802Z.json,phase_code,29,ionq,aria-1,CPU,transpile,0,1.0,2026-04-22T01:18:02.006434Z,1,1,1,frontier,gen006,8,72,29.0,43,173,28,173,0,8,1,0,,43,,88.0,1.0,25.0,29.0,449.0,28.0,0.0,1.0,2.0,1.9310344827586208,,43.0,,,ionq_simulator_offline(aria-1),simulator,True,,,,0.014779958873987198,3.125,1.0,,,,28.0,,,,,,,,,,,,,,,14.0,14.0,280.0,28.0,84.0,
phase_code_nq29_ionq_aria-1_CPU_transpile_itrs0_opt2_20260422T011802Z.json,phase_code,29,ionq,aria-1,CPU,transpile,0,2.0,2026-04-22T01:18:02.031928Z,1,1,1,frontier,gen006,8,72,29.0,43,173,28,173,0,8,1,0,,43,,88.0,2.0,25.0,29.0,449.0,28.0,0.0,1.0,2.0,1.9310344827586208,,43.0,,,ionq_simulator_offline(aria-1),simulator,True,,,,0.019290075870230794,3.125,1.0,,,,28.0,,,,,,,,,,,,,,,14.0,14.0,280.0,28.0,84.0,
phase_code_nq29_ionq_aria-1_CPU_transpile_itrs0_opt3_20260422T011802Z.json,phase_code,29,ionq,aria-1,CPU,transpile,0,3.0,2026-04-22T01:18:02.073376Z,1,1,1,frontier,gen006,8,72,29.0,43,173,28,173,0,8,1,0,,43,,88.0,3.0,25.0,29.0,449.0,28.0,0.0,1.0,2.0,1.9310344827586208,,43.0,,,ionq_simulator_offline(aria-1),simulator,True,,,,0.03501643193885684,3.125,1.0,,,,28.0,,,,,,,,,,,,,,,14.0,14.0,280.0,28.0,84.0,
phase_code_nq29_ionq_aria-2_CPU_transpile_itrs0_opt0_20260422T011802Z.json,phase_code,29,ionq,aria-2,CPU,transpile,0,0.0,2026-04-22T01:18:02.088603Z,1,1,1,frontier,gen006,8,72,29.0,43,173,28,173,0,8,1,0,,43,,88.0,0.0,26.0,29.0,629.0,28.0,0.0,1.0,2.0,1.9310344827586208,,43.0,,,ionq_simulator_offline(aria-2),simulator,True,,,,0.00822599302046001,3.25,1.0,,,,28.0,,,,,,,,,,,,,,,14.0,14.0,400.0,28.0,144.0,
phase_code_nq29_ionq_aria-2_CPU_transpile_itrs0_opt1_20260422T011802Z.json,phase_code,29,ionq,aria-2,CPU,transpile,0,1.0,2026-04-22T01:18:02.109000Z,1,1,1,frontier,gen006,8,72,29.0,43,173,28,173,0,8,1,0,,43,,88.0,1.0,25.0,29.0,449.0,28.0,0.0,1.0,2.0,1.9310344827586208,,43.0,,,ionq_simulator_offline(aria-2),simulator,True,,,,0.014240075135603547,3.125,1.0,,,,28.0,,,,,,,,,,,,,,,14.0,14.0,280.0,28.0,84.0,
phase_code_nq29_ionq_aria-2_CPU_transpile_itrs0_opt2_20260422T011802Z.json,phase_code,29,ionq,aria-2,CPU,transpile,0,2.0,2026-04-22T01:18:02.133972Z,1,1,1,frontier,gen006,8,72,29.0,43,173,28,173,0,8,1,0,,43,,88.0,2.0,25.0,29.0,449.0,28.0,0.0,1.0,2.0,1.9310344827586208,,43.0,,,ionq_simulator_offline(aria-2),simulator,True,,,,0.01877086888998747,3.125,1.0,,,,28.0,,,,,,,,,,,,,,,14.0,14.0,280.0,28.0,84.0,
phase_code_nq29_ionq_aria-2_CPU_transpile_itrs0_opt3_20260422T011802Z.json,phase_code,29,ionq,aria-2,CPU,transpile,0,3.0,2026-04-22T01:18:02.174849Z,1,1,1,frontier,gen006,8,72,29.0,43,173,28,173,0,8,1,0,,43,,88.0,3.0,25.0,29.0,449.0,28.0,0.0,1.0,2.0,1.9310344827586208,,43.0,,,ionq_simulator_offline(aria-2),simulator,True,,,,0.034423707984387875,3.125,1.0,,,,28.0,,,,,,,,,,,,,,,14.0,14.0,280.0,28.0,84.0,
phase_code_nq29_ionq_forte-1_CPU_transpile_itrs0_opt0_20260422T011802Z.json,phase_code,29,ionq,forte-1,CPU,transpile,0,0.0,2026-04-22T01:18:02.190240Z,1,1,1,frontier,gen006,8,72,29.0,43,173,28,173,0,8,1,0,,43,,88.0,0.0,26.0,29.0,629.0,28.0,0.0,1.0,2.0,1.9310344827586208,,43.0,,,ionq_simulator_offline(forte-1),simulator,True,,,,0.008310804143548012,3.25,1.0,,,,28.0,,,,,,,,,,,,,,,14.0,14.0,400.0,28.0,144.0,
phase_code_nq29_ionq_forte-1_CPU_transpile_itrs0_opt1_20260422T011802Z.json,phase_code,29,ionq,forte-1,CPU,transpile,0,1.0,2026-04-22T01:18:02.210483Z,1,1,1,frontier,gen006,8,72,29.0,43,173,28,173,0,8,1,0,,43,,88.0,1.0,25.0,29.0,449.0,28.0,0.0,1.0,2.0,1.9310344827586208,,43.0,,,ionq_simulator_offline(forte-1),simulator,True,,,,0.01412602886557579,3.125,1.0,,,,28.0,,,,,,,,,,,,,,,14.0,14.0,280.0,28.0,84.0,
phase_code_nq29_ionq_forte-1_CPU_transpile_itrs0_opt2_20260422T011802Z.json,phase_code,29,ionq,forte-1,CPU,transpile,0,2.0,2026-04-22T01:18:02.235744Z,1,1,1,frontier,gen006,8,72,29.0,43,173,28,173,0,8,1,0,,43,,88.0,2.0,25.0,29.0,449.0,28.0,0.0,1.0,2.0,1.9310344827586208,,43.0,,,ionq_simulator_offline(forte-1),simulator,True,,,,0.019150551175698638,3.125,1.0,,,,28.0,,,,,,,,,,,,,,,14.0,14.0,280.0,28.0,84.0,
phase_code_nq29_ionq_forte-1_CPU_transpile_itrs0_opt3_20260422T011802Z.json,phase_code,29,ionq,forte-1,CPU,transpile,0,3.0,2026-04-22T01:18:02.276607Z,1,1,1,frontier,gen006,8,72,29.0,43,173,28,173,0,8,1,0,,43,,88.0,3.0,25.0,29.0,449.0,28.0,0.0,1.0,2.0,1.9310344827586208,,43.0,,,ionq_simulator_offline(forte-1),simulator,True,,,,0.0346162230707705,3.125,1.0,,,,28.0,,,,,,,,,,,,,,,14.0,14.0,280.0,28.0,84.0,
phase_code_nq29_ionq_forte-enterprise-1_CPU_transpile_itrs0_opt0_20260422T011802Z.json,phase_code,29,ionq,forte-enterprise-1,CPU,transpile,0,0.0,2026-04-22T01:18:02.292036Z,1,1,1,frontier,gen006,8,72,29.0,43,173,28,173,0,8,1,0,,43,,88.0,0.0,26.0,29.0,629.0,28.0,0.0,1.0,2.0,1.9310344827586208,,43.0,,,ionq_simulator_offline(forte-enterprise-1),simulator,True,,,,0.00823852582834661,3.25,1.0,,,,28.0,,,,,,,,,,,,,,,14.0,14.0,400.0,28.0,144.0,
phase_code_nq29_ionq_forte-enterprise-1_CPU_transpile_itrs0_opt1_20260422T011802Z.json,phase_code,29,ionq,forte-enterprise-1,CPU,transpile,0,1.0,2026-04-22T01:18:02.312381Z,1,1,1,frontier,gen006,8,72,29.0,43,173,28,173,0,8,1,0,,43,,88.0,1.0,25.0,29.0,449.0,28.0,0.0,1.0,2.0,1.9310344827586208,,43.0,,,ionq_simulator_offline(forte-enterprise-1),simulator,True,,,,0.014168549096211791,3.125,1.0,,,,28.0,,,,,,,,,,,,,,,14.0,14.0,280.0,28.0,84.0,
phase_code_nq29_ionq_forte-enterprise-1_CPU_transpile_itrs0_opt2_20260422T011802Z.json,phase_code,29,ionq,forte-enterprise-1,CPU,transpile,0,2.0,2026-04-22T01:18:02.337599Z,1,1,1,frontier,gen006,8,72,29.0,43,173,28,173,0,8,1,0,,43,,88.0,2.0,25.0,29.0,449.0,28.0,0.0,1.0,2.0,1.9310344827586208,,43.0,,,ionq_simulator_offline(forte-enterprise-1),simulator,True,,,,0.01915407693013549,3.125,1.0,,,,28.0,,,,,,,,,,,,,,,14.0,14.0,280.0,28.0,84.0,
phase_code_nq29_ionq_forte-enterprise-1_CPU_transpile_itrs0_opt3_20260422T011802Z.json,phase_code,29,ionq,forte-enterprise-1,CPU,transpile,0,3.0,2026-04-22T01:18:02.378502Z,1,1,1,frontier,gen006,8,72,29.0,43,173,28,173,0,8,1,0,,43,,88.0,3.0,25.0,29.0,449.0,28.0,0.0,1.0,2.0,1.9310344827586208,,43.0,,,ionq_simulator_offline(forte-enterprise-1),simulator,True,,,,0.034589843126013875,3.125,1.0,,,,28.0,,,,,,,,,,,,,,,14.0,14.0,280.0,28.0,84.0,
phase_code_nq29_ionq_harmony_CPU_transpile_itrs0_opt0_20260422T011802Z.json,phase_code,29,ionq,harmony,CPU,transpile,0,0.0,2026-04-22T01:18:02.393780Z,1,1,1,frontier,gen006,8,72,29.0,43,173,28,173,0,8,1,0,,43,,88.0,0.0,26.0,29.0,629.0,28.0,0.0,1.0,2.0,1.9310344827586208,,43.0,,,ionq_simulator_offline(harmony),simulator,True,,,,0.008226474048569798,3.25,1.0,,,,28.0,,,,,,,,,,,,,,,14.0,14.0,400.0,28.0,144.0,
phase_code_nq29_ionq_harmony_CPU_transpile_itrs0_opt1_20260422T011802Z.json,phase_code,29,ionq,harmony,CPU,transpile,0,1.0,2026-04-22T01:18:02.414083Z,1,1,1,frontier,gen006,8,72,29.0,43,173,28,173,0,8,1,0,,43,,88.0,1.0,25.0,29.0,449.0,28.0,0.0,1.0,2.0,1.9310344827586208,,43.0,,,ionq_simulator_offline(harmony),simulator,True,,,,0.01420102990232408,3.125,1.0,,,,28.0,,,,,,,,,,,,,,,14.0,14.0,280.0,28.0,84.0,
phase_code_nq29_ionq_harmony_CPU_transpile_itrs0_opt2_20260422T011802Z.json,phase_code,29,ionq,harmony,CPU,transpile,0,2.0,2026-04-22T01:18:02.439496Z,1,1,1,frontier,gen006,8,72,29.0,43,173,28,173,0,8,1,0,,43,,88.0,2.0,25.0,29.0,449.0,28.0,0.0,1.0,2.0,1.9310344827586208,,43.0,,,ionq_simulator_offline(harmony),simulator,True,,,,0.019218440167605877,3.125,1.0,,,,28.0,,,,,,,,,,,,,,,14.0,14.0,280.0,28.0,84.0,
phase_code_nq29_ionq_harmony_CPU_transpile_itrs0_opt3_20260422T011802Z.json,phase_code,29,ionq,harmony,CPU,transpile,0,3.0,2026-04-22T01:18:02.612068Z,1,1,1,frontier,gen006,8,72,29.0,43,173,28,173,0,8,1,0,,43,,88.0,3.0,25.0,29.0,449.0,28.0,0.0,1.0,2.0,1.9310344827586208,,43.0,,,ionq_simulator_offline(harmony),simulator,True,,,,0.16625135205686092,3.125,1.0,,,,28.0,,,,,,,,,,,,,,,14.0,14.0,280.0,28.0,84.0,
phase_code_nq29_ionq_ideal_CPU_transpile_itrs0_opt0_20260422T011801Z.json,phase_code,29,ionq,ideal,CPU,transpile,0,0.0,2026-04-22T01:18:01.901557Z,1,1,1,frontier,gen006,8,72,29.0,43,173,28,173,0,8,1,0,,43,,88.0,0.0,17.0,29.0,373.0,28.0,0.0,1.0,2.0,1.9310344827586208,,43.0,,,ionq_simulator_offline(ideal),simulator,True,,,,0.6559386409353465,2.125,1.0,28.0,,,28.0,,,,,,,,,,,,,,144.0,14.0,14.0,,,,144.0
phase_code_nq29_ionq_ideal_CPU_transpile_itrs0_opt1_20260422T011801Z.json,phase_code,29,ionq,ideal,CPU,transpile,0,1.0,2026-04-22T01:18:01.919773Z,1,1,1,frontier,gen006,8,72,29.0,43,173,28,173,0,8,1,0,,43,,88.0,1.0,5.0,29.0,85.0,28.0,0.0,1.0,2.0,1.9310344827586208,,43.0,,,ionq_simulator_offline(ideal),simulator,True,,,,0.012942881090566516,0.625,1.0,28.0,,,28.0,,,,,,,,,,,,,,,14.0,14.0,,,,
phase_code_nq29_ionq_ideal_CPU_transpile_itrs0_opt2_20260422T011801Z.json,phase_code,29,ionq,ideal,CPU,transpile,0,2.0,2026-04-22T01:18:01.946758Z,1,1,1,frontier,gen006,8,72,29.0,43,173,28,173,0,8,1,0,,43,,88.0,2.0,5.0,29.0,85.0,28.0,0.0,1.0,2.0,1.9310344827586208,,43.0,,,ionq_simulator_offline(ideal),simulator,True,,,,0.02228690590709448,0.625,1.0,28.0,,,28.0,,,,,,,,,,,,,,,14.0,14.0,,,,
phase_code_nq29_ionq_ideal_CPU_transpile_itrs0_opt3_20260422T011801Z.json,phase_code,29,ionq,ideal,CPU,transpile,0,3.0,2026-04-22T01:18:01.967959Z,1,1,1,frontier,gen006,8,72,29.0,43,173,28,173,0,8,1,0,,43,,88.0,3.0,5.0,29.0,85.0,28.0,0.0,1.0,2.0,1.9310344827586208,,43.0,,,ionq_simulator_offline(ideal),simulator,True,,,,0.016126147005707026,0.625,1.0,28.0,,,28.0,,,,,,,,,,,,,,,14.0,14.0,,,,
phase_code_nq31_ionq_aria-1_CPU_transpile_itrs0_opt0_20260422T011802Z.json,phase_code,31,ionq,aria-1,CPU,transpile,0,0.0,2026-04-22T01:18:02.149054Z,1,1,1,frontier,gen006,8,77,31.0,46,185,30,185,0,8,1,0,,46,,94.0,0.0,26.0,31.0,673.0,30.0,0.0,1.0,2.0,1.935483870967742,,46.0,,,ionq_simulator_offline(aria-1),simulator,True,,,,0.0101060860324651,3.25,1.0,,,,30.0,,,,,,,,,,,,,,,15.0,15.0,428.0,30.0,154.0,
phase_code_nq31_ionq_aria-1_CPU_transpile_itrs0_opt1_20260422T011802Z.json,phase_code,31,ionq,aria-1,CPU,transpile,0,1.0,2026-04-22T01:18:02.170691Z,1,1,1,frontier,gen006,8,77,31.0,46,185,30,185,0,8,1,0,,46,,94.0,1.0,25.0,31.0,481.0,30.0,0.0,1.0,2.0,1.935483870967742,,46.0,,,ionq_simulator_offline(aria-1),simulator,True,,,,0.015243122121319175,3.125,1.0,,,,30.0,,,,,,,,,,,,,,,15.0,15.0,300.0,30.0,90.0,
phase_code_nq31_ionq_aria-1_CPU_transpile_itrs0_opt2_20260422T011802Z.json,phase_code,31,ionq,aria-1,CPU,transpile,0,2.0,2026-04-22T01:18:02.197110Z,1,1,1,frontier,gen006,8,77,31.0,46,185,30,185,0,8,1,0,,46,,94.0,2.0,25.0,31.0,481.0,30.0,0.0,1.0,2.0,1.935483870967742,,46.0,,,ionq_simulator_offline(aria-1),simulator,True,,,,0.01976844505406916,3.125,1.0,,,,30.0,,,,,,,,,,,,,,,15.0,15.0,300.0,30.0,90.0,
phase_code_nq31_ionq_aria-1_CPU_transpile_itrs0_opt3_20260422T011802Z.json,phase_code,31,ionq,aria-1,CPU,transpile,0,3.0,2026-04-22T01:18:02.240501Z,1,1,1,frontier,gen006,8,77,31.0,46,185,30,185,0,8,1,0,,46,,94.0,3.0,25.0,31.0,481.0,30.0,0.0,1.0,2.0,1.935483870967742,,46.0,,,ionq_simulator_offline(aria-1),simulator,True,,,,0.036622332176193595,3.125,1.0,,,,30.0,,,,,,,,,,,,,,,15.0,15.0,300.0,30.0,90.0,
phase_code_nq31_ionq_aria-2_CPU_transpile_itrs0_opt0_20260422T011802Z.json,phase_code,31,ionq,aria-2,CPU,transpile,0,0.0,2026-04-22T01:18:02.256440Z,1,1,1,frontier,gen006,8,77,31.0,46,185,30,185,0,8,1,0,,46,,94.0,0.0,26.0,31.0,673.0,30.0,0.0,1.0,2.0,1.935483870967742,,46.0,,,ionq_simulator_offline(aria-2),simulator,True,,,,0.00840816181153059,3.25,1.0,,,,30.0,,,,,,,,,,,,,,,15.0,15.0,428.0,30.0,154.0,
phase_code_nq31_ionq_aria-2_CPU_transpile_itrs0_opt1_20260422T011802Z.json,phase_code,31,ionq,aria-2,CPU,transpile,0,1.0,2026-04-22T01:18:02.277768Z,1,1,1,frontier,gen006,8,77,31.0,46,185,30,185,0,8,1,0,,46,,94.0,1.0,25.0,31.0,481.0,30.0,0.0,1.0,2.0,1.935483870967742,,46.0,,,ionq_simulator_offline(aria-2),simulator,True,,,,0.014691795920953155,3.125,1.0,,,,30.0,,,,,,,,,,,,,,,15.0,15.0,300.0,30.0,90.0,
phase_code_nq31_ionq_aria-2_CPU_transpile_itrs0_opt2_20260422T011802Z.json,phase_code,31,ionq,aria-2,CPU,transpile,0,2.0,2026-04-22T01:18:02.303747Z,1,1,1,frontier,gen006,8,77,31.0,46,185,30,185,0,8,1,0,,46,,94.0,2.0,25.0,31.0,481.0,30.0,0.0,1.0,2.0,1.935483870967742,,46.0,,,ionq_simulator_offline(aria-2),simulator,True,,,,0.019421663833782077,3.125,1.0,,,,30.0,,,,,,,,,,,,,,,15.0,15.0,300.0,30.0,90.0,
phase_code_nq31_ionq_aria-2_CPU_transpile_itrs0_opt3_20260422T011802Z.json,phase_code,31,ionq,aria-2,CPU,transpile,0,3.0,2026-04-22T01:18:02.346443Z,1,1,1,frontier,gen006,8,77,31.0,46,185,30,185,0,8,1,0,,46,,94.0,3.0,25.0,31.0,481.0,30.0,0.0,1.0,2.0,1.935483870967742,,46.0,,,ionq_simulator_offline(aria-2),simulator,True,,,,0.03596425917930901,3.125,1.0,,,,30.0,,,,,,,,,,,,,,,15.0,15.0,300.0,30.0,90.0,
phase_code_nq31_ionq_forte-1_CPU_transpile_itrs0_opt0_20260422T011802Z.json,phase_code,31,ionq,forte-1,CPU,transpile,0,0.0,2026-04-22T01:18:02.362298Z,1,1,1,frontier,gen006,8,77,31.0,46,185,30,185,0,8,1,0,,46,,94.0,0.0,26.0,31.0,673.0,30.0,0.0,1.0,2.0,1.935483870967742,,46.0,,,ionq_simulator_offline(forte-1),simulator,True,,,,0.008441737154498696,3.25,1.0,,,,30.0,,,,,,,,,,,,,,,15.0,15.0,428.0,30.0,154.0,
phase_code_nq31_ionq_forte-1_CPU_transpile_itrs0_opt1_20260422T011802Z.json,phase_code,31,ionq,forte-1,CPU,transpile,0,1.0,2026-04-22T01:18:02.383678Z,1,1,1,frontier,gen006,8,77,31.0,46,185,30,185,0,8,1,0,,46,,94.0,1.0,25.0,31.0,481.0,30.0,0.0,1.0,2.0,1.935483870967742,,46.0,,,ionq_simulator_offline(forte-1),simulator,True,,,,0.01492362399585545,3.125,1.0,,,,30.0,,,,,,,,,,,,,,,15.0,15.0,300.0,30.0,90.0,
phase_code_nq31_ionq_forte-1_CPU_transpile_itrs0_opt2_20260422T011802Z.json,phase_code,31,ionq,forte-1,CPU,transpile,0,2.0,2026-04-22T01:18:02.409396Z,1,1,1,frontier,gen006,8,77,31.0,46,185,30,185,0,8,1,0,,46,,94.0,2.0,25.0,31.0,481.0,30.0,0.0,1.0,2.0,1.935483870967742,,46.0,,,ionq_simulator_offline(forte-1),simulator,True,,,,0.019166489830240607,3.125,1.0,,,,30.0,,,,,,,,,,,,,,,15.0,15.0,300.0,30.0,90.0,
phase_code_nq31_ionq_forte-1_CPU_transpile_itrs0_opt3_20260422T011802Z.json,phase_code,31,ionq,forte-1,CPU,transpile,0,3.0,2026-04-22T01:18:02.452013Z,1,1,1,frontier,gen006,8,77,31.0,46,185,30,185,0,8,1,0,,46,,94.0,3.0,25.0,31.0,481.0,30.0,0.0,1.0,2.0,1.935483870967742,,46.0,,,ionq_simulator_offline(forte-1),simulator,True,,,,0.03592465189285576,3.125,1.0,,,,30.0,,,,,,,,,,,,,,,15.0,15.0,300.0,30.0,90.0,
phase_code_nq31_ionq_forte-enterprise-1_CPU_transpile_itrs0_opt0_20260422T011802Z.json,phase_code,31,ionq,forte-enterprise-1,CPU,transpile,0,0.0,2026-04-22T01:18:02.468120Z,1,1,1,frontier,gen006,8,77,31.0,46,185,30,185,0,8,1,0,,46,,94.0,0.0,26.0,31.0,673.0,30.0,0.0,1.0,2.0,1.935483870967742,,46.0,,,ionq_simulator_offline(forte-enterprise-1),simulator,True,,,,0.008570495992898941,3.25,1.0,,,,30.0,,,,,,,,,,,,,,,15.0,15.0,428.0,30.0,154.0,
phase_code_nq31_ionq_forte-enterprise-1_CPU_transpile_itrs0_opt1_20260422T011802Z.json,phase_code,31,ionq,forte-enterprise-1,CPU,transpile,0,1.0,2026-04-22T01:18:02.489413Z,1,1,1,frontier,gen006,8,77,31.0,46,185,30,185,0,8,1,0,,46,,94.0,1.0,25.0,31.0,481.0,30.0,0.0,1.0,2.0,1.935483870967742,,46.0,,,ionq_simulator_offline(forte-enterprise-1),simulator,True,,,,0.01472326717339456,3.125,1.0,,,,30.0,,,,,,,,,,,,,,,15.0,15.0,300.0,30.0,90.0,
phase_code_nq31_ionq_forte-enterprise-1_CPU_transpile_itrs0_opt2_20260422T011802Z.json,phase_code,31,ionq,forte-enterprise-1,CPU,transpile,0,2.0,2026-04-22T01:18:02.515232Z,1,1,1,frontier,gen006,8,77,31.0,46,185,30,185,0,8,1,0,,46,,94.0,2.0,25.0,31.0,481.0,30.0,0.0,1.0,2.0,1.935483870967742,,46.0,,,ionq_simulator_offline(forte-enterprise-1),simulator,True,,,,0.019198411842808127,3.125,1.0,,,,30.0,,,,,,,,,,,,,,,15.0,15.0,300.0,30.0,90.0,
phase_code_nq31_ionq_forte-enterprise-1_CPU_transpile_itrs0_opt3_20260422T011802Z.json,phase_code,31,ionq,forte-enterprise-1,CPU,transpile,0,3.0,2026-04-22T01:18:02.558511Z,1,1,1,frontier,gen006,8,77,31.0,46,185,30,185,0,8,1,0,,46,,94.0,3.0,25.0,31.0,481.0,30.0,0.0,1.0,2.0,1.935483870967742,,46.0,,,ionq_simulator_offline(forte-enterprise-1),simulator,True,,,,0.036422815872356296,3.125,1.0,,,,30.0,,,,,,,,,,,,,,,15.0,15.0,300.0,30.0,90.0,
phase_code_nq31_ionq_harmony_CPU_transpile_itrs0_opt0_20260422T011802Z.json,phase_code,31,ionq,harmony,CPU,transpile,0,0.0,2026-04-22T01:18:02.704377Z,1,1,1,frontier,gen006,8,77,31.0,46,185,30,185,0,8,1,0,,46,,94.0,0.0,26.0,31.0,673.0,30.0,0.0,1.0,2.0,1.935483870967742,,46.0,,,ionq_simulator_offline(harmony),simulator,True,,,,0.13820721884258091,3.25,1.0,,,,30.0,,,,,,,,,,,,,,,15.0,15.0,428.0,30.0,154.0,
phase_code_nq31_ionq_harmony_CPU_transpile_itrs0_opt1_20260422T011802Z.json,phase_code,31,ionq,harmony,CPU,transpile,0,1.0,2026-04-22T01:18:02.728489Z,1,1,1,frontier,gen006,8,77,31.0,46,185,30,185,0,8,1,0,,46,,94.0,1.0,25.0,31.0,481.0,30.0,0.0,1.0,2.0,1.935483870967742,,46.0,,,ionq_simulator_offline(harmony),simulator,True,,,,0.015791893005371094,3.125,1.0,,,,30.0,,,,,,,,,,,,,,,15.0,15.0,300.0,30.0,90.0,
phase_code_nq31_ionq_harmony_CPU_transpile_itrs0_opt2_20260422T011802Z.json,phase_code,31,ionq,harmony,CPU,transpile,0,2.0,2026-04-22T01:18:02.754562Z,1,1,1,frontier,gen006,8,77,31.0,46,185,30,185,0,8,1,0,,46,,94.0,2.0,25.0,31.0,481.0,30.0,0.0,1.0,2.0,1.935483870967742,,46.0,,,ionq_simulator_offline(harmony),simulator,True,,,,0.019384671933948994,3.125,1.0,,,,30.0,,,,,,,,,,,,,,,15.0,15.0,300.0,30.0,90.0,
phase_code_nq31_ionq_harmony_CPU_transpile_itrs0_opt3_20260422T011802Z.json,phase_code,31,ionq,harmony,CPU,transpile,0,3.0,2026-04-22T01:18:02.797758Z,1,1,1,frontier,gen006,8,77,31.0,46,185,30,185,0,8,1,0,,46,,94.0,3.0,25.0,31.0,481.0,30.0,0.0,1.0,2.0,1.935483870967742,,46.0,,,ionq_simulator_offline(harmony),simulator,True,,,,0.036297193029895425,3.125,1.0,,,,30.0,,,,,,,,,,,,,,,15.0,15.0,300.0,30.0,90.0,
phase_code_nq31_ionq_ideal_CPU_transpile_itrs0_opt0_20260422T011802Z.json,phase_code,31,ionq,ideal,CPU,transpile,0,0.0,2026-04-22T01:18:02.064695Z,1,1,1,frontier,gen006,8,77,31.0,46,185,30,185,0,8,1,0,,46,,94.0,0.0,17.0,31.0,399.0,30.0,0.0,1.0,2.0,1.935483870967742,,46.0,,,ionq_simulator_offline(ideal),simulator,True,,,,0.6719319459516555,2.125,1.0,30.0,,,30.0,,,,,,,,,,,,,,154.0,15.0,15.0,,,,154.0
phase_code_nq31_ionq_ideal_CPU_transpile_itrs0_opt1_20260422T011802Z.json,phase_code,31,ionq,ideal,CPU,transpile,0,1.0,2026-04-22T01:18:02.083279Z,1,1,1,frontier,gen006,8,77,31.0,46,185,30,185,0,8,1,0,,46,,94.0,1.0,5.0,31.0,91.0,30.0,0.0,1.0,2.0,1.935483870967742,,46.0,,,ionq_simulator_offline(ideal),simulator,True,,,,0.013168007833883166,0.625,1.0,30.0,,,30.0,,,,,,,,,,,,,,,15.0,15.0,,,,
phase_code_nq31_ionq_ideal_CPU_transpile_itrs0_opt2_20260422T011802Z.json,phase_code,31,ionq,ideal,CPU,transpile,0,2.0,2026-04-22T01:18:02.109729Z,1,1,1,frontier,gen006,8,77,31.0,46,185,30,185,0,8,1,0,,46,,94.0,2.0,5.0,31.0,91.0,30.0,0.0,1.0,2.0,1.935483870967742,,46.0,,,ionq_simulator_offline(ideal),simulator,True,,,,0.02155234501697123,0.625,1.0,30.0,,,30.0,,,,,,,,,,,,,,,15.0,15.0,,,,
phase_code_nq31_ionq_ideal_CPU_transpile_itrs0_opt3_20260422T011802Z.json,phase_code,31,ionq,ideal,CPU,transpile,0,3.0,2026-04-22T01:18:02.131481Z,1,1,1,frontier,gen006,8,77,31.0,46,185,30,185,0,8,1,0,,46,,94.0,3.0,5.0,31.0,91.0,30.0,0.0,1.0,2.0,1.935483870967742,,46.0,,,ionq_simulator_offline(ideal),simulator,True,,,,0.01633950206451118,0.625,1.0,30.0,,,30.0,,,,,,,,,,,,,,,15.0,15.0,,,,
phase_code_nq39_ionq_aria-1_CPU_transpile_itrs0_opt0_20260422T011802Z.json,phase_code,39,ionq,aria-1,CPU,transpile,0,0.0,2026-04-22T01:18:02.295120Z,1,1,1,frontier,gen006,8,97,39.0,58,233,38,233,0,8,1,0,,58,,118.0,0.0,26.0,39.0,849.0,38.0,0.0,1.0,2.0,1.9487179487179487,,58.0,,,ionq_simulator_offline(aria-1),simulator,True,,,,0.01110976398922503,3.25,1.0,,,,38.0,,,,,,,,,,,,,,,19.0,19.0,540.0,38.0,194.0,
phase_code_nq39_ionq_aria-1_CPU_transpile_itrs0_opt1_20260422T011802Z.json,phase_code,39,ionq,aria-1,CPU,transpile,0,1.0,2026-04-22T01:18:02.320534Z,1,1,1,frontier,gen006,8,97,39.0,58,233,38,233,0,8,1,0,,58,,118.0,1.0,25.0,39.0,609.0,38.0,0.0,1.0,2.0,1.9487179487179487,,58.0,,,ionq_simulator_offline(aria-1),simulator,True,,,,0.01707316003739834,3.125,1.0,,,,38.0,,,,,,,,,,,,,,,19.0,19.0,380.0,38.0,114.0,
phase_code_nq39_ionq_aria-1_CPU_transpile_itrs0_opt2_20260422T011802Z.json,phase_code,39,ionq,aria-1,CPU,transpile,0,2.0,2026-04-22T01:18:02.350926Z,1,1,1,frontier,gen006,8,97,39.0,58,233,38,233,0,8,1,0,,58,,118.0,2.0,25.0,39.0,609.0,38.0,0.0,1.0,2.0,1.9487179487179487,,58.0,,,ionq_simulator_offline(aria-1),simulator,True,,,,0.02225569705478847,3.125,1.0,,,,38.0,,,,,,,,,,,,,,,19.0,19.0,380.0,38.0,114.0,
phase_code_nq39_ionq_aria-1_CPU_transpile_itrs0_opt3_20260422T011802Z.json,phase_code,39,ionq,aria-1,CPU,transpile,0,3.0,2026-04-22T01:18:02.402538Z,1,1,1,frontier,gen006,8,97,39.0,58,233,38,233,0,8,1,0,,58,,118.0,3.0,25.0,39.0,609.0,38.0,0.0,1.0,2.0,1.9487179487179487,,58.0,,,ionq_simulator_offline(aria-1),simulator,True,,,,0.043309077154845,3.125,1.0,,,,38.0,,,,,,,,,,,,,,,19.0,19.0,380.0,38.0,114.0,
phase_code_nq39_ionq_aria-2_CPU_transpile_itrs0_opt0_20260422T011802Z.json,phase_code,39,ionq,aria-2,CPU,transpile,0,0.0,2026-04-22T01:18:02.421472Z,1,1,1,frontier,gen006,8,97,39.0,58,233,38,233,0,8,1,0,,58,,118.0,0.0,26.0,39.0,849.0,38.0,0.0,1.0,2.0,1.9487179487179487,,58.0,,,ionq_simulator_offline(aria-2),simulator,True,,,,0.009567122906446457,3.25,1.0,,,,38.0,,,,,,,,,,,,,,,19.0,19.0,540.0,38.0,194.0,
phase_code_nq39_ionq_aria-2_CPU_transpile_itrs0_opt1_20260422T011802Z.json,phase_code,39,ionq,aria-2,CPU,transpile,0,1.0,2026-04-22T01:18:02.445834Z,1,1,1,frontier,gen006,8,97,39.0,58,233,38,233,0,8,1,0,,58,,118.0,1.0,25.0,39.0,609.0,38.0,0.0,1.0,2.0,1.9487179487179487,,58.0,,,ionq_simulator_offline(aria-2),simulator,True,,,,0.01633442100137472,3.125,1.0,,,,38.0,,,,,,,,,,,,,,,19.0,19.0,380.0,38.0,114.0,
phase_code_nq39_ionq_aria-2_CPU_transpile_itrs0_opt2_20260422T011802Z.json,phase_code,39,ionq,aria-2,CPU,transpile,0,2.0,2026-04-22T01:18:02.475414Z,1,1,1,frontier,gen006,8,97,39.0,58,233,38,233,0,8,1,0,,58,,118.0,2.0,25.0,39.0,609.0,38.0,0.0,1.0,2.0,1.9487179487179487,,58.0,,,ionq_simulator_offline(aria-2),simulator,True,,,,0.021784255048260093,3.125,1.0,,,,38.0,,,,,,,,,,,,,,,19.0,19.0,380.0,38.0,114.0,
phase_code_nq39_ionq_aria-2_CPU_transpile_itrs0_opt3_20260422T011802Z.json,phase_code,39,ionq,aria-2,CPU,transpile,0,3.0,2026-04-22T01:18:02.526685Z,1,1,1,frontier,gen006,8,97,39.0,58,233,38,233,0,8,1,0,,58,,118.0,3.0,25.0,39.0,609.0,38.0,0.0,1.0,2.0,1.9487179487179487,,58.0,,,ionq_simulator_offline(aria-2),simulator,True,,,,0.04338822700083256,3.125,1.0,,,,38.0,,,,,,,,,,,,,,,19.0,19.0,380.0,38.0,114.0,
phase_code_nq39_ionq_forte-1_CPU_transpile_itrs0_opt0_20260422T011802Z.json,phase_code,39,ionq,forte-1,CPU,transpile,0,0.0,2026-04-22T01:18:02.545032Z,1,1,1,frontier,gen006,8,97,39.0,58,233,38,233,0,8,1,0,,58,,118.0,0.0,26.0,39.0,849.0,38.0,0.0,1.0,2.0,1.9487179487179487,,58.0,,,ionq_simulator_offline(forte-1),simulator,True,,,,0.009380438830703497,3.25,1.0,,,,38.0,,,,,,,,,,,,,,,19.0,19.0,540.0,38.0,194.0,
phase_code_nq39_ionq_forte-1_CPU_transpile_itrs0_opt1_20260422T011802Z.json,phase_code,39,ionq,forte-1,CPU,transpile,0,1.0,2026-04-22T01:18:02.569390Z,1,1,1,frontier,gen006,8,97,39.0,58,233,38,233,0,8,1,0,,58,,118.0,1.0,25.0,39.0,609.0,38.0,0.0,1.0,2.0,1.9487179487179487,,58.0,,,ionq_simulator_offline(forte-1),simulator,True,,,,0.01682513114064932,3.125,1.0,,,,38.0,,,,,,,,,,,,,,,19.0,19.0,380.0,38.0,114.0,
phase_code_nq39_ionq_forte-1_CPU_transpile_itrs0_opt2_20260422T011802Z.json,phase_code,39,ionq,forte-1,CPU,transpile,0,2.0,2026-04-22T01:18:02.745336Z,1,1,1,frontier,gen006,8,97,39.0,58,233,38,233,0,8,1,0,,58,,118.0,2.0,25.0,39.0,609.0,38.0,0.0,1.0,2.0,1.9487179487179487,,58.0,,,ionq_simulator_offline(forte-1),simulator,True,,,,0.1682255680207163,3.125,1.0,,,,38.0,,,,,,,,,,,,,,,19.0,19.0,380.0,38.0,114.0,
phase_code_nq39_ionq_forte-1_CPU_transpile_itrs0_opt3_20260422T011802Z.json,phase_code,39,ionq,forte-1,CPU,transpile,0,3.0,2026-04-22T01:18:02.799226Z,1,1,1,frontier,gen006,8,97,39.0,58,233,38,233,0,8,1,0,,58,,118.0,3.0,25.0,39.0,609.0,38.0,0.0,1.0,2.0,1.9487179487179487,,58.0,,,ionq_simulator_offline(forte-1),simulator,True,,,,0.044219983043149114,3.125,1.0,,,,38.0,,,,,,,,,,,,,,,19.0,19.0,380.0,38.0,114.0,
phase_code_nq39_ionq_forte-enterprise-1_CPU_transpile_itrs0_opt0_20260422T011802Z.json,phase_code,39,ionq,forte-enterprise-1,CPU,transpile,0,0.0,2026-04-22T01:18:02.817605Z,1,1,1,frontier,gen006,8,97,39.0,58,233,38,233,0,8,1,0,,58,,118.0,0.0,26.0,39.0,849.0,38.0,0.0,1.0,2.0,1.9487179487179487,,58.0,,,ionq_simulator_offline(forte-enterprise-1),simulator,True,,,,0.009389915969222784,3.25,1.0,,,,38.0,,,,,,,,,,,,,,,19.0,19.0,540.0,38.0,194.0,
phase_code_nq39_ionq_forte-enterprise-1_CPU_transpile_itrs0_opt1_20260422T011802Z.json,phase_code,39,ionq,forte-enterprise-1,CPU,transpile,0,1.0,2026-04-22T01:18:02.841624Z,1,1,1,frontier,gen006,8,97,39.0,58,233,38,233,0,8,1,0,,58,,118.0,1.0,25.0,39.0,609.0,38.0,0.0,1.0,2.0,1.9487179487179487,,58.0,,,ionq_simulator_offline(forte-enterprise-1),simulator,True,,,,0.016494265059009194,3.125,1.0,,,,38.0,,,,,,,,,,,,,,,19.0,19.0,380.0,38.0,114.0,
phase_code_nq39_ionq_forte-enterprise-1_CPU_transpile_itrs0_opt2_20260422T011802Z.json,phase_code,39,ionq,forte-enterprise-1,CPU,transpile,0,2.0,2026-04-22T01:18:02.871323Z,1,1,1,frontier,gen006,8,97,39.0,58,233,38,233,0,8,1,0,,58,,118.0,2.0,25.0,39.0,609.0,38.0,0.0,1.0,2.0,1.9487179487179487,,58.0,,,ionq_simulator_offline(forte-enterprise-1),simulator,True,,,,0.02189918188378215,3.125,1.0,,,,38.0,,,,,,,,,,,,,,,19.0,19.0,380.0,38.0,114.0,
phase_code_nq39_ionq_forte-enterprise-1_CPU_transpile_itrs0_opt3_20260422T011802Z.json,phase_code,39,ionq,forte-enterprise-1,CPU,transpile,0,3.0,2026-04-22T01:18:02.922279Z,1,1,1,frontier,gen006,8,97,39.0,58,233,38,233,0,8,1,0,,58,,118.0,3.0,25.0,39.0,609.0,38.0,0.0,1.0,2.0,1.9487179487179487,,58.0,,,ionq_simulator_offline(forte-enterprise-1),simulator,True,,,,0.04287764988839626,3.125,1.0,,,,38.0,,,,,,,,,,,,,,,19.0,19.0,380.0,38.0,114.0,
phase_code_nq39_ionq_harmony_CPU_transpile_itrs0_opt0_20260422T011802Z.json,phase_code,39,ionq,harmony,CPU,transpile,0,0.0,2026-04-22T01:18:02.941136Z,1,1,1,frontier,gen006,8,97,39.0,58,233,38,233,0,8,1,0,,58,,118.0,0.0,26.0,39.0,849.0,38.0,0.0,1.0,2.0,1.9487179487179487,,58.0,,,ionq_simulator_offline(harmony),simulator,True,,,,0.009657023008912802,3.25,1.0,,,,38.0,,,,,,,,,,,,,,,19.0,19.0,540.0,38.0,194.0,
phase_code_nq39_ionq_harmony_CPU_transpile_itrs0_opt1_20260422T011802Z.json,phase_code,39,ionq,harmony,CPU,transpile,0,1.0,2026-04-22T01:18:02.965326Z,1,1,1,frontier,gen006,8,97,39.0,58,233,38,233,0,8,1,0,,58,,118.0,1.0,25.0,39.0,609.0,38.0,0.0,1.0,2.0,1.9487179487179487,,58.0,,,ionq_simulator_offline(harmony),simulator,True,,,,0.016325945034623146,3.125,1.0,,,,38.0,,,,,,,,,,,,,,,19.0,19.0,380.0,38.0,114.0,
phase_code_nq39_ionq_harmony_CPU_transpile_itrs0_opt2_20260422T011802Z.json,phase_code,39,ionq,harmony,CPU,transpile,0,2.0,2026-04-22T01:18:02.995064Z,1,1,1,frontier,gen006,8,97,39.0,58,233,38,233,0,8,1,0,,58,,118.0,2.0,25.0,39.0,609.0,38.0,0.0,1.0,2.0,1.9487179487179487,,58.0,,,ionq_simulator_offline(harmony),simulator,True,,,,0.02177717094309628,3.125,1.0,,,,38.0,,,,,,,,,,,,,,,19.0,19.0,380.0,38.0,114.0,
phase_code_nq39_ionq_harmony_CPU_transpile_itrs0_opt3_20260422T011803Z.json,phase_code,39,ionq,harmony,CPU,transpile,0,3.0,2026-04-22T01:18:03.046705Z,1,1,1,frontier,gen006,8,97,39.0,58,233,38,233,0,8,1,0,,58,,118.0,3.0,25.0,39.0,609.0,38.0,0.0,1.0,2.0,1.9487179487179487,,58.0,,,ionq_simulator_offline(harmony),simulator,True,,,,0.043441238114610314,3.125,1.0,,,,38.0,,,,,,,,,,,,,,,19.0,19.0,380.0,38.0,114.0,
phase_code_nq39_ionq_ideal_CPU_transpile_itrs0_opt0_20260422T011802Z.json,phase_code,39,ionq,ideal,CPU,transpile,0,0.0,2026-04-22T01:18:02.200975Z,1,1,1,frontier,gen006,8,97,39.0,58,233,38,233,0,8,1,0,,58,,118.0,0.0,17.0,39.0,503.0,38.0,0.0,1.0,2.0,1.9487179487179487,,58.0,,,ionq_simulator_offline(ideal),simulator,True,,,,0.6826977329328656,2.125,1.0,38.0,,,38.0,,,,,,,,,,,,,,194.0,19.0,19.0,,,,194.0
phase_code_nq39_ionq_ideal_CPU_transpile_itrs0_opt1_20260422T011802Z.json,phase_code,39,ionq,ideal,CPU,transpile,0,1.0,2026-04-22T01:18:02.221086Z,1,1,1,frontier,gen006,8,97,39.0,58,233,38,233,0,8,1,0,,58,,118.0,1.0,5.0,39.0,115.0,38.0,0.0,1.0,2.0,1.9487179487179487,,58.0,,,ionq_simulator_offline(ideal),simulator,True,,,,0.013552000047639012,0.625,1.0,38.0,,,38.0,,,,,,,,,,,,,,,19.0,19.0,,,,
phase_code_nq39_ionq_ideal_CPU_transpile_itrs0_opt2_20260422T011802Z.json,phase_code,39,ionq,ideal,CPU,transpile,0,2.0,2026-04-22T01:18:02.250221Z,1,1,1,frontier,gen006,8,97,39.0,58,233,38,233,0,8,1,0,,58,,118.0,2.0,5.0,39.0,115.0,38.0,0.0,1.0,2.0,1.9487179487179487,,58.0,,,ionq_simulator_offline(ideal),simulator,True,,,,0.023318110965192318,0.625,1.0,38.0,,,38.0,,,,,,,,,,,,,,,19.0,19.0,,,,
phase_code_nq39_ionq_ideal_CPU_transpile_itrs0_opt3_20260422T011802Z.json,phase_code,39,ionq,ideal,CPU,transpile,0,3.0,2026-04-22T01:18:02.275077Z,1,1,1,frontier,gen006,8,97,39.0,58,233,38,233,0,8,1,0,,58,,118.0,3.0,5.0,39.0,115.0,38.0,0.0,1.0,2.0,1.9487179487179487,,58.0,,,ionq_simulator_offline(ideal),simulator,True,,,,0.018202199134975672,0.625,1.0,38.0,,,38.0,,,,,,,,,,,,,,,19.0,19.0,,,,
phase_code_nq45_ionq_aria-1_CPU_transpile_itrs0_opt0_20260422T011802Z.json,phase_code,45,ionq,aria-1,CPU,transpile,0,0.0,2026-04-22T01:18:02.644203Z,1,1,1,frontier,gen006,8,112,45.0,67,269,44,269,0,8,1,0,,67,,136.0,0.0,26.0,45.0,981.0,44.0,0.0,1.0,2.0,1.9555555555555555,,67.0,,,ionq_simulator_offline(aria-1),simulator,True,,,,0.012989592039957643,3.25,1.0,,,,44.0,,,,,,,,,,,,,,,22.0,22.0,624.0,44.0,224.0,
phase_code_nq45_ionq_aria-1_CPU_transpile_itrs0_opt1_20260422T011802Z.json,phase_code,45,ionq,aria-1,CPU,transpile,0,1.0,2026-04-22T01:18:02.671525Z,1,1,1,frontier,gen006,8,112,45.0,67,269,44,269,0,8,1,0,,67,,136.0,1.0,25.0,45.0,705.0,44.0,0.0,1.0,2.0,1.9555555555555555,,67.0,,,ionq_simulator_offline(aria-1),simulator,True,,,,0.018456822028383613,3.125,1.0,,,,44.0,,,,,,,,,,,,,,,22.0,22.0,440.0,44.0,132.0,
phase_code_nq45_ionq_aria-1_CPU_transpile_itrs0_opt2_20260422T011802Z.json,phase_code,45,ionq,aria-1,CPU,transpile,0,2.0,2026-04-22T01:18:02.704451Z,1,1,1,frontier,gen006,8,112,45.0,67,269,44,269,0,8,1,0,,67,,136.0,2.0,25.0,45.0,705.0,44.0,0.0,1.0,2.0,1.9555555555555555,,67.0,,,ionq_simulator_offline(aria-1),simulator,True,,,,0.024151961086317897,3.125,1.0,,,,44.0,,,,,,,,,,,,,,,22.0,22.0,440.0,44.0,132.0,
phase_code_nq45_ionq_aria-1_CPU_transpile_itrs0_opt3_20260422T011802Z.json,phase_code,45,ionq,aria-1,CPU,transpile,0,3.0,2026-04-22T01:18:02.762059Z,1,1,1,frontier,gen006,8,112,45.0,67,269,44,269,0,8,1,0,,67,,136.0,3.0,25.0,45.0,705.0,44.0,0.0,1.0,2.0,1.9555555555555555,,67.0,,,ionq_simulator_offline(aria-1),simulator,True,,,,0.04855444491840899,3.125,1.0,,,,44.0,,,,,,,,,,,,,,,22.0,22.0,440.0,44.0,132.0,
phase_code_nq45_ionq_aria-2_CPU_transpile_itrs0_opt0_20260422T011802Z.json,phase_code,45,ionq,aria-2,CPU,transpile,0,0.0,2026-04-22T01:18:02.782548Z,1,1,1,frontier,gen006,8,112,45.0,67,269,44,269,0,8,1,0,,67,,136.0,0.0,26.0,45.0,981.0,44.0,0.0,1.0,2.0,1.9555555555555555,,67.0,,,ionq_simulator_offline(aria-2),simulator,True,,,,0.010220653843134642,3.25,1.0,,,,44.0,,,,,,,,,,,,,,,22.0,22.0,624.0,44.0,224.0,
phase_code_nq45_ionq_aria-2_CPU_transpile_itrs0_opt1_20260422T011802Z.json,phase_code,45,ionq,aria-2,CPU,transpile,0,1.0,2026-04-22T01:18:02.809766Z,1,1,1,frontier,gen006,8,112,45.0,67,269,44,269,0,8,1,0,,67,,136.0,1.0,25.0,45.0,705.0,44.0,0.0,1.0,2.0,1.9555555555555555,,67.0,,,ionq_simulator_offline(aria-2),simulator,True,,,,0.01804428710602224,3.125,1.0,,,,44.0,,,,,,,,,,,,,,,22.0,22.0,440.0,44.0,132.0,
phase_code_nq45_ionq_aria-2_CPU_transpile_itrs0_opt2_20260422T011802Z.json,phase_code,45,ionq,aria-2,CPU,transpile,0,2.0,2026-04-22T01:18:02.980181Z,1,1,1,frontier,gen006,8,112,45.0,67,269,44,269,0,8,1,0,,67,,136.0,2.0,25.0,45.0,705.0,44.0,0.0,1.0,2.0,1.9555555555555555,,67.0,,,ionq_simulator_offline(aria-2),simulator,True,,,,0.1613311329856515,3.125,1.0,,,,44.0,,,,,,,,,,,,,,,22.0,22.0,440.0,44.0,132.0,
phase_code_nq45_ionq_aria-2_CPU_transpile_itrs0_opt3_20260422T011803Z.json,phase_code,45,ionq,aria-2,CPU,transpile,0,3.0,2026-04-22T01:18:03.041196Z,1,1,1,frontier,gen006,8,112,45.0,67,269,44,269,0,8,1,0,,67,,136.0,3.0,25.0,45.0,705.0,44.0,0.0,1.0,2.0,1.9555555555555555,,67.0,,,ionq_simulator_offline(aria-2),simulator,True,,,,0.04941623704507947,3.125,1.0,,,,44.0,,,,,,,,,,,,,,,22.0,22.0,440.0,44.0,132.0,
phase_code_nq45_ionq_forte-1_CPU_transpile_itrs0_opt0_20260422T011803Z.json,phase_code,45,ionq,forte-1,CPU,transpile,0,0.0,2026-04-22T01:18:03.061821Z,1,1,1,frontier,gen006,8,112,45.0,67,269,44,269,0,8,1,0,,67,,136.0,0.0,26.0,45.0,981.0,44.0,0.0,1.0,2.0,1.9555555555555555,,67.0,,,ionq_simulator_offline(forte-1),simulator,True,,,,0.01022393093444407,3.25,1.0,,,,44.0,,,,,,,,,,,,,,,22.0,22.0,624.0,44.0,224.0,
phase_code_nq45_ionq_forte-1_CPU_transpile_itrs0_opt1_20260422T011803Z.json,phase_code,45,ionq,forte-1,CPU,transpile,0,1.0,2026-04-22T01:18:03.088964Z,1,1,1,frontier,gen006,8,112,45.0,67,269,44,269,0,8,1,0,,67,,136.0,1.0,25.0,45.0,705.0,44.0,0.0,1.0,2.0,1.9555555555555555,,67.0,,,ionq_simulator_offline(forte-1),simulator,True,,,,0.018017455004155636,3.125,1.0,,,,44.0,,,,,,,,,,,,,,,22.0,22.0,440.0,44.0,132.0,
phase_code_nq45_ionq_forte-1_CPU_transpile_itrs0_opt2_20260422T011803Z.json,phase_code,45,ionq,forte-1,CPU,transpile,0,2.0,2026-04-22T01:18:03.121376Z,1,1,1,frontier,gen006,8,112,45.0,67,269,44,269,0,8,1,0,,67,,136.0,2.0,25.0,45.0,705.0,44.0,0.0,1.0,2.0,1.9555555555555555,,67.0,,,ionq_simulator_offline(forte-1),simulator,True,,,,0.02335871197283268,3.125,1.0,,,,44.0,,,,,,,,,,,,,,,22.0,22.0,440.0,44.0,132.0,
phase_code_nq45_ionq_forte-1_CPU_transpile_itrs0_opt3_20260422T011803Z.json,phase_code,45,ionq,forte-1,CPU,transpile,0,3.0,2026-04-22T01:18:03.179332Z,1,1,1,frontier,gen006,8,112,45.0,67,269,44,269,0,8,1,0,,67,,136.0,3.0,25.0,45.0,705.0,44.0,0.0,1.0,2.0,1.9555555555555555,,67.0,,,ionq_simulator_offline(forte-1),simulator,True,,,,0.04853311413899064,3.125,1.0,,,,44.0,,,,,,,,,,,,,,,22.0,22.0,440.0,44.0,132.0,
phase_code_nq45_ionq_forte-enterprise-1_CPU_transpile_itrs0_opt0_20260422T011803Z.json,phase_code,45,ionq,forte-enterprise-1,CPU,transpile,0,0.0,2026-04-22T01:18:03.200078Z,1,1,1,frontier,gen006,8,112,45.0,67,269,44,269,0,8,1,0,,67,,136.0,0.0,26.0,45.0,981.0,44.0,0.0,1.0,2.0,1.9555555555555555,,67.0,,,ionq_simulator_offline(forte-enterprise-1),simulator,True,,,,0.010231795022264123,3.25,1.0,,,,44.0,,,,,,,,,,,,,,,22.0,22.0,624.0,44.0,224.0,
phase_code_nq45_ionq_forte-enterprise-1_CPU_transpile_itrs0_opt1_20260422T011803Z.json,phase_code,45,ionq,forte-enterprise-1,CPU,transpile,0,1.0,2026-04-22T01:18:03.227361Z,1,1,1,frontier,gen006,8,112,45.0,67,269,44,269,0,8,1,0,,67,,136.0,1.0,25.0,45.0,705.0,44.0,0.0,1.0,2.0,1.9555555555555555,,67.0,,,ionq_simulator_offline(forte-enterprise-1),simulator,True,,,,0.018009759951382875,3.125,1.0,,,,44.0,,,,,,,,,,,,,,,22.0,22.0,440.0,44.0,132.0,
phase_code_nq45_ionq_forte-enterprise-1_CPU_transpile_itrs0_opt2_20260422T011803Z.json,phase_code,45,ionq,forte-enterprise-1,CPU,transpile,0,2.0,2026-04-22T01:18:03.260035Z,1,1,1,frontier,gen006,8,112,45.0,67,269,44,269,0,8,1,0,,67,,136.0,2.0,25.0,45.0,705.0,44.0,0.0,1.0,2.0,1.9555555555555555,,67.0,,,ionq_simulator_offline(forte-enterprise-1),simulator,True,,,,0.02361632906831801,3.125,1.0,,,,44.0,,,,,,,,,,,,,,,22.0,22.0,440.0,44.0,132.0,
phase_code_nq45_ionq_forte-enterprise-1_CPU_transpile_itrs0_opt3_20260422T011803Z.json,phase_code,45,ionq,forte-enterprise-1,CPU,transpile,0,3.0,2026-04-22T01:18:03.318026Z,1,1,1,frontier,gen006,8,112,45.0,67,269,44,269,0,8,1,0,,67,,136.0,3.0,25.0,45.0,705.0,44.0,0.0,1.0,2.0,1.9555555555555555,,67.0,,,ionq_simulator_offline(forte-enterprise-1),simulator,True,,,,0.04864525096490979,3.125,1.0,,,,44.0,,,,,,,,,,,,,,,22.0,22.0,440.0,44.0,132.0,
phase_code_nq45_ionq_harmony_CPU_transpile_itrs0_opt0_20260422T011803Z.json,phase_code,45,ionq,harmony,CPU,transpile,0,0.0,2026-04-22T01:18:03.338879Z,1,1,1,frontier,gen006,8,112,45.0,67,269,44,269,0,8,1,0,,67,,136.0,0.0,26.0,45.0,981.0,44.0,0.0,1.0,2.0,1.9555555555555555,,67.0,,,ionq_simulator_offline(harmony),simulator,True,,,,0.010245372075587511,3.25,1.0,,,,44.0,,,,,,,,,,,,,,,22.0,22.0,624.0,44.0,224.0,
phase_code_nq45_ionq_harmony_CPU_transpile_itrs0_opt1_20260422T011803Z.json,phase_code,45,ionq,harmony,CPU,transpile,0,1.0,2026-04-22T01:18:03.365410Z,1,1,1,frontier,gen006,8,112,45.0,67,269,44,269,0,8,1,0,,67,,136.0,1.0,25.0,45.0,705.0,44.0,0.0,1.0,2.0,1.9555555555555555,,67.0,,,ionq_simulator_offline(harmony),simulator,True,,,,0.017634806921705604,3.125,1.0,,,,44.0,,,,,,,,,,,,,,,22.0,22.0,440.0,44.0,132.0,
phase_code_nq45_ionq_harmony_CPU_transpile_itrs0_opt2_20260422T011803Z.json,phase_code,45,ionq,harmony,CPU,transpile,0,2.0,2026-04-22T01:18:03.398509Z,1,1,1,frontier,gen006,8,112,45.0,67,269,44,269,0,8,1,0,,67,,136.0,2.0,25.0,45.0,705.0,44.0,0.0,1.0,2.0,1.9555555555555555,,67.0,,,ionq_simulator_offline(harmony),simulator,True,,,,0.02410580194555223,3.125,1.0,,,,44.0,,,,,,,,,,,,,,,22.0,22.0,440.0,44.0,132.0,
phase_code_nq45_ionq_harmony_CPU_transpile_itrs0_opt3_20260422T011803Z.json,phase_code,45,ionq,harmony,CPU,transpile,0,3.0,2026-04-22T01:18:03.455998Z,1,1,1,frontier,gen006,8,112,45.0,67,269,44,269,0,8,1,0,,67,,136.0,3.0,25.0,45.0,705.0,44.0,0.0,1.0,2.0,1.9555555555555555,,67.0,,,ionq_simulator_offline(harmony),simulator,True,,,,0.0482541280798614,3.125,1.0,,,,44.0,,,,,,,,,,,,,,,22.0,22.0,440.0,44.0,132.0,
phase_code_nq45_ionq_ideal_CPU_transpile_itrs0_opt0_20260422T011802Z.json,phase_code,45,ionq,ideal,CPU,transpile,0,0.0,2026-04-22T01:18:02.544694Z,1,1,1,frontier,gen006,8,112,45.0,67,269,44,269,0,8,1,0,,67,,136.0,0.0,17.0,45.0,581.0,44.0,0.0,1.0,2.0,1.9555555555555555,,67.0,,,ionq_simulator_offline(ideal),simulator,True,,,,0.6718834300991148,2.125,1.0,44.0,,,44.0,,,,,,,,,,,,,,224.0,22.0,22.0,,,,224.0
phase_code_nq45_ionq_ideal_CPU_transpile_itrs0_opt1_20260422T011802Z.json,phase_code,45,ionq,ideal,CPU,transpile,0,1.0,2026-04-22T01:18:02.565976Z,1,1,1,frontier,gen006,8,112,45.0,67,269,44,269,0,8,1,0,,67,,136.0,1.0,5.0,45.0,133.0,44.0,0.0,1.0,2.0,1.9555555555555555,,67.0,,,ionq_simulator_offline(ideal),simulator,True,,,,0.013876442098990083,0.625,1.0,44.0,,,44.0,,,,,,,,,,,,,,,22.0,22.0,,,,
phase_code_nq45_ionq_ideal_CPU_transpile_itrs0_opt2_20260422T011802Z.json,phase_code,45,ionq,ideal,CPU,transpile,0,2.0,2026-04-22T01:18:02.595378Z,1,1,1,frontier,gen006,8,112,45.0,67,269,44,269,0,8,1,0,,67,,136.0,2.0,5.0,45.0,133.0,44.0,0.0,1.0,2.0,1.9555555555555555,,67.0,,,ionq_simulator_offline(ideal),simulator,True,,,,0.02272473997436464,0.625,1.0,44.0,,,44.0,,,,,,,,,,,,,,,22.0,22.0,,,,
phase_code_nq45_ionq_ideal_CPU_transpile_itrs0_opt3_20260422T011802Z.json,phase_code,45,ionq,ideal,CPU,transpile,0,3.0,2026-04-22T01:18:02.621196Z,1,1,1,frontier,gen006,8,112,45.0,67,269,44,269,0,8,1,0,,67,,136.0,3.0,5.0,45.0,133.0,44.0,0.0,1.0,2.0,1.9555555555555555,,67.0,,,ionq_simulator_offline(ideal),simulator,True,,,,0.018874227069318295,0.625,1.0,44.0,,,44.0,,,,,,,,,,,,,,,22.0,22.0,,,,
phase_code_nq4_ibmq_ibm_torino_CPU_sync_itrs1_20260317T180902Z.json,phase_code,4,ibmq,ibm_torino,CPU,sync,1,1.0,2026-03-17T18:09:02.821011Z,1,112,1,borg,gen008_borg,8,7,7.0,10,41,6,28,13,8,1,0,,10,,22.0,1.0,11.0,133.0,37.0,6.0,0.0,127.0,2.0,0.09022556390977443,6.0,10.0,12.0,6.0,ibm_torino,hardware,False,1.0,0.0,1.0,1.1444750153459609,1.375,1.0,,,,6.0,,,,,,,,,,,,,,,3.0,3.0,,,,
phase_code_nq7_ionq_aria-1_CPU_transpile_itrs0_opt0_20260422T011802Z.json,phase_code,7,ionq,aria-1,CPU,transpile,0,0.0,2026-04-22T01:18:02.132366Z,1,1,1,frontier,gen006,8,17,7.0,10,41,6,41,0,8,1,0,,10,,22.0,0.0,26.0,7.0,145.0,6.0,0.0,1.0,2.0,1.7142857142857142,,10.0,,,ionq_simulator_offline(aria-1),simulator,True,,,,0.009048975072801113,3.25,1.0,,,,6.0,,,,,,,,,,,,,,,3.0,3.0,92.0,6.0,34.0,
phase_code_nq7_ionq_aria-1_CPU_transpile_itrs0_opt1_20260422T011802Z.json,phase_code,7,ionq,aria-1,CPU,transpile,0,1.0,2026-04-22T01:18:02.145088Z,1,1,1,frontier,gen006,8,17,7.0,10,41,6,41,0,8,1,0,,10,,22.0,1.0,25.0,7.0,97.0,6.0,0.0,1.0,2.0,1.7142857142857142,,10.0,,,ionq_simulator_offline(aria-1),simulator,True,,,,0.009933518012985587,3.125,1.0,,,,6.0,,,,,,,,,,,,,,,3.0,3.0,60.0,6.0,18.0,
phase_code_nq7_ionq_aria-1_CPU_transpile_itrs0_opt2_20260422T011802Z.json,phase_code,7,ionq,aria-1,CPU,transpile,0,2.0,2026-04-22T01:18:02.160003Z,1,1,1,frontier,gen006,8,17,7.0,10,41,6,41,0,8,1,0,,10,,22.0,2.0,25.0,7.0,97.0,6.0,0.0,1.0,2.0,1.7142857142857142,,10.0,,,ionq_simulator_offline(aria-1),simulator,True,,,,0.012177834054455161,3.125,1.0,,,,6.0,,,,,,,,,,,,,,,3.0,3.0,60.0,6.0,18.0,
phase_code_nq7_ionq_aria-1_CPU_transpile_itrs0_opt3_20260422T011802Z.json,phase_code,7,ionq,aria-1,CPU,transpile,0,3.0,2026-04-22T01:18:02.178726Z,1,1,1,frontier,gen006,8,17,7.0,10,41,6,41,0,8,1,0,,10,,22.0,3.0,25.0,7.0,97.0,6.0,0.0,1.0,2.0,1.7142857142857142,,10.0,,,ionq_simulator_offline(aria-1),simulator,True,,,,0.01575596397742629,3.125,1.0,,,,6.0,,,,,,,,,,,,,,,3.0,3.0,60.0,6.0,18.0,
phase_code_nq7_ionq_aria-2_CPU_transpile_itrs0_opt0_20260422T011802Z.json,phase_code,7,ionq,aria-2,CPU,transpile,0,0.0,2026-04-22T01:18:02.187279Z,1,1,1,frontier,gen006,8,17,7.0,10,41,6,41,0,8,1,0,,10,,22.0,0.0,26.0,7.0,145.0,6.0,0.0,1.0,2.0,1.7142857142857142,,10.0,,,ionq_simulator_offline(aria-2),simulator,True,,,,0.005499419989064336,3.25,1.0,,,,6.0,,,,,,,,,,,,,,,3.0,3.0,92.0,6.0,34.0,
phase_code_nq7_ionq_aria-2_CPU_transpile_itrs0_opt1_20260422T011802Z.json,phase_code,7,ionq,aria-2,CPU,transpile,0,1.0,2026-04-22T01:18:02.199418Z,1,1,1,frontier,gen006,8,17,7.0,10,41,6,41,0,8,1,0,,10,,22.0,1.0,25.0,7.0,97.0,6.0,0.0,1.0,2.0,1.7142857142857142,,10.0,,,ionq_simulator_offline(aria-2),simulator,True,,,,0.009408630896359682,3.125,1.0,,,,6.0,,,,,,,,,,,,,,,3.0,3.0,60.0,6.0,18.0,
phase_code_nq7_ionq_aria-2_CPU_transpile_itrs0_opt2_20260422T011802Z.json,phase_code,7,ionq,aria-2,CPU,transpile,0,2.0,2026-04-22T01:18:02.213869Z,1,1,1,frontier,gen006,8,17,7.0,10,41,6,41,0,8,1,0,,10,,22.0,2.0,25.0,7.0,97.0,6.0,0.0,1.0,2.0,1.7142857142857142,,10.0,,,ionq_simulator_offline(aria-2),simulator,True,,,,0.01175719010643661,3.125,1.0,,,,6.0,,,,,,,,,,,,,,,3.0,3.0,60.0,6.0,18.0,
phase_code_nq7_ionq_aria-2_CPU_transpile_itrs0_opt3_20260422T011802Z.json,phase_code,7,ionq,aria-2,CPU,transpile,0,3.0,2026-04-22T01:18:02.232100Z,1,1,1,frontier,gen006,8,17,7.0,10,41,6,41,0,8,1,0,,10,,22.0,3.0,25.0,7.0,97.0,6.0,0.0,1.0,2.0,1.7142857142857142,,10.0,,,ionq_simulator_offline(aria-2),simulator,True,,,,0.015348054002970457,3.125,1.0,,,,6.0,,,,,,,,,,,,,,,3.0,3.0,60.0,6.0,18.0,
phase_code_nq7_ionq_forte-1_CPU_transpile_itrs0_opt0_20260422T011802Z.json,phase_code,7,ionq,forte-1,CPU,transpile,0,0.0,2026-04-22T01:18:02.240834Z,1,1,1,frontier,gen006,8,17,7.0,10,41,6,41,0,8,1,0,,10,,22.0,0.0,26.0,7.0,145.0,6.0,0.0,1.0,2.0,1.7142857142857142,,10.0,,,ionq_simulator_offline(forte-1),simulator,True,,,,0.005513628013432026,3.25,1.0,,,,6.0,,,,,,,,,,,,,,,3.0,3.0,92.0,6.0,34.0,
phase_code_nq7_ionq_forte-1_CPU_transpile_itrs0_opt1_20260422T011802Z.json,phase_code,7,ionq,forte-1,CPU,transpile,0,1.0,2026-04-22T01:18:02.252942Z,1,1,1,frontier,gen006,8,17,7.0,10,41,6,41,0,8,1,0,,10,,22.0,1.0,25.0,7.0,97.0,6.0,0.0,1.0,2.0,1.7142857142857142,,10.0,,,ionq_simulator_offline(forte-1),simulator,True,,,,0.009342323057353497,3.125,1.0,,,,6.0,,,,,,,,,,,,,,,3.0,3.0,60.0,6.0,18.0,
phase_code_nq7_ionq_forte-1_CPU_transpile_itrs0_opt2_20260422T011802Z.json,phase_code,7,ionq,forte-1,CPU,transpile,0,2.0,2026-04-22T01:18:02.267435Z,1,1,1,frontier,gen006,8,17,7.0,10,41,6,41,0,8,1,0,,10,,22.0,2.0,25.0,7.0,97.0,6.0,0.0,1.0,2.0,1.7142857142857142,,10.0,,,ionq_simulator_offline(forte-1),simulator,True,,,,0.011693146079778671,3.125,1.0,,,,6.0,,,,,,,,,,,,,,,3.0,3.0,60.0,6.0,18.0,
phase_code_nq7_ionq_forte-1_CPU_transpile_itrs0_opt3_20260422T011802Z.json,phase_code,7,ionq,forte-1,CPU,transpile,0,3.0,2026-04-22T01:18:02.285721Z,1,1,1,frontier,gen006,8,17,7.0,10,41,6,41,0,8,1,0,,10,,22.0,3.0,25.0,7.0,97.0,6.0,0.0,1.0,2.0,1.7142857142857142,,10.0,,,ionq_simulator_offline(forte-1),simulator,True,,,,0.015306413173675537,3.125,1.0,,,,6.0,,,,,,,,,,,,,,,3.0,3.0,60.0,6.0,18.0,
phase_code_nq7_ionq_forte-enterprise-1_CPU_transpile_itrs0_opt0_20260422T011802Z.json,phase_code,7,ionq,forte-enterprise-1,CPU,transpile,0,0.0,2026-04-22T01:18:02.294343Z,1,1,1,frontier,gen006,8,17,7.0,10,41,6,41,0,8,1,0,,10,,22.0,0.0,26.0,7.0,145.0,6.0,0.0,1.0,2.0,1.7142857142857142,,10.0,,,ionq_simulator_offline(forte-enterprise-1),simulator,True,,,,0.00554330600425601,3.25,1.0,,,,6.0,,,,,,,,,,,,,,,3.0,3.0,92.0,6.0,34.0,
phase_code_nq7_ionq_forte-enterprise-1_CPU_transpile_itrs0_opt1_20260422T011802Z.json,phase_code,7,ionq,forte-enterprise-1,CPU,transpile,0,1.0,2026-04-22T01:18:02.306505Z,1,1,1,frontier,gen006,8,17,7.0,10,41,6,41,0,8,1,0,,10,,22.0,1.0,25.0,7.0,97.0,6.0,0.0,1.0,2.0,1.7142857142857142,,10.0,,,ionq_simulator_offline(forte-enterprise-1),simulator,True,,,,0.009414611849933863,3.125,1.0,,,,6.0,,,,,,,,,,,,,,,3.0,3.0,60.0,6.0,18.0,
phase_code_nq7_ionq_forte-enterprise-1_CPU_transpile_itrs0_opt2_20260422T011802Z.json,phase_code,7,ionq,forte-enterprise-1,CPU,transpile,0,2.0,2026-04-22T01:18:02.321407Z,1,1,1,frontier,gen006,8,17,7.0,10,41,6,41,0,8,1,0,,10,,22.0,2.0,25.0,7.0,97.0,6.0,0.0,1.0,2.0,1.7142857142857142,,10.0,,,ionq_simulator_offline(forte-enterprise-1),simulator,True,,,,0.011886470019817352,3.125,1.0,,,,6.0,,,,,,,,,,,,,,,3.0,3.0,60.0,6.0,18.0,
phase_code_nq7_ionq_forte-enterprise-1_CPU_transpile_itrs0_opt3_20260422T011802Z.json,phase_code,7,ionq,forte-enterprise-1,CPU,transpile,0,3.0,2026-04-22T01:18:02.339731Z,1,1,1,frontier,gen006,8,17,7.0,10,41,6,41,0,8,1,0,,10,,22.0,3.0,25.0,7.0,97.0,6.0,0.0,1.0,2.0,1.7142857142857142,,10.0,,,ionq_simulator_offline(forte-enterprise-1),simulator,True,,,,0.015348434913903475,3.125,1.0,,,,6.0,,,,,,,,,,,,,,,3.0,3.0,60.0,6.0,18.0,
phase_code_nq7_ionq_harmony_CPU_transpile_itrs0_opt0_20260422T011802Z.json,phase_code,7,ionq,harmony,CPU,transpile,0,0.0,2026-04-22T01:18:02.348252Z,1,1,1,frontier,gen006,8,17,7.0,10,41,6,41,0,8,1,0,,10,,22.0,0.0,26.0,7.0,145.0,6.0,0.0,1.0,2.0,1.7142857142857142,,10.0,,,ionq_simulator_offline(harmony),simulator,True,,,,0.0054786610417068005,3.25,1.0,,,,6.0,,,,,,,,,,,,,,,3.0,3.0,92.0,6.0,34.0,
phase_code_nq7_ionq_harmony_CPU_transpile_itrs0_opt1_20260422T011802Z.json,phase_code,7,ionq,harmony,CPU,transpile,0,1.0,2026-04-22T01:18:02.360500Z,1,1,1,frontier,gen006,8,17,7.0,10,41,6,41,0,8,1,0,,10,,22.0,1.0,25.0,7.0,97.0,6.0,0.0,1.0,2.0,1.7142857142857142,,10.0,,,ionq_simulator_offline(harmony),simulator,True,,,,0.009416938060894608,3.125,1.0,,,,6.0,,,,,,,,,,,,,,,3.0,3.0,60.0,6.0,18.0,
phase_code_nq7_ionq_harmony_CPU_transpile_itrs0_opt2_20260422T011802Z.json,phase_code,7,ionq,harmony,CPU,transpile,0,2.0,2026-04-22T01:18:02.374952Z,1,1,1,frontier,gen006,8,17,7.0,10,41,6,41,0,8,1,0,,10,,22.0,2.0,25.0,7.0,97.0,6.0,0.0,1.0,2.0,1.7142857142857142,,10.0,,,ionq_simulator_offline(harmony),simulator,True,,,,0.011669861152768135,3.125,1.0,,,,6.0,,,,,,,,,,,,,,,3.0,3.0,60.0,6.0,18.0,
phase_code_nq7_ionq_harmony_CPU_transpile_itrs0_opt3_20260422T011802Z.json,phase_code,7,ionq,harmony,CPU,transpile,0,3.0,2026-04-22T01:18:02.393341Z,1,1,1,frontier,gen006,8,17,7.0,10,41,6,41,0,8,1,0,,10,,22.0,3.0,25.0,7.0,97.0,6.0,0.0,1.0,2.0,1.7142857142857142,,10.0,,,ionq_simulator_offline(harmony),simulator,True,,,,0.01531443907879293,3.125,1.0,,,,6.0,,,,,,,,,,,,,,,3.0,3.0,60.0,6.0,18.0,
phase_code_nq7_ionq_ideal_CPU_transpile_itrs0_opt0_20260422T011802Z.json,phase_code,7,ionq,ideal,CPU,transpile,0,0.0,2026-04-22T01:18:02.069260Z,1,1,1,frontier,gen006,8,17,7.0,10,41,6,41,0,8,1,0,,10,,22.0,0.0,17.0,7.0,87.0,6.0,0.0,1.0,2.0,1.7142857142857142,,10.0,,,ionq_simulator_offline(ideal),simulator,True,,,,0.6737517660949379,2.125,1.0,6.0,,,6.0,,,,,,,,,,,,,,34.0,3.0,3.0,,,,34.0
phase_code_nq7_ionq_ideal_CPU_transpile_itrs0_opt1_20260422T011802Z.json,phase_code,7,ionq,ideal,CPU,transpile,0,1.0,2026-04-22T01:18:02.083904Z,1,1,1,frontier,gen006,8,17,7.0,10,41,6,41,0,8,1,0,,10,,22.0,1.0,5.0,7.0,19.0,6.0,0.0,1.0,2.0,1.7142857142857142,,10.0,,,ionq_simulator_offline(ideal),simulator,True,,,,0.011864106869325042,0.625,1.0,6.0,,,6.0,,,,,,,,,,,,,,,3.0,3.0,,,,
phase_code_nq7_ionq_ideal_CPU_transpile_itrs0_opt2_20260422T011802Z.json,phase_code,7,ionq,ideal,CPU,transpile,0,2.0,2026-04-22T01:18:02.105458Z,1,1,1,frontier,gen006,8,17,7.0,10,41,6,41,0,8,1,0,,10,,22.0,2.0,5.0,7.0,19.0,6.0,0.0,1.0,2.0,1.7142857142857142,,10.0,,,ionq_simulator_offline(ideal),simulator,True,,,,0.019172529922798276,0.625,1.0,6.0,,,6.0,,,,,,,,,,,,,,,3.0,3.0,,,,
phase_code_nq7_ionq_ideal_CPU_transpile_itrs0_opt3_20260422T011802Z.json,phase_code,7,ionq,ideal,CPU,transpile,0,3.0,2026-04-22T01:18:02.119907Z,1,1,1,frontier,gen006,8,17,7.0,10,41,6,41,0,8,1,0,,10,,22.0,3.0,5.0,7.0,19.0,6.0,0.0,1.0,2.0,1.7142857142857142,,10.0,,,ionq_simulator_offline(ideal),simulator,True,,,,0.011687855003401637,0.625,1.0,6.0,,,6.0,,,,,,,,,,,,,,,3.0,3.0,,,,
phase_code_nq9_ibmq_ibm_torino_CPU_sync_itrs1_20260317T192900Z.json,phase_code,9,ibmq,ibm_torino,CPU,sync,1,1.0,2026-03-17T19:29:00.388590Z,1,112,1,borg,gen008_borg,8,17,17.0,25,101,16,68,33,8,1,0,,25,,52.0,1.0,11.0,133.0,97.0,16.0,0.0,117.0,2.0,0.24060150375939848,16.0,25.0,32.0,16.0,ibm_torino,hardware,False,1.0,0.0,1.0,2.995408975984901,1.375,1.0,,,,16.0,,,,,,,,,,,,,,,8.0,8.0,,,,
tfim_nq16_ibmq_ibm_miami_CPU_sync_itrs1_20260224T225602Z.json,tfim,16,ibmq,ibm_miami,CPU,sync,1,1.0,2026-02-24T22:56:02.068212Z,1,112,1,borg,gen008_borg,50,16,16.0,16,80,32,32,48,50,1,0,,16,32.0,,1.0,166.0,120.0,229.0,32.0,0.0,105.0,2.0,0.26666666666666666,32.0,16.0,115.0,66.0,ibm_miami,hardware,False,1.0,0.0,1.0,3.1750777098350227,3.32,1.0,,,16.0,,,,16.0,,,,,,,,,,,,,,,,,
tfim_nq16_ibmq_ibm_torino_CPU_sync_itrs1_20260224T225602Z.json,tfim,16,ibmq,ibm_torino,CPU,sync,1,1.0,2026-02-24T22:56:02.464549Z,1,112,1,borg,gen008_borg,50,16,16.0,16,80,32,32,48,50,1,0,,16,32.0,,1.0,223.0,133.0,375.0,71.0,0.0,118.0,3.0,0.24060150375939848,71.0,16.0,139.0,149.0,ibm_torino,hardware,False,1.0,0.0,1.0,2.1628632028587162,4.46,2.21875,,,16.0,,,,16.0,,,,,,,,,,,,,,,,,
tfim_nq16_ionq_aria-1_CPU_transpile_itrs0_opt0_20260422T011756Z.json,tfim,16,ionq,aria-1,CPU,transpile,0,0.0,2026-04-22T01:17:56.950812Z,1,1,1,frontier,gen006,50,32,16.0,16,80,32,48,32,50,1,0,,16,32.0,,0.0,133.0,16.0,272.0,32.0,0.0,1.0,2.0,2.0,,16.0,,,ionq_simulator_offline(aria-1),simulator,True,,,,0.011123586911708117,2.66,1.0,,,16.0,,,,16.0,,,,,,,,,,,,,,192.0,32.0,32.0,
tfim_nq16_ionq_aria-1_CPU_transpile_itrs0_opt1_20260422T011756Z.json,tfim,16,ionq,aria-1,CPU,transpile,0,1.0,2026-04-22T01:17:56.968734Z,1,1,1,frontier,gen006,50,32,16.0,16,80,32,48,32,50,1,0,,16,32.0,,1.0,133.0,16.0,272.0,32.0,0.0,1.0,2.0,2.0,,16.0,,,ionq_simulator_offline(aria-1),simulator,True,,,,0.013306961860507727,2.66,1.0,,,16.0,,,,16.0,,,,,,,,,,,,,,192.0,32.0,32.0,
tfim_nq16_ionq_aria-1_CPU_transpile_itrs0_opt2_20260422T011756Z.json,tfim,16,ionq,aria-1,CPU,transpile,0,2.0,2026-04-22T01:17:56.990280Z,1,1,1,frontier,gen006,50,32,16.0,16,80,32,48,32,50,1,0,,16,32.0,,2.0,133.0,16.0,272.0,32.0,0.0,1.0,2.0,2.0,,16.0,,,ionq_simulator_offline(aria-1),simulator,True,,,,0.016584594966843724,2.66,1.0,,,16.0,,,,16.0,,,,,,,,,,,,,,192.0,32.0,32.0,
tfim_nq16_ionq_aria-1_CPU_transpile_itrs0_opt3_20260422T011757Z.json,tfim,16,ionq,aria-1,CPU,transpile,0,3.0,2026-04-22T01:17:57.021009Z,1,1,1,frontier,gen006,50,32,16.0,16,80,32,48,32,50,1,0,,16,32.0,,3.0,133.0,16.0,272.0,32.0,0.0,1.0,2.0,2.0,,16.0,,,ionq_simulator_offline(aria-1),simulator,True,,,,0.026136570144444704,2.66,1.0,,,16.0,,,,16.0,,,,,,,,,,,,,,192.0,32.0,32.0,
tfim_nq16_ionq_aria-2_CPU_transpile_itrs0_opt0_20260422T011757Z.json,tfim,16,ionq,aria-2,CPU,transpile,0,0.0,2026-04-22T01:17:57.032772Z,1,1,1,frontier,gen006,50,32,16.0,16,80,32,48,32,50,1,0,,16,32.0,,0.0,133.0,16.0,272.0,32.0,0.0,1.0,2.0,2.0,,16.0,,,ionq_simulator_offline(aria-2),simulator,True,,,,0.006977563025429845,2.66,1.0,,,16.0,,,,16.0,,,,,,,,,,,,,,192.0,32.0,32.0,
tfim_nq16_ionq_aria-2_CPU_transpile_itrs0_opt1_20260422T011757Z.json,tfim,16,ionq,aria-2,CPU,transpile,0,1.0,2026-04-22T01:17:57.053392Z,1,1,1,frontier,gen006,50,32,16.0,16,80,32,48,32,50,1,0,,16,32.0,,1.0,133.0,16.0,272.0,32.0,0.0,1.0,2.0,2.0,,16.0,,,ionq_simulator_offline(aria-2),simulator,True,,,,0.012776596006006002,2.66,1.0,,,16.0,,,,16.0,,,,,,,,,,,,,,192.0,32.0,32.0,
tfim_nq16_ionq_aria-2_CPU_transpile_itrs0_opt2_20260422T011757Z.json,tfim,16,ionq,aria-2,CPU,transpile,0,2.0,2026-04-22T01:17:57.078650Z,1,1,1,frontier,gen006,50,32,16.0,16,80,32,48,32,50,1,0,,16,32.0,,2.0,133.0,16.0,272.0,32.0,0.0,1.0,2.0,2.0,,16.0,,,ionq_simulator_offline(aria-2),simulator,True,,,,0.01613831100985408,2.66,1.0,,,16.0,,,,16.0,,,,,,,,,,,,,,192.0,32.0,32.0,
tfim_nq16_ionq_aria-2_CPU_transpile_itrs0_opt3_20260422T011757Z.json,tfim,16,ionq,aria-2,CPU,transpile,0,3.0,2026-04-22T01:17:57.110015Z,1,1,1,frontier,gen006,50,32,16.0,16,80,32,48,32,50,1,0,,16,32.0,,3.0,133.0,16.0,272.0,32.0,0.0,1.0,2.0,2.0,,16.0,,,ionq_simulator_offline(aria-2),simulator,True,,,,0.0261358090210706,2.66,1.0,,,16.0,,,,16.0,,,,,,,,,,,,,,192.0,32.0,32.0,
tfim_nq16_ionq_forte-1_CPU_transpile_itrs0_opt0_20260422T011757Z.json,tfim,16,ionq,forte-1,CPU,transpile,0,0.0,2026-04-22T01:17:57.122850Z,1,1,1,frontier,gen006,50,32,16.0,16,80,32,48,32,50,1,0,,16,32.0,,0.0,133.0,16.0,272.0,32.0,0.0,1.0,2.0,2.0,,16.0,,,ionq_simulator_offline(forte-1),simulator,True,,,,0.006969308014959097,2.66,1.0,,,16.0,,,,16.0,,,,,,,,,,,,,,192.0,32.0,32.0,
tfim_nq16_ionq_forte-1_CPU_transpile_itrs0_opt1_20260422T011757Z.json,tfim,16,ionq,forte-1,CPU,transpile,0,1.0,2026-04-22T01:17:57.140648Z,1,1,1,frontier,gen006,50,32,16.0,16,80,32,48,32,50,1,0,,16,32.0,,1.0,133.0,16.0,272.0,32.0,0.0,1.0,2.0,2.0,,16.0,,,ionq_simulator_offline(forte-1),simulator,True,,,,0.012759702978655696,2.66,1.0,,,16.0,,,,16.0,,,,,,,,,,,,,,192.0,32.0,32.0,
tfim_nq16_ionq_forte-1_CPU_transpile_itrs0_opt2_20260422T011757Z.json,tfim,16,ionq,forte-1,CPU,transpile,0,2.0,2026-04-22T01:17:57.162743Z,1,1,1,frontier,gen006,50,32,16.0,16,80,32,48,32,50,1,0,,16,32.0,,2.0,133.0,16.0,272.0,32.0,0.0,1.0,2.0,2.0,,16.0,,,ionq_simulator_offline(forte-1),simulator,True,,,,0.016086921794340014,2.66,1.0,,,16.0,,,,16.0,,,,,,,,,,,,,,192.0,32.0,32.0,
tfim_nq16_ionq_forte-1_CPU_transpile_itrs0_opt3_20260422T011757Z.json,tfim,16,ionq,forte-1,CPU,transpile,0,3.0,2026-04-22T01:17:57.195189Z,1,1,1,frontier,gen006,50,32,16.0,16,80,32,48,32,50,1,0,,16,32.0,,3.0,133.0,16.0,272.0,32.0,0.0,1.0,2.0,2.0,,16.0,,,ionq_simulator_offline(forte-1),simulator,True,,,,0.02599710994400084,2.66,1.0,,,16.0,,,,16.0,,,,,,,,,,,,,,192.0,32.0,32.0,
tfim_nq16_ionq_forte-enterprise-1_CPU_transpile_itrs0_opt0_20260422T011757Z.json,tfim,16,ionq,forte-enterprise-1,CPU,transpile,0,0.0,2026-04-22T01:17:57.208634Z,1,1,1,frontier,gen006,50,32,16.0,16,80,32,48,32,50,1,0,,16,32.0,,0.0,133.0,16.0,272.0,32.0,0.0,1.0,2.0,2.0,,16.0,,,ionq_simulator_offline(forte-enterprise-1),simulator,True,,,,0.006959798978641629,2.66,1.0,,,16.0,,,,16.0,,,,,,,,,,,,,,192.0,32.0,32.0,
tfim_nq16_ionq_forte-enterprise-1_CPU_transpile_itrs0_opt1_20260422T011757Z.json,tfim,16,ionq,forte-enterprise-1,CPU,transpile,0,1.0,2026-04-22T01:17:57.226412Z,1,1,1,frontier,gen006,50,32,16.0,16,80,32,48,32,50,1,0,,16,32.0,,1.0,133.0,16.0,272.0,32.0,0.0,1.0,2.0,2.0,,16.0,,,ionq_simulator_offline(forte-enterprise-1),simulator,True,,,,0.012874484993517399,2.66,1.0,,,16.0,,,,16.0,,,,,,,,,,,,,,192.0,32.0,32.0,
tfim_nq16_ionq_forte-enterprise-1_CPU_transpile_itrs0_opt2_20260422T011757Z.json,tfim,16,ionq,forte-enterprise-1,CPU,transpile,0,2.0,2026-04-22T01:17:57.248972Z,1,1,1,frontier,gen006,50,32,16.0,16,80,32,48,32,50,1,0,,16,32.0,,2.0,133.0,16.0,272.0,32.0,0.0,1.0,2.0,2.0,,16.0,,,ionq_simulator_offline(forte-enterprise-1),simulator,True,,,,0.016440036008134484,2.66,1.0,,,16.0,,,,16.0,,,,,,,,,,,,,,192.0,32.0,32.0,
tfim_nq16_ionq_forte-enterprise-1_CPU_transpile_itrs0_opt3_20260422T011757Z.json,tfim,16,ionq,forte-enterprise-1,CPU,transpile,0,3.0,2026-04-22T01:17:57.282813Z,1,1,1,frontier,gen006,50,32,16.0,16,80,32,48,32,50,1,0,,16,32.0,,3.0,133.0,16.0,272.0,32.0,0.0,1.0,2.0,2.0,,16.0,,,ionq_simulator_offline(forte-enterprise-1),simulator,True,,,,0.02588718687184155,2.66,1.0,,,16.0,,,,16.0,,,,,,,,,,,,,,192.0,32.0,32.0,
tfim_nq16_ionq_harmony_CPU_transpile_itrs0_opt0_20260422T011757Z.json,tfim,16,ionq,harmony,CPU,transpile,0,0.0,2026-04-22T01:17:57.294785Z,1,1,1,frontier,gen006,50,32,16.0,16,80,32,48,32,50,1,0,,16,32.0,,0.0,133.0,16.0,272.0,32.0,0.0,1.0,2.0,2.0,,16.0,,,ionq_simulator_offline(harmony),simulator,True,,,,0.006965810200199485,2.66,1.0,,,16.0,,,,16.0,,,,,,,,,,,,,,192.0,32.0,32.0,
tfim_nq16_ionq_harmony_CPU_transpile_itrs0_opt1_20260422T011757Z.json,tfim,16,ionq,harmony,CPU,transpile,0,1.0,2026-04-22T01:17:57.331603Z,1,1,1,frontier,gen006,50,32,16.0,16,80,32,48,32,50,1,0,,16,32.0,,1.0,133.0,16.0,272.0,32.0,0.0,1.0,2.0,2.0,,16.0,,,ionq_simulator_offline(harmony),simulator,True,,,,0.013420773204416037,2.66,1.0,,,16.0,,,,16.0,,,,,,,,,,,,,,192.0,32.0,32.0,
tfim_nq16_ionq_harmony_CPU_transpile_itrs0_opt2_20260422T011757Z.json,tfim,16,ionq,harmony,CPU,transpile,0,2.0,2026-04-22T01:17:57.352485Z,1,1,1,frontier,gen006,50,32,16.0,16,80,32,48,32,50,1,0,,16,32.0,,2.0,133.0,16.0,272.0,32.0,0.0,1.0,2.0,2.0,,16.0,,,ionq_simulator_offline(harmony),simulator,True,,,,0.016403404995799065,2.66,1.0,,,16.0,,,,16.0,,,,,,,,,,,,,,192.0,32.0,32.0,
tfim_nq16_ionq_harmony_CPU_transpile_itrs0_opt3_20260422T011757Z.json,tfim,16,ionq,harmony,CPU,transpile,0,3.0,2026-04-22T01:17:57.383760Z,1,1,1,frontier,gen006,50,32,16.0,16,80,32,48,32,50,1,0,,16,32.0,,3.0,133.0,16.0,272.0,32.0,0.0,1.0,2.0,2.0,,16.0,,,ionq_simulator_offline(harmony),simulator,True,,,,0.026448984863236547,2.66,1.0,,,16.0,,,,16.0,,,,,,,,,,,,,,192.0,32.0,32.0,
tfim_nq16_ionq_ideal_CPU_transpile_itrs0_opt0_20260422T011756Z.json,tfim,16,ionq,ideal,CPU,transpile,0,0.0,2026-04-22T01:17:56.876118Z,1,1,1,frontier,gen006,50,32,16.0,16,80,32,48,32,50,1,0,,16,32.0,,0.0,50.0,16.0,80.0,32.0,0.0,1.0,2.0,2.0,,16.0,16.0,,ionq_simulator_offline(ideal),simulator,True,,,,1.0082858549430966,1.0,1.0,32.0,,16.0,,,,16.0,,,,,,,,,,,16.0,,,,,,
tfim_nq16_ionq_ideal_CPU_transpile_itrs0_opt1_20260422T011756Z.json,tfim,16,ionq,ideal,CPU,transpile,0,1.0,2026-04-22T01:17:56.892714Z,1,1,1,frontier,gen006,50,32,16.0,16,80,32,48,32,50,1,0,,16,32.0,,1.0,50.0,16.0,80.0,32.0,0.0,1.0,2.0,2.0,,16.0,16.0,,ionq_simulator_offline(ideal),simulator,True,,,,0.010763318976387382,1.0,1.0,32.0,,16.0,,,,16.0,,,,,,,,,,,16.0,,,,,,
tfim_nq16_ionq_ideal_CPU_transpile_itrs0_opt2_20260422T011756Z.json,tfim,16,ionq,ideal,CPU,transpile,0,2.0,2026-04-22T01:17:56.916887Z,1,1,1,frontier,gen006,50,32,16.0,16,80,32,48,32,50,1,0,,16,32.0,,2.0,50.0,16.0,80.0,32.0,0.0,1.0,2.0,2.0,,16.0,16.0,,ionq_simulator_offline(ideal),simulator,True,,,,0.020028199069201946,1.0,1.0,32.0,,16.0,,,,16.0,,,,,,,,,,,16.0,,,,,,
tfim_nq16_ionq_ideal_CPU_transpile_itrs0_opt3_20260422T011756Z.json,tfim,16,ionq,ideal,CPU,transpile,0,3.0,2026-04-22T01:17:56.934996Z,1,1,1,frontier,gen006,50,32,16.0,16,80,32,48,32,50,1,0,,16,32.0,,3.0,50.0,16.0,80.0,32.0,0.0,1.0,2.0,2.0,,16.0,16.0,,ionq_simulator_offline(ideal),simulator,True,,,,0.01289030583575368,1.0,1.0,32.0,,16.0,,,,16.0,,,,,,,,,,,16.0,,,,,,
tfim_nq16_ionq_simulator_CPU_sync_itrs1_20260224T225605Z.json,tfim,16,ionq,simulator,CPU,sync,1,1.0,2026-02-24T22:56:05.236321Z,1,112,1,borg,gen008_borg,50,16,16.0,16,80,32,32,48,50,1,0,,16,32.0,,1.0,50.0,16.0,80.0,32.0,0.0,1.0,2.0,2.0,,16.0,16.0,,ionq_simulator,simulator,True,1.0,0.0,1.0,1.1854268100578338,1.0,1.0,32.0,,16.0,,,,16.0,,,,,,,,,,,16.0,,,,,,
tfim_nq16_nwqsim_MPI_CPU_sync_itrs1_20260224T225606Z.json,tfim,16,nwqsim,MPI,CPU,sync,1,,2026-02-24T22:56:06.555588Z,1,112,1,borg,gen008_borg,50,16,,16,80,32,32,48,50,1,0,,16,32.0,,,,,,,,,,,,,,,,,,1.0,0.0,1.0,,,,,,16.0,,,,16.0,,,,,,,,,,,,,,,,,
tfim_nq20_ibmq_ibm_miami_CPU_sync_itrs1_20260317T131602Z.json,tfim,20,ibmq,ibm_miami,CPU,sync,1,1.0,2026-03-17T13:16:02.639940Z,1,112,1,borg,gen008_borg,62,20,20.0,20,100,40,40,60,62,1,0,,20,40.0,,1.0,206.0,120.0,285.0,40.0,0.0,101.0,2.0,0.3333333333333333,40.0,20.0,143.0,82.0,ibm_miami,hardware,False,1.0,0.0,1.0,2.5735275843180716,3.3225806451612905,1.0,,,20.0,,,,20.0,,,,,,,,,,,,,,,,,
tfim_nq20_ibmq_ibm_torino_CPU_sync_itrs1_20260317T002631Z.json,tfim,20,ibmq,ibm_torino,CPU,sync,1,1.0,2026-03-17T00:26:31.223885Z,1,112,1,borg,gen008_borg,62,20,20.0,20,100,40,40,60,62,1,0,,20,40.0,,1.0,206.0,133.0,285.0,40.0,0.0,114.0,2.0,0.3007518796992481,40.0,20.0,143.0,82.0,ibm_torino,hardware,False,1.0,0.0,1.0,2.3993622506968677,3.3225806451612905,1.0,,,20.0,,,,20.0,,,,,,,,,,,,,,,,,
tfim_nq20_ionq_aria-1_CPU_transpile_itrs0_opt0_20260422T011756Z.json,tfim,20,ionq,aria-1,CPU,transpile,0,0.0,2026-04-22T01:17:56.994514Z,1,1,1,frontier,gen006,62,40,20.0,20,100,40,60,40,62,1,0,,20,40.0,,0.0,165.0,20.0,340.0,40.0,0.0,1.0,2.0,2.0,,20.0,,,ionq_simulator_offline(aria-1),simulator,True,,,,0.011799630941823125,2.661290322580645,1.0,,,20.0,,,,20.0,,,,,,,,,,,,,,240.0,40.0,40.0,
tfim_nq20_ionq_aria-1_CPU_transpile_itrs0_opt1_20260422T011757Z.json,tfim,20,ionq,aria-1,CPU,transpile,0,1.0,2026-04-22T01:17:57.015079Z,1,1,1,frontier,gen006,62,40,20.0,20,100,40,60,40,62,1,0,,20,40.0,,1.0,165.0,20.0,340.0,40.0,0.0,1.0,2.0,2.0,,20.0,,,ionq_simulator_offline(aria-1),simulator,True,,,,0.01458361279219389,2.661290322580645,1.0,,,20.0,,,,20.0,,,,,,,,,,,,,,240.0,40.0,40.0,
tfim_nq20_ionq_aria-1_CPU_transpile_itrs0_opt2_20260422T011757Z.json,tfim,20,ionq,aria-1,CPU,transpile,0,2.0,2026-04-22T01:17:57.039837Z,1,1,1,frontier,gen006,62,40,20.0,20,100,40,60,40,62,1,0,,20,40.0,,2.0,165.0,20.0,340.0,40.0,0.0,1.0,2.0,2.0,,20.0,,,ionq_simulator_offline(aria-1),simulator,True,,,,0.018737512873485684,2.661290322580645,1.0,,,20.0,,,,20.0,,,,,,,,,,,,,,240.0,40.0,40.0,
tfim_nq20_ionq_aria-1_CPU_transpile_itrs0_opt3_20260422T011757Z.json,tfim,20,ionq,aria-1,CPU,transpile,0,3.0,2026-04-22T01:17:57.084273Z,1,1,1,frontier,gen006,62,40,20.0,20,100,40,60,40,62,1,0,,20,40.0,,3.0,165.0,20.0,340.0,40.0,0.0,1.0,2.0,2.0,,20.0,,,ionq_simulator_offline(aria-1),simulator,True,,,,0.030630544992163777,2.661290322580645,1.0,,,20.0,,,,20.0,,,,,,,,,,,,,,240.0,40.0,40.0,
tfim_nq20_ionq_aria-2_CPU_transpile_itrs0_opt0_20260422T011757Z.json,tfim,20,ionq,aria-2,CPU,transpile,0,0.0,2026-04-22T01:17:57.098253Z,1,1,1,frontier,gen006,62,40,20.0,20,100,40,60,40,62,1,0,,20,40.0,,0.0,165.0,20.0,340.0,40.0,0.0,1.0,2.0,2.0,,20.0,,,ionq_simulator_offline(aria-2),simulator,True,,,,0.0075707160867750645,2.661290322580645,1.0,,,20.0,,,,20.0,,,,,,,,,,,,,,240.0,40.0,40.0,
tfim_nq20_ionq_aria-2_CPU_transpile_itrs0_opt1_20260422T011757Z.json,tfim,20,ionq,aria-2,CPU,transpile,0,1.0,2026-04-22T01:17:57.125255Z,1,1,1,frontier,gen006,62,40,20.0,20,100,40,60,40,62,1,0,,20,40.0,,1.0,165.0,20.0,340.0,40.0,0.0,1.0,2.0,2.0,,20.0,,,ionq_simulator_offline(aria-2),simulator,True,,,,0.01396197103895247,2.661290322580645,1.0,,,20.0,,,,20.0,,,,,,,,,,,,,,240.0,40.0,40.0,
tfim_nq20_ionq_aria-2_CPU_transpile_itrs0_opt2_20260422T011757Z.json,tfim,20,ionq,aria-2,CPU,transpile,0,2.0,2026-04-22T01:17:57.149620Z,1,1,1,frontier,gen006,62,40,20.0,20,100,40,60,40,62,1,0,,20,40.0,,2.0,165.0,20.0,340.0,40.0,0.0,1.0,2.0,2.0,,20.0,,,ionq_simulator_offline(aria-2),simulator,True,,,,0.018444987945258617,2.661290322580645,1.0,,,20.0,,,,20.0,,,,,,,,,,,,,,240.0,40.0,40.0,
tfim_nq20_ionq_aria-2_CPU_transpile_itrs0_opt3_20260422T011757Z.json,tfim,20,ionq,aria-2,CPU,transpile,0,3.0,2026-04-22T01:17:57.186419Z,1,1,1,frontier,gen006,62,40,20.0,20,100,40,60,40,62,1,0,,20,40.0,,3.0,165.0,20.0,340.0,40.0,0.0,1.0,2.0,2.0,,20.0,,,ionq_simulator_offline(aria-2),simulator,True,,,,0.030369058018550277,2.661290322580645,1.0,,,20.0,,,,20.0,,,,,,,,,,,,,,240.0,40.0,40.0,
tfim_nq20_ionq_forte-1_CPU_transpile_itrs0_opt0_20260422T011757Z.json,tfim,20,ionq,forte-1,CPU,transpile,0,0.0,2026-04-22T01:17:57.200443Z,1,1,1,frontier,gen006,62,40,20.0,20,100,40,60,40,62,1,0,,20,40.0,,0.0,165.0,20.0,340.0,40.0,0.0,1.0,2.0,2.0,,20.0,,,ionq_simulator_offline(forte-1),simulator,True,,,,0.007538283942267299,2.661290322580645,1.0,,,20.0,,,,20.0,,,,,,,,,,,,,,240.0,40.0,40.0,
tfim_nq20_ionq_forte-1_CPU_transpile_itrs0_opt1_20260422T011757Z.json,tfim,20,ionq,forte-1,CPU,transpile,0,1.0,2026-04-22T01:17:57.219693Z,1,1,1,frontier,gen006,62,40,20.0,20,100,40,60,40,62,1,0,,20,40.0,,1.0,165.0,20.0,340.0,40.0,0.0,1.0,2.0,2.0,,20.0,,,ionq_simulator_offline(forte-1),simulator,True,,,,0.013993440894410014,2.661290322580645,1.0,,,20.0,,,,20.0,,,,,,,,,,,,,,240.0,40.0,40.0,
tfim_nq20_ionq_forte-1_CPU_transpile_itrs0_opt2_20260422T011757Z.json,tfim,20,ionq,forte-1,CPU,transpile,0,2.0,2026-04-22T01:17:57.244972Z,1,1,1,frontier,gen006,62,40,20.0,20,100,40,60,40,62,1,0,,20,40.0,,2.0,165.0,20.0,340.0,40.0,0.0,1.0,2.0,2.0,,20.0,,,ionq_simulator_offline(forte-1),simulator,True,,,,0.01840478996746242,2.661290322580645,1.0,,,20.0,,,,20.0,,,,,,,,,,,,,,240.0,40.0,40.0,
tfim_nq20_ionq_forte-1_CPU_transpile_itrs0_opt3_20260422T011757Z.json,tfim,20,ionq,forte-1,CPU,transpile,0,3.0,2026-04-22T01:17:57.281182Z,1,1,1,frontier,gen006,62,40,20.0,20,100,40,60,40,62,1,0,,20,40.0,,3.0,165.0,20.0,340.0,40.0,0.0,1.0,2.0,2.0,,20.0,,,ionq_simulator_offline(forte-1),simulator,True,,,,0.030415249057114124,2.661290322580645,1.0,,,20.0,,,,20.0,,,,,,,,,,,,,,240.0,40.0,40.0,
tfim_nq20_ionq_forte-enterprise-1_CPU_transpile_itrs0_opt0_20260422T011757Z.json,tfim,20,ionq,forte-enterprise-1,CPU,transpile,0,0.0,2026-04-22T01:17:57.294589Z,1,1,1,frontier,gen006,62,40,20.0,20,100,40,60,40,62,1,0,,20,40.0,,0.0,165.0,20.0,340.0,40.0,0.0,1.0,2.0,2.0,,20.0,,,ionq_simulator_offline(forte-enterprise-1),simulator,True,,,,0.00753153907135129,2.661290322580645,1.0,,,20.0,,,,20.0,,,,,,,,,,,,,,240.0,40.0,40.0,
tfim_nq20_ionq_forte-enterprise-1_CPU_transpile_itrs0_opt1_20260422T011757Z.json,tfim,20,ionq,forte-enterprise-1,CPU,transpile,0,1.0,2026-04-22T01:17:57.327698Z,1,1,1,frontier,gen006,62,40,20.0,20,100,40,60,40,62,1,0,,20,40.0,,1.0,165.0,20.0,340.0,40.0,0.0,1.0,2.0,2.0,,20.0,,,ionq_simulator_offline(forte-enterprise-1),simulator,True,,,,0.01416908297687769,2.661290322580645,1.0,,,20.0,,,,20.0,,,,,,,,,,,,,,240.0,40.0,40.0,
tfim_nq20_ionq_forte-enterprise-1_CPU_transpile_itrs0_opt2_20260422T011757Z.json,tfim,20,ionq,forte-enterprise-1,CPU,transpile,0,2.0,2026-04-22T01:17:57.351401Z,1,1,1,frontier,gen006,62,40,20.0,20,100,40,60,40,62,1,0,,20,40.0,,2.0,165.0,20.0,340.0,40.0,0.0,1.0,2.0,2.0,,20.0,,,ionq_simulator_offline(forte-enterprise-1),simulator,True,,,,0.01825817720964551,2.661290322580645,1.0,,,20.0,,,,20.0,,,,,,,,,,,,,,240.0,40.0,40.0,
tfim_nq20_ionq_forte-enterprise-1_CPU_transpile_itrs0_opt3_20260422T011757Z.json,tfim,20,ionq,forte-enterprise-1,CPU,transpile,0,3.0,2026-04-22T01:17:57.387909Z,1,1,1,frontier,gen006,62,40,20.0,20,100,40,60,40,62,1,0,,20,40.0,,3.0,165.0,20.0,340.0,40.0,0.0,1.0,2.0,2.0,,20.0,,,ionq_simulator_offline(forte-enterprise-1),simulator,True,,,,0.03072659089230001,2.661290322580645,1.0,,,20.0,,,,20.0,,,,,,,,,,,,,,240.0,40.0,40.0,
tfim_nq20_ionq_harmony_CPU_transpile_itrs0_opt0_20260422T011757Z.json,tfim,20,ionq,harmony,CPU,transpile,0,0.0,2026-04-22T01:17:57.401248Z,1,1,1,frontier,gen006,62,40,20.0,20,100,40,60,40,62,1,0,,20,40.0,,0.0,165.0,20.0,340.0,40.0,0.0,1.0,2.0,2.0,,20.0,,,ionq_simulator_offline(harmony),simulator,True,,,,0.007915832800790668,2.661290322580645,1.0,,,20.0,,,,20.0,,,,,,,,,,,,,,240.0,40.0,40.0,
tfim_nq20_ionq_harmony_CPU_transpile_itrs0_opt1_20260422T011757Z.json,tfim,20,ionq,harmony,CPU,transpile,0,1.0,2026-04-22T01:17:57.420574Z,1,1,1,frontier,gen006,62,40,20.0,20,100,40,60,40,62,1,0,,20,40.0,,1.0,165.0,20.0,340.0,40.0,0.0,1.0,2.0,2.0,,20.0,,,ionq_simulator_offline(harmony),simulator,True,,,,0.014148491900414228,2.661290322580645,1.0,,,20.0,,,,20.0,,,,,,,,,,,,,,240.0,40.0,40.0,
tfim_nq20_ionq_harmony_CPU_transpile_itrs0_opt2_20260422T011757Z.json,tfim,20,ionq,harmony,CPU,transpile,0,2.0,2026-04-22T01:17:57.444056Z,1,1,1,frontier,gen006,62,40,20.0,20,100,40,60,40,62,1,0,,20,40.0,,2.0,165.0,20.0,340.0,40.0,0.0,1.0,2.0,2.0,,20.0,,,ionq_simulator_offline(harmony),simulator,True,,,,0.018254931084811687,2.661290322580645,1.0,,,20.0,,,,20.0,,,,,,,,,,,,,,240.0,40.0,40.0,
tfim_nq20_ionq_harmony_CPU_transpile_itrs0_opt3_20260422T011757Z.json,tfim,20,ionq,harmony,CPU,transpile,0,3.0,2026-04-22T01:17:57.480032Z,1,1,1,frontier,gen006,62,40,20.0,20,100,40,60,40,62,1,0,,20,40.0,,3.0,165.0,20.0,340.0,40.0,0.0,1.0,2.0,2.0,,20.0,,,ionq_simulator_offline(harmony),simulator,True,,,,0.03048227704130113,2.661290322580645,1.0,,,20.0,,,,20.0,,,,,,,,,,,,,,240.0,40.0,40.0,
tfim_nq20_ionq_ideal_CPU_transpile_itrs0_opt0_20260422T011756Z.json,tfim,20,ionq,ideal,CPU,transpile,0,0.0,2026-04-22T01:17:56.911493Z,1,1,1,frontier,gen006,62,40,20.0,20,100,40,60,40,62,1,0,,20,40.0,,0.0,62.0,20.0,100.0,40.0,0.0,1.0,2.0,2.0,,20.0,20.0,,ionq_simulator_offline(ideal),simulator,True,,,,0.9958100251387805,1.0,1.0,40.0,,20.0,,,,20.0,,,,,,,,,,,20.0,,,,,,
tfim_nq20_ionq_ideal_CPU_transpile_itrs0_opt1_20260422T011756Z.json,tfim,20,ionq,ideal,CPU,transpile,0,1.0,2026-04-22T01:17:56.927765Z,1,1,1,frontier,gen006,62,40,20.0,20,100,40,60,40,62,1,0,,20,40.0,,1.0,62.0,20.0,100.0,40.0,0.0,1.0,2.0,2.0,,20.0,20.0,,ionq_simulator_offline(ideal),simulator,True,,,,0.011279063997790217,1.0,1.0,40.0,,20.0,,,,20.0,,,,,,,,,,,20.0,,,,,,
tfim_nq20_ionq_ideal_CPU_transpile_itrs0_opt2_20260422T011756Z.json,tfim,20,ionq,ideal,CPU,transpile,0,2.0,2026-04-22T01:17:56.956380Z,1,1,1,frontier,gen006,62,40,20.0,20,100,40,60,40,62,1,0,,20,40.0,,2.0,62.0,20.0,100.0,40.0,0.0,1.0,2.0,2.0,,20.0,20.0,,ionq_simulator_offline(ideal),simulator,True,,,,0.02401093696244061,1.0,1.0,40.0,,20.0,,,,20.0,,,,,,,,,,,20.0,,,,,,
tfim_nq20_ionq_ideal_CPU_transpile_itrs0_opt3_20260422T011756Z.json,tfim,20,ionq,ideal,CPU,transpile,0,3.0,2026-04-22T01:17:56.976807Z,1,1,1,frontier,gen006,62,40,20.0,20,100,40,60,40,62,1,0,,20,40.0,,3.0,62.0,20.0,100.0,40.0,0.0,1.0,2.0,2.0,,20.0,20.0,,ionq_simulator_offline(ideal),simulator,True,,,,0.01438281498849392,1.0,1.0,40.0,,20.0,,,,20.0,,,,,,,,,,,20.0,,,,,,
tfim_nq20_ionq_simulator_CPU_sync_itrs1_20260317T151759Z.json,tfim,20,ionq,simulator,CPU,sync,1,1.0,2026-03-17T15:17:59.739310Z,1,112,1,borg,gen008_borg,62,20,20.0,20,100,40,40,60,62,1,0,,20,40.0,,1.0,62.0,20.0,100.0,40.0,0.0,1.0,2.0,2.0,,20.0,20.0,,ionq_simulator,simulator,True,1.0,0.0,1.0,0.7556373379193246,1.0,1.0,40.0,,20.0,,,,20.0,,,,,,,,,,,20.0,,,,,,
tfim_nq23_ibmq_ibm_miami_CPU_sync_itrs1_20260317T214031Z.json,tfim,23,ibmq,ibm_miami,CPU,sync,1,1.0,2026-03-17T21:40:31.346165Z,1,112,1,borg,gen008_borg,71,23,23.0,23,115,46,46,69,71,1,0,,23,46.0,,1.0,311.0,120.0,444.0,88.0,0.0,87.0,3.0,0.5833333333333334,88.0,23.0,164.0,169.0,ibm_miami,hardware,False,1.0,0.0,1.0,2.8939169221557677,4.380281690140845,1.9130434782608696,,,23.0,,,,23.0,,,,,,,,,,,,,,,,,
tfim_nq23_ibmq_ibm_torino_CPU_sync_itrs1_20260317T214035Z.json,tfim,23,ibmq,ibm_torino,CPU,sync,1,1.0,2026-03-17T21:40:35.511168Z,1,112,1,borg,gen008_borg,71,23,23.0,23,115,46,46,69,71,1,0,,23,46.0,,1.0,343.0,133.0,499.0,103.0,0.0,107.0,3.0,0.40601503759398494,103.0,23.0,170.0,203.0,ibm_torino,hardware,False,1.0,0.0,1.0,2.910692905075848,4.830985915492958,2.239130434782609,,,23.0,,,,23.0,,,,,,,,,,,,,,,,,
tfim_nq23_ionq_aria-1_CPU_transpile_itrs0_opt0_20260422T011756Z.json,tfim,23,ionq,aria-1,CPU,transpile,0,0.0,2026-04-22T01:17:56.959390Z,1,1,1,frontier,gen006,71,46,23.0,23,115,46,69,46,71,1,0,,23,46.0,,0.0,189.0,23.0,391.0,46.0,0.0,1.0,2.0,2.0,,23.0,,,ionq_simulator_offline(aria-1),simulator,True,,,,0.013540357816964388,2.6619718309859155,1.0,,,23.0,,,,23.0,,,,,,,,,,,,,,276.0,46.0,46.0,
tfim_nq23_ionq_aria-1_CPU_transpile_itrs0_opt1_20260422T011756Z.json,tfim,23,ionq,aria-1,CPU,transpile,0,1.0,2026-04-22T01:17:56.980248Z,1,1,1,frontier,gen006,71,46,23.0,23,115,46,69,46,71,1,0,,23,46.0,,1.0,189.0,23.0,391.0,46.0,0.0,1.0,2.0,2.0,,23.0,,,ionq_simulator_offline(aria-1),simulator,True,,,,0.01504931109957397,2.6619718309859155,1.0,,,23.0,,,,23.0,,,,,,,,,,,,,,276.0,46.0,46.0,
tfim_nq23_ionq_aria-1_CPU_transpile_itrs0_opt2_20260422T011757Z.json,tfim,23,ionq,aria-1,CPU,transpile,0,2.0,2026-04-22T01:17:57.005708Z,1,1,1,frontier,gen006,71,46,23.0,23,115,46,69,46,71,1,0,,23,46.0,,2.0,189.0,23.0,391.0,46.0,0.0,1.0,2.0,2.0,,23.0,,,ionq_simulator_offline(aria-1),simulator,True,,,,0.019784991862252355,2.6619718309859155,1.0,,,23.0,,,,23.0,,,,,,,,,,,,,,276.0,46.0,46.0,
tfim_nq23_ionq_aria-1_CPU_transpile_itrs0_opt3_20260422T011757Z.json,tfim,23,ionq,aria-1,CPU,transpile,0,3.0,2026-04-22T01:17:57.045529Z,1,1,1,frontier,gen006,71,46,23.0,23,115,46,69,46,71,1,0,,23,46.0,,3.0,189.0,23.0,391.0,46.0,0.0,1.0,2.0,2.0,,23.0,,,ionq_simulator_offline(aria-1),simulator,True,,,,0.03391592903062701,2.6619718309859155,1.0,,,23.0,,,,23.0,,,,,,,,,,,,,,276.0,46.0,46.0,
tfim_nq23_ionq_aria-2_CPU_transpile_itrs0_opt0_20260422T011757Z.json,tfim,23,ionq,aria-2,CPU,transpile,0,0.0,2026-04-22T01:17:57.062903Z,1,1,1,frontier,gen006,71,46,23.0,23,115,46,69,46,71,1,0,,23,46.0,,0.0,189.0,23.0,391.0,46.0,0.0,1.0,2.0,2.0,,23.0,,,ionq_simulator_offline(aria-2),simulator,True,,,,0.008104396983981133,2.6619718309859155,1.0,,,23.0,,,,23.0,,,,,,,,,,,,,,276.0,46.0,46.0,
tfim_nq23_ionq_aria-2_CPU_transpile_itrs0_opt1_20260422T011757Z.json,tfim,23,ionq,aria-2,CPU,transpile,0,1.0,2026-04-22T01:17:57.094342Z,1,1,1,frontier,gen006,71,46,23.0,23,115,46,69,46,71,1,0,,23,46.0,,1.0,189.0,23.0,391.0,46.0,0.0,1.0,2.0,2.0,,23.0,,,ionq_simulator_offline(aria-2),simulator,True,,,,0.014827779959887266,2.6619718309859155,1.0,,,23.0,,,,23.0,,,,,,,,,,,,,,276.0,46.0,46.0,
tfim_nq23_ionq_aria-2_CPU_transpile_itrs0_opt2_20260422T011757Z.json,tfim,23,ionq,aria-2,CPU,transpile,0,2.0,2026-04-22T01:17:57.131439Z,1,1,1,frontier,gen006,71,46,23.0,23,115,46,69,46,71,1,0,,23,46.0,,2.0,189.0,23.0,391.0,46.0,0.0,1.0,2.0,2.0,,23.0,,,ionq_simulator_offline(aria-2),simulator,True,,,,0.019349395064637065,2.6619718309859155,1.0,,,23.0,,,,23.0,,,,,,,,,,,,,,276.0,46.0,46.0,
tfim_nq23_ionq_aria-2_CPU_transpile_itrs0_opt3_20260422T011757Z.json,tfim,23,ionq,aria-2,CPU,transpile,0,3.0,2026-04-22T01:17:57.176905Z,1,1,1,frontier,gen006,71,46,23.0,23,115,46,69,46,71,1,0,,23,46.0,,3.0,189.0,23.0,391.0,46.0,0.0,1.0,2.0,2.0,,23.0,,,ionq_simulator_offline(aria-2),simulator,True,,,,0.033423912012949586,2.6619718309859155,1.0,,,23.0,,,,23.0,,,,,,,,,,,,,,276.0,46.0,46.0,
tfim_nq23_ionq_forte-1_CPU_transpile_itrs0_opt0_20260422T011757Z.json,tfim,23,ionq,forte-1,CPU,transpile,0,0.0,2026-04-22T01:17:57.191464Z,1,1,1,frontier,gen006,71,46,23.0,23,115,46,69,46,71,1,0,,23,46.0,,0.0,189.0,23.0,391.0,46.0,0.0,1.0,2.0,2.0,,23.0,,,ionq_simulator_offline(forte-1),simulator,True,,,,0.00823481916449964,2.6619718309859155,1.0,,,23.0,,,,23.0,,,,,,,,,,,,,,276.0,46.0,46.0,
tfim_nq23_ionq_forte-1_CPU_transpile_itrs0_opt1_20260422T011757Z.json,tfim,23,ionq,forte-1,CPU,transpile,0,1.0,2026-04-22T01:17:57.211959Z,1,1,1,frontier,gen006,71,46,23.0,23,115,46,69,46,71,1,0,,23,46.0,,1.0,189.0,23.0,391.0,46.0,0.0,1.0,2.0,2.0,,23.0,,,ionq_simulator_offline(forte-1),simulator,True,,,,0.014810385880991817,2.6619718309859155,1.0,,,23.0,,,,23.0,,,,,,,,,,,,,,276.0,46.0,46.0,
tfim_nq23_ionq_forte-1_CPU_transpile_itrs0_opt2_20260422T011757Z.json,tfim,23,ionq,forte-1,CPU,transpile,0,2.0,2026-04-22T01:17:57.239123Z,1,1,1,frontier,gen006,71,46,23.0,23,115,46,69,46,71,1,0,,23,46.0,,2.0,189.0,23.0,391.0,46.0,0.0,1.0,2.0,2.0,,23.0,,,ionq_simulator_offline(forte-1),simulator,True,,,,0.019421905977651477,2.6619718309859155,1.0,,,23.0,,,,23.0,,,,,,,,,,,,,,276.0,46.0,46.0,
tfim_nq23_ionq_forte-1_CPU_transpile_itrs0_opt3_20260422T011757Z.json,tfim,23,ionq,forte-1,CPU,transpile,0,3.0,2026-04-22T01:17:57.278493Z,1,1,1,frontier,gen006,71,46,23.0,23,115,46,69,46,71,1,0,,23,46.0,,3.0,189.0,23.0,391.0,46.0,0.0,1.0,2.0,2.0,,23.0,,,ionq_simulator_offline(forte-1),simulator,True,,,,0.033154919976368546,2.6619718309859155,1.0,,,23.0,,,,23.0,,,,,,,,,,,,,,276.0,46.0,46.0,
tfim_nq23_ionq_forte-enterprise-1_CPU_transpile_itrs0_opt0_20260422T011757Z.json,tfim,23,ionq,forte-enterprise-1,CPU,transpile,0,0.0,2026-04-22T01:17:57.293206Z,1,1,1,frontier,gen006,71,46,23.0,23,115,46,69,46,71,1,0,,23,46.0,,0.0,189.0,23.0,391.0,46.0,0.0,1.0,2.0,2.0,,23.0,,,ionq_simulator_offline(forte-enterprise-1),simulator,True,,,,0.00826605106703937,2.6619718309859155,1.0,,,23.0,,,,23.0,,,,,,,,,,,,,,276.0,46.0,46.0,
tfim_nq23_ionq_forte-enterprise-1_CPU_transpile_itrs0_opt1_20260422T011757Z.json,tfim,23,ionq,forte-enterprise-1,CPU,transpile,0,1.0,2026-04-22T01:17:57.314206Z,1,1,1,frontier,gen006,71,46,23.0,23,115,46,69,46,71,1,0,,23,46.0,,1.0,189.0,23.0,391.0,46.0,0.0,1.0,2.0,2.0,,23.0,,,ionq_simulator_offline(forte-enterprise-1),simulator,True,,,,0.014918697997927666,2.6619718309859155,1.0,,,23.0,,,,23.0,,,,,,,,,,,,,,276.0,46.0,46.0,
tfim_nq23_ionq_forte-enterprise-1_CPU_transpile_itrs0_opt2_20260422T011757Z.json,tfim,23,ionq,forte-enterprise-1,CPU,transpile,0,2.0,2026-04-22T01:17:57.351726Z,1,1,1,frontier,gen006,71,46,23.0,23,115,46,69,46,71,1,0,,23,46.0,,2.0,189.0,23.0,391.0,46.0,0.0,1.0,2.0,2.0,,23.0,,,ionq_simulator_offline(forte-enterprise-1),simulator,True,,,,0.01976444199681282,2.6619718309859155,1.0,,,23.0,,,,23.0,,,,,,,,,,,,,,276.0,46.0,46.0,
tfim_nq23_ionq_forte-enterprise-1_CPU_transpile_itrs0_opt3_20260422T011757Z.json,tfim,23,ionq,forte-enterprise-1,CPU,transpile,0,3.0,2026-04-22T01:17:57.390958Z,1,1,1,frontier,gen006,71,46,23.0,23,115,46,69,46,71,1,0,,23,46.0,,3.0,189.0,23.0,391.0,46.0,0.0,1.0,2.0,2.0,,23.0,,,ionq_simulator_offline(forte-enterprise-1),simulator,True,,,,0.03331093303859234,2.6619718309859155,1.0,,,23.0,,,,23.0,,,,,,,,,,,,,,276.0,46.0,46.0,
tfim_nq23_ionq_harmony_CPU_transpile_itrs0_opt0_20260422T011757Z.json,tfim,23,ionq,harmony,CPU,transpile,0,0.0,2026-04-22T01:17:57.405030Z,1,1,1,frontier,gen006,71,46,23.0,23,115,46,69,46,71,1,0,,23,46.0,,0.0,189.0,23.0,391.0,46.0,0.0,1.0,2.0,2.0,,23.0,,,ionq_simulator_offline(harmony),simulator,True,,,,0.008103375090286136,2.6619718309859155,1.0,,,23.0,,,,23.0,,,,,,,,,,,,,,276.0,46.0,46.0,
tfim_nq23_ionq_harmony_CPU_transpile_itrs0_opt1_20260422T011757Z.json,tfim,23,ionq,harmony,CPU,transpile,0,1.0,2026-04-22T01:17:57.427051Z,1,1,1,frontier,gen006,71,46,23.0,23,115,46,69,46,71,1,0,,23,46.0,,1.0,189.0,23.0,391.0,46.0,0.0,1.0,2.0,2.0,,23.0,,,ionq_simulator_offline(harmony),simulator,True,,,,0.01499868300743401,2.6619718309859155,1.0,,,23.0,,,,23.0,,,,,,,,,,,,,,276.0,46.0,46.0,
tfim_nq23_ionq_harmony_CPU_transpile_itrs0_opt2_20260422T011757Z.json,tfim,23,ionq,harmony,CPU,transpile,0,2.0,2026-04-22T01:17:57.452074Z,1,1,1,frontier,gen006,71,46,23.0,23,115,46,69,46,71,1,0,,23,46.0,,2.0,189.0,23.0,391.0,46.0,0.0,1.0,2.0,2.0,,23.0,,,ionq_simulator_offline(harmony),simulator,True,,,,0.019386928994208574,2.6619718309859155,1.0,,,23.0,,,,23.0,,,,,,,,,,,,,,276.0,46.0,46.0,
tfim_nq23_ionq_harmony_CPU_transpile_itrs0_opt3_20260422T011757Z.json,tfim,23,ionq,harmony,CPU,transpile,0,3.0,2026-04-22T01:17:57.491205Z,1,1,1,frontier,gen006,71,46,23.0,23,115,46,69,46,71,1,0,,23,46.0,,3.0,189.0,23.0,391.0,46.0,0.0,1.0,2.0,2.0,,23.0,,,ionq_simulator_offline(harmony),simulator,True,,,,0.033324718941003084,2.6619718309859155,1.0,,,23.0,,,,23.0,,,,,,,,,,,,,,276.0,46.0,46.0,
tfim_nq23_ionq_ideal_CPU_transpile_itrs0_opt0_20260422T011756Z.json,tfim,23,ionq,ideal,CPU,transpile,0,0.0,2026-04-22T01:17:56.875887Z,1,1,1,frontier,gen006,71,46,23.0,23,115,46,69,46,71,1,0,,23,46.0,,0.0,71.0,23.0,115.0,46.0,0.0,1.0,2.0,2.0,,23.0,23.0,,ionq_simulator_offline(ideal),simulator,True,,,,1.0077371571678668,1.0,1.0,46.0,,23.0,,,,23.0,,,,,,,,,,,23.0,,,,,,
tfim_nq23_ionq_ideal_CPU_transpile_itrs0_opt1_20260422T011756Z.json,tfim,23,ionq,ideal,CPU,transpile,0,1.0,2026-04-22T01:17:56.893606Z,1,1,1,frontier,gen006,71,46,23.0,23,115,46,69,46,71,1,0,,23,46.0,,1.0,71.0,23.0,115.0,46.0,0.0,1.0,2.0,2.0,,23.0,23.0,,ionq_simulator_offline(ideal),simulator,True,,,,0.01164427399635315,1.0,1.0,46.0,,23.0,,,,23.0,,,,,,,,,,,23.0,,,,,,
tfim_nq23_ionq_ideal_CPU_transpile_itrs0_opt2_20260422T011756Z.json,tfim,23,ionq,ideal,CPU,transpile,0,2.0,2026-04-22T01:17:56.919940Z,1,1,1,frontier,gen006,71,46,23.0,23,115,46,69,46,71,1,0,,23,46.0,,2.0,71.0,23.0,115.0,46.0,0.0,1.0,2.0,2.0,,23.0,23.0,,ionq_simulator_offline(ideal),simulator,True,,,,0.021015984006226063,1.0,1.0,46.0,,23.0,,,,23.0,,,,,,,,,,,23.0,,,,,,
tfim_nq23_ionq_ideal_CPU_transpile_itrs0_opt3_20260422T011756Z.json,tfim,23,ionq,ideal,CPU,transpile,0,3.0,2026-04-22T01:17:56.939835Z,1,1,1,frontier,gen006,71,46,23.0,23,115,46,69,46,71,1,0,,23,46.0,,3.0,71.0,23.0,115.0,46.0,0.0,1.0,2.0,2.0,,23.0,23.0,,ionq_simulator_offline(ideal),simulator,True,,,,0.014620257075875998,1.0,1.0,46.0,,23.0,,,,23.0,,,,,,,,,,,23.0,,,,,,
tfim_nq23_ionq_simulator_CPU_sync_itrs1_20260317T214158Z.json,tfim,23,ionq,simulator,CPU,sync,1,1.0,2026-03-17T21:41:58.610127Z,1,112,1,borg,gen008_borg,71,23,23.0,23,115,46,46,69,71,1,0,,23,46.0,,1.0,71.0,23.0,115.0,46.0,0.0,1.0,2.0,2.0,,23.0,23.0,,ionq_simulator,simulator,True,1.0,0.0,1.0,0.7943580150604248,1.0,1.0,46.0,,23.0,,,,23.0,,,,,,,,,,,23.0,,,,,,
tfim_nq4_ibmq_ibm_miami_CPU_sync_itrs1_20260317T191604Z.json,tfim,4,ibmq,ibm_miami,CPU,sync,1,1.0,2026-03-17T19:16:04.661822Z,1,112,1,borg,gen008_borg,14,4,4.0,4,20,8,8,12,14,1,0,,4,8.0,,1.0,46.0,120.0,61.0,8.0,0.0,117.0,2.0,0.06666666666666667,8.0,4.0,31.0,18.0,ibm_miami,hardware,False,1.0,0.0,1.0,1.9130319328978658,3.2857142857142856,1.0,,,4.0,,,,4.0,,,,,,,,,,,,,,,,,
tfim_nq4_ibmq_ibm_torino_CPU_sync_itrs1_20260317T180858Z.json,tfim,4,ibmq,ibm_torino,CPU,sync,1,1.0,2026-03-17T18:08:58.798770Z,1,112,1,borg,gen008_borg,14,4,4.0,4,20,8,8,12,14,1,0,,4,8.0,,1.0,51.0,133.0,78.0,14.0,0.0,130.0,2.0,0.045112781954887216,14.0,4.0,31.0,29.0,ibm_torino,hardware,False,1.0,0.0,1.0,1.6593758491799235,3.642857142857143,1.75,,,4.0,,,,4.0,,,,,,,,,,,,,,,,,
tfim_nq4_ionq_aria-1_CPU_transpile_itrs0_opt0_20260422T011757Z.json,tfim,4,ionq,aria-1,CPU,transpile,0,0.0,2026-04-22T01:17:57.349810Z,1,1,1,frontier,gen006,14,8,4.0,4,20,8,12,8,14,1,0,,4,8.0,,0.0,37.0,4.0,68.0,8.0,0.0,1.0,2.0,2.0,,4.0,,,ionq_simulator_offline(aria-1),simulator,True,,,,0.010462220991030335,2.642857142857143,1.0,,,4.0,,,,4.0,,,,,,,,,,,,,,48.0,8.0,8.0,
tfim_nq4_ionq_aria-1_CPU_transpile_itrs0_opt1_20260422T011757Z.json,tfim,4,ionq,aria-1,CPU,transpile,0,1.0,2026-04-22T01:17:57.361720Z,1,1,1,frontier,gen006,14,8,4.0,4,20,8,12,8,14,1,0,,4,8.0,,1.0,37.0,4.0,68.0,8.0,0.0,1.0,2.0,2.0,,4.0,,,ionq_simulator_offline(aria-1),simulator,True,,,,0.009515130892395973,2.642857142857143,1.0,,,4.0,,,,4.0,,,,,,,,,,,,,,48.0,8.0,8.0,
tfim_nq4_ionq_aria-1_CPU_transpile_itrs0_opt2_20260422T011757Z.json,tfim,4,ionq,aria-1,CPU,transpile,0,2.0,2026-04-22T01:17:57.375781Z,1,1,1,frontier,gen006,14,8,4.0,4,20,8,12,8,14,1,0,,4,8.0,,2.0,37.0,4.0,68.0,8.0,0.0,1.0,2.0,2.0,,4.0,,,ionq_simulator_offline(aria-1),simulator,True,,,,0.011629467131569982,2.642857142857143,1.0,,,4.0,,,,4.0,,,,,,,,,,,,,,48.0,8.0,8.0,
tfim_nq4_ionq_aria-1_CPU_transpile_itrs0_opt3_20260422T011757Z.json,tfim,4,ionq,aria-1,CPU,transpile,0,3.0,2026-04-22T01:17:57.392413Z,1,1,1,frontier,gen006,14,8,4.0,4,20,8,12,8,14,1,0,,4,8.0,,3.0,37.0,4.0,68.0,8.0,0.0,1.0,2.0,2.0,,4.0,,,ionq_simulator_offline(aria-1),simulator,True,,,,0.013925186824053526,2.642857142857143,1.0,,,4.0,,,,4.0,,,,,,,,,,,,,,48.0,8.0,8.0,
tfim_nq4_ionq_aria-2_CPU_transpile_itrs0_opt0_20260422T011757Z.json,tfim,4,ionq,aria-2,CPU,transpile,0,0.0,2026-04-22T01:17:57.400621Z,1,1,1,frontier,gen006,14,8,4.0,4,20,8,12,8,14,1,0,,4,8.0,,0.0,37.0,4.0,68.0,8.0,0.0,1.0,2.0,2.0,,4.0,,,ionq_simulator_offline(aria-2),simulator,True,,,,0.0051678980235010386,2.642857142857143,1.0,,,4.0,,,,4.0,,,,,,,,,,,,,,48.0,8.0,8.0,
tfim_nq4_ionq_aria-2_CPU_transpile_itrs0_opt1_20260422T011757Z.json,tfim,4,ionq,aria-2,CPU,transpile,0,1.0,2026-04-22T01:17:57.412439Z,1,1,1,frontier,gen006,14,8,4.0,4,20,8,12,8,14,1,0,,4,8.0,,1.0,37.0,4.0,68.0,8.0,0.0,1.0,2.0,2.0,,4.0,,,ionq_simulator_offline(aria-2),simulator,True,,,,0.00929943099617958,2.642857142857143,1.0,,,4.0,,,,4.0,,,,,,,,,,,,,,48.0,8.0,8.0,
tfim_nq4_ionq_aria-2_CPU_transpile_itrs0_opt2_20260422T011757Z.json,tfim,4,ionq,aria-2,CPU,transpile,0,2.0,2026-04-22T01:17:57.426098Z,1,1,1,frontier,gen006,14,8,4.0,4,20,8,12,8,14,1,0,,4,8.0,,2.0,37.0,4.0,68.0,8.0,0.0,1.0,2.0,2.0,,4.0,,,ionq_simulator_offline(aria-2),simulator,True,,,,0.011179853929206729,2.642857142857143,1.0,,,4.0,,,,4.0,,,,,,,,,,,,,,48.0,8.0,8.0,
tfim_nq4_ionq_aria-2_CPU_transpile_itrs0_opt3_20260422T011757Z.json,tfim,4,ionq,aria-2,CPU,transpile,0,3.0,2026-04-22T01:17:57.442781Z,1,1,1,frontier,gen006,14,8,4.0,4,20,8,12,8,14,1,0,,4,8.0,,3.0,37.0,4.0,68.0,8.0,0.0,1.0,2.0,2.0,,4.0,,,ionq_simulator_offline(aria-2),simulator,True,,,,0.014096369035542011,2.642857142857143,1.0,,,4.0,,,,4.0,,,,,,,,,,,,,,48.0,8.0,8.0,
tfim_nq4_ionq_forte-1_CPU_transpile_itrs0_opt0_20260422T011757Z.json,tfim,4,ionq,forte-1,CPU,transpile,0,0.0,2026-04-22T01:17:57.451033Z,1,1,1,frontier,gen006,14,8,4.0,4,20,8,12,8,14,1,0,,4,8.0,,0.0,37.0,4.0,68.0,8.0,0.0,1.0,2.0,2.0,,4.0,,,ionq_simulator_offline(forte-1),simulator,True,,,,0.005214046919718385,2.642857142857143,1.0,,,4.0,,,,4.0,,,,,,,,,,,,,,48.0,8.0,8.0,
tfim_nq4_ionq_forte-1_CPU_transpile_itrs0_opt1_20260422T011757Z.json,tfim,4,ionq,forte-1,CPU,transpile,0,1.0,2026-04-22T01:17:57.462994Z,1,1,1,frontier,gen006,14,8,4.0,4,20,8,12,8,14,1,0,,4,8.0,,1.0,37.0,4.0,68.0,8.0,0.0,1.0,2.0,2.0,,4.0,,,ionq_simulator_offline(forte-1),simulator,True,,,,0.009221418993547559,2.642857142857143,1.0,,,4.0,,,,4.0,,,,,,,,,,,,,,48.0,8.0,8.0,
tfim_nq4_ionq_forte-1_CPU_transpile_itrs0_opt2_20260422T011757Z.json,tfim,4,ionq,forte-1,CPU,transpile,0,2.0,2026-04-22T01:17:57.476735Z,1,1,1,frontier,gen006,14,8,4.0,4,20,8,12,8,14,1,0,,4,8.0,,2.0,37.0,4.0,68.0,8.0,0.0,1.0,2.0,2.0,,4.0,,,ionq_simulator_offline(forte-1),simulator,True,,,,0.011218690080568194,2.642857142857143,1.0,,,4.0,,,,4.0,,,,,,,,,,,,,,48.0,8.0,8.0,
tfim_nq4_ionq_forte-1_CPU_transpile_itrs0_opt3_20260422T011757Z.json,tfim,4,ionq,forte-1,CPU,transpile,0,3.0,2026-04-22T01:17:57.493312Z,1,1,1,frontier,gen006,14,8,4.0,4,20,8,12,8,14,1,0,,4,8.0,,3.0,37.0,4.0,68.0,8.0,0.0,1.0,2.0,2.0,,4.0,,,ionq_simulator_offline(forte-1),simulator,True,,,,0.013835943071171641,2.642857142857143,1.0,,,4.0,,,,4.0,,,,,,,,,,,,,,48.0,8.0,8.0,
tfim_nq4_ionq_forte-enterprise-1_CPU_transpile_itrs0_opt0_20260422T011757Z.json,tfim,4,ionq,forte-enterprise-1,CPU,transpile,0,0.0,2026-04-22T01:17:57.501182Z,1,1,1,frontier,gen006,14,8,4.0,4,20,8,12,8,14,1,0,,4,8.0,,0.0,37.0,4.0,68.0,8.0,0.0,1.0,2.0,2.0,,4.0,,,ionq_simulator_offline(forte-enterprise-1),simulator,True,,,,0.005198977887630463,2.642857142857143,1.0,,,4.0,,,,4.0,,,,,,,,,,,,,,48.0,8.0,8.0,
tfim_nq4_ionq_forte-enterprise-1_CPU_transpile_itrs0_opt1_20260422T011757Z.json,tfim,4,ionq,forte-enterprise-1,CPU,transpile,0,1.0,2026-04-22T01:17:57.512768Z,1,1,1,frontier,gen006,14,8,4.0,4,20,8,12,8,14,1,0,,4,8.0,,1.0,37.0,4.0,68.0,8.0,0.0,1.0,2.0,2.0,,4.0,,,ionq_simulator_offline(forte-enterprise-1),simulator,True,,,,0.00925515592098236,2.642857142857143,1.0,,,4.0,,,,4.0,,,,,,,,,,,,,,48.0,8.0,8.0,
tfim_nq4_ionq_forte-enterprise-1_CPU_transpile_itrs0_opt2_20260422T011757Z.json,tfim,4,ionq,forte-enterprise-1,CPU,transpile,0,2.0,2026-04-22T01:17:57.526651Z,1,1,1,frontier,gen006,14,8,4.0,4,20,8,12,8,14,1,0,,4,8.0,,2.0,37.0,4.0,68.0,8.0,0.0,1.0,2.0,2.0,,4.0,,,ionq_simulator_offline(forte-enterprise-1),simulator,True,,,,0.011208661133423448,2.642857142857143,1.0,,,4.0,,,,4.0,,,,,,,,,,,,,,48.0,8.0,8.0,
tfim_nq4_ionq_forte-enterprise-1_CPU_transpile_itrs0_opt3_20260422T011757Z.json,tfim,4,ionq,forte-enterprise-1,CPU,transpile,0,3.0,2026-04-22T01:17:57.543204Z,1,1,1,frontier,gen006,14,8,4.0,4,20,8,12,8,14,1,0,,4,8.0,,3.0,37.0,4.0,68.0,8.0,0.0,1.0,2.0,2.0,,4.0,,,ionq_simulator_offline(forte-enterprise-1),simulator,True,,,,0.013876240933313966,2.642857142857143,1.0,,,4.0,,,,4.0,,,,,,,,,,,,,,48.0,8.0,8.0,
tfim_nq4_ionq_harmony_CPU_transpile_itrs0_opt0_20260422T011757Z.json,tfim,4,ionq,harmony,CPU,transpile,0,0.0,2026-04-22T01:17:57.551327Z,1,1,1,frontier,gen006,14,8,4.0,4,20,8,12,8,14,1,0,,4,8.0,,0.0,37.0,4.0,68.0,8.0,0.0,1.0,2.0,2.0,,4.0,,,ionq_simulator_offline(harmony),simulator,True,,,,0.00547888083383441,2.642857142857143,1.0,,,4.0,,,,4.0,,,,,,,,,,,,,,48.0,8.0,8.0,
tfim_nq4_ionq_harmony_CPU_transpile_itrs0_opt1_20260422T011757Z.json,tfim,4,ionq,harmony,CPU,transpile,0,1.0,2026-04-22T01:17:57.563072Z,1,1,1,frontier,gen006,14,8,4.0,4,20,8,12,8,14,1,0,,4,8.0,,1.0,37.0,4.0,68.0,8.0,0.0,1.0,2.0,2.0,,4.0,,,ionq_simulator_offline(harmony),simulator,True,,,,0.009251188021153212,2.642857142857143,1.0,,,4.0,,,,4.0,,,,,,,,,,,,,,48.0,8.0,8.0,
tfim_nq4_ionq_harmony_CPU_transpile_itrs0_opt2_20260422T011757Z.json,tfim,4,ionq,harmony,CPU,transpile,0,2.0,2026-04-22T01:17:57.577761Z,1,1,1,frontier,gen006,14,8,4.0,4,20,8,12,8,14,1,0,,4,8.0,,2.0,37.0,4.0,68.0,8.0,0.0,1.0,2.0,2.0,,4.0,,,ionq_simulator_offline(harmony),simulator,True,,,,0.0111950330901891,2.642857142857143,1.0,,,4.0,,,,4.0,,,,,,,,,,,,,,48.0,8.0,8.0,
tfim_nq4_ionq_harmony_CPU_transpile_itrs0_opt3_20260422T011757Z.json,tfim,4,ionq,harmony,CPU,transpile,0,3.0,2026-04-22T01:17:57.594272Z,1,1,1,frontier,gen006,14,8,4.0,4,20,8,12,8,14,1,0,,4,8.0,,3.0,37.0,4.0,68.0,8.0,0.0,1.0,2.0,2.0,,4.0,,,ionq_simulator_offline(harmony),simulator,True,,,,0.013882022118195891,2.642857142857143,1.0,,,4.0,,,,4.0,,,,,,,,,,,,,,48.0,8.0,8.0,
tfim_nq4_ionq_ideal_CPU_transpile_itrs0_opt0_20260422T011757Z.json,tfim,4,ionq,ideal,CPU,transpile,0,0.0,2026-04-22T01:17:57.269243Z,1,1,1,frontier,gen006,14,8,4.0,4,20,8,12,8,14,1,0,,4,8.0,,0.0,14.0,4.0,20.0,8.0,0.0,1.0,2.0,2.0,,4.0,4.0,,ionq_simulator_offline(ideal),simulator,True,,,,1.1272575508337468,1.0,1.0,8.0,,4.0,,,,4.0,,,,,,,,,,,4.0,,,,,,
tfim_nq4_ionq_ideal_CPU_transpile_itrs0_opt1_20260422T011757Z.json,tfim,4,ionq,ideal,CPU,transpile,0,1.0,2026-04-22T01:17:57.283381Z,1,1,1,frontier,gen006,14,8,4.0,4,20,8,12,8,14,1,0,,4,8.0,,1.0,14.0,4.0,20.0,8.0,0.0,1.0,2.0,2.0,,4.0,4.0,,ionq_simulator_offline(ideal),simulator,True,,,,0.010901333997026086,1.0,1.0,8.0,,4.0,,,,4.0,,,,,,,,,,,4.0,,,,,,
tfim_nq4_ionq_ideal_CPU_transpile_itrs0_opt2_20260422T011757Z.json,tfim,4,ionq,ideal,CPU,transpile,0,2.0,2026-04-22T01:17:57.312085Z,1,1,1,frontier,gen006,14,8,4.0,4,20,8,12,8,14,1,0,,4,8.0,,2.0,14.0,4.0,20.0,8.0,0.0,1.0,2.0,2.0,,4.0,4.0,,ionq_simulator_offline(ideal),simulator,True,,,,0.025104369968175888,1.0,1.0,8.0,,4.0,,,,4.0,,,,,,,,,,,4.0,,,,,,
tfim_nq4_ionq_ideal_CPU_transpile_itrs0_opt3_20260422T011757Z.json,tfim,4,ionq,ideal,CPU,transpile,0,3.0,2026-04-22T01:17:57.336621Z,1,1,1,frontier,gen006,14,8,4.0,4,20,8,12,8,14,1,0,,4,8.0,,3.0,14.0,4.0,20.0,8.0,0.0,1.0,2.0,2.0,,4.0,4.0,,ionq_simulator_offline(ideal),simulator,True,,,,0.010519580915570259,1.0,1.0,8.0,,4.0,,,,4.0,,,,,,,,,,,4.0,,,,,,
tfim_nq4_ionq_simulator_CPU_sync_itrs1_20260317T191958Z.json,tfim,4,ionq,simulator,CPU,sync,1,1.0,2026-03-17T19:19:58.705914Z,1,112,1,borg,gen008_borg,14,4,4.0,4,20,8,8,12,14,1,0,,4,8.0,,1.0,14.0,4.0,20.0,8.0,0.0,1.0,2.0,2.0,,4.0,4.0,,ionq_simulator,simulator,True,1.0,0.0,1.0,0.7334200143814087,1.0,1.0,8.0,,4.0,,,,4.0,,,,,,,,,,,4.0,,,,,,
tfim_nq8_ibmq_ibm_miami_CPU_sync_itrs1_20260317T192358Z.json,tfim,8,ibmq,ibm_miami,CPU,sync,1,1.0,2026-03-17T19:23:58.793261Z,1,112,1,borg,gen008_borg,26,8,8.0,8,40,16,16,24,26,1,0,,8,16.0,,1.0,86.0,120.0,117.0,16.0,0.0,113.0,2.0,0.13333333333333333,16.0,8.0,59.0,34.0,ibm_miami,hardware,False,1.0,0.0,1.0,2.6441351831890643,3.3076923076923075,1.0,,,8.0,,,,8.0,,,,,,,,,,,,,,,,,
tfim_nq8_ibmq_ibm_torino_CPU_sync_itrs1_20260317T192357Z.json,tfim,8,ibmq,ibm_torino,CPU,sync,1,1.0,2026-03-17T19:23:57.849320Z,1,112,1,borg,gen008_borg,26,8,8.0,8,40,16,16,24,26,1,0,,8,16.0,,1.0,109.0,133.0,152.0,28.0,0.0,122.0,2.0,0.18045112781954886,28.0,8.0,59.0,57.0,ibm_torino,hardware,False,1.0,0.0,1.0,1.46759622823447,4.1923076923076925,1.75,,,8.0,,,,8.0,,,,,,,,,,,,,,,,,
tfim_nq8_ionq_aria-1_CPU_transpile_itrs0_opt0_20260422T011756Z.json,tfim,8,ionq,aria-1,CPU,transpile,0,0.0,2026-04-22T01:17:56.945097Z,1,1,1,frontier,gen006,26,16,8.0,8,40,16,24,16,26,1,0,,8,16.0,,0.0,69.0,8.0,136.0,16.0,0.0,1.0,2.0,2.0,,8.0,,,ionq_simulator_offline(aria-1),simulator,True,,,,0.011920808115974069,2.6538461538461537,1.0,,,8.0,,,,8.0,,,,,,,,,,,,,,96.0,16.0,16.0,
tfim_nq8_ionq_aria-1_CPU_transpile_itrs0_opt1_20260422T011756Z.json,tfim,8,ionq,aria-1,CPU,transpile,0,1.0,2026-04-22T01:17:56.959127Z,1,1,1,frontier,gen006,26,16,8.0,8,40,16,24,16,26,1,0,,8,16.0,,1.0,69.0,8.0,136.0,16.0,0.0,1.0,2.0,2.0,,8.0,,,ionq_simulator_offline(aria-1),simulator,True,,,,0.010591359809041023,2.6538461538461537,1.0,,,8.0,,,,8.0,,,,,,,,,,,,,,96.0,16.0,16.0,
tfim_nq8_ionq_aria-1_CPU_transpile_itrs0_opt2_20260422T011756Z.json,tfim,8,ionq,aria-1,CPU,transpile,0,2.0,2026-04-22T01:17:56.976162Z,1,1,1,frontier,gen006,26,16,8.0,8,40,16,24,16,26,1,0,,8,16.0,,2.0,69.0,8.0,136.0,16.0,0.0,1.0,2.0,2.0,,8.0,,,ionq_simulator_offline(aria-1),simulator,True,,,,0.013534368015825748,2.6538461538461537,1.0,,,8.0,,,,8.0,,,,,,,,,,,,,,96.0,16.0,16.0,
tfim_nq8_ionq_aria-1_CPU_transpile_itrs0_opt3_20260422T011756Z.json,tfim,8,ionq,aria-1,CPU,transpile,0,3.0,2026-04-22T01:17:56.997892Z,1,1,1,frontier,gen006,26,16,8.0,8,40,16,24,16,26,1,0,,8,16.0,,3.0,69.0,8.0,136.0,16.0,0.0,1.0,2.0,2.0,,8.0,,,ionq_simulator_offline(aria-1),simulator,True,,,,0.01819401397369802,2.6538461538461537,1.0,,,8.0,,,,8.0,,,,,,,,,,,,,,96.0,16.0,16.0,
tfim_nq8_ionq_aria-2_CPU_transpile_itrs0_opt0_20260422T011757Z.json,tfim,8,ionq,aria-2,CPU,transpile,0,0.0,2026-04-22T01:17:57.008770Z,1,1,1,frontier,gen006,26,16,8.0,8,40,16,24,16,26,1,0,,8,16.0,,0.0,69.0,8.0,136.0,16.0,0.0,1.0,2.0,2.0,,8.0,,,ionq_simulator_offline(aria-2),simulator,True,,,,0.0057952189818024635,2.6538461538461537,1.0,,,8.0,,,,8.0,,,,,,,,,,,,,,96.0,16.0,16.0,
tfim_nq8_ionq_aria-2_CPU_transpile_itrs0_opt1_20260422T011757Z.json,tfim,8,ionq,aria-2,CPU,transpile,0,1.0,2026-04-22T01:17:57.022683Z,1,1,1,frontier,gen006,26,16,8.0,8,40,16,24,16,26,1,0,,8,16.0,,1.0,69.0,8.0,136.0,16.0,0.0,1.0,2.0,2.0,,8.0,,,ionq_simulator_offline(aria-2),simulator,True,,,,0.01047634705901146,2.6538461538461537,1.0,,,8.0,,,,8.0,,,,,,,,,,,,,,96.0,16.0,16.0,
tfim_nq8_ionq_aria-2_CPU_transpile_itrs0_opt2_20260422T011757Z.json,tfim,8,ionq,aria-2,CPU,transpile,0,2.0,2026-04-22T01:17:57.047445Z,1,1,1,frontier,gen006,26,16,8.0,8,40,16,24,16,26,1,0,,8,16.0,,2.0,69.0,8.0,136.0,16.0,0.0,1.0,2.0,2.0,,8.0,,,ionq_simulator_offline(aria-2),simulator,True,,,,0.012993449112400413,2.6538461538461537,1.0,,,8.0,,,,8.0,,,,,,,,,,,,,,96.0,16.0,16.0,
tfim_nq8_ionq_aria-2_CPU_transpile_itrs0_opt3_20260422T011757Z.json,tfim,8,ionq,aria-2,CPU,transpile,0,3.0,2026-04-22T01:17:57.072367Z,1,1,1,frontier,gen006,26,16,8.0,8,40,16,24,16,26,1,0,,8,16.0,,3.0,69.0,8.0,136.0,16.0,0.0,1.0,2.0,2.0,,8.0,,,ionq_simulator_offline(aria-2),simulator,True,,,,0.0181571829598397,2.6538461538461537,1.0,,,8.0,,,,8.0,,,,,,,,,,,,,,96.0,16.0,16.0,
tfim_nq8_ionq_forte-1_CPU_transpile_itrs0_opt0_20260422T011757Z.json,tfim,8,ionq,forte-1,CPU,transpile,0,0.0,2026-04-22T01:17:57.081927Z,1,1,1,frontier,gen006,26,16,8.0,8,40,16,24,16,26,1,0,,8,16.0,,0.0,69.0,8.0,136.0,16.0,0.0,1.0,2.0,2.0,,8.0,,,ionq_simulator_offline(forte-1),simulator,True,,,,0.005871417000889778,2.6538461538461537,1.0,,,8.0,,,,8.0,,,,,,,,,,,,,,96.0,16.0,16.0,
tfim_nq8_ionq_forte-1_CPU_transpile_itrs0_opt1_20260422T011757Z.json,tfim,8,ionq,forte-1,CPU,transpile,0,1.0,2026-04-22T01:17:57.096043Z,1,1,1,frontier,gen006,26,16,8.0,8,40,16,24,16,26,1,0,,8,16.0,,1.0,69.0,8.0,136.0,16.0,0.0,1.0,2.0,2.0,,8.0,,,ionq_simulator_offline(forte-1),simulator,True,,,,0.01048959419131279,2.6538461538461537,1.0,,,8.0,,,,8.0,,,,,,,,,,,,,,96.0,16.0,16.0,
tfim_nq8_ionq_forte-1_CPU_transpile_itrs0_opt2_20260422T011757Z.json,tfim,8,ionq,forte-1,CPU,transpile,0,2.0,2026-04-22T01:17:57.112226Z,1,1,1,frontier,gen006,26,16,8.0,8,40,16,24,16,26,1,0,,8,16.0,,2.0,69.0,8.0,136.0,16.0,0.0,1.0,2.0,2.0,,8.0,,,ionq_simulator_offline(forte-1),simulator,True,,,,0.012962018139660358,2.6538461538461537,1.0,,,8.0,,,,8.0,,,,,,,,,,,,,,96.0,16.0,16.0,
tfim_nq8_ionq_forte-1_CPU_transpile_itrs0_opt3_20260422T011757Z.json,tfim,8,ionq,forte-1,CPU,transpile,0,3.0,2026-04-22T01:17:57.135318Z,1,1,1,frontier,gen006,26,16,8.0,8,40,16,24,16,26,1,0,,8,16.0,,3.0,69.0,8.0,136.0,16.0,0.0,1.0,2.0,2.0,,8.0,,,ionq_simulator_offline(forte-1),simulator,True,,,,0.018375566927716136,2.6538461538461537,1.0,,,8.0,,,,8.0,,,,,,,,,,,,,,96.0,16.0,16.0,
tfim_nq8_ionq_forte-enterprise-1_CPU_transpile_itrs0_opt0_20260422T011757Z.json,tfim,8,ionq,forte-enterprise-1,CPU,transpile,0,0.0,2026-04-22T01:17:57.145408Z,1,1,1,frontier,gen006,26,16,8.0,8,40,16,24,16,26,1,0,,8,16.0,,0.0,69.0,8.0,136.0,16.0,0.0,1.0,2.0,2.0,,8.0,,,ionq_simulator_offline(forte-enterprise-1),simulator,True,,,,0.005865545943379402,2.6538461538461537,1.0,,,8.0,,,,8.0,,,,,,,,,,,,,,96.0,16.0,16.0,
tfim_nq8_ionq_forte-enterprise-1_CPU_transpile_itrs0_opt1_20260422T011757Z.json,tfim,8,ionq,forte-enterprise-1,CPU,transpile,0,1.0,2026-04-22T01:17:57.159382Z,1,1,1,frontier,gen006,26,16,8.0,8,40,16,24,16,26,1,0,,8,16.0,,1.0,69.0,8.0,136.0,16.0,0.0,1.0,2.0,2.0,,8.0,,,ionq_simulator_offline(forte-enterprise-1),simulator,True,,,,0.010481917997822165,2.6538461538461537,1.0,,,8.0,,,,8.0,,,,,,,,,,,,,,96.0,16.0,16.0,
tfim_nq8_ionq_forte-enterprise-1_CPU_transpile_itrs0_opt2_20260422T011757Z.json,tfim,8,ionq,forte-enterprise-1,CPU,transpile,0,2.0,2026-04-22T01:17:57.178332Z,1,1,1,frontier,gen006,26,16,8.0,8,40,16,24,16,26,1,0,,8,16.0,,2.0,69.0,8.0,136.0,16.0,0.0,1.0,2.0,2.0,,8.0,,,ionq_simulator_offline(forte-enterprise-1),simulator,True,,,,0.014237832045182586,2.6538461538461537,1.0,,,8.0,,,,8.0,,,,,,,,,,,,,,96.0,16.0,16.0,
tfim_nq8_ionq_forte-enterprise-1_CPU_transpile_itrs0_opt3_20260422T011757Z.json,tfim,8,ionq,forte-enterprise-1,CPU,transpile,0,3.0,2026-04-22T01:17:57.270543Z,1,1,1,frontier,gen006,26,16,8.0,8,40,16,24,16,26,1,0,,8,16.0,,3.0,69.0,8.0,136.0,16.0,0.0,1.0,2.0,2.0,,8.0,,,ionq_simulator_offline(forte-enterprise-1),simulator,True,,,,0.018102748086676,2.6538461538461537,1.0,,,8.0,,,,8.0,,,,,,,,,,,,,,96.0,16.0,16.0,
tfim_nq8_ionq_harmony_CPU_transpile_itrs0_opt0_20260422T011757Z.json,tfim,8,ionq,harmony,CPU,transpile,0,0.0,2026-04-22T01:17:57.279841Z,1,1,1,frontier,gen006,26,16,8.0,8,40,16,24,16,26,1,0,,8,16.0,,0.0,69.0,8.0,136.0,16.0,0.0,1.0,2.0,2.0,,8.0,,,ionq_simulator_offline(harmony),simulator,True,,,,0.005880312994122505,2.6538461538461537,1.0,,,8.0,,,,8.0,,,,,,,,,,,,,,96.0,16.0,16.0,
tfim_nq8_ionq_harmony_CPU_transpile_itrs0_opt1_20260422T011757Z.json,tfim,8,ionq,harmony,CPU,transpile,0,1.0,2026-04-22T01:17:57.294422Z,1,1,1,frontier,gen006,26,16,8.0,8,40,16,24,16,26,1,0,,8,16.0,,1.0,69.0,8.0,136.0,16.0,0.0,1.0,2.0,2.0,,8.0,,,ionq_simulator_offline(harmony),simulator,True,,,,0.010430848924443126,2.6538461538461537,1.0,,,8.0,,,,8.0,,,,,,,,,,,,,,96.0,16.0,16.0,
tfim_nq8_ionq_harmony_CPU_transpile_itrs0_opt2_20260422T011757Z.json,tfim,8,ionq,harmony,CPU,transpile,0,2.0,2026-04-22T01:17:57.329916Z,1,1,1,frontier,gen006,26,16,8.0,8,40,16,24,16,26,1,0,,8,16.0,,2.0,69.0,8.0,136.0,16.0,0.0,1.0,2.0,2.0,,8.0,,,ionq_simulator_offline(harmony),simulator,True,,,,0.01300581288523972,2.6538461538461537,1.0,,,8.0,,,,8.0,,,,,,,,,,,,,,96.0,16.0,16.0,
tfim_nq8_ionq_harmony_CPU_transpile_itrs0_opt3_20260422T011757Z.json,tfim,8,ionq,harmony,CPU,transpile,0,3.0,2026-04-22T01:17:57.351773Z,1,1,1,frontier,gen006,26,16,8.0,8,40,16,24,16,26,1,0,,8,16.0,,3.0,69.0,8.0,136.0,16.0,0.0,1.0,2.0,2.0,,8.0,,,ionq_simulator_offline(harmony),simulator,True,,,,0.018170669907703996,2.6538461538461537,1.0,,,8.0,,,,8.0,,,,,,,,,,,,,,96.0,16.0,16.0,
tfim_nq8_ionq_ideal_CPU_transpile_itrs0_opt0_20260422T011756Z.json,tfim,8,ionq,ideal,CPU,transpile,0,0.0,2026-04-22T01:17:56.875867Z,1,1,1,frontier,gen006,26,16,8.0,8,40,16,24,16,26,1,0,,8,16.0,,0.0,26.0,8.0,40.0,16.0,0.0,1.0,2.0,2.0,,8.0,8.0,,ionq_simulator_offline(ideal),simulator,True,,,,1.0087378760799766,1.0,1.0,16.0,,8.0,,,,8.0,,,,,,,,,,,8.0,,,,,,
tfim_nq8_ionq_ideal_CPU_transpile_itrs0_opt1_20260422T011756Z.json,tfim,8,ionq,ideal,CPU,transpile,0,1.0,2026-04-22T01:17:56.890888Z,1,1,1,frontier,gen006,26,16,8.0,8,40,16,24,16,26,1,0,,8,16.0,,1.0,26.0,8.0,40.0,16.0,0.0,1.0,2.0,2.0,,8.0,8.0,,ionq_simulator_offline(ideal),simulator,True,,,,0.010908415075391531,1.0,1.0,16.0,,8.0,,,,8.0,,,,,,,,,,,8.0,,,,,,
tfim_nq8_ionq_ideal_CPU_transpile_itrs0_opt2_20260422T011756Z.json,tfim,8,ionq,ideal,CPU,transpile,0,2.0,2026-04-22T01:17:56.913530Z,1,1,1,frontier,gen006,26,16,8.0,8,40,16,24,16,26,1,0,,8,16.0,,2.0,26.0,8.0,40.0,16.0,0.0,1.0,2.0,2.0,,8.0,8.0,,ionq_simulator_offline(ideal),simulator,True,,,,0.019528663018718362,1.0,1.0,16.0,,8.0,,,,8.0,,,,,,,,,,,8.0,,,,,,
tfim_nq8_ionq_ideal_CPU_transpile_itrs0_opt3_20260422T011756Z.json,tfim,8,ionq,ideal,CPU,transpile,0,3.0,2026-04-22T01:17:56.929463Z,1,1,1,frontier,gen006,26,16,8.0,8,40,16,24,16,26,1,0,,8,16.0,,3.0,26.0,8.0,40.0,16.0,0.0,1.0,2.0,2.0,,8.0,8.0,,ionq_simulator_offline(ideal),simulator,True,,,,0.011348087806254625,1.0,1.0,16.0,,8.0,,,,8.0,,,,,,,,,,,8.0,,,,,,
tfim_nq8_ionq_simulator_CPU_sync_itrs1_20260317T192634Z.json,tfim,8,ionq,simulator,CPU,sync,1,1.0,2026-03-17T19:26:34.413723Z,1,112,1,borg,gen008_borg,26,8,8.0,8,40,16,16,24,26,1,0,,8,16.0,,1.0,26.0,8.0,40.0,16.0,0.0,1.0,2.0,2.0,,8.0,8.0,,ionq_simulator,simulator,True,1.0,0.0,1.0,0.8030949793756008,1.0,1.0,16.0,,8.0,,,,8.0,,,,,,,,,,,8.0,,,,,,
tfim_nq9_ibmq_ibm_miami_CPU_sync_itrs1_20260317T193030Z.json,tfim,9,ibmq,ibm_miami,CPU,sync,1,1.0,2026-03-17T19:30:30.471824Z,1,112,1,borg,gen008_borg,29,9,9.0,9,45,18,18,27,29,1,0,,9,18.0,,1.0,106.0,120.0,169.0,30.0,0.0,110.0,4.0,0.18333333333333332,30.0,9.0,69.0,61.0,ibm_miami,hardware,False,1.0,0.0,1.0,3.0702063185162842,3.6551724137931036,1.6666666666666667,,,9.0,,,,9.0,,,,,,,,,,,,,,,,,
tfim_nq9_ibmq_ibm_torino_CPU_sync_itrs1_20260317T192858Z.json,tfim,9,ibmq,ibm_torino,CPU,sync,1,1.0,2026-03-17T19:28:58.191714Z,1,112,1,borg,gen008_borg,29,9,9.0,9,45,18,18,27,29,1,0,,9,18.0,,1.0,113.0,133.0,157.0,27.0,0.0,122.0,2.0,0.18045112781954886,27.0,9.0,66.0,55.0,ibm_torino,hardware,False,1.0,0.0,1.0,1.665587440598756,3.896551724137931,1.5,,,9.0,,,,9.0,,,,,,,,,,,,,,,,,
tfim_nq9_ionq_aria-1_CPU_transpile_itrs0_opt0_20260422T011757Z.json,tfim,9,ionq,aria-1,CPU,transpile,0,0.0,2026-04-22T01:17:57.148445Z,1,1,1,frontier,gen006,29,18,9.0,9,45,18,27,18,29,1,0,,9,18.0,,0.0,77.0,9.0,153.0,18.0,0.0,1.0,2.0,2.0,,9.0,,,ionq_simulator_offline(aria-1),simulator,True,,,,0.011745545081794262,2.6551724137931036,1.0,,,9.0,,,,9.0,,,,,,,,,,,,,,108.0,18.0,18.0,
tfim_nq9_ionq_aria-1_CPU_transpile_itrs0_opt1_20260422T011757Z.json,tfim,9,ionq,aria-1,CPU,transpile,0,1.0,2026-04-22T01:17:57.163576Z,1,1,1,frontier,gen006,29,18,9.0,9,45,18,27,18,29,1,0,,9,18.0,,1.0,77.0,9.0,153.0,18.0,0.0,1.0,2.0,2.0,,9.0,,,ionq_simulator_offline(aria-1),simulator,True,,,,0.01094092009589076,2.6551724137931036,1.0,,,9.0,,,,9.0,,,,,,,,,,,,,,108.0,18.0,18.0,
tfim_nq9_ionq_aria-1_CPU_transpile_itrs0_opt2_20260422T011757Z.json,tfim,9,ionq,aria-1,CPU,transpile,0,2.0,2026-04-22T01:17:57.183182Z,1,1,1,frontier,gen006,29,18,9.0,9,45,18,27,18,29,1,0,,9,18.0,,2.0,77.0,9.0,153.0,18.0,0.0,1.0,2.0,2.0,,9.0,,,ionq_simulator_offline(aria-1),simulator,True,,,,0.014104307861998677,2.6551724137931036,1.0,,,9.0,,,,9.0,,,,,,,,,,,,,,108.0,18.0,18.0,
tfim_nq9_ionq_aria-1_CPU_transpile_itrs0_opt3_20260422T011757Z.json,tfim,9,ionq,aria-1,CPU,transpile,0,3.0,2026-04-22T01:17:57.223711Z,1,1,1,frontier,gen006,29,18,9.0,9,45,18,27,18,29,1,0,,9,18.0,,3.0,77.0,9.0,153.0,18.0,0.0,1.0,2.0,2.0,,9.0,,,ionq_simulator_offline(aria-1),simulator,True,,,,0.019873674027621746,2.6551724137931036,1.0,,,9.0,,,,9.0,,,,,,,,,,,,,,108.0,18.0,18.0,
tfim_nq9_ionq_aria-2_CPU_transpile_itrs0_opt0_20260422T011757Z.json,tfim,9,ionq,aria-2,CPU,transpile,0,0.0,2026-04-22T01:17:57.233753Z,1,1,1,frontier,gen006,29,18,9.0,9,45,18,27,18,29,1,0,,9,18.0,,0.0,77.0,9.0,153.0,18.0,0.0,1.0,2.0,2.0,,9.0,,,ionq_simulator_offline(aria-2),simulator,True,,,,0.006068744929507375,2.6551724137931036,1.0,,,9.0,,,,9.0,,,,,,,,,,,,,,108.0,18.0,18.0,
tfim_nq9_ionq_aria-2_CPU_transpile_itrs0_opt1_20260422T011757Z.json,tfim,9,ionq,aria-2,CPU,transpile,0,1.0,2026-04-22T01:17:57.248221Z,1,1,1,frontier,gen006,29,18,9.0,9,45,18,27,18,29,1,0,,9,18.0,,1.0,77.0,9.0,153.0,18.0,0.0,1.0,2.0,2.0,,9.0,,,ionq_simulator_offline(aria-2),simulator,True,,,,0.010794227011501789,2.6551724137931036,1.0,,,9.0,,,,9.0,,,,,,,,,,,,,,108.0,18.0,18.0,
tfim_nq9_ionq_aria-2_CPU_transpile_itrs0_opt2_20260422T011757Z.json,tfim,9,ionq,aria-2,CPU,transpile,0,2.0,2026-04-22T01:17:57.268208Z,1,1,1,frontier,gen006,29,18,9.0,9,45,18,27,18,29,1,0,,9,18.0,,2.0,77.0,9.0,153.0,18.0,0.0,1.0,2.0,2.0,,9.0,,,ionq_simulator_offline(aria-2),simulator,True,,,,0.013697081012651324,2.6551724137931036,1.0,,,9.0,,,,9.0,,,,,,,,,,,,,,108.0,18.0,18.0,
tfim_nq9_ionq_aria-2_CPU_transpile_itrs0_opt3_20260422T011757Z.json,tfim,9,ionq,aria-2,CPU,transpile,0,3.0,2026-04-22T01:17:57.291348Z,1,1,1,frontier,gen006,29,18,9.0,9,45,18,27,18,29,1,0,,9,18.0,,3.0,77.0,9.0,153.0,18.0,0.0,1.0,2.0,2.0,,9.0,,,ionq_simulator_offline(aria-2),simulator,True,,,,0.01935559418052435,2.6551724137931036,1.0,,,9.0,,,,9.0,,,,,,,,,,,,,,108.0,18.0,18.0,
tfim_nq9_ionq_forte-1_CPU_transpile_itrs0_opt0_20260422T011757Z.json,tfim,9,ionq,forte-1,CPU,transpile,0,0.0,2026-04-22T01:17:57.301215Z,1,1,1,frontier,gen006,29,18,9.0,9,45,18,27,18,29,1,0,,9,18.0,,0.0,77.0,9.0,153.0,18.0,0.0,1.0,2.0,2.0,,9.0,,,ionq_simulator_offline(forte-1),simulator,True,,,,0.00603664293885231,2.6551724137931036,1.0,,,9.0,,,,9.0,,,,,,,,,,,,,,108.0,18.0,18.0,
tfim_nq9_ionq_forte-1_CPU_transpile_itrs0_opt1_20260422T011757Z.json,tfim,9,ionq,forte-1,CPU,transpile,0,1.0,2026-04-22T01:17:57.329131Z,1,1,1,frontier,gen006,29,18,9.0,9,45,18,27,18,29,1,0,,9,18.0,,1.0,77.0,9.0,153.0,18.0,0.0,1.0,2.0,2.0,,9.0,,,ionq_simulator_offline(forte-1),simulator,True,,,,0.011202756082639098,2.6551724137931036,1.0,,,9.0,,,,9.0,,,,,,,,,,,,,,108.0,18.0,18.0,
tfim_nq9_ionq_forte-1_CPU_transpile_itrs0_opt2_20260422T011757Z.json,tfim,9,ionq,forte-1,CPU,transpile,0,2.0,2026-04-22T01:17:57.347173Z,1,1,1,frontier,gen006,29,18,9.0,9,45,18,27,18,29,1,0,,9,18.0,,2.0,77.0,9.0,153.0,18.0,0.0,1.0,2.0,2.0,,9.0,,,ionq_simulator_offline(forte-1),simulator,True,,,,0.013828355120494962,2.6551724137931036,1.0,,,9.0,,,,9.0,,,,,,,,,,,,,,108.0,18.0,18.0,
tfim_nq9_ionq_forte-1_CPU_transpile_itrs0_opt3_20260422T011757Z.json,tfim,9,ionq,forte-1,CPU,transpile,0,3.0,2026-04-22T01:17:57.370451Z,1,1,1,frontier,gen006,29,18,9.0,9,45,18,27,18,29,1,0,,9,18.0,,3.0,77.0,9.0,153.0,18.0,0.0,1.0,2.0,2.0,,9.0,,,ionq_simulator_offline(forte-1),simulator,True,,,,0.019469174090772867,2.6551724137931036,1.0,,,9.0,,,,9.0,,,,,,,,,,,,,,108.0,18.0,18.0,
tfim_nq9_ionq_forte-enterprise-1_CPU_transpile_itrs0_opt0_20260422T011757Z.json,tfim,9,ionq,forte-enterprise-1,CPU,transpile,0,0.0,2026-04-22T01:17:57.380212Z,1,1,1,frontier,gen006,29,18,9.0,9,45,18,27,18,29,1,0,,9,18.0,,0.0,77.0,9.0,153.0,18.0,0.0,1.0,2.0,2.0,,9.0,,,ionq_simulator_offline(forte-enterprise-1),simulator,True,,,,0.006061520893126726,2.6551724137931036,1.0,,,9.0,,,,9.0,,,,,,,,,,,,,,108.0,18.0,18.0,
tfim_nq9_ionq_forte-enterprise-1_CPU_transpile_itrs0_opt1_20260422T011757Z.json,tfim,9,ionq,forte-enterprise-1,CPU,transpile,0,1.0,2026-04-22T01:17:57.395098Z,1,1,1,frontier,gen006,29,18,9.0,9,45,18,27,18,29,1,0,,9,18.0,,1.0,77.0,9.0,153.0,18.0,0.0,1.0,2.0,2.0,,9.0,,,ionq_simulator_offline(forte-enterprise-1),simulator,True,,,,0.011004283092916012,2.6551724137931036,1.0,,,9.0,,,,9.0,,,,,,,,,,,,,,108.0,18.0,18.0,
tfim_nq9_ionq_forte-enterprise-1_CPU_transpile_itrs0_opt2_20260422T011757Z.json,tfim,9,ionq,forte-enterprise-1,CPU,transpile,0,2.0,2026-04-22T01:17:57.412204Z,1,1,1,frontier,gen006,29,18,9.0,9,45,18,27,18,29,1,0,,9,18.0,,2.0,77.0,9.0,153.0,18.0,0.0,1.0,2.0,2.0,,9.0,,,ionq_simulator_offline(forte-enterprise-1),simulator,True,,,,0.013663326157256961,2.6551724137931036,1.0,,,9.0,,,,9.0,,,,,,,,,,,,,,108.0,18.0,18.0,
tfim_nq9_ionq_forte-enterprise-1_CPU_transpile_itrs0_opt3_20260422T011757Z.json,tfim,9,ionq,forte-enterprise-1,CPU,transpile,0,3.0,2026-04-22T01:17:57.435259Z,1,1,1,frontier,gen006,29,18,9.0,9,45,18,27,18,29,1,0,,9,18.0,,3.0,77.0,9.0,153.0,18.0,0.0,1.0,2.0,2.0,,9.0,,,ionq_simulator_offline(forte-enterprise-1),simulator,True,,,,0.019315446028485894,2.6551724137931036,1.0,,,9.0,,,,9.0,,,,,,,,,,,,,,108.0,18.0,18.0,
tfim_nq9_ionq_harmony_CPU_transpile_itrs0_opt0_20260422T011757Z.json,tfim,9,ionq,harmony,CPU,transpile,0,0.0,2026-04-22T01:17:57.445507Z,1,1,1,frontier,gen006,29,18,9.0,9,45,18,27,18,29,1,0,,9,18.0,,0.0,77.0,9.0,153.0,18.0,0.0,1.0,2.0,2.0,,9.0,,,ionq_simulator_offline(harmony),simulator,True,,,,0.006614459212869406,2.6551724137931036,1.0,,,9.0,,,,9.0,,,,,,,,,,,,,,108.0,18.0,18.0,
tfim_nq9_ionq_harmony_CPU_transpile_itrs0_opt1_20260422T011757Z.json,tfim,9,ionq,harmony,CPU,transpile,0,1.0,2026-04-22T01:17:57.460057Z,1,1,1,frontier,gen006,29,18,9.0,9,45,18,27,18,29,1,0,,9,18.0,,1.0,77.0,9.0,153.0,18.0,0.0,1.0,2.0,2.0,,9.0,,,ionq_simulator_offline(harmony),simulator,True,,,,0.010809286963194609,2.6551724137931036,1.0,,,9.0,,,,9.0,,,,,,,,,,,,,,108.0,18.0,18.0,
tfim_nq9_ionq_harmony_CPU_transpile_itrs0_opt2_20260422T011757Z.json,tfim,9,ionq,harmony,CPU,transpile,0,2.0,2026-04-22T01:17:57.477329Z,1,1,1,frontier,gen006,29,18,9.0,9,45,18,27,18,29,1,0,,9,18.0,,2.0,77.0,9.0,153.0,18.0,0.0,1.0,2.0,2.0,,9.0,,,ionq_simulator_offline(harmony),simulator,True,,,,0.013720636023208499,2.6551724137931036,1.0,,,9.0,,,,9.0,,,,,,,,,,,,,,108.0,18.0,18.0,
tfim_nq9_ionq_harmony_CPU_transpile_itrs0_opt3_20260422T011757Z.json,tfim,9,ionq,harmony,CPU,transpile,0,3.0,2026-04-22T01:17:57.500338Z,1,1,1,frontier,gen006,29,18,9.0,9,45,18,27,18,29,1,0,,9,18.0,,3.0,77.0,9.0,153.0,18.0,0.0,1.0,2.0,2.0,,9.0,,,ionq_simulator_offline(harmony),simulator,True,,,,0.01944239204749465,2.6551724137931036,1.0,,,9.0,,,,9.0,,,,,,,,,,,,,,108.0,18.0,18.0,
tfim_nq9_ionq_ideal_CPU_transpile_itrs0_opt0_20260422T011757Z.json,tfim,9,ionq,ideal,CPU,transpile,0,0.0,2026-04-22T01:17:57.046413Z,1,1,1,frontier,gen006,29,18,9.0,9,45,18,27,18,29,1,0,,9,18.0,,0.0,29.0,9.0,45.0,18.0,0.0,1.0,2.0,2.0,,9.0,9.0,,ionq_simulator_offline(ideal),simulator,True,,,,0.9959898090455681,1.0,1.0,18.0,,9.0,,,,9.0,,,,,,,,,,,9.0,,,,,,
tfim_nq9_ionq_ideal_CPU_transpile_itrs0_opt1_20260422T011757Z.json,tfim,9,ionq,ideal,CPU,transpile,0,1.0,2026-04-22T01:17:57.069109Z,1,1,1,frontier,gen006,29,18,9.0,9,45,18,27,18,29,1,0,,9,18.0,,1.0,29.0,9.0,45.0,18.0,0.0,1.0,2.0,2.0,,9.0,9.0,,ionq_simulator_offline(ideal),simulator,True,,,,0.011107080848887563,1.0,1.0,18.0,,9.0,,,,9.0,,,,,,,,,,,9.0,,,,,,
tfim_nq9_ionq_ideal_CPU_transpile_itrs0_opt2_20260422T011757Z.json,tfim,9,ionq,ideal,CPU,transpile,0,2.0,2026-04-22T01:17:57.105589Z,1,1,1,frontier,gen006,29,18,9.0,9,45,18,27,18,29,1,0,,9,18.0,,2.0,29.0,9.0,45.0,18.0,0.0,1.0,2.0,2.0,,9.0,9.0,,ionq_simulator_offline(ideal),simulator,True,,,,0.019442913122475147,1.0,1.0,18.0,,9.0,,,,9.0,,,,,,,,,,,9.0,,,,,,
tfim_nq9_ionq_ideal_CPU_transpile_itrs0_opt3_20260422T011757Z.json,tfim,9,ionq,ideal,CPU,transpile,0,3.0,2026-04-22T01:17:57.122654Z,1,1,1,frontier,gen006,29,18,9.0,9,45,18,27,18,29,1,0,,9,18.0,,3.0,29.0,9.0,45.0,18.0,0.0,1.0,2.0,2.0,,9.0,9.0,,ionq_simulator_offline(ideal),simulator,True,,,,0.011942584067583084,1.0,1.0,18.0,,9.0,,,,9.0,,,,,,,,,,,9.0,,,,,,
